path,line,categories,role,text
build_appended_hole_loop.m,244,length_grid,source_or_document,"    x = mod(x, 2*pi);"
build_appended_hole_polyline_loop.m,173,length_grid,source_or_document,"    x=mod(x,2*pi);if x<0,x=x+2*pi;end"
build_domain_centered_half_pencil.m,54,length_grid,source_or_document,"n=max(1,ceil(abs(p2-p1)/dpt));"
build_stage2_cracked_mesh_for_theta.m,10,parameter_flow,source_or_document,% Optional A0Override: explicit short-crack length for the temporary Stage-II
build_stage2_cracked_mesh_for_theta.m,20,length_grid,source_or_document,"    addParameter(ip, 'NArc', 160, @(x)isnumeric(x) && isscalar(x) && isfinite(x) && x>=16 && x==round(x));"
build_stage2_cracked_mesh_for_theta.m,21,parameter_flow,source_or_document,"    addParameter(ip, 'A0Override', [], @(x)isempty(x) || ..."
build_stage2_cracked_mesh_for_theta.m,29,parameter_flow,source_or_document,    if isempty(ip.Results.A0Override)
build_stage2_cracked_mesh_for_theta.m,33,parameter_flow,source_or_document,"            'a0', ip.Results.A0Override);"
build_stage2_scaled_audited_core.m,12,parameter_flow,source_or_document,%   rCore/a0     = 6 / 8            = 0.75
build_stage2_scaled_audited_core.m,31,parameter_flow,source_or_document,%   'HTipOverA0'   audited base hTip/a0 (default 0.00675308135)
build_stage2_scaled_audited_core.m,45,core_scale,source_or_document,"    addParameter(ip,'Scale',1,@(x)isnumeric(x)&&isscalar(x)&&isfinite(x)&&x>0&&x<=4);"
build_stage2_scaled_audited_core.m,46,parameter_flow,source_or_document,"    addParameter(ip,'HTipOverA0',0.00675308135,@(x)isnumeric(x)&&isscalar(x)&&isfinite(x)&&x>0);"
build_stage2_scaled_audited_core.m,60,parameter_flow,source_or_document,    hBase = opt.HTipOverA0 * a0;
build_stage2_scaled_audited_core.m,61,parameter_flow,source_or_document,    rCore = opt.RCoreOverA0 * a0;
build_stage2_scaled_audited_core.m,65,parameter_flow,source_or_document,"        local_build_step62_patch(rCore,hBase,scale);"
build_stage2_scaled_audited_core.m,70,length_grid,source_or_document,"    assert(nElemUpper==round(nElemUpper), ..."
build_stage2_scaled_audited_core.m,82,parameter_flow,source_or_document,"    up3 = find((1:size(Z,1))'<=nUpper & Z(:,1)<=0 & abs(Z(:,2))<=64*eps(max(1,rCore)));"
build_stage2_scaled_audited_core.m,106,parameter_flow,source_or_document,    Core.rCore = rCore;
build_stage2_scaled_audited_core.m,138,parameter_flow,source_or_document,    Core.design.hTipOverA0 = opt.HTipOverA0;
build_stage2_scaled_audited_core.m,139,parameter_flow,source_or_document,    Core.design.rCoreOverA0 = opt.RCoreOverA0;
build_stage2_scaled_audited_core.m,141,parameter_flow,source_or_document,    Core.design.rCore_m = rCore;
build_stage2_scaled_audited_core.m,163,length_grid,source_or_document,    nBands = ceil(metricSpan/(radialFactor*scale));
build_stage2_scaled_audited_core.m,172,length_grid,source_or_document,    nTheta = 3*ceil(pi*rings./h/3);
build_stage2_scaled_audited_core.m,175,length_grid,source_or_document,"    assert(all(diff(nTheta)>=0) && all(mod(nTheta,3)==0), ..."
build_stage2_scaled_audited_core.m,225,length_grid,source_or_document,"                        advanceInner = mod(j+sector+i+l,2)==0;"
build_stage2_scaled_audited_exterior.m,16,length_grid,source_or_document,"xy=X(oldIDs,:);[~,ix,group]=unique(round(xy/1e-12),'rows','stable');"
build_stage2_scaled_audited_exterior.m,22,length_grid,source_or_document,"inner=Zp(unique(PE(:)),:);[~,ix]=unique(round(inner/1e-12),'rows','stable');inner=inner(ix,:);"
build_stage2_scaled_audited_exterior.m,30,length_grid,source_or_document,nCut=ceil((a0-rp)/(design.scale*(design.hBase_m+design.slope*rp)));
build_stage2_scaled_audited_exterior.m,44,parameter_flow,source_or_document,"    hh=exterior_h(radial,rp,hRp,design.farCap_m,scale,design.slope,cal);"
build_stage2_scaled_audited_exterior.m,47,length_grid,source_or_document,"    n=max(6,6*ceil(2*pi*radial/hh/6));"
build_stage2_scaled_audited_exterior.m,69,parameter_flow,source_or_document,"    hh=exterior_h(norm(mid),rp,hRp,design.farCap_m,scale,design.slope,cal);"
build_stage2_scaled_audited_exterior.m,79,parameter_flow,source_or_document,"    hh=exterior_h(norm(seedRows(j,:)),rp,hRp,design.farCap_m,scale,design.slope,cal);"
build_stage2_scaled_audited_exterior.m,84,length_grid,source_or_document,"[~,ix,group]=unique(round(Q/1e-12),'rows','stable');Q=Q(ix,:);C=group(C);"
build_stage2_scaled_audited_exterior.m,108,parameter_flow,source_or_document,"    hr=exterior_h(vecnorm(cent,2,2),rp,hRp,design.farCap_m,scale,design.slope,cal);"
build_stage2_scaled_audited_exterior.m,163,length_grid,source_or_document,"    Q=[Q;add];[~,ix,group]=unique(round(Q/1e-12),'rows','stable');Q=Q(ix,:);C=group(C);"
build_stage2_scaled_audited_exterior.m,176,parameter_flow,source_or_document,"    'hMax_m',design.farCap_m,'hRp_m',hRp,'farSlope',cal.farSlope, ..."
build_stage2_scaled_audited_exterior.m,177,parameter_flow,source_or_document,"    'slopeTransitionLength_m',cal.transitionLength_m, ..."
build_stage2_scaled_audited_exterior.m,196,parameter_flow,source_or_document,"assert(isfield(design,'transitionLength_m')&&design.transitionLength_m>0, ..."
build_stage2_scaled_audited_exterior.m,197,parameter_flow,source_or_document,"    'stage2full:MissingTransitionLength','design.transitionLength_m is required.');"
build_stage2_scaled_audited_exterior.m,198,parameter_flow,source_or_document,"assert(isfield(design,'farCap_m')&&design.farCap_m>0, ..."
build_stage2_scaled_audited_exterior.m,199,parameter_flow,source_or_document,"    'stage2full:MissingFarCap','design.farCap_m is required.');"
build_stage2_scaled_audited_exterior.m,203,parameter_flow,source_or_document,"cal=struct('transitionLength_m',design.transitionLength_m,'farSlope',.10, ..."
build_stage2_scaled_audited_exterior.m,211,parameter_flow,source_or_document,"        assert(isfield(cal,names{k}),'stage2full:UnknownExteriorCalibration', ..."
build_stage2_scaled_audited_exterior.m,216,parameter_flow,source_or_document,"assert(design.farCap_m>design.scale*(design.hBase_m+design.slope*design.rCore_m), ..."
build_stage2_scaled_audited_exterior.m,218,parameter_flow,source_or_document,assert(cal.transitionLength_m>0&&cal.farSlope>0&& ...
build_stage2_scaled_audited_exterior.m,224,parameter_flow,source_or_document,"function h=exterior_h(r,rp,hRp,farCap,scale,nearSlope,cal)"
build_stage2_scaled_audited_exterior.m,225,parameter_flow,source_or_document,"t=max(0,r-rp);L=cal.transitionLength_m;cap=farCap-hRp;"
build_stage2_scaled_audited_exterior.m,234,length_grid,source_or_document,"for k=1:3,j=mod(k,3)+1;l=mod(k+1,3)+1;"
build_stage3a_scaled_audited_exterior.m,6,increment_4mm,source_or_document,% preserve the previous 4-mm tip as an explicit two-leg path vertex.
build_stage3a_scaled_audited_exterior.m,20,length_grid,source_or_document,"xy=X(oldIDs,:);[~,ix,group]=unique(round(xy/1e-12),'rows','stable');"
build_stage3a_scaled_audited_exterior.m,26,length_grid,source_or_document,"inner=Zp(unique(PE(:)),:);[~,ix]=unique(round(inner/1e-12),'rows','stable');inner=inner(ix,:);"
build_stage3a_scaled_audited_exterior.m,32,increment_4mm,source_or_document,% previous 4-mm tip) to remain explicit crack-face nodes. These positions
build_stage3a_scaled_audited_exterior.m,37,length_grid,source_or_document,nCut=ceil((a0-rp)/(design.scale*(design.hBase_m+design.slope*rp)));
build_stage3a_scaled_audited_exterior.m,47,parameter_flow,source_or_document,            'mandatoryCrackX_m must lie strictly between mouth and -rCore.');
build_stage3a_scaled_audited_exterior.m,65,parameter_flow,source_or_document,"    hh=exterior_h(radial,rp,hRp,design.farCap_m,scale,design.slope,cal);"
build_stage3a_scaled_audited_exterior.m,68,length_grid,source_or_document,"    n=max(6,6*ceil(2*pi*radial/hh/6));"
build_stage3a_scaled_audited_exterior.m,90,parameter_flow,source_or_document,"    hh=exterior_h(norm(mid),rp,hRp,design.farCap_m,scale,design.slope,cal);"
build_stage3a_scaled_audited_exterior.m,100,parameter_flow,source_or_document,"    hh=exterior_h(norm(seedRows(j,:)),rp,hRp,design.farCap_m,scale,design.slope,cal);"
build_stage3a_scaled_audited_exterior.m,105,length_grid,source_or_document,"[~,ix,group]=unique(round(Q/1e-12),'rows','stable');Q=Q(ix,:);C=group(C);"
build_stage3a_scaled_audited_exterior.m,129,parameter_flow,source_or_document,"    hr=exterior_h(vecnorm(cent,2,2),rp,hRp,design.farCap_m,scale,design.slope,cal);"
build_stage3a_scaled_audited_exterior.m,184,length_grid,source_or_document,"    Q=[Q;add];[~,ix,group]=unique(round(Q/1e-12),'rows','stable');Q=Q(ix,:);C=group(C);"
build_stage3a_scaled_audited_exterior.m,197,parameter_flow,source_or_document,"    'hMax_m',design.farCap_m,'hRp_m',hRp,'farSlope',cal.farSlope, ..."
build_stage3a_scaled_audited_exterior.m,198,parameter_flow,source_or_document,"    'slopeTransitionLength_m',cal.transitionLength_m, ..."
build_stage3a_scaled_audited_exterior.m,218,parameter_flow,source_or_document,"assert(isfield(design,'transitionLength_m')&&design.transitionLength_m>0, ..."
build_stage3a_scaled_audited_exterior.m,219,parameter_flow,source_or_document,"    'stage3a:MissingTransitionLength','design.transitionLength_m is required.');"
build_stage3a_scaled_audited_exterior.m,220,parameter_flow,source_or_document,"assert(isfield(design,'farCap_m')&&design.farCap_m>0, ..."
build_stage3a_scaled_audited_exterior.m,221,parameter_flow,source_or_document,"    'stage3a:MissingFarCap','design.farCap_m is required.');"
build_stage3a_scaled_audited_exterior.m,225,parameter_flow,source_or_document,"cal=struct('transitionLength_m',design.transitionLength_m,'farSlope',.10, ..."
build_stage3a_scaled_audited_exterior.m,233,parameter_flow,source_or_document,"        assert(isfield(cal,names{k}),'stage3a:UnknownExteriorCalibration', ..."
build_stage3a_scaled_audited_exterior.m,238,parameter_flow,source_or_document,"assert(design.farCap_m>design.scale*(design.hBase_m+design.slope*design.rCore_m), ..."
build_stage3a_scaled_audited_exterior.m,240,parameter_flow,source_or_document,assert(cal.transitionLength_m>0&&cal.farSlope>0&& ...
build_stage3a_scaled_audited_exterior.m,246,parameter_flow,source_or_document,"function h=exterior_h(r,rp,hRp,farCap,scale,nearSlope,cal)"
build_stage3a_scaled_audited_exterior.m,247,parameter_flow,source_or_document,"t=max(0,r-rp);L=cal.transitionLength_m;cap=farCap-hRp;"
build_stage3a_scaled_audited_exterior.m,256,length_grid,source_or_document,"for k=1:3,j=mod(k,3)+1;l=mod(k+1,3)+1;"
build_stage3c_polyline_exterior.m,7,parameter_flow,source_or_document,"% intersects that leg at [-rCore,0]. Every earlier path vertex is retained"
build_stage3c_polyline_exterior.m,35,length_grid,source_or_document,"xy=X(oldIDs,:);[~,ix,group]=unique(round(xy/1e-12),'rows','stable');"
build_stage3c_polyline_exterior.m,41,length_grid,source_or_document,"inner=Zp(unique(PE(:)),:);[~,ix]=unique(round(inner/1e-12),'rows','stable');inner=inner(ix,:);"
build_stage3c_polyline_exterior.m,62,length_grid,source_or_document,"    ns=max(1,ceil(norm(Bseg-Aseg)/hCut));"
build_stage3c_polyline_exterior.m,82,parameter_flow,source_or_document,"    hh=exterior_h(radial,rp,hRp,design.farCap_m,scale,design.slope,cal);"
build_stage3c_polyline_exterior.m,85,length_grid,source_or_document,"    n=max(6,6*ceil(2*pi*radial/hh/6));"
build_stage3c_polyline_exterior.m,107,parameter_flow,source_or_document,"    hh=exterior_h(norm(mid),rp,hRp,design.farCap_m,scale,design.slope,cal);"
build_stage3c_polyline_exterior.m,117,parameter_flow,source_or_document,"    hh=exterior_h(norm(seedRows(j,:)),rp,hRp,design.farCap_m,scale,design.slope,cal);"
build_stage3c_polyline_exterior.m,122,length_grid,source_or_document,"[~,ix,group]=unique(round(Q/1e-12),'rows','stable');Q=Q(ix,:);C=group(C);"
build_stage3c_polyline_exterior.m,146,parameter_flow,source_or_document,"    hr=exterior_h(vecnorm(cent,2,2),rp,hRp,design.farCap_m,scale,design.slope,cal);"
build_stage3c_polyline_exterior.m,201,length_grid,source_or_document,"    Q=[Q;add];[~,ix,group]=unique(round(Q/1e-12),'rows','stable');Q=Q(ix,:);C=group(C);"
build_stage3c_polyline_exterior.m,227,parameter_flow,source_or_document,"    'hMax_m',design.farCap_m,'hRp_m',hRp,'farSlope',cal.farSlope, ..."
build_stage3c_polyline_exterior.m,228,parameter_flow,source_or_document,"    'slopeTransitionLength_m',cal.transitionLength_m, ..."
build_stage3c_polyline_exterior.m,280,parameter_flow,source_or_document,"assert(isfield(design,'transitionLength_m')&&design.transitionLength_m>0, ..."
build_stage3c_polyline_exterior.m,281,parameter_flow,source_or_document,"    'stage3c:MissingTransitionLength','design.transitionLength_m is required.');"
build_stage3c_polyline_exterior.m,282,parameter_flow,source_or_document,"assert(isfield(design,'farCap_m')&&design.farCap_m>0, ..."
build_stage3c_polyline_exterior.m,283,parameter_flow,source_or_document,"    'stage3c:MissingFarCap','design.farCap_m is required.');"
build_stage3c_polyline_exterior.m,287,parameter_flow,source_or_document,"cal=struct('transitionLength_m',design.transitionLength_m,'farSlope',.10, ..."
build_stage3c_polyline_exterior.m,295,parameter_flow,source_or_document,"        assert(isfield(cal,names{k}),'stage3c:UnknownExteriorCalibration', ..."
build_stage3c_polyline_exterior.m,300,parameter_flow,source_or_document,"assert(design.farCap_m>design.scale*(design.hBase_m+design.slope*design.rCore_m), ..."
build_stage3c_polyline_exterior.m,302,parameter_flow,source_or_document,assert(cal.transitionLength_m>0&&cal.farSlope>0&& ...
build_stage3c_polyline_exterior.m,308,parameter_flow,source_or_document,"function h=exterior_h(r,rp,hRp,farCap,scale,nearSlope,cal)"
build_stage3c_polyline_exterior.m,309,parameter_flow,source_or_document,"t=max(0,r-rp);L=cal.transitionLength_m;cap=farCap-hRp;"
build_stage3c_polyline_exterior.m,318,length_grid,source_or_document,"for k=1:3,j=mod(k,3)+1;l=mod(k+1,3)+1;"
cfg_first_segment_asymmetric.m,29,increment_4mm,source_or_document,C.a0=0.004; % 4-mm first-segment regularization for the next research stage
cfg_first_segment_asymmetric.m,75,increment_4mm,source_or_document,% qualified interaction-EDI configuration for the 4-mm trial crack.
cfg_hole_initiation.m,33,increment_4mm,source_or_document,C.a0    = 0.004;
docs/SIF_ASYMMETRIC_MESH_AUDIT.md,666,fixed_states_lengths,source_or_document,"92 touch the ray only at an existing vertex; the 5,750 outside this"
docs/SIF_ASYMMETRIC_MESH_AUDIT.md,671,fixed_states_lengths,source_or_document,"The cut introduces 23 shared edge intersections and 47 lower-face copies,"
docs/SIF_ASYMMETRIC_MESH_AUDIT.md,894,fixed_states_lengths,source_or_document,"On the same physical displacement field, old/J and FE-nodal EDI remain very close in KI, but KII differences are visibly contour-dependent. Relative to EDI KII, the old-minus-EDI KII discrepancy is approximately -3.41%, +1.93%, -0.92%, -1.40%, and +3.02% for r/lastLeg = 0.2, 0.3, 0.4, 0.5, and 0.6. For r/lastLeg >= 0.3, EDI KII is nearly constant (about 0.0034603--0.0034628; range about 0.072%), whereas old/J KII varies by about 4.4% over the same radii."
docs/SIF_ASYMMETRIC_MESH_AUDIT.md,1215,increment_4mm,source_or_document,"Step 21 completed locally on 2026-10-02 on the Npoly=240 asymmetric configuration at fixed a0=0.004 m. The hole mouth was moved by [-3,-1.5,0,+1.5,+3] degrees relative to the fitted Stage-I maximum phi*=-1.57371281 degrees, and a new normal short crack was meshed and solved at every point. All three FE-nodal EDI domains [0.50,0.65,0.80]*a0 gave consistent signed responses. At the reference domain r_outer/a0=0.65, the measured KII values were [-3.95836e-3,-2.01048e-3,+5.82449e-6,+1.91112e-3,+3.94075e-3], respectively; KI remained about 0.364--0.366. Therefore KII is strongly responsive to mouth"
docs/SIF_ASYMMETRIC_MESH_AUDIT.md,1225,increment_4mm,source_or_document,"`verification/sif_audit/main_step22_asymmetric_length_sensitivity.m` computes Stage I independently at Npoly=480 using the c=3 mesh-scaled angular window, then fixes that initiation point and its material-side normal for four separate Stage-II short-crack lengths a0=[0.002,0.004,0.006,0.008] m. It solves each cracked geometry at theta=0, measures signed KI/KII using three FE-nodal EDI annuli r_outer/a0=[0.50,0.65,0.80], and reports tip mesh scale and inner/outer-radius ratios, within-length domain spread, and KII/KI versus a0/R. The existing Step-20 Npoly=240,a0=0.004 solution is compared with"
docs/SIF_ASYMMETRIC_MESH_AUDIT.md,1237,increment_4mm,source_or_document,"The fine-mesh asymmetric Stage-I solution (Npoly=480) places the peak at phi*=-1.56061278 deg, compared with phi*=-1.57371281 deg on Npoly=240. The change is +0.01310003 deg. From Step 21, the coarse mouth-sensitivity estimate is dKII/dphi approximately 1.3072e-3 per degree at a0=0.004 m, implying a KII change of approximately 1.7124e-5 at that length from the angle shift alone. Therefore Step-20 versus Step-22 comparison at 4 mm is NOT a fixed-mouth convergence test."
docs/SIF_ASYMMETRIC_MESH_AUDIT.md,1248,increment_4mm,source_or_document,"The 2-mm value is less secure because r_inner/r_outer ranges from about 0.31 to 0.49, and the relative KII/KI domain spread is 3.90e-5. The 4-mm residual is tiny, and the near-identical 240/480 ratios do not establish convergence because the mouth moved between meshes. The 6-mm and especially 8-mm residuals are larger, with 8-mm KII/KI in [8.44e-5,9.11e-5] and domain spread 6.73e-6, but domain independence alone does not exclude a systematic boundary-polygon or mouth-geometry error."
docs/SIF_ASYMMETRIC_MESH_AUDIT.md,1252,fixed_states_lengths,source_or_document,## Step 23 prepared: same-mouth polygon and mesh convergence
docs/SIF_ASYMMETRIC_MESH_AUDIT.md,1254,increment_4mm,source_or_document,"The Stage-II builder now accepts an optional 'NArc' name-value argument (default 160, so historical callers retain their geometry). The focused verification driver 'verification/sif_audit/main_step23_asymmetric_fixed_mouth_convergence.m' takes an existing O22, reuses its fine Stage-I mouth EXACTLY and reuses its already computed 160-point fine-mesh Stage-II solutions at a0=4 and 8 mm. It adds independent cracked FE solves with NArc=320 and 480 on the same nominal fine FE h and, for NArc=480, a separate coarse nominal FE h at the identical mouth. It evaluates the same three signed FE-nodal EDI "
docs/SIF_ASYMMETRIC_MESH_AUDIT.md,1256,fixed_states_lengths,source_or_document,"The arc-resolution sweep necessarily remeshes the whole polygonal domain, so it measures combined geometric/remeshing variation. The second, fixed-NArc coarse/fine comparison isolates the nominal FE-size effect to the extent that enforced polygon edge discretization permits; the reported tip mesh scales should be used to check whether the local meshes truly differ. No new Stage-I fit is done in Step 23, preventing the 0.0131-deg mouth movement from contaminating this comparison."
docs/SIF_ASYMMETRIC_MESH_AUDIT.md,1258,fixed_states_lengths,source_or_document,"Interpretation gate: the 8-mm signed residual must remain stable under BOTH controls before we treat its growth with a0 as evidence of a finite-length effect. If it stabilizes, the next experiment is to recompute signed dKII/dtheta near theta=0 separately at each selected length and solve verified local-symmetry roots. If it does not stabilize, investigate the hole polygon, the fixed mouth-width parameter and local FE tip refinement first. MATLAB execution of Step 23 is pending."
docs/SIF_ASYMMETRIC_MESH_AUDIT.md,1261,fixed_states_lengths,source_or_document,## Step 23 results (2026-10-02): finite-length Mode II is not yet numerically converged
docs/SIF_ASYMMETRIC_MESH_AUDIT.md,1263,increment_4mm;fixed_states_lengths,source_or_document,"Step 23 used the same fine Stage-I initiation mouth at phi*=-1.5606127781 deg, position [0.19998887220,-0.020817033905] m, and studied a0=4 and 8 mm. The existing Step-22 results with NArc=160 and nominal fine FEM h=0.00039269908 m were reused; additional NArc=320/480 full-domain cracked solves were computed on the same nominal fine mesh, and NArc=480 was also computed with nominal coarse h=0.00078539816 m. Signed FE-nodal EDI was evaluated at r_outer/a0=[0.50,0.65,0.80]."
docs/SIF_ASYMMETRIC_MESH_AUDIT.md,1268,increment_4mm,source_or_document,| 4 mm | +1.6721e-5 | -6.7491e-6 | -1.8726e-5 | +3.8870e-5 |
docs/SIF_ASYMMETRIC_MESH_AUDIT.md,1271,increment_4mm,source_or_document,"Entries are signed KII/KI. At 4 mm, polygon changes reverse the sign of the tiny residual; thus no physical nonzero kink is resolved. At 8 mm, the fine-mesh residual is positive at all three polygon resolutions but NONMONOTONIC (range ~4.85e-5 at the reference EDI radius), and fixed-NArc coarse versus fine FE changes KII/KI by ~9.28e-4 including sign reversal. This is much larger than the putative finite-length signal. Although the fine NArc=480, 8-mm EDI-domain spread is only ~1.29e-6 (r_out/a0 range [0.50,0.80]), that establishes only integration-domain consistency on ONE displacement field;"
docs/SIF_ASYMMETRIC_MESH_AUDIT.md,1273,fixed_states_lengths,source_or_document,"The matched NArc=480 tip-edge medians are 0.0004215 m coarse and 0.0002146 m fine for 8 mm, so the FE discretizations genuinely differ locally. However, Step 23 also changed global Hmax together with nominal Hmin; its coarse/fine comparison was not isolated tip refinement. K_I differs by about 0.3% while K_II changes much more; signed K_II is especially sensitive near zero."
docs/SIF_ASYMMETRIC_MESH_AUDIT.md,1279,fixed_states_lengths,source_or_document,"The dedicated script verification/sif_audit/main_step24_fixed_geometry_FE_refinement.m accepts O22 (not O23) and defaults to a0=8 mm, NArc=480, RefineFactors=[1,2]. It keeps the fine Step-22 Stage-I mouth/normal, a0, retained-hole polygon, temporary appendix mouth half-shift w=0.0001 m, global Hmax, and Hgrad unchanged, then changes only nominal Hmin/Hhole/Hcrack to half. Both solved meshes use signed FE-nodal EDI at the existing three radii, with measured actual tip-edge medians and EDI-domain spreads. The factor-1 run should independently reproduce the printed Step-23 fine NArc=480, 8-mm KII"
docs/SIF_ASYMMETRIC_MESH_AUDIT.md,1440,increment_4mm,source_or_document,| Actual tip-edge median | 0.1068554 mm | 0.1080493 mm |
docs/SIF_ASYMMETRIC_MESH_AUDIT.md,1445,increment_4mm,source_or_document,| Largest r_outer/a0=.8 annulus T3 max-edge median | 0.408204 mm | 0.436104 mm |
docs/SIF_ASYMMETRIC_MESH_AUDIT.md,1485,increment_4mm,source_or_document,"New driver `verification/sif_audit/main_step33_nested_annulus_refinement.m` uses O25 and O32 and selects the already-computed factor-2 mesh/field as the baseline (30,449 T6 nodes). Unlike lowering global Hmax, it subdivides triangles in this SAME mesh near the crack-tip annuli: default maximum targeted original/new T3 edge length 0.38 mm, maximum two refinement passes, physical radius r_inner=0.8 mm through max(r_outer)=6.4 mm with buffers 0.8 mm inward and 0.6 mm outward. Original far-field top/bottom/side boundary vertices and crack path are checked unchanged. Original and targeted-refined m"
docs/SIF_ASYMMETRIC_MESH_AUDIT.md,1609,fixed_states_lengths,source_or_document,"| [0.04,0.20] | 1 | 12 / 20 | +8.257450e-5 | 23.217% |"
docs/SIF_ASYMMETRIC_MESH_AUDIT.md,1646,increment_4mm,source_or_document,"Added `verification/sif_audit/main_step37_tip_core_refinement_dryrun.m`, accepting O25 and the already solved O34, with no FEM solve. It applies the successfully tested conforming topology-aware T3 refiner to a *small disk* around the crack tip (default radius 1.2 mm, target longest edge 0.08 mm, one splitting pass) instead of again refining the large integration annuli. The original Stage-I mouth, retained hole boundary, sharp crack polyline, all original T3 node IDs, and distinct upper/lower crack-face node sets remain fixed. Default protected shell starts at radius 2.2 mm and extends to the"
docs/SIF_ASYMMETRIC_MESH_AUDIT.md,1657,reuse_provenance,source_or_document,"Do **not** proceed to another large FEM solve until this geometry-only check passes and the actual node-growth and tip-size changes are inspected. The driver is committed and statically inspected but NOT MATLAB-tested. If the core refinement passes, the next implementation should use a low-memory solved-field checkpoint and compare EDI and COD on this tip-refined, unchanged-outer-shell mesh; it should not discard the expensive solved displacement field if postprocessing is interrupted."
docs/SIF_ASYMMETRIC_MESH_AUDIT.md,1671,increment_4mm,source_or_document,"The same physical crack mouth remains [0.19998887220,-0.020817033905] m; the trial crack a0=8 mm and exact Stage-I geometry were preserved. The experiment's default tip disk radius was 1.2 mm, with target edge 0.08 mm and one refinement pass; 672 triangles were selected and 1,049 edges split. All additional mesh vertices remained within radial distance 1.331 mm of the tip, inside the strict protected-shell start radius of 2.2 mm. Triangle triples and original node IDs of the shell between 2.2 mm and the largest EDI outer radius of 6.4 mm are exactly unchanged. The far-field plate boundary was "
docs/SIF_ASYMMETRIC_MESH_AUDIT.md,1675,reuse_provenance,source_or_document,"## Step 38 prepared: once-only solve, immediate checkpoint, resumable low-memory EDI/COD postprocessing"
docs/SIF_ASYMMETRIC_MESH_AUDIT.md,1679,reuse_provenance,source_or_document,"- `verification/sif_audit/main_step38_solve_tip_checkpoint.m`: takes only O25, O34 and the **already approved** O37.p/t/crack, verifies that all six geometrical gates passed and that it is nested in the exact same Step-34 geometry, then performs **ONE** new standard T6 FEM solve using the original minimal corner anchoring and unchanged loading/geometry. Immediately discards K, F, stress, etc. and writes only solved T6 mesh, U, material, crack topology, actual tip scale and **compact** original Step-34 numeric COD/EDI reference data to `step38_tip_refined_solved.mat` (by default). It uses a com"
docs/SIF_ASYMMETRIC_MESH_AUDIT.md,1681,reuse_provenance,source_or_document,"- `verification/sif_audit/main_step38_postprocess_tip_checkpoint.m`: accepts just the completed MAT checkpoint path, does **NO** new FEM solve or global remeshing, evaluates the SAME three fixed 16-Gauss-point FE-nodal-q EDI domains with `StoreGPDiagnostics=false` to avoid allocation of large per-GP tables, and writes an extremely small per-radius EDI progress file after EACH completed radius. If interrupted during the third radius, a repeat call on the same checkpoint reuses completed first/second-radius calculations, rather than repeating the expensive solve or earlier EDI extraction. It the"
docs/SIF_ASYMMETRIC_MESH_AUDIT.md,1689,reuse_provenance,source_or_document,"C38 = main_step38_solve_tip_checkpoint(O25,O34,O37);"
docs/SIF_ASYMMETRIC_MESH_AUDIT.md,1690,reuse_provenance,source_or_document,"% Verify C38.checkpointSaved is true, and keep the path."
docs/SIF_ASYMMETRIC_MESH_AUDIT.md,1691,reuse_provenance,source_or_document,cp = C38.checkpointPath;
docs/SIF_ASYMMETRIC_MESH_AUDIT.md,1693,reuse_provenance,source_or_document,O38 = main_step38_postprocess_tip_checkpoint(cp);
docs/SIF_ASYMMETRIC_MESH_AUDIT.md,1696,reuse_provenance,source_or_document,"These new drivers were source-checked for correct existing MATLAB field names and checkpoint/EDI compatibility, but the new Step-38 solve/checkpoint and its postprocessing have **not yet** been executed by the user's MATLAB installation. Preserve the finite-tip uncertainty until the new solved results have been inspected; even stable EDI and COD on this tip-refined mesh must be followed by retained-hole polygon and temporary mouth-shift geometry sensitivity if claiming an extremely small signed physical kink."
docs/SIF_ASYMMETRIC_MESH_AUDIT.md,1700,increment_4mm,source_or_document,"MATLAB successfully completed BOTH Step-38 phases without exhausting RAM. The solver used the approved Step-37 exact nested T3 mesh: 20,164 T3 vertices and 39,441 triangles, producing **79,769 T6 nodes** versus 75,591 on Step 34 (only ~5.5% T6-node growth). Actual tip-edge median was **5.4024650785e-5 m**, exactly half the previously measured Step-34 tip-edge median **1.0804930157e-4 m**. Far-field geometry, physical mouth and original node coordinates were retained, and Step-37 tests certified the T3 shell outside radius 2.2 mm through the largest 6.4-mm EDI circle as identical. The tip-refin"
docs/SIF_ASYMMETRIC_MESH_AUDIT.md,1720,reuse_provenance,source_or_document,### Step 38 checkpoint workflow actually verified
docs/SIF_ASYMMETRIC_MESH_AUDIT.md,1722,reuse_provenance,source_or_document,"Phase 1 successfully solved once and saved the complete-field checkpoint on the user's Windows machine under the local verification folder as `step38_tip_refined_solved.mat`. Phase 2 loaded that checkpoint after the MATLAB workspace was cleared, computed and saved EDI progress after each of the THREE original radii (0.50,0.65,0.80)a0, extracted 152 independent native T6 crack-face nodes on EACH side with abscissa mismatch ~1.11e-16 m, and saved a compact result file `step38_tip_refined_solved_results.mat` (plus tiny EDI progress file). These are user-local files; none should be represented as "
find_hole_initiation_point_v2.m,32,length_grid,source_or_document,"nFit=round(getf(C.stage1,'angular_fit_points',5));"
find_hole_initiation_point_v2.m,33,length_grid,source_or_document,"if mod(nFit,2)==0 || nFit<3"
find_hole_initiation_point_v2.m,103,length_grid,source_or_document,"    I.phi_star=mod(phiStar,2*pi);"
find_hole_initiation_point_v2.m,137,length_grid,source_or_document,"idx=1+mod((idx0-1)+off,n);"
find_hole_initiation_point_v2.m,187,length_grid,source_or_document,"phiStar=mod(phi0+dv,2*pi);"
find_hole_initiation_point_v2.m,260,length_grid,source_or_document,"    phiStar=mod(phiStar,2*pi);"
geom_centered_half_hole.m,30,length_grid,source_or_document,"if mod(Np,2)~=0"
geom_hole_only.m,417,length_grid,source_or_document,"                P2 = H(1 + mod(k, size(H,1)), :);"
holes_to_loops.m,110,length_grid,source_or_document,        if ~isscalar(h.npoly) || h.npoly < 8 || round(h.npoly) ~= h.npoly
main_check_centered_hole_KII_parity.m,51,increment_4mm,source_or_document,    a0_list        = 4*C0.a0;
main_stage2_embed_scaled_core_full_domain.m,16,parameter_flow,source_or_document,%       rCore/a0 = 0.75;
main_stage2_embed_scaled_core_full_domain.m,49,length_grid,source_or_document,"    addParameter(ip,'NArc',480,@(x)isnumeric(x)&&isscalar(x)&&isfinite(x)&&x>=32&&x==round(x));"
main_stage2_embed_scaled_core_full_domain.m,155,core_scale,source_or_document,"    Core=build_stage2_scaled_audited_core([0 0],[1 0],a0,'Scale',1);"
main_stage2_embed_scaled_core_full_domain.m,158,parameter_flow,source_or_document,    rp=Core.rCore;
main_stage2_embed_scaled_core_full_domain.m,160,parameter_flow,source_or_document,    design.rCore_m=rp;
main_stage2_embed_scaled_core_full_domain.m,161,parameter_flow,source_or_document,    design.transitionLength_m=1.0*a0;
main_stage2_embed_scaled_core_full_domain.m,162,parameter_flow,source_or_document,    design.farCap_m=0.625*a0;
main_stage2_embed_scaled_core_full_domain.m,170,core_scale,source_or_document,"    assert(abs(rp/a0-.75)<1e-14,'stage2full:CoreScale', ..."
main_stage2_embed_scaled_core_full_domain.m,474,reference_fingerprints,source_or_document,    syntheticGates.sameEDISupportCountAsCore=all(Synthetic.nElem_used==11316);
main_stage2_embed_scaled_core_full_domain.m,495,parameter_flow,source_or_document,"        theta1Deg,a0,Core.hTip,ri,ro,rp,design.transitionLength_m,design.farCap_m, ..."
main_stage2_embed_scaled_core_full_domain.m,501,parameter_flow,source_or_document,"        'theta1_deg','a0_m','hTip_m','rInner_m','rOuter_m','rCore_m', ..."
main_stage2_embed_scaled_core_full_domain.m,502,parameter_flow,source_or_document,"        'transition_m','farCap_m','T3_nodes','T3_elements','T6_nodes', ..."
main_stage2_embed_scaled_core_full_domain.m,604,reference_paths,source_or_document,"        stateFile=fullfile(root,'verification','crack_path','stage1_starting_state.mat');"
main_stage2_embed_scaled_core_full_domain.m,643,length_grid,source_or_document,"        j=mod(k,3)+1;h=mod(k+1,3)+1;"
main_stage2_embed_scaled_core_full_domain.m,910,increment_4mm,source_or_document,    xlim([-4.2 .3]);ylim([-1 1]);title('4-mm crack and 3-mm core');
main_stage2_embed_scaled_core_full_domain_theta0.m,15,parameter_flow,source_or_document,%       rCore/a0 = 0.75;
main_stage2_embed_scaled_core_full_domain_theta0.m,47,length_grid,source_or_document,"    addParameter(ip,'NArc',480,@(x)isnumeric(x)&&isscalar(x)&&isfinite(x)&&x>=32&&x==round(x));"
main_stage2_embed_scaled_core_full_domain_theta0.m,50,core_scale,source_or_document,"    addParameter(ip,'CoreScale',1,@(x)isnumeric(x)&&isscalar(x)&&isfinite(x)&& ..."
main_stage2_embed_scaled_core_full_domain_theta0.m,58,parameter_flow,source_or_document,"    addParameter(ip,'ExteriorCalibration',struct(), ..."
main_stage2_embed_scaled_core_full_domain_theta0.m,111,core_scale,source_or_document,"    fprintf('  core scale    = %.6g * h0\n',opt.CoreScale);"
main_stage2_embed_scaled_core_full_domain_theta0.m,118,parameter_flow,source_or_document,"        'A0Override',a0, ..."
main_stage2_embed_scaled_core_full_domain_theta0.m,141,core_scale,source_or_document,"    Core=build_stage2_scaled_audited_core([0 0],[1 0],a0,'Scale',opt.CoreScale);"
main_stage2_embed_scaled_core_full_domain_theta0.m,144,parameter_flow,source_or_document,    rp=Core.rCore;
main_stage2_embed_scaled_core_full_domain_theta0.m,146,parameter_flow,source_or_document,    design.rCore_m=rp;
main_stage2_embed_scaled_core_full_domain_theta0.m,147,parameter_flow,source_or_document,    design.transitionLength_m=opt.ExteriorTransitionOverA0*a0;
main_stage2_embed_scaled_core_full_domain_theta0.m,148,parameter_flow,source_or_document,    design.farCap_m=opt.ExteriorFarCapOverA0*a0;
main_stage2_embed_scaled_core_full_domain_theta0.m,149,parameter_flow,source_or_document,    design.exteriorCalibration=opt.ExteriorCalibration;
main_stage2_embed_scaled_core_full_domain_theta0.m,155,parameter_flow,source_or_document,        isempty(fieldnames(opt.ExteriorCalibration));
main_stage2_embed_scaled_core_full_domain_theta0.m,160,core_scale,source_or_document,    if abs(opt.CoreScale-1)<=1e-14
main_stage2_embed_scaled_core_full_domain_theta0.m,161,reference_fingerprints,source_or_document,        expectedCoreT3=12678;
main_stage2_embed_scaled_core_full_domain_theta0.m,162,reference_fingerprints,source_or_document,        expectedEDIElements=11316;
main_stage2_embed_scaled_core_full_domain_theta0.m,163,reference_fingerprints,source_or_document,        expectedOptimizedSupport=10278;
main_stage2_embed_scaled_core_full_domain_theta0.m,164,reference_fingerprints,source_or_document,        expectedNative=[38;55;44;34];
main_stage2_embed_scaled_core_full_domain_theta0.m,166,core_scale,source_or_document,    elseif abs(opt.CoreScale-2)<=1e-14
main_stage2_embed_scaled_core_full_domain_theta0.m,167,reference_fingerprints,source_or_document,        expectedCoreT3=3318;
main_stage2_embed_scaled_core_full_domain_theta0.m,168,reference_fingerprints,source_or_document,        expectedEDIElements=2976;
main_stage2_embed_scaled_core_full_domain_theta0.m,169,reference_fingerprints,source_or_document,        expectedOptimizedSupport=2700;
main_stage2_embed_scaled_core_full_domain_theta0.m,170,fixed_states_lengths;reference_fingerprints,source_or_document,        expectedNative=[19;28;23;18];
main_stage2_embed_scaled_core_full_domain_theta0.m,173,core_scale,source_or_document,"        error('stage2full:UnsupportedCoreScale','Unsupported core scale.');"
main_stage2_embed_scaled_core_full_domain_theta0.m,176,core_scale,source_or_document,"    assert(abs(Core.hTip/a0-opt.CoreScale*0.00675308135)<1e-14, ..."
main_stage2_embed_scaled_core_full_domain_theta0.m,178,core_scale,source_or_document,"    assert(abs(rp/a0-.75)<1e-14,'stage2full:CoreScale', ..."
main_stage2_embed_scaled_core_full_domain_theta0.m,401,reference_fingerprints,source_or_document,    gates.coreFamilyElementFingerprint=numel(patchRows)==expectedCoreT3;
main_stage2_embed_scaled_core_full_domain_theta0.m,402,reference_fingerprints,source_or_document,    gates.EDISupportFingerprint=numel(support)==expectedEDIElements;
main_stage2_embed_scaled_core_full_domain_theta0.m,405,reference_fingerprints,source_or_document,"    gates.nativeSamplingExact=isequal(sampleN,expectedNative);"
main_stage2_embed_scaled_core_full_domain_theta0.m,488,reference_fingerprints,source_or_document,        all(Synthetic.nElem_used==expectedEDIElements);
main_stage2_embed_scaled_core_full_domain_theta0.m,509,parameter_flow,source_or_document,"        a0,Core.hTip,ri,ro,rp,design.transitionLength_m,design.farCap_m, ..."
main_stage2_embed_scaled_core_full_domain_theta0.m,515,parameter_flow,source_or_document,"        'a0_m','hTip_m','rInner_m','rOuter_m','rCore_m', ..."
main_stage2_embed_scaled_core_full_domain_theta0.m,516,parameter_flow,source_or_document,"        'transition_m','farCap_m','T3_nodes','T3_elements','T6_nodes', ..."
main_stage2_embed_scaled_core_full_domain_theta0.m,539,core_scale,source_or_document,    candidate.coreMeshControls=struct( ...
main_stage2_embed_scaled_core_full_domain_theta0.m,541,core_scale,source_or_document,"        'scale',opt.CoreScale, ..."
main_stage2_embed_scaled_core_full_domain_theta0.m,543,parameter_flow,source_or_document,"        'rInner_m',ri, ..."
main_stage2_embed_scaled_core_full_domain_theta0.m,544,parameter_flow,source_or_document,"        'rOuter_m',ro, ..."
main_stage2_embed_scaled_core_full_domain_theta0.m,545,parameter_flow,source_or_document,"        'rCore_m',rp, ..."
main_stage2_embed_scaled_core_full_domain_theta0.m,546,reference_fingerprints,source_or_document,"        'expectedCoreT3',expectedCoreT3, ..."
main_stage2_embed_scaled_core_full_domain_theta0.m,547,reference_fingerprints,source_or_document,"        'expectedEDIElements',expectedEDIElements, ..."
main_stage2_embed_scaled_core_full_domain_theta0.m,549,reference_fingerprints,source_or_document,"        'expectedNativeSamples',expectedNative);"
main_stage2_embed_scaled_core_full_domain_theta0.m,551,reuse_provenance,source_or_document,    candidate.exteriorMeshControls=struct( ...
main_stage2_embed_scaled_core_full_domain_theta0.m,552,parameter_flow,source_or_document,"        'farCapOverA0',opt.ExteriorFarCapOverA0, ..."
main_stage2_embed_scaled_core_full_domain_theta0.m,554,parameter_flow,source_or_document,"        'calibrationOverride',opt.ExteriorCalibration, ..."
main_stage2_embed_scaled_core_full_domain_theta0.m,555,reuse_provenance,source_or_document,"        'isReferenceProductionExterior',exteriorIsReference);"
main_stage2_embed_scaled_core_full_domain_theta0.m,572,core_scale,source_or_document,    F.coreMeshControls=candidate.coreMeshControls;
main_stage2_embed_scaled_core_full_domain_theta0.m,574,reuse_provenance,source_or_document,    F.exteriorMeshControls=candidate.exteriorMeshControls;
main_stage2_embed_scaled_core_full_domain_theta0.m,631,reference_paths,source_or_document,"        stateFile=fullfile(root,'verification','crack_path','stage1_starting_state.mat');"
main_stage2_embed_scaled_core_full_domain_theta0.m,670,length_grid,source_or_document,"        j=mod(k,3)+1;h=mod(k+1,3)+1;"
main_stage2_embed_scaled_core_full_domain_theta0.m,937,increment_4mm,source_or_document,    xlim([-4.2 .3]);ylim([-1 1]);title('4-mm crack and 3-mm core');
main_stage2_qualify_scaled_audited_core_theta0.m,14,parameter_flow,source_or_document,%   rInner/a0     = 0.10
main_stage2_qualify_scaled_audited_core_theta0.m,15,parameter_flow,source_or_document,%   rOuter/a0     = 0.65
main_stage2_qualify_scaled_audited_core_theta0.m,16,parameter_flow,source_or_document,%   rCore/a0      = 0.75
main_stage2_qualify_scaled_audited_core_theta0.m,42,core_scale,source_or_document,"    addParameter(ip,'Scale',1,@(x)isnumeric(x)&&isscalar(x)&&isfinite(x)&&abs(x-1)<=10*eps);"
main_stage2_qualify_scaled_audited_core_theta0.m,78,parameter_flow,source_or_document,    rInnerOverA0 = 0.10;
main_stage2_qualify_scaled_audited_core_theta0.m,79,parameter_flow,source_or_document,    rOuterOverA0 = 0.65;
main_stage2_qualify_scaled_audited_core_theta0.m,80,parameter_flow,source_or_document,    rCoreOverA0 = 0.75;
main_stage2_qualify_scaled_audited_core_theta0.m,82,parameter_flow,source_or_document,    rInner = rInnerOverA0*a0;
main_stage2_qualify_scaled_audited_core_theta0.m,83,parameter_flow,source_or_document,    rOuter = rOuterOverA0*a0;
main_stage2_qualify_scaled_audited_core_theta0.m,84,parameter_flow,source_or_document,    rCore = rCoreOverA0*a0;
main_stage2_qualify_scaled_audited_core_theta0.m,100,parameter_flow,source_or_document,"        1e3*rInner,1e3*rOuter);"
main_stage2_qualify_scaled_audited_core_theta0.m,101,parameter_flow,source_or_document,"    fprintf('  paired core   = %.6f mm = 0.75 a0\n\n',1e3*rCore);"
main_stage2_qualify_scaled_audited_core_theta0.m,106,parameter_flow,source_or_document,"        'HTipOverA0',hTipOverA0, ..."
main_stage2_qualify_scaled_audited_core_theta0.m,107,parameter_flow,source_or_document,"        'RCoreOverA0',rCoreOverA0);"
main_stage2_qualify_scaled_audited_core_theta0.m,171,parameter_flow,source_or_document,"    coreClearOfHole = rCore < tipHoleClearance - 1e-12*max(1,a0);"
main_stage2_qualify_scaled_audited_core_theta0.m,174,parameter_flow,source_or_document,    ediInsideCore = rOuter < rCore;
main_stage2_qualify_scaled_audited_core_theta0.m,182,reference_fingerprints,source_or_document,"    gates.auditedT3ElementCount = size(T3,1)==12678;"
main_stage2_qualify_scaled_audited_core_theta0.m,206,reference_fingerprints,source_or_document,    fprintf('  expected counts   = T3 6486 nodes / 12678 elements; T6 25649 nodes\n');
main_stage2_qualify_scaled_audited_core_theta0.m,240,parameter_flow,source_or_document,"    domain = struct('r_inner',rInner,'r_outer',rOuter);"
main_stage2_qualify_scaled_audited_core_theta0.m,316,parameter_flow,source_or_document,"        a0,opt.Scale,Core.hTip,rInner,rOuter,rCore, ..."
main_stage2_qualify_scaled_audited_core_theta0.m,322,parameter_flow,source_or_document,"        'a0_m','scale','hTip_m','rInner_m','rOuter_m','rCore_m', ..."
main_stage2_qualify_scaled_audited_core_theta0.m,386,reference_paths,source_or_document,            'stage1_starting_state.mat');
main_stage2_reference_pencil_mesh.m,13,increment_4mm,source_or_document,%   a0      = the frozen a0_reserved_m value (currently 4 mm)
main_stage2_reference_pencil_mesh.m,16,reference_paths,source_or_document,%   1) loads verification/crack_path/stage1_starting_state.mat;
main_stage2_reference_pencil_mesh.m,91,reuse_provenance,source_or_document,    % Stage-I physical solve merely because a checkpoint file disappeared
main_stage2_reference_pencil_mesh.m,102,reference_paths,source_or_document,"                'verification', 'crack_path', 'stage1_starting_state.mat');"
main_stage2_reference_pencil_mesh.m,115,reference_paths,source_or_document,"                'verification', 'crack_path', 'stage1_starting_state.mat');"
main_stage2_reference_pencil_mesh.m,121,reuse_provenance,source_or_document,"                 'Expected default checkpoint:\n  %s\n', ..."
main_stage2_reference_pencil_mesh.m,161,reuse_provenance,source_or_document,    % project configuration only for legacy checkpoints lacking R0.C.
main_stage2_reference_pencil_mesh.m,387,reuse_provenance,source_or_document,    % Compact verification checkpoint: exclude PDE Toolbox handle objects.
main_stage2_supplied_angle_physical_solve.m,11,increment_4mm,source_or_document,%     -> qualified 4-mm supplied-angle crack geometry
main_stage2_supplied_angle_physical_solve.m,22,reuse_provenance,source_or_document,% Postprocessing happens ONLY after the physical field is checkpointed:
main_stage2_supplied_angle_physical_solve.m,39,reuse_provenance,source_or_document,% A valid existing checkpoint is reused without a second solve.
main_stage2_supplied_angle_physical_solve.m,47,reuse_provenance,source_or_document,"    addParameter(ip,'CheckpointFile','',@(x)ischar(x)||isstring(x));"
main_stage2_supplied_angle_physical_solve.m,65,reuse_provenance,source_or_document,    cp=char(opt.CheckpointFile);
main_stage2_supplied_angle_physical_solve.m,141,reference_fingerprints,source_or_document,"    assert(numel(candidate.pairedElementIDs)==12678, ..."
main_stage2_supplied_angle_physical_solve.m,143,reference_fingerprints,source_or_document,"    assert(numel(candidate.primarySupportElementIDs)==11316, ..."
main_stage2_supplied_angle_physical_solve.m,179,reference_fingerprints,source_or_document,            face0.gridMismatch>1e-12 || any(sampleN~=[38;55;44;34])
main_stage2_supplied_angle_physical_solve.m,181,reference_fingerprints,source_or_document,            'Expected exact qualified native sampling 38/55/44/34.');
main_stage2_supplied_angle_physical_solve.m,230,reuse_provenance,source_or_document,    % Phase 1. Reuse exact checkpoint or execute ONE authorized solve.
main_stage2_supplied_angle_physical_solve.m,236,reuse_provenance,source_or_document,"        local_validate_checkpoint(s0,mesh,crack,a0,ndof,theta1,theta1Deg);"
main_stage2_supplied_angle_physical_solve.m,237,reuse_provenance,source_or_document,        fprintf('\nPHASE 1: valid physical checkpoint found; NO new solve.\n');
main_stage2_supplied_angle_physical_solve.m,389,reuse_provenance,source_or_document,"            'postprocessingPerformedBeforeCheckpoint',false, ..."
main_stage2_supplied_angle_physical_solve.m,396,reuse_provenance,source_or_document,"                'Inspect/remove prior incomplete checkpoint manually: %s',tmp);"
main_stage2_supplied_angle_physical_solve.m,405,reuse_provenance,source_or_document,"        if ~ok,error('stage2phys:CheckpointSave','%s',msg);end"
main_stage2_supplied_angle_physical_solve.m,407,reuse_provenance,source_or_document,"        fprintf('  Physical field checkpointed BEFORE postprocessing:\n    %s\n',cp);"
main_stage2_supplied_angle_physical_solve.m,414,reuse_provenance,source_or_document,    % Phase 2. Postprocess ONLY from the checkpoint.
main_stage2_supplied_angle_physical_solve.m,418,reuse_provenance,source_or_document,"    local_validate_checkpoint(s,mesh,crack,a0,ndof,theta1,theta1Deg);"
main_stage2_supplied_angle_physical_solve.m,486,reference_fingerprints,source_or_document,"        fitTable.n_native,[38;38;55;55;44;44;34;34]);"
main_stage2_supplied_angle_physical_solve.m,489,reference_fingerprints,source_or_document,    gates.matchedEDISupport=Aux.nElem_used==11316;
main_stage2_supplied_angle_physical_solve.m,550,reuse_provenance,source_or_document,    R.checkpointPath=cp;
main_stage2_supplied_angle_physical_solve.m,573,reference_paths,source_or_document,"    f=fullfile(root,'verification','crack_path','stage1_starting_state.mat');"
main_stage2_supplied_angle_physical_solve.m,641,reuse_provenance,source_or_document,"function local_validate_checkpoint(s,mesh,crack,a0,ndof,theta1,theta1Deg)"
main_stage2_supplied_angle_physical_solve.m,645,reuse_provenance,source_or_document,"            error('stage2phys:CheckpointField', ..."
main_stage2_supplied_angle_physical_solve.m,646,reuse_provenance,source_or_document,"                'Physical checkpoint missing %s.',req{k});"
main_stage2_supplied_angle_physical_solve.m,663,reuse_provenance,source_or_document,"        error('stage2phys:CheckpointMismatch', ..."
main_stage2_supplied_angle_physical_solve.m,664,reuse_provenance,source_or_document,            'Existing physical checkpoint is not the exact supplied-angle candidate.');
main_stage2_supplied_angle_probe.m,19,reuse_provenance,source_or_document,%   5) checkpoint before COD/EDI;
main_stage2_supplied_angle_probe.m,29,length_grid,source_or_document,"    addParameter(ip,'NArc',480,@(x)isnumeric(x)&&isscalar(x)&&isfinite(x)&&x>=32&&x==round(x));"
main_stage2_theta0_physical_solve.m,11,increment_4mm,source_or_document,%     -> qualified 4-mm theta_1=0 crack geometry
main_stage2_theta0_physical_solve.m,22,reuse_provenance,source_or_document,% Postprocessing happens ONLY after the physical field is checkpointed:
main_stage2_theta0_physical_solve.m,38,reuse_provenance,source_or_document,% A valid existing checkpoint is reused without a second solve.
main_stage2_theta0_physical_solve.m,45,reuse_provenance,source_or_document,"    addParameter(ip,'CheckpointFile','',@(x)ischar(x)||isstring(x));"
main_stage2_theta0_physical_solve.m,62,reuse_provenance,source_or_document,    cp=char(opt.CheckpointFile);
main_stage2_theta0_physical_solve.m,128,reuse_provenance,source_or_document,"    if isfield(candidate,'exteriorMeshControls') && ..."
main_stage2_theta0_physical_solve.m,129,reuse_provenance,source_or_document,            isstruct(candidate.exteriorMeshControls) && ...
main_stage2_theta0_physical_solve.m,130,reuse_provenance,source_or_document,"            isfield(candidate.exteriorMeshControls,'isReferenceProductionExterior')"
main_stage2_theta0_physical_solve.m,132,reuse_provenance,source_or_document,            ~logical(candidate.exteriorMeshControls.isReferenceProductionExterior);
main_stage2_theta0_physical_solve.m,140,reference_fingerprints,source_or_document,"        assert(size(P,1)==24389 && size(T,1)==47828, ..."
main_stage2_theta0_physical_solve.m,156,reference_fingerprints,source_or_document,"    assert(numel(candidate.pairedElementIDs)==coreFP.expectedCoreT3, ..."
main_stage2_theta0_physical_solve.m,158,reference_fingerprints,source_or_document,"    assert(numel(candidate.primarySupportElementIDs)==coreFP.expectedEDIElements, ..."
main_stage2_theta0_physical_solve.m,169,reference_fingerprints,source_or_document,"        assert(size(P6,1)==96606, ..."
main_stage2_theta0_physical_solve.m,205,reference_fingerprints,source_or_document,            face0.gridMismatch>1e-12 || any(sampleN~=coreFP.expectedNative)
main_stage2_theta0_physical_solve.m,257,reuse_provenance,source_or_document,    % Phase 1. Reuse exact checkpoint or execute ONE authorized solve.
main_stage2_theta0_physical_solve.m,263,reuse_provenance,source_or_document,"        local_validate_checkpoint(s0,mesh,crack,a0,ndof,opt.AlternativeQualifiedCandidate);"
main_stage2_theta0_physical_solve.m,264,reuse_provenance,source_or_document,        fprintf('\nPHASE 1: valid physical checkpoint found; NO new solve.\n');
main_stage2_theta0_physical_solve.m,454,reuse_provenance,source_or_document,"            'postprocessingPerformedBeforeCheckpoint',false, ..."
main_stage2_theta0_physical_solve.m,455,core_scale,source_or_document,"            'coreScale',coreFP.scale, ..."
main_stage2_theta0_physical_solve.m,463,reuse_provenance,source_or_document,"                'Inspect/remove prior incomplete checkpoint manually: %s',tmp);"
main_stage2_theta0_physical_solve.m,472,reuse_provenance,source_or_document,"        if ~ok,error('stage2phys:CheckpointSave','%s',msg);end"
main_stage2_theta0_physical_solve.m,474,reuse_provenance,source_or_document,"        fprintf('  Physical field checkpointed BEFORE postprocessing:\n    %s\n',cp);"
main_stage2_theta0_physical_solve.m,481,reuse_provenance,source_or_document,    % Phase 2. Postprocess ONLY from the checkpoint.
main_stage2_theta0_physical_solve.m,485,reuse_provenance,source_or_document,"    local_validate_checkpoint(s,mesh,crack,a0,ndof,opt.AlternativeQualifiedCandidate);"
main_stage2_theta0_physical_solve.m,554,reference_fingerprints,source_or_document,"    expectedFitNative=reshape([coreFP.expectedNative.';coreFP.expectedNative.'],[],1);"
main_stage2_theta0_physical_solve.m,558,reference_fingerprints,source_or_document,    gates.matchedEDISupport=Aux.nElem_used==coreFP.expectedEDIElements;
main_stage2_theta0_physical_solve.m,619,reuse_provenance,source_or_document,    R.checkpointPath=cp;
main_stage2_theta0_physical_solve.m,623,reuse_provenance,source_or_document,"    if isfield(candidate,'exteriorMeshControls')"
main_stage2_theta0_physical_solve.m,624,reuse_provenance,source_or_document,        R.exteriorMeshControls=candidate.exteriorMeshControls;
main_stage2_theta0_physical_solve.m,626,core_scale,source_or_document,    R.coreMeshControls=coreFP;
main_stage2_theta0_physical_solve.m,645,reference_paths,source_or_document,"    f=fullfile(root,'verification','crack_path','stage1_starting_state.mat');"
main_stage2_theta0_physical_solve.m,677,core_scale,source_or_document,"    if isfield(candidate,'coreMeshControls') && ..."
main_stage2_theta0_physical_solve.m,678,core_scale,source_or_document,            isstruct(candidate.coreMeshControls) && ...
main_stage2_theta0_physical_solve.m,679,core_scale,source_or_document,"            isfield(candidate.coreMeshControls,'scale')"
main_stage2_theta0_physical_solve.m,680,core_scale,source_or_document,        fp=candidate.coreMeshControls;
main_stage2_theta0_physical_solve.m,684,parameter_flow,source_or_document,"            'rInner_m',.10*a0,'rOuter_m',.65*a0,'rCore_m',.75*a0, ..."
main_stage2_theta0_physical_solve.m,685,reference_fingerprints,source_or_document,"            'expectedCoreT3',12678,'expectedEDIElements',11316, ..."
main_stage2_theta0_physical_solve.m,686,reference_fingerprints,source_or_document,"            'expectedOptimizedSupport',10278, ..."
main_stage2_theta0_physical_solve.m,687,reference_fingerprints,source_or_document,"            'expectedNativeSamples',[38;55;44;34]);"
main_stage2_theta0_physical_solve.m,691,reference_fingerprints,source_or_document,"        expected=[12678,11316,10278];"
main_stage2_theta0_physical_solve.m,692,reference_fingerprints,source_or_document,        native=[38;55;44;34];
main_stage2_theta0_physical_solve.m,695,reference_fingerprints,source_or_document,"        expected=[3318,2976,2700];"
main_stage2_theta0_physical_solve.m,696,fixed_states_lengths,source_or_document,        native=[19;28;23;18];
main_stage2_theta0_physical_solve.m,699,core_scale,source_or_document,"        error('stage2phys:CoreScale', ..."
main_stage2_theta0_physical_solve.m,703,parameter_flow,source_or_document,"    req={'hTip_m','rInner_m','rOuter_m','rCore_m', ..."
main_stage2_theta0_physical_solve.m,704,reference_fingerprints,source_or_document,"        'expectedCoreT3','expectedEDIElements', ..."
main_stage2_theta0_physical_solve.m,705,reference_fingerprints,source_or_document,"        'expectedOptimizedSupport','expectedNativeSamples'};"
main_stage2_theta0_physical_solve.m,709,core_scale,source_or_document,"                'Candidate coreMeshControls missing %s.',req{j});"
main_stage2_theta0_physical_solve.m,712,reference_fingerprints,source_or_document,    fp.expectedNativeSamples=fp.expectedNativeSamples(:);
main_stage2_theta0_physical_solve.m,713,reference_fingerprints,source_or_document,    if fp.expectedCoreT3~=expected(1) || ...
main_stage2_theta0_physical_solve.m,714,reference_fingerprints,source_or_document,            fp.expectedEDIElements~=expected(2) || ...
main_stage2_theta0_physical_solve.m,716,reference_fingerprints,source_or_document,"            ~isequal(fp.expectedNativeSamples,native) || ..."
main_stage2_theta0_physical_solve.m,718,parameter_flow,source_or_document,            abs(fp.rInner_m-.10*a0)>1e-14 || ...
main_stage2_theta0_physical_solve.m,719,parameter_flow,source_or_document,            abs(fp.rOuter_m-.65*a0)>1e-14 || ...
main_stage2_theta0_physical_solve.m,720,parameter_flow,source_or_document,            abs(fp.rCore_m-.75*a0)>1e-14
main_stage2_theta0_physical_solve.m,724,reference_fingerprints,source_or_document,    fp.expectedNative=fp.expectedNativeSamples;
main_stage2_theta0_physical_solve.m,765,reuse_provenance,source_or_document,"function local_validate_checkpoint(s,mesh,crack,a0,ndof,alternativeQualifiedCandidate)"
main_stage2_theta0_physical_solve.m,769,reuse_provenance,source_or_document,"            error('stage2phys:CheckpointField', ..."
main_stage2_theta0_physical_solve.m,770,reuse_provenance,source_or_document,"                'Physical checkpoint missing %s.',req{k});"
main_stage2_theta0_physical_solve.m,789,reference_fingerprints,source_or_document,        countMismatch = s.meta.nT3Nodes~=24389 || s.meta.nT3~=47828 || ...
main_stage2_theta0_physical_solve.m,790,reference_fingerprints,source_or_document,            s.meta.nT6Nodes~=96606;
main_stage2_theta0_physical_solve.m,794,reuse_provenance,source_or_document,"        error('stage2phys:CheckpointMismatch', ..."
main_stage2_theta0_physical_solve.m,795,reuse_provenance,source_or_document,            'Existing physical checkpoint is not the exact current theta0 candidate.');
main_stage3a_two_leg_tip_core_qualification.m,5,increment_4mm,source_or_document,% The accepted first leg is frozen at 4 mm along the Stage-I material
main_stage3a_two_leg_tip_core_qualification.m,6,increment_4mm,source_or_document,% normal. A provisional second leg of 4 mm continues straight. The new-tip
main_stage3a_two_leg_tip_core_qualification.m,19,parameter_flow,source_or_document,%       rCore/a0 = 0.75;
main_stage3a_two_leg_tip_core_qualification.m,53,length_grid,source_or_document,"    addParameter(ip,'NArc',480,@(x)isnumeric(x)&&isscalar(x)&&isfinite(x)&&x>=32&&x==round(x));"
main_stage3a_two_leg_tip_core_qualification.m,128,increment_4mm,source_or_document,    % Carrier uses one straight 8-mm appended slit. The intermediate 4-mm
main_stage3a_two_leg_tip_core_qualification.m,180,core_scale,source_or_document,"    Core=build_stage2_scaled_audited_core([0 0],[1 0],a2,'Scale',1);"
main_stage3a_two_leg_tip_core_qualification.m,183,parameter_flow,source_or_document,    rp=Core.rCore;
main_stage3a_two_leg_tip_core_qualification.m,185,parameter_flow,source_or_document,    design.rCore_m=rp;
main_stage3a_two_leg_tip_core_qualification.m,186,parameter_flow,source_or_document,    design.transitionLength_m=1.0*a2;
main_stage3a_two_leg_tip_core_qualification.m,187,parameter_flow,source_or_document,    design.farCap_m=0.625*a2;
main_stage3a_two_leg_tip_core_qualification.m,195,core_scale,source_or_document,"    assert(abs(rp/a2-.75)<1e-14,'stage3a:CoreScale', ..."
main_stage3a_two_leg_tip_core_qualification.m,442,reference_fingerprints,source_or_document,"    gates.nativeSamplingExact=isequal(sampleN,[38;55;44;34]);"
main_stage3a_two_leg_tip_core_qualification.m,525,reference_fingerprints,source_or_document,    syntheticGates.sameEDISupportCountAsCore=all(Synthetic.nElem_used==11316);
main_stage3a_two_leg_tip_core_qualification.m,547,parameter_flow,source_or_document,"        design.transitionLength_m,design.farCap_m, ..."
main_stage3a_two_leg_tip_core_qualification.m,554,parameter_flow,source_or_document,"        'hTip_m','rInner_m','rOuter_m','rCore_m','transition_m','farCap_m', ..."
main_stage3a_two_leg_tip_core_qualification.m,665,reference_paths,source_or_document,"        stateFile=fullfile(root,'verification','crack_path','stage1_starting_state.mat');"
main_stage3a_two_leg_tip_core_qualification.m,704,length_grid,source_or_document,"        j=mod(k,3)+1;h=mod(k+1,3)+1;"
main_stage3a_two_leg_tip_core_qualification.m,971,increment_4mm,source_or_document,    xlim([-8.2 .3]);ylim([-1 1]);title('Two 4-mm legs and new-tip 3-mm core');
main_stage3b_two_leg_physical_solve.m,12,increment_4mm,source_or_document,%     -> accepted 4-mm first segment at theta_1=0
main_stage3b_two_leg_physical_solve.m,13,increment_4mm,source_or_document,%     -> Stage III-A 4-mm straight second segment at theta_2=0
main_stage3b_two_leg_physical_solve.m,14,increment_4mm,source_or_document,%     -> qualified new-tip 4-mm-scaled paired core/full-domain embedding
main_stage3b_two_leg_physical_solve.m,23,reuse_provenance,source_or_document,% Postprocessing happens ONLY after the physical field is checkpointed:
main_stage3b_two_leg_physical_solve.m,40,reuse_provenance,source_or_document,% A valid existing checkpoint is reused without a second solve.
main_stage3b_two_leg_physical_solve.m,47,reuse_provenance,source_or_document,"    addParameter(ip,'CheckpointFile','',@(x)ischar(x)||isstring(x));"
main_stage3b_two_leg_physical_solve.m,57,reuse_provenance,source_or_document,    cp=char(opt.CheckpointFile);
main_stage3b_two_leg_physical_solve.m,139,increment_4mm,source_or_document,        'Candidate does not match the qualified straight 4-mm + 4-mm Stage III-A path.');
main_stage3b_two_leg_physical_solve.m,147,reference_fingerprints,source_or_document,"    assert(numel(candidate.pairedElementIDs)==12678, ..."
main_stage3b_two_leg_physical_solve.m,149,reference_fingerprints,source_or_document,"    assert(numel(candidate.primarySupportElementIDs)==11316, ..."
main_stage3b_two_leg_physical_solve.m,189,reference_fingerprints,source_or_document,            face0.gridMismatch>1e-12 || any(sampleN~=[38;55;44;34])
main_stage3b_two_leg_physical_solve.m,191,reference_fingerprints,source_or_document,            'Expected exact qualified native sampling 38/55/44/34.');
main_stage3b_two_leg_physical_solve.m,242,reuse_provenance,source_or_document,    % Phase 1. Reuse exact checkpoint or execute ONE authorized solve.
main_stage3b_two_leg_physical_solve.m,248,reuse_provenance,source_or_document,"        local_validate_checkpoint(s0,mesh,crack,currentIncrement,ndof,p0,p1,p2);"
main_stage3b_two_leg_physical_solve.m,249,reuse_provenance,source_or_document,        fprintf('\nPHASE 1: valid physical checkpoint found; NO new solve.\n');
main_stage3b_two_leg_physical_solve.m,405,reuse_provenance,source_or_document,"            'postprocessingPerformedBeforeCheckpoint',false, ..."
main_stage3b_two_leg_physical_solve.m,414,reuse_provenance,source_or_document,"                'Inspect/remove prior incomplete checkpoint manually: %s',tmp);"
main_stage3b_two_leg_physical_solve.m,423,reuse_provenance,source_or_document,"        if ~ok,error('stage3b:CheckpointSave','%s',msg);end"
main_stage3b_two_leg_physical_solve.m,425,reuse_provenance,source_or_document,"        fprintf('  Physical field checkpointed BEFORE postprocessing:\n    %s\n',cp);"
main_stage3b_two_leg_physical_solve.m,432,reuse_provenance,source_or_document,    % Phase 2. Postprocess ONLY from the checkpoint.
main_stage3b_two_leg_physical_solve.m,436,reuse_provenance,source_or_document,"    local_validate_checkpoint(s,mesh,crack,currentIncrement,ndof,p0,p1,p2);"
main_stage3b_two_leg_physical_solve.m,516,reference_fingerprints,source_or_document,"        fitTable.n_native,[38;38;55;55;44;44;34;34]);"
main_stage3b_two_leg_physical_solve.m,519,reference_fingerprints,source_or_document,    gates.matchedEDISupport=Aux.nElem_used==11316;
main_stage3b_two_leg_physical_solve.m,523,reuse_provenance,source_or_document,    gates.checkpointBeforePostprocessing= ...
main_stage3b_two_leg_physical_solve.m,524,reuse_provenance,source_or_document,        ~logical(s.meta.postprocessingPerformedBeforeCheckpoint);
main_stage3b_two_leg_physical_solve.m,605,reuse_provenance,source_or_document,    R.checkpointPath=cp;
main_stage3b_two_leg_physical_solve.m,638,reference_paths,source_or_document,"    f=fullfile(root,'verification','crack_path','stage1_starting_state.mat');"
main_stage3b_two_leg_physical_solve.m,708,reuse_provenance,source_or_document,"function local_validate_checkpoint(s,mesh,crack,currentIncrement,ndof,p0,p1,p2)"
main_stage3b_two_leg_physical_solve.m,712,reuse_provenance,source_or_document,"            error('stage3b:CheckpointField', ..."
main_stage3b_two_leg_physical_solve.m,713,reuse_provenance,source_or_document,"                'Physical checkpoint missing %s.',req{k});"
main_stage3b_two_leg_physical_solve.m,733,reuse_provenance,source_or_document,"        error('stage3b:CheckpointMismatch', ..."
main_stage3b_two_leg_physical_solve.m,734,reuse_provenance,source_or_document,            'Existing checkpoint is not the exact qualified Stage III-A two-leg state.');
main_stage3c_kinked_two_leg_qualification.m,18,parameter_flow,source_or_document,%       rCore/a0 = 0.75;
main_stage3c_kinked_two_leg_qualification.m,52,length_grid,source_or_document,"    addParameter(ip,'NArc',480,@(x)isnumeric(x)&&isscalar(x)&&isfinite(x)&&x>=32&&x==round(x));"
main_stage3c_kinked_two_leg_qualification.m,187,core_scale,source_or_document,"    Core=build_stage2_scaled_audited_core([0 0],[1 0],a2,'Scale',1);"
main_stage3c_kinked_two_leg_qualification.m,190,parameter_flow,source_or_document,    rp=Core.rCore;
main_stage3c_kinked_two_leg_qualification.m,192,parameter_flow,source_or_document,    design.rCore_m=rp;
main_stage3c_kinked_two_leg_qualification.m,193,parameter_flow,source_or_document,    design.transitionLength_m=1.0*a2;
main_stage3c_kinked_two_leg_qualification.m,194,parameter_flow,source_or_document,    design.farCap_m=0.625*a2;
main_stage3c_kinked_two_leg_qualification.m,202,core_scale,source_or_document,"    assert(abs(rp/a2-.75)<1e-14,'stage3c:CoreScale', ..."
main_stage3c_kinked_two_leg_qualification.m,474,reference_fingerprints,source_or_document,"    gates.nativeSamplingExact=isequal(sampleN,[38;55;44;34]);"
main_stage3c_kinked_two_leg_qualification.m,561,reference_fingerprints,source_or_document,    syntheticGates.sameEDISupportCountAsCore=all(Synthetic.nElem_used==11316);
main_stage3c_kinked_two_leg_qualification.m,583,parameter_flow,source_or_document,"        design.transitionLength_m,design.farCap_m, ..."
main_stage3c_kinked_two_leg_qualification.m,590,parameter_flow,source_or_document,"        'hTip_m','rInner_m','rOuter_m','rCore_m','transition_m','farCap_m', ..."
main_stage3c_kinked_two_leg_qualification.m,703,reference_paths,source_or_document,"        stateFile=fullfile(root,'verification','crack_path','stage1_starting_state.mat');"
main_stage3c_kinked_two_leg_qualification.m,777,length_grid,source_or_document,"        j=mod(k,3)+1;h=mod(k+1,3)+1;"
main_stage3d_kinked_two_leg_physical_solve.m,15,increment_4mm,source_or_document,%     -> 4-mm first leg at theta_1=0
main_stage3d_kinked_two_leg_physical_solve.m,33,reuse_provenance,source_or_document,% Postprocessing happens ONLY after the physical field is checkpointed:
main_stage3d_kinked_two_leg_physical_solve.m,50,reuse_provenance,source_or_document,% A valid existing checkpoint is reused without a second solve.
main_stage3d_kinked_two_leg_physical_solve.m,57,reuse_provenance,source_or_document,"    addParameter(ip,'CheckpointFile','',@(x)ischar(x)||isstring(x));"
main_stage3d_kinked_two_leg_physical_solve.m,67,reuse_provenance,source_or_document,    cp=char(opt.CheckpointFile);
main_stage3d_kinked_two_leg_physical_solve.m,159,increment_4mm,source_or_document,        'Candidate does not match the qualified physical Stage III-C 4-mm + 4-mm kinked path.');
main_stage3d_kinked_two_leg_physical_solve.m,168,reference_fingerprints,source_or_document,"    assert(numel(candidate.pairedElementIDs)==12678, ..."
main_stage3d_kinked_two_leg_physical_solve.m,170,reference_fingerprints,source_or_document,"    assert(numel(candidate.primarySupportElementIDs)==11316, ..."
main_stage3d_kinked_two_leg_physical_solve.m,211,reference_fingerprints,source_or_document,            face0.gridMismatch>1e-12 || any(sampleN~=[38;55;44;34])
main_stage3d_kinked_two_leg_physical_solve.m,213,reference_fingerprints,source_or_document,            'Expected exact qualified native sampling 38/55/44/34.');
main_stage3d_kinked_two_leg_physical_solve.m,265,reuse_provenance,source_or_document,    % Phase 1. Reuse exact checkpoint or execute ONE authorized solve.
main_stage3d_kinked_two_leg_physical_solve.m,271,reuse_provenance,source_or_document,"        local_validate_checkpoint(s0,mesh,crack,currentIncrement,ndof,p0,p1,p2,theta2Deg,KI1Accepted,KII1Accepted);"
main_stage3d_kinked_two_leg_physical_solve.m,272,reuse_provenance,source_or_document,        fprintf('\nPHASE 1: valid physical checkpoint found; NO new solve.\n');
main_stage3d_kinked_two_leg_physical_solve.m,429,reuse_provenance,source_or_document,"            'postprocessingPerformedBeforeCheckpoint',false, ..."
main_stage3d_kinked_two_leg_physical_solve.m,438,reuse_provenance,source_or_document,"                'Inspect/remove prior incomplete checkpoint manually: %s',tmp);"
main_stage3d_kinked_two_leg_physical_solve.m,447,reuse_provenance,source_or_document,"        if ~ok,error('stage3d:CheckpointSave','%s',msg);end"
main_stage3d_kinked_two_leg_physical_solve.m,449,reuse_provenance,source_or_document,"        fprintf('  Physical field checkpointed BEFORE postprocessing:\n    %s\n',cp);"
main_stage3d_kinked_two_leg_physical_solve.m,456,reuse_provenance,source_or_document,    % Phase 2. Postprocess ONLY from the checkpoint.
main_stage3d_kinked_two_leg_physical_solve.m,460,reuse_provenance,source_or_document,"    local_validate_checkpoint(s,mesh,crack,currentIncrement,ndof,p0,p1,p2,theta2Deg,KI1Accepted,KII1Accepted);"
main_stage3d_kinked_two_leg_physical_solve.m,541,reference_fingerprints,source_or_document,"        fitTable.n_native,[38;38;55;55;44;44;34;34]);"
main_stage3d_kinked_two_leg_physical_solve.m,544,reference_fingerprints,source_or_document,    gates.matchedEDISupport=Aux.nElem_used==11316;
main_stage3d_kinked_two_leg_physical_solve.m,548,reuse_provenance,source_or_document,    gates.checkpointBeforePostprocessing= ...
main_stage3d_kinked_two_leg_physical_solve.m,549,reuse_provenance,source_or_document,        ~logical(s.meta.postprocessingPerformedBeforeCheckpoint);
main_stage3d_kinked_two_leg_physical_solve.m,635,reuse_provenance,source_or_document,    R.checkpointPath=cp;
main_stage3d_kinked_two_leg_physical_solve.m,670,reference_paths,source_or_document,"    f=fullfile(root,'verification','crack_path','stage1_starting_state.mat');"
main_stage3d_kinked_two_leg_physical_solve.m,740,reuse_provenance,source_or_document,"function local_validate_checkpoint(s,mesh,crack,currentIncrement,ndof,p0,p1,p2,theta2Deg,KI1Accepted,KII1Accepted)"
main_stage3d_kinked_two_leg_physical_solve.m,744,reuse_provenance,source_or_document,"            error('stage3d:CheckpointField', ..."
main_stage3d_kinked_two_leg_physical_solve.m,745,reuse_provenance,source_or_document,"                'Physical checkpoint missing %s.',req{k});"
main_stage3d_kinked_two_leg_physical_solve.m,770,reuse_provenance,source_or_document,"        error('stage3d:CheckpointMismatch', ..."
main_stage3d_kinked_two_leg_physical_solve.m,771,reuse_provenance,source_or_document,            'Existing checkpoint is not the exact qualified physical Stage III-C kinked two-leg state.');
mesh_pencil_domain.m,23,length_grid,source_or_document,"    ncoh = max(1, round(C.ncoh));"
paper/audit_stage1_source_provenance.py,82,reference_paths,source_or_document,"    dest = paper / ""data"" / ""accepted_stage1_source.mat"""
paper/data/evidence.json,1,fixed_states_lengths;reference_fingerprints;parameter_flow,data_snapshot,"{""sourceCommit"":""cfdf0f110010d688a4e3c48f6d88a00fd17dc698"",""C"":{""A"":0.3,""B"":0.1,""hole"":{""type"":""circle"",""center"":[0.17,-0.02],""r"":0.03,""npoly"":480},""holes"":[{""type"":""circle"",""center"":[0.17,-0.02],""r"":0.03,""npoly"":480}],""E"":210000,""nu"":0.3,""ps"":1,""sig_c"":300,""a0"":0.004,""load"":{""type"":""remote_tension_y"",""sig0"":1},""bc"":{""anchor_mode"":""minimal""},""mesh1"":{""hmin"":0.00039269908169872411,""hmax"":0.0078539816339744817,""hhole"":0.00039269908169872411,""hgrad"":1.2,""refineBox"":[]},""mesh2"":{""hmax"":0.0078539816339744817,""hhole"":0.00039269908169872411,""hcrack"":0.00039269908169872411,""hgrad"":1.2,""chw"":0.0001,""ti"
paper/data/manuscript_checks.json,9,fixed_states_lengths;reference_paths,data_snapshot,"  ""accepted_states"": 23,"
paper/data/manuscript_checks.json,11,fixed_states_lengths,data_snapshot,"  ""qualification_files"": 23,"
paper/EVIDENCE_AND_PROVENANCE.md,5,reference_paths,source_or_document,`verification/crack_path/final_clean_run`. These investigator-local MAT
paper/EVIDENCE_AND_PROVENANCE.md,8,reference_paths,source_or_document,`data/evidence_exact.mat` retains the exact extracted double-precision data;
paper/EVIDENCE_AND_PROVENANCE.md,15,fixed_states_lengths,source_or_document,"22 physical files P2–P23, all 23 qualifications P2–P24, all physical and"
paper/EVIDENCE_AND_PROVENANCE.md,24,reference_paths,source_or_document,available and is now copied byte-for-byte to `data/accepted_stage1_source.mat`.
paper/EVIDENCE_AND_PROVENANCE.md,42,increment_4mm,source_or_document,"| First segment theta1=0 and 4-mm length; no production sweep | `run_incremental_crack_path.m` initializer/recurrence; `State.thetaDeg(1)`, first two vertices; uniform lengths checked over all 24 geometrical segments |"
paper/EVIDENCE_AND_PROVENANCE.md,47,increment_4mm;parameter_flow,source_or_document,"| Mesh scales, hTip=0.0270123254 mm, ri=0.4, ro=2.6, core=3, transition=4, cap=2.5 mm | All `Small.summary.{increment_m,hTip_m,rInner_m,rOuter_m,rCore_m,transition_m,farCap_m}`; fixed-ratio assertions in the qualifier |"
paper/EVIDENCE_AND_PROVENANCE.md,48,reference_fingerprints,source_or_document,"| Core 12678 T3, EDI support 11316 | Every `Small.summary.{core_T3_elements,EDI_elements}` and physical `R.EDI.EDI_elements` |"
paper/EVIDENCE_AND_PROVENANCE.md,50,reference_fingerprints,source_or_document,"| Native sampling 38/55/44/34 and eight fits | `Small.sampleCounts.nativePoints`; `R.fitTable.n_native`, bounds/degree columns; zero-field/source topology gates |"
paper/EVIDENCE_AND_PROVENANCE.md,52,reuse_provenance,source_or_document,"| PCG/SGS/symamd/free-DOF architecture, 1e-10/5000, true gate 5e-10, exact constraints, checkpoint before postprocessing | Solver implementation and every `R.solverInfo`/`R.gates` |"
paper/EVIDENCE_AND_PROVENANCE.md,56,fixed_states_lengths,source_or_document,"| 22 accepted compact files, 23 qualifications; P24 unsolved | Directory inventory, `State.completedPhysicalSegments=23`, 25 vertices; `Small` P24 passes; both P24 physical small and solved MAT files absent |"
paper/EVIDENCE_AND_PROVENANCE.md,57,fixed_states_lengths,source_or_document,"| KI grows monotonically from P1 to P23 | Positive successive differences in State `KI_unit`, cross-checked against physical compact records |"
paper/EVIDENCE_AND_PROVENANCE.md,58,fixed_states_lengths,source_or_document,"| Positive KII and ratio maxima at P17, a=68 mm; KII=0.002548368739746823, ratio=0.003238930802982266 | Row17 and physical `R.summary`/`R.EDI`; independent max searches of the two stored sequences |"
paper/EVIDENCE_AND_PROVENANCE.md,59,fixed_states_lengths,source_or_document,| P21 ratio +8.134267373465366e-5; P22 ratio -0.002141591607115312 | Rows21/22 and corresponding physical compact files |
paper/EVIDENCE_AND_PROVENANCE.md,61,fixed_states_lengths,source_or_document,"| P23 KI=1.244360443656587, KII=-0.006780312460038702, ratio=-0.005448833169362544 | Row23 and `step_023_physical_small.mat` `R.summary`/`R.EDI` |"
paper/EVIDENCE_AND_PROVENANCE.md,62,fixed_states_lengths,source_or_document,"| P23 next turn +0.6243470380022705 deg, theta24=-2.776211096541598 deg | Row23 `delta_theta_next_deg`, `theta_next_deg`; corresponding R prediction. This predicts P24 geometry only |"
paper/EVIDENCE_AND_PROVENANCE.md,63,fixed_states_lengths,source_or_document,| Absolute direction minimum theta22=-3.645963829383184 deg | Min search of the accepted State `theta_deg`; P22 R current angle agrees within roundoff |
paper/EVIDENCE_AND_PROVENANCE.md,64,fixed_states_lengths,source_or_document,"| P23 (291.8404840685052,-25.57894113432961) mm, right-side horizontal ligament 8.159515931494777 mm | Row23 coordinates; `(C.A-tip_x_m)*1000` |"
paper/EVIDENCE_AND_PROVENANCE.md,65,fixed_states_lengths,source_or_document,"| Characteristic-state table | Rows1,17,21,22,23; rounded only for presentation. Interpolated row has no KI/KII/direction values |"
paper/EVIDENCE_AND_PROVENANCE.md,66,fixed_states_lengths,source_or_document,| 176 COD definitions all agree on positive P21/negative P22 | All eight stored `R.fitTable.ratio_COD` values at each of those two states; `derived_metrics.json` sign checks |
paper/EVIDENCE_AND_PROVENANCE.md,67,fixed_states_lengths,source_or_document,"| Largest COD-EDI turn difference 0.01023605925082449 deg | Max absolute `R.fitTable.delta_theta_next_MTS_deg - State.delta_theta_next_deg`; P23, degree1, window [0.12,0.30] |"
paper/EVIDENCE_AND_PROVENANCE.md,68,fixed_states_lengths,source_or_document,| P23 quadratic turns 0.6204355782965233–0.6224779975149831 deg | All four degree2 rows of P23 fit table |
paper/EVIDENCE_AND_PROVENANCE.md,69,fixed_states_lengths,source_or_document,"| Near-zero P21 rear linear ratio 26.31962452791384% above EDI, absolute turn difference 0.002453300431192729 deg | P21 degree1 [0.12,0.30] row: `100*(ratio_COD/ratio_EDI-1)` and absolute turning difference; this is not a relative physical error estimate |"
paper/export_pilot_evidence.m,9,reference_paths,source_or_document,"run=char(o.RunDir);if isempty(run),run=fullfile(root,'verification','crack_path','final_clean_run');end"
paper/export_pilot_evidence.m,12,fixed_states_lengths,source_or_document,"assert(S.completedPhysicalSegments==23&&size(S.vertices,1)==25&&S.rowHistoryComplete, ..."
paper/export_pilot_evidence.m,15,fixed_states_lengths,source_or_document,"assert(height(T)==23&&isequal(T.segment,(1:23)'));"
paper/export_pilot_evidence.m,25,fixed_states_lengths,source_or_document,assert(numel(physical)==22&&numel(qualification)==23);
paper/export_pilot_evidence.m,34,reference_fingerprints,source_or_document,    assert(height(s.synthetic)==3&&all(s.synthetic.nElem_used==11316));
paper/export_pilot_evidence.m,35,reference_fingerprints,source_or_document,"    assert(isequal(s.sampleCounts.nativePoints,[38;55;44;34]));"
paper/export_pilot_evidence.m,44,reference_fingerprints,source_or_document,"    assert(r.EDI.EDI_elements==11316&&isequal(r.fitTable.n_native,[38;38;55;55;44;44;34;34]));"
paper/export_pilot_evidence.m,65,fixed_states_lengths,source_or_document,assert(all(T.KII_unit(1:21)>0)&&all(T.KII_unit(22:23)<0));
paper/export_pilot_evidence.m,66,fixed_states_lengths,source_or_document,assert(all(diff(T.KII_unit(17:23))<0));
paper/export_pilot_evidence.m,70,fixed_states_lengths,source_or_document,"LS=S.vertices(22,:)+fraction*(S.vertices(23,:)-S.vertices(22,:));"
paper/export_pilot_evidence.m,78,fixed_states_lengths,source_or_document,"E.audit=struct('acceptedPhysicalCount',22,'qualificationCount',23,'CODFitCount',176, ..."
paper/export_pilot_evidence.m,79,fixed_states_lengths,source_or_document,"    'completedPhysicalSegments',23,'qualifiedUnsolvedSegment',24, ..."
paper/export_pilot_evidence.m,99,reference_paths,source_or_document,"writetable(T,fullfile(out,'accepted_states.csv'));writetable(COD,fullfile(out,'cod_fits.csv'));"
paper/export_pilot_evidence.m,102,reference_paths,source_or_document,"save(fullfile(out,'evidence_exact.mat'),'E','T','COD','Q','-v7');"
paper/export_pilot_evidence.m,103,fixed_states_lengths,source_or_document,"fprintf('PILOT AUDIT PASS: 22 accepted physical files, 23 qualifications, 176 COD fits; no solve.\n');"
paper/FIGURE_PLAN.md,9,fixed_states_lengths;reference_paths,source_or_document,"| 1, panels a–b | `13_trajectory_late_detail`, `plot_final_clean_run_additional_results.m`; `State.vertices`, CP2 `C`, stage-I summary | Hole/path context plus a true-scale late detail. Solid P0–P23; orange dashed P23–P24, labeled unsolved. Mark P17, the interpolated ratio zero, and P23. | Main |"
paper/FIGURE_PLAN.md,11,fixed_states_lengths,source_or_document,"| 3, panels a–b | `10_late_mode_mixity_MTS`, supported by `05_mode_mixity`/`03_delta_theta`; accepted rows P15–P23 | Relate the mode-mixity reversal to the MTS-turn sign reversal. Mark the interpolated zero without inserting a new physical point. | Main |"
paper/FIGURE_PLAN.md,14,reference_paths,source_or_document,"| S1, four panels | Original `07_numerical_quality`, `plot_final_clean_run_results.m`; accepted solver rows and qualification summaries | Minimum triangle angle, neighboring size ratio, iterations, and true residual normalized by its gate. Verify acceptance without interpreting diagnostics as path-error bounds. | Supplementary/appendix |"
paper/FIGURE_PLAN.md,31,fixed_states_lengths,source_or_document,All SIF/MTS/quality physical curves stop at P23. The turn predicted at P23
paper/FIGURE_PLAN.md,32,fixed_states_lengths,source_or_document,has index 24 but belongs to the P23 field; it does not supply P24 SIFs.
paper/figures/intensities/figure.tex,31,fixed_states_lengths,source_or_document,  direction minimum occurs at $P_{22}$; positive turning there produces the
paper/figures/intensities/figure.tex,32,fixed_states_lengths,source_or_document,  less negative $P_{23}$ direction. No physical curve includes $P_{24}$.}
paper/figures/late/figure.tex,23,fixed_states_lengths,source_or_document,  location. The positive turn reported at $a=92$ mm belongs to the $P_{23}$
paper/figures/quality/figure.tex,34,fixed_states_lengths,source_or_document,  \caption{Diagnostics for accepted $P_2$--$P_{23}$ states. Dashed lines are
paper/figures/trajectory/figure.tex,7,fixed_states_lengths,source_or_document,"    \caption{Hole and accepted trajectory through $P_{23}$, with the"
paper/figures/trajectory/figure.tex,8,fixed_states_lengths,source_or_document,    qualified but physically unsolved $P_{23}$--$P_{24}$ extension.}
paper/figures/trajectory/figure.tex,18,fixed_states_lengths,source_or_document,"    $P_{17}$, the linearly interpolated $K_{II}/K_I=0$ location, $P_{23}$,"
paper/figures/trajectory/figure.tex,26,fixed_states_lengths,source_or_document,  accepted geometry through $P_{23}$. The dashed extension is qualified
paper/main.tex,2,increment_4mm,source_or_document,"\usepackage[a4paper,margin=24mm]{geometry}"
paper/main.tex,42,fixed_states_lengths,source_or_document,$P_{17}$ & 68 & 0.786793 & $2.5484\times10^{-3}$ & $3.2389\times10^{-3}$ & -2.444435 & -0.371145 \\
paper/main.tex,43,fixed_states_lengths,source_or_document,$P_{21}$ & 84 & 0.966310 & $7.8602\times10^{-5}$ & $8.1343\times10^{-5}$ & -3.636643 & -0.009321 \\
paper/main.tex,44,fixed_states_lengths,source_or_document,$P_{22}$ & 88 & 1.066724 & $-2.2845\times10^{-3}$ & $-2.1416\times10^{-3}$ & -3.645964 & +0.245406 \\
paper/main.tex,45,fixed_states_lengths,source_or_document,$P_{23}$ & 92 & 1.244360 & $-6.7803\times10^{-3}$ & $-5.4488\times10^{-3}$ & -3.400558 & +0.624347 \\}
paper/main.tex,60,increment_4mm,source_or_document,"elastic solution of each fixed, complete crack geometry. A constant 4-mm"
paper/main.tex,61,fixed_states_lengths,source_or_document,increment produces an accepted history from 4 to 92 mm. The opening-mode
paper/main.tex,74,fixed_states_lengths,source_or_document,"region, preserves the $P_{17}$ mode-mixity maximum and the $P_{21}$--$P_{22}$"
paper/main.tex,80,fixed_states_lengths,source_or_document,only $0.123~\mu\mathrm{m}$ and preserves both the $P_{17}$ mode-mixity maximum
paper/main.tex,81,fixed_states_lengths,source_or_document,and the $P_{21}$--$P_{22}$ sign-change bracket.
paper/main.tex,333,fixed_states_lengths,source_or_document,subsequent elastic states are $P_2$ through $P_{23}$.
paper/main.tex,353,increment_4mm,source_or_document,"For this 4-mm increment these give $h_{\mathrm{tip}}=0.0270123$ mm,"
paper/main.tex,355,increment_4mm;reference_fingerprints,source_or_document,4 mm and the far-field size cap is 2.5 mm. The paired core contains 12678
paper/main.tex,357,reference_fingerprints,source_or_document,"core, with a fixed fingerprint of 11316 participating elements."
paper/main.tex,367,increment_4mm,source_or_document,"$r_c$, together with the same 4-mm transition length and all qualification"
paper/main.tex,371,fixed_states_lengths,source_or_document,fixed $P_{17}$ and $P_{22}$ geometries this reduces the total T3 count by
paper/main.tex,373,reference_fingerprints,source_or_document,leaving the 12678-element paired core and the 11316-element interaction-
paper/main.tex,391,reference_fingerprints,source_or_document,"The paired cores contain 3318, 12678, and 49518 T3 elements, respectively."
paper/main.tex,392,fixed_states_lengths,source_or_document,The established four COD windows contain 19/28/23/18 native points at
paper/main.tex,393,reference_fingerprints,source_or_document,"$2h_0$, 38/55/44/34 at $h_0$, and 74/108/86/67 at $h_0/2$."
paper/main.tex,453,reference_fingerprints,source_or_document,"$[0.08,0.30]$, and $[0.12,0.30]$ times $\Delta a$, with 38, 55, 44,"
paper/main.tex,472,reuse_provenance,source_or_document,"Only an accepted elastic field is checkpointed, before SIF/COD/MTS"
paper/main.tex,487,increment_4mm,source_or_document,of the present 4-mm path.
paper/main.tex,490,fixed_states_lengths,source_or_document,records ($P_2$--$P_{23}$) and 23 qualification records
paper/main.tex,576,increment_4mm,source_or_document,"stability statement for the chosen 4-mm recurrence, not a proof of global"
paper/main.tex,581,fixed_states_lengths,source_or_document,Figure~\ref{fig:trajectory} distinguishes the accepted $P_0$--$P_{23}$
paper/main.tex,582,fixed_states_lengths,source_or_document,"polyline from the dashed, qualified but unsolved $P_{23}$--$P_{24}$"
paper/main.tex,583,fixed_states_lengths,source_or_document,extension. The accepted crack length is 92 mm. The last tip and its
paper/main.tex,586,fixed_states_lengths,source_or_document," P_{23}=(\LastXMM,\LastYMM)\ \mathrm{mm},\qquad"
paper/main.tex,587,fixed_states_lengths,source_or_document, A-x_{23}=\LastLigamentMM\ \mathrm{mm}.
paper/main.tex,595,fixed_states_lengths,source_or_document,inclination at $P_{23}$ (Fig.~\ref{fig:intensities}). A positive late turn
paper/main.tex,604,fixed_states_lengths,source_or_document,0.366480 at $P_1$ to 1.244360 at $P_{23}$. The initially very small positive
paper/main.tex,605,fixed_states_lengths,source_or_document,"$K_{II}$ grows to its positive maximum at $P_{17}$, where $a=68$ mm,"
paper/main.tex,611,fixed_states_lengths,source_or_document,"From $P_{17}$ through $P_{21}$, $K_{II}$ remains positive but decreases."
paper/main.tex,620,fixed_states_lengths,source_or_document,"At $P_{21}$ ($a=84$ mm), $\qmix=+8.134267\times10^{-5}$; at $P_{22}$"
paper/main.tex,631,fixed_states_lengths,source_or_document,"Mode II is negative at $P_{22}$ and $P_{23}$, so the next turning increments"
paper/main.tex,653,fixed_states_lengths,source_or_document,All eight stored COD fit definitions retain positive mode mixity at $P_{21}$
paper/main.tex,654,fixed_states_lengths,source_or_document,"and negative mode mixity at $P_{22}$, corroborating the bracketed sign change"
paper/main.tex,658,fixed_states_lengths,source_or_document,"at $P_{23}$ for a linear fit over $[0.12,0.30]\Delta a$."
paper/main.tex,659,fixed_states_lengths,source_or_document,The quadratic-fit turns at $P_{23}$ range from $\CODQuadMin^\circ$ to
paper/main.tex,663,fixed_states_lengths,source_or_document,absolute errors. At $P_{21}$ the same rear-window linear fit gives mode
paper/main.tex,677,fixed_states_lengths,source_or_document,"accumulated path divergence. At $P_{17}$, halving the production tip size"
paper/main.tex,683,fixed_states_lengths,source_or_document,"The more discriminating comparison is the $P_{21}$--$P_{22}$ bracket, where"
paper/main.tex,686,fixed_states_lengths,source_or_document,"Every level keeps $K_{II}/K_I>0$ at $P_{21}$ and $K_{II}/K_I<0$ at $P_{22}$,"
paper/main.tex,695,fixed_states_lengths,source_or_document,"The crack geometries at $P_{21}$ and $P_{22}$, exterior mesh law, EDI radii,"
paper/main.tex,703,fixed_states_lengths,source_or_document,$q_K(P_{21})$ & $\Delta\theta_{22}$ [deg] &
paper/main.tex,704,fixed_states_lengths,source_or_document,$q_K(P_{22})$ & $\Delta\theta_{23}$ [deg] &
paper/main.tex,720,increment_4mm,source_or_document,"4-mm crack increment. Taken only as a three-level diagnostic, their ratio"
paper/main.tex,729,fixed_states_lengths,source_or_document,through $P_{23}$ while retaining the reference exterior mesh law. Figure~
paper/main.tex,735,fixed_states_lengths,source_or_document,"tips is $0.12295~\mu\mathrm{m}$, both at $P_{23}$. The maximum absolute"
paper/main.tex,736,fixed_states_lengths,source_or_document,direction difference is $0.25475$ millidegrees at $P_{22}$
paper/main.tex,740,fixed_states_lengths,source_or_document,positive maximum of $K_{II}/K_I$ at $P_{17}$ and retain positive mode mixity
paper/main.tex,741,fixed_states_lengths,source_or_document,at $P_{21}$ and negative mode mixity at $P_{22}$
paper/main.tex,744,fixed_states_lengths,source_or_document,independently propagated $P_{21}$--$P_{22}$ brackets gives
paper/main.tex,771,fixed_states_lengths,source_or_document,histories through $P_{23}$. At specimen scale the trajectories are visually
paper/main.tex,781,fixed_states_lengths,source_or_document,"positive maximum of $K_{II}/K_I$ at $P_{17}$ ($a=68$ mm), and both retain"
paper/main.tex,782,fixed_states_lengths,source_or_document,positive mode mixity at $P_{21}$ and negative mode mixity at $P_{22}$
paper/main.tex,785,fixed_states_lengths,source_or_document,interpolation of the two respective $P_{21}$--$P_{22}$ brackets gives
paper/main.tex,817,increment_4mm,source_or_document,segment. A 4-mm step therefore samples a continuously changing boundary-value
paper/main.tex,820,increment_4mm,source_or_document,"read against the 4-mm spacing of its bracketing states, not as a highly"
paper/main.tex,837,fixed_states_lengths,source_or_document,"$P_{17}$ mode-mixity maximum and the $P_{21}$--$P_{22}$ sign-change bracket,"
paper/main.tex,857,fixed_states_lengths,source_or_document,interpolation diagnostics between $P_{21}$ and $P_{22}$.}
paper/main.tex,874,increment_4mm,source_or_document,These checks remain narrower than full trajectory convergence. The 4-mm
paper/main.tex,893,fixed_states_lengths,source_or_document,"therefore ends at $P_{23}$, without retrospectively relaxing the gate."
paper/main.tex,908,fixed_states_lengths,source_or_document,rule. The accepted fixed-increment history reaches 92 mm at $P_{23}$.
paper/main.tex,909,fixed_states_lengths,source_or_document,"Positive mode mixity peaks at $P_{17}$, crosses zero between $P_{21}$ and"
paper/main.tex,910,fixed_states_lengths,source_or_document,"$P_{22}$, and becomes negative while opening-mode intensity continues to"
paper/main.tex,917,fixed_states_lengths,source_or_document,"mesh reproduces the $P_{17}$ mode-mixity maximum, the $P_{21}$--$P_{22}$"
paper/main.tex,918,fixed_states_lengths,source_or_document,"sign-change bracket, and the accepted trajectory through $P_{23}$; the"
paper/main.tex,921,fixed_states_lengths,source_or_document,in $h_{\mathrm{tip}}$ preserves the $P_{21}$--$P_{22}$ sign bracket and shows
paper/main.tex,923,fixed_states_lengths,source_or_document,$2h_0$ trajectory reproduces the $P_{17}$ mode-mixity maximum and the
paper/main.tex,924,fixed_states_lengths,source_or_document,$P_{21}$--$P_{22}$ sign reversal through $P_{23}$; its maximum separation
paper/plot_existing_manuscript_figures.m,5,reference_paths,source_or_document,"% evidence in paper/data/evidence_exact.mat and performs no FE solve, mesh"
paper/plot_existing_manuscript_figures.m,38,reference_paths,source_or_document,"        evidenceFile=fullfile(paperDir,'data','evidence_exact.mat');"
paper/plot_existing_manuscript_figures.m,62,fixed_states_lengths,source_or_document,"    assert(height(T)==23 && all(T.segment==(1:23)'), ..."
paper/plot_existing_manuscript_figures.m,63,fixed_states_lengths,source_or_document,"        'paperfig:BadHistory','Expected accepted states P1--P23.');"
paper/plot_existing_manuscript_figures.m,65,fixed_states_lengths,source_or_document,"    assert(E.modeMixityPeakSegment==17,'paperfig:Peak','Expected q maximum at P17.');"
paper/plot_existing_manuscript_figures.m,87,fixed_states_lengths,source_or_document,"    accepted=Vmm(1:24,:);       % P0--P23"
paper/plot_existing_manuscript_figures.m,88,fixed_states_lengths,source_or_document,"    extension=Vmm(24:25,:);     % qualified P23--P24; no P24 physical SIFs"
paper/plot_existing_manuscript_figures.m,105,fixed_states_lengths,source_or_document,"        'MarkerSize',2.9,'MarkerFaceColor','w','DisplayName','Accepted P_0--P_{23}');"
paper/plot_existing_manuscript_figures.m,125,fixed_states_lengths,source_or_document,"    text(ax,p17(1),p17(2),'  $P_{17}$','Interpreter','latex','VerticalAlignment','bottom','FontSize',8);"
paper/plot_existing_manuscript_figures.m,127,fixed_states_lengths,source_or_document,"    text(ax,p23(1),p23(2),'  $P_{23}$','Interpreter','latex','VerticalAlignment','top','HorizontalAlignment','right','FontSize',8);"
paper/plot_existing_manuscript_figures.m,143,fixed_states_lengths,source_or_document,"    xlim(ax,[4 92]); xticks(ax,[4 20 36 52 68 84 92]);"
paper/plot_existing_manuscript_figures.m,152,fixed_states_lengths,source_or_document,"    xlim(ax,[4 92]); xticks(ax,[4 20 36 52 68 84 92]);"
paper/plot_existing_manuscript_figures.m,160,fixed_states_lengths,source_or_document,"    xlim(ax,[4 92]); xticks(ax,[4 20 36 52 68 84 92]);"
paper/plot_existing_manuscript_figures.m,177,fixed_states_lengths,source_or_document,"    xlim(ax,[60 92]); xticks(ax,[60 68 76 84 88 92]);"
paper/plot_existing_manuscript_figures.m,187,fixed_states_lengths,source_or_document,"    xlim(ax,[60 92]); xticks(ax,[60 68 76 84 88 92]);"
paper/plot_existing_manuscript_figures.m,215,fixed_states_lengths,source_or_document,"    Qp=Q(Q.segment<=23,:);"
paper/plot_existing_manuscript_figures.m,222,fixed_states_lengths,source_or_document,"    xlim(ax,[8 92]); xticks(ax,[8 36 64 92]); ylim(ax,[19 27]);"
paper/plot_existing_manuscript_figures.m,231,fixed_states_lengths,source_or_document,"    xlim(ax,[8 92]); xticks(ax,[8 36 64 92]); ylim(ax,[1.78 1.804]);"
paper/plot_existing_manuscript_figures.m,239,fixed_states_lengths,source_or_document,"    xlim(ax,[8 92]); xticks(ax,[8 36 64 92]);"
paper/plot_existing_manuscript_figures.m,248,fixed_states_lengths,source_or_document,"    xlim(ax,[8 92]); xticks(ax,[8 36 64 92]); ylim(ax,[0 1.1]);"
paper/plot_existing_manuscript_figures.m,276,fixed_states_lengths,source_or_document,"    xlim(ax,[60 92]); xticks(ax,[60 76 92]);"
paper/README.md,43,fixed_states_lengths,source_or_document,P2–P23 physical files. P24 appears only as dashed qualified-unsolved geometry.
paper/README.md,45,increment_4mm,source_or_document,The conclusion concerns a fixed 4-mm sequence; no path-convergence claim is made.
paper/README.md,84,reference_paths,source_or_document,"    'RunDir',fullfile(pwd,'verification','crack_path','final_clean_run'), ..."
paper/README.md,85,reference_paths,source_or_document,"    'FrozenStateFile',fullfile(pwd,'paper','data','accepted_stage1_source.mat'));"
paper/README.md,97,fixed_states_lengths,source_or_document,   COD definitions corroborate the P21–P22 sign-change bracket.
paper/REMAINING_WORK.md,3,increment_4mm,source_or_document,1. **Establish trajectory convergence.** The current path uses only 4-mm
paper/REMAINING_WORK.md,11,fixed_states_lengths,source_or_document,   substantial exterior coarsening leaves the trajectory and P21--P22
paper/REMAINING_WORK.md,14,fixed_states_lengths,source_or_document,"   at P17, P21, P22, and P23. The COD differences are real: the largest"
paper/REMAINING_WORK.md,15,fixed_states_lengths,source_or_document,   turning difference is about 0.01024 degrees at P23; near P21 a rear-window
paper/REMAINING_WORK.md,33,reference_paths,source_or_document,   `data/accepted_stage1_source.mat`; its configuration and frame match the
paper/REMAINING_WORK.md,35,reuse_provenance,source_or_document,   originating P1 physical checkpoint is not in the clean compact archive.
paper/SCIENTIFIC_FORENSIC_SWEEP.md,69,increment_4mm,source_or_document,`P1=P0+Delta a*n_mat` with `Delta a=4 mm` and `theta_1=0`.
paper/SCIENTIFIC_FORENSIC_SWEEP.md,195,increment_4mm,source_or_document,"qualified, solved once, postprocessed, and at most one new 4-mm segment is"
paper/SCIENTIFIC_FORENSIC_SWEEP.md,205,increment_4mm,source_or_document,"`Delta a=4 mm`.  MTS determines its direction but there is no toughness,"
paper/SCIENTIFIC_FORENSIC_SWEEP.md,308,increment_4mm,source_or_document,"`r_i=0.4 mm = 0.10 Delta a`,"
paper/SCIENTIFIC_FORENSIC_SWEEP.md,312,increment_4mm,source_or_document,"the previous crack vertex is one full increment, 4 mm, behind the current"
paper/SCIENTIFIC_FORENSIC_SWEEP.md,313,increment_4mm,source_or_document,"tip.  Since `r_o=2.6 mm < 4 mm`, the complete primary EDI support remains"
paper/SCIENTIFIC_FORENSIC_SWEEP.md,316,increment_4mm,source_or_document,"Likewise the paired core radius is 3 mm, still smaller than the 4-mm segment."
paper/SCIENTIFIC_FORENSIC_SWEEP.md,318,reference_fingerprints,source_or_document,paired core.  The support fingerprint is 11316 T3 elements for every
paper/SCIENTIFIC_FORENSIC_SWEEP.md,331,fixed_states_lengths,source_or_document,- P17: 32.071 mm;
paper/SCIENTIFIC_FORENSIC_SWEEP.md,332,fixed_states_lengths,source_or_document,- P21: 16.128 mm;
paper/SCIENTIFIC_FORENSIC_SWEEP.md,333,fixed_states_lengths,source_or_document,- P22: 12.145 mm;
paper/SCIENTIFIC_FORENSIC_SWEEP.md,334,fixed_states_lengths,source_or_document,- P23: 8.160 mm;
paper/SCIENTIFIC_FORENSIC_SWEEP.md,390,reference_fingerprints,source_or_document,"recovery matrix, tiny-mixed recovery, superposition, and the same 11316"
paper/SCIENTIFIC_FORENSIC_SWEEP.md,429,increment_4mm,source_or_document,current 4-mm segment and also inside the 3-mm paired core.
paper/SCIENTIFIC_FORENSIC_SWEEP.md,452,fixed_states_lengths,source_or_document,at P21 and negative mode mixity at P22.  Thus the **sign-change bracket**
paper/SCIENTIFIC_FORENSIC_SWEEP.md,458,fixed_states_lengths,source_or_document,At P23 the largest absolute COD--EDI turn difference is about
paper/SCIENTIFIC_FORENSIC_SWEEP.md,461,fixed_states_lengths,source_or_document,"Near P21 one linear rear-window ratio differs from EDI by 26.3% relatively,"
paper/SCIENTIFIC_FORENSIC_SWEEP.md,466,increment_4mm,source_or_document,"visualization estimate between 4-mm-spaced solved states, not a precision"
paper/SCIENTIFIC_FORENSIC_SWEEP.md,471,reference_fingerprints,source_or_document,The 12678-element structured tip core is reflection paired about the current
paper/SCIENTIFIC_FORENSIC_SWEEP.md,512,fixed_states_lengths,source_or_document,The accepted P2--P23 runs require 2442--3011 iterations and have true
paper/SCIENTIFIC_FORENSIC_SWEEP.md,513,reuse_provenance,source_or_document,residuals below the stated gate.  The physical field is checkpointed after
paper/SCIENTIFIC_FORENSIC_SWEEP.md,527,increment_4mm,source_or_document,present evolving 4-mm polyline path.  The pilot correctly refuses to promote
paper/SCIENTIFIC_FORENSIC_SWEEP.md,532,fixed_states_lengths,source_or_document,### 23. Second-batch verdict
paper/SCIENTIFIC_FORENSIC_SWEEP.md,552,increment_4mm,source_or_document,   to the 4-mm crack increment.
paper/SCIENTIFIC_FORENSIC_SWEEP.md,555,fixed_states_lengths,source_or_document,"itself** — monotonic KI, the P17 maximum, the P21--P22 sign change, the"
paper/SCIENTIFIC_FORENSIC_SWEEP.md,566,fixed_states_lengths,source_or_document,and preserved state tables against the accepted P1--P23 sequence and the
paper/SCIENTIFIC_FORENSIC_SWEEP.md,571,fixed_states_lengths,source_or_document,The accepted P1--P23 record has strictly increasing `KI` at unit reference
paper/SCIENTIFIC_FORENSIC_SWEEP.md,574,fixed_states_lengths,source_or_document,`0.36648 -> ... -> 0.78679 (P17) -> 0.96631 (P21)
paper/SCIENTIFIC_FORENSIC_SWEEP.md,575,fixed_states_lengths,source_or_document,           -> 1.06672 (P22) -> 1.24436 (P23)`.
paper/SCIENTIFIC_FORENSIC_SWEEP.md,598,fixed_states_lengths,source_or_document,### 25. P17 maximum — PASS
paper/SCIENTIFIC_FORENSIC_SWEEP.md,601,fixed_states_lengths,source_or_document,discrete accepted maxima at P17 (68 mm):
paper/SCIENTIFIC_FORENSIC_SWEEP.md,603,fixed_states_lengths,source_or_document,`KII(P17)=2.54836873974682e-3 MPa sqrt(m)`;
paper/SCIENTIFIC_FORENSIC_SWEEP.md,605,fixed_states_lengths,source_or_document,`(KII/KI)(P17)=3.23893080298227e-3`.
paper/SCIENTIFIC_FORENSIC_SWEEP.md,611,fixed_states_lengths,source_or_document,"After P17, `KI` continues to rise while `KII`, `KII/KI`, and the"
paper/SCIENTIFIC_FORENSIC_SWEEP.md,612,fixed_states_lengths,source_or_document,negative-turn magnitude all decrease through P21.  The manuscript's stated
paper/SCIENTIFIC_FORENSIC_SWEEP.md,615,fixed_states_lengths,source_or_document,A useful interpretive point is that the coincidence of the P17 maxima in
paper/SCIENTIFIC_FORENSIC_SWEEP.md,650,increment_4mm;fixed_states_lengths,source_or_document,"`q(P21)=+8.13426737346537e-5` at 84 mm,"
paper/SCIENTIFIC_FORENSIC_SWEEP.md,652,fixed_states_lengths,source_or_document,`q(P22)=-2.14159160711531e-3` at 88 mm.
paper/SCIENTIFIC_FORENSIC_SWEEP.md,675,increment_4mm,source_or_document,differences are tiny compared with the 4-mm state spacing; they reinforce
paper/SCIENTIFIC_FORENSIC_SWEEP.md,681,fixed_states_lengths,source_or_document,At P21 the turn is still slightly negative:
paper/SCIENTIFIC_FORENSIC_SWEEP.md,685,fixed_states_lengths,source_or_document,"At P22, after the sign change in mode II,"
paper/SCIENTIFIC_FORENSIC_SWEEP.md,689,fixed_states_lengths,source_or_document,"That positive turn generates the segment P22--P23, and P23 is an accepted"
paper/SCIENTIFIC_FORENSIC_SWEEP.md,693,fixed_states_lengths,source_or_document,At P23 the physical solve gives a still more negative mode mixity and
paper/SCIENTIFIC_FORENSIC_SWEEP.md,698,fixed_states_lengths,source_or_document,"That value belongs to the accepted P23 field, but the resulting P23--P24"
paper/SCIENTIFIC_FORENSIC_SWEEP.md,704,fixed_states_lengths,source_or_document,"(P22--P23).  The next positive turn is a valid prediction from P23, but its"
paper/SCIENTIFIC_FORENSIC_SWEEP.md,714,fixed_states_lengths,source_or_document,The most negative accepted local absolute direction occurs at P22:
paper/SCIENTIFIC_FORENSIC_SWEEP.md,718,fixed_states_lengths,source_or_document,The accepted P23 segment has the less negative direction
paper/SCIENTIFIC_FORENSIC_SWEEP.md,724,fixed_states_lengths,source_or_document,globally.  The tip y-coordinate decreases monotonically through P23.
paper/SCIENTIFIC_FORENSIC_SWEEP.md,734,fixed_states_lengths,source_or_document,"- 32.07 mm at P17,"
paper/SCIENTIFIC_FORENSIC_SWEEP.md,735,fixed_states_lengths,source_or_document,"- 16.13 mm at P21,"
paper/SCIENTIFIC_FORENSIC_SWEEP.md,736,increment_4mm;fixed_states_lengths,source_or_document,"- 12.14 mm at P22,"
paper/SCIENTIFIC_FORENSIC_SWEEP.md,737,fixed_states_lengths,source_or_document,"- 8.16 mm at P23,"
paper/SCIENTIFIC_FORENSIC_SWEEP.md,797,fixed_states_lengths,source_or_document,The paper correctly stops every physical SIF/mode-mixity curve at P23 and
paper/SCIENTIFIC_FORENSIC_SWEEP.md,798,fixed_states_lengths,source_or_document,draws P23--P24 only as a qualified-unsolved extension.
paper/SCIENTIFIC_FORENSIC_SWEEP.md,827,increment_4mm,source_or_document,The method predicts the **direction** of a sequence of imposed 4-mm advances.
paper/SCIENTIFIC_FORENSIC_SWEEP.md,843,fixed_states_lengths,source_or_document,`positive q -> P17 maximum -> decay -> P21/P22 zero bracket
paper/SCIENTIFIC_FORENSIC_SWEEP.md,844,fixed_states_lengths,source_or_document, -> negative q -> positive MTS turn -> accepted P22--P23 redirection`.
paper/STAGE1_PROVENANCE_AUDIT.md,12,reference_paths,source_or_document,- path: `paper/data/accepted_stage1_source.mat`;
paper/STAGE1_PROVENANCE_AUDIT.md,25,reference_paths,source_or_document,`verification/crack_path/stage1_starting_state.mat` nor a separately
paper/STAGE1_PROVENANCE_AUDIT.md,40,reference_paths,source_or_document,byte-for-byte to `paper/data/accepted_stage1_source.mat`.
paper/STAGE1_PROVENANCE_AUDIT.md,46,reference_paths,source_or_document,`stage1_starting_state.mat`.
paper/STAGE1_PROVENANCE_AUDIT.md,50,reference_paths,source_or_document,1. the standard file `stage1_starting_state.mat` was missing during the
paper/STAGE1_PROVENANCE_AUDIT.md,102,reference_paths,source_or_document,C:\Users\Mikhailo\Documents\Codex\2026-10-04\files-pasted-by-the-user-you\outputs\paper-pilot\data\accepted_stage1_source.mat
paper/STAGE1_PROVENANCE_AUDIT.md,106,reference_paths,source_or_document,`paper/data/accepted_stage1_source.mat` have the same:
paper/STAGE1_PROVENANCE_AUDIT.md,130,reference_paths,source_or_document,`verification/crack_path/stage1_starting_state.mat` has been recovered.
paper/sync_manuscript_data.py,16,fixed_states_lengths,source_or_document,assert len(t) == 23 and len(c) == 176 and len(q) == 23
paper/sync_manuscript_data.py,18,fixed_states_lengths,source_or_document,assert all(x['segment'] <= 23 for x in t)
paper/sync_manuscript_data.py,29,fixed_states_lengths,source_or_document,late = [x for x in c if x['segment'] == 23 and x['degree'] == 2]
paper/sync_manuscript_data.py,79,fixed_states_lengths,source_or_document,"for k in [1,17,21,22,23]:"
paper/sync_manuscript_data.py,93,fixed_states_lengths,source_or_document,print('Updated manuscript scalar audit data: 23 accepted states; P24 geometry only; no solve.')
paper/verify_manuscript.py,11,reference_paths,source_or_document,run=root/'verification/crack_path/final_clean_run'
paper/verify_manuscript.py,16,fixed_states_lengths,source_or_document,assert len(e['stateRows'])==23 and len(e['codFits'])==176
paper/verify_manuscript.py,17,fixed_states_lengths,source_or_document,assert e['audit']['acceptedPhysicalCount']==22 and e['audit']['qualificationCount']==23
paper/verify_manuscript.py,19,fixed_states_lengths,source_or_document,assert all(x['segment']<=23 for x in e['stateRows'])
paper/verify_manuscript.py,20,fixed_states_lengths,source_or_document,assert all(x['segment']<=23 for x in e['codFits'])
paper/verify_manuscript.py,36,reference_paths,source_or_document,"          ('restored_stage1_source',paper/'data/accepted_stage1_source.mat')]"
paper/verify_manuscript.py,42,reference_paths,source_or_document,"         'plot_final_clean_run_results.m','plot_final_clean_run_additional_results.m',"
paper/verify_manuscript.py,67,fixed_states_lengths;reference_paths,source_or_document,"        'accepted_states':23,'accepted_compact_physical_files':22,"
paper/verify_manuscript.py,68,fixed_states_lengths,source_or_document,"        'qualification_files':23,'P24_physical_result_present':False,"
plot_final_clean_run_additional_results.m,1,reference_paths,source_or_document,function Out = plot_final_clean_run_additional_results(varargin)
plot_final_clean_run_additional_results.m,4,reference_paths,source_or_document,%   Out = plot_final_clean_run_additional_results()
plot_final_clean_run_additional_results.m,8,reference_paths,source_or_document,"% verification/crack_path/final_clean_run. It performs no FE solve, no mesh"
plot_final_clean_run_additional_results.m,54,length_grid,source_or_document,        @(x)isnumeric(x)&&isscalar(x)&&isfinite(x)&&x==round(x)&&x>=1);
plot_final_clean_run_additional_results.m,65,reference_paths,source_or_document,"        runDir=fullfile(root,'verification','crack_path','final_clean_run');"
plot_final_clean_run_additional_results.m,97,length_grid,source_or_document,    if kDone<2 || kDone~=round(kDone) || nGeom<kDone
plot_final_clean_run_additional_results.m,277,fixed_states_lengths,source_or_document,    % 1 mm = 1 mm. The accepted path ends at P23; the qualified-but-unsolved
plot_final_clean_run_additional_results.m,278,fixed_states_lengths,source_or_document,    % P23->P24 segment is shown separately as dashed diagnostic geometry.
plot_final_clean_run_additional_results.m,557,reuse_provenance,source_or_document,"            'P%d is not qualified-unsolved: a physical result/checkpoint exists.',nGeom);"
plot_final_clean_run_additional_results.m,571,length_grid,source_or_document,"        style=lineStyles{1+mod(iw-1,numel(lineStyles))};"
plot_final_clean_run_results.m,1,reference_paths,source_or_document,function Out = plot_final_clean_run_results(varargin)
plot_final_clean_run_results.m,4,reference_paths,source_or_document,"%   Out = plot_final_clean_run_results('FrozenState',R0)"
plot_final_clean_run_results.m,7,reference_paths,source_or_document,% results from verification/crack_path/final_clean_run. Only accepted
plot_final_clean_run_results.m,63,length_grid,source_or_document,        @(x)isnumeric(x)&&isscalar(x)&&isfinite(x)&&x==round(x)&&x>=1);
plot_final_clean_run_results.m,80,reference_paths,source_or_document,"        runDir=fullfile(root,'verification','crack_path','final_clean_run');"
plot_final_clean_run_results.m,107,length_grid,source_or_document,    if kDone<1 || kDone~=round(kDone) || nGeom<kDone
plot_final_clean_run_results.m,414,reference_paths,source_or_document,"        stateFile=fullfile(root,'verification','crack_path','stage1_starting_state.mat');"
qualify_incremental_crack_candidate.m,6,increment_4mm,source_or_document,% Production use assumes the frozen 4-mm increment on every segment.
qualify_incremental_crack_candidate.m,21,length_grid,source_or_document,"    addParameter(ip,'NArc',480,@(x)isnumeric(x)&&isscalar(x)&&isfinite(x)&&x>=32&&x==round(x));"
qualify_incremental_crack_candidate.m,27,parameter_flow,source_or_document,"    % rInner, rOuter, and rCore remain unchanged."
qualify_incremental_crack_candidate.m,28,core_scale,source_or_document,"    addParameter(ip,'CoreScale',1,@(x)isnumeric(x)&&isscalar(x)&&isfinite(x)&& ..."
qualify_incremental_crack_candidate.m,37,parameter_flow,source_or_document,"    addParameter(ip,'ExteriorCalibration',struct(), ..."
qualify_incremental_crack_candidate.m,126,core_scale,source_or_document,"        opt.CoreScale,1e3*opt.CoreScale*0.00675308135*increment);"
qualify_incremental_crack_candidate.m,192,core_scale,source_or_document,"        'Scale',opt.CoreScale);"
qualify_incremental_crack_candidate.m,195,parameter_flow,source_or_document,    rp=Core.rCore;
qualify_incremental_crack_candidate.m,197,parameter_flow,source_or_document,    design.rCore_m=rp;
qualify_incremental_crack_candidate.m,198,parameter_flow,source_or_document,    design.transitionLength_m=opt.ExteriorTransitionOverIncrement*increment;
qualify_incremental_crack_candidate.m,199,parameter_flow,source_or_document,    design.farCap_m=opt.ExteriorFarCapOverIncrement*increment;
qualify_incremental_crack_candidate.m,200,parameter_flow,source_or_document,    design.exteriorCalibration=opt.ExteriorCalibration;
qualify_incremental_crack_candidate.m,209,parameter_flow,source_or_document,        isempty(fieldnames(opt.ExteriorCalibration));
qualify_incremental_crack_candidate.m,214,core_scale,source_or_document,"    assert(abs(Core.hTip/increment-opt.CoreScale*0.00675308135)<1e-14, ..."
qualify_incremental_crack_candidate.m,219,core_scale,source_or_document,    if abs(opt.CoreScale-1)<=1e-14
qualify_incremental_crack_candidate.m,220,reference_fingerprints,source_or_document,        expectedCoreT3=12678;
qualify_incremental_crack_candidate.m,221,reference_fingerprints,source_or_document,        expectedEDIElements=11316;
qualify_incremental_crack_candidate.m,222,reference_fingerprints,source_or_document,        expectedOptimizedSupport=10278;
qualify_incremental_crack_candidate.m,223,reference_fingerprints,source_or_document,        expectedNative=[38;55;44;34];
qualify_incremental_crack_candidate.m,225,core_scale,source_or_document,    elseif abs(opt.CoreScale-.5)<=1e-14
qualify_incremental_crack_candidate.m,226,reference_fingerprints,source_or_document,        expectedCoreT3=49518;
qualify_incremental_crack_candidate.m,227,reference_fingerprints,source_or_document,        expectedEDIElements=44130;
qualify_incremental_crack_candidate.m,228,reference_fingerprints,source_or_document,        expectedOptimizedSupport=40146;
qualify_incremental_crack_candidate.m,229,reference_fingerprints,source_or_document,        expectedNative=[74;108;86;67];
qualify_incremental_crack_candidate.m,231,core_scale,source_or_document,    elseif abs(opt.CoreScale-2)<=1e-14
qualify_incremental_crack_candidate.m,232,reference_fingerprints,source_or_document,        expectedCoreT3=3318;
qualify_incremental_crack_candidate.m,233,reference_fingerprints,source_or_document,        expectedEDIElements=2976;
qualify_incremental_crack_candidate.m,234,reference_fingerprints,source_or_document,        expectedOptimizedSupport=2700;
qualify_incremental_crack_candidate.m,235,fixed_states_lengths;reference_fingerprints,source_or_document,        expectedNative=[19;28;23;18];
qualify_incremental_crack_candidate.m,238,core_scale,source_or_document,"        error('pathqual:UnsupportedCoreScale','Unsupported structured-core scale.');"
qualify_incremental_crack_candidate.m,517,reference_fingerprints,source_or_document,    gates.coreFamilyElementFingerprint=numel(patchRows)==expectedCoreT3;
qualify_incremental_crack_candidate.m,518,reference_fingerprints,source_or_document,    gates.EDISupportFingerprint=numel(ediSupport)==expectedEDIElements;
qualify_incremental_crack_candidate.m,521,reference_fingerprints,source_or_document,"    gates.nativeSamplingExact=isequal(sampleN,expectedNative);"
qualify_incremental_crack_candidate.m,616,reference_fingerprints,source_or_document,        all(Synthetic.nElem_used==expectedEDIElements) && ...
qualify_incremental_crack_candidate.m,617,reference_fingerprints,source_or_document,        numel(ediSupport)==expectedEDIElements;
qualify_incremental_crack_candidate.m,647,core_scale,source_or_document,"        nSegments,increment,pathLength,thetaPrevDeg,thetaLastDeg,opt.CoreScale,Core.hTip,ri,ro,rp, ..."
qualify_incremental_crack_candidate.m,648,parameter_flow,source_or_document,"        design.transitionLength_m,design.farCap_m, ..."
qualify_incremental_crack_candidate.m,655,parameter_flow,source_or_document,"        'core_scale','hTip_m','rInner_m','rOuter_m','rCore_m','transition_m','farCap_m', ..."
qualify_incremental_crack_candidate.m,693,core_scale,source_or_document,    candidate.coreMeshControls=struct( ...
qualify_incremental_crack_candidate.m,695,core_scale,source_or_document,"        'scale',opt.CoreScale, ..."
qualify_incremental_crack_candidate.m,697,parameter_flow,source_or_document,"        'rInner_m',ri, ..."
qualify_incremental_crack_candidate.m,698,parameter_flow,source_or_document,"        'rOuter_m',ro, ..."
qualify_incremental_crack_candidate.m,699,parameter_flow,source_or_document,"        'rCore_m',rp, ..."
qualify_incremental_crack_candidate.m,700,reference_fingerprints,source_or_document,"        'expectedCoreT3',expectedCoreT3, ..."
qualify_incremental_crack_candidate.m,701,reference_fingerprints,source_or_document,"        'expectedEDIElements',expectedEDIElements, ..."
qualify_incremental_crack_candidate.m,705,reference_fingerprints,source_or_document,"        'expectedNativeSamples',expectedNative);"
qualify_incremental_crack_candidate.m,707,reuse_provenance,source_or_document,    candidate.exteriorMeshControls=struct( ...
qualify_incremental_crack_candidate.m,708,parameter_flow,source_or_document,"        'farCapOverIncrement',opt.ExteriorFarCapOverIncrement, ..."
qualify_incremental_crack_candidate.m,710,parameter_flow,source_or_document,"        'calibrationOverride',opt.ExteriorCalibration, ..."
qualify_incremental_crack_candidate.m,711,reuse_provenance,source_or_document,"        'isReferenceProductionExterior',exteriorIsReference);"
qualify_incremental_crack_candidate.m,731,core_scale,source_or_document,    F.coreMeshControls=candidate.coreMeshControls;
qualify_incremental_crack_candidate.m,733,reuse_provenance,source_or_document,    F.exteriorMeshControls=candidate.exteriorMeshControls;
qualify_incremental_crack_candidate.m,796,reference_paths,source_or_document,"        stateFile=fullfile(root,'verification','crack_path','stage1_starting_state.mat');"
qualify_incremental_crack_candidate.m,858,length_grid,source_or_document,"        j=mod(k,3)+1;h=mod(k+1,3)+1;"
run_incremental_crack_path.m,20,reuse_provenance,source_or_document,%   ResumeState     : in-memory State struct written by this driver
run_incremental_crack_path.m,21,reuse_provenance,source_or_document,%   ResumeStateFile : MAT file containing State
run_incremental_crack_path.m,22,reuse_provenance,source_or_document,%   ResumeSourceDir : optional directory containing prior compact physical
run_incremental_crack_path.m,24,reuse_provenance,source_or_document,%   ResumeAcceptedResult     : accepted in-memory R struct for the first
run_incremental_crack_path.m,26,reuse_provenance,source_or_document,%   ResumeAcceptedResultFile : MAT file containing that struct as R.
run_incremental_crack_path.m,29,increment_4mm,source_or_document,"% prescribed 4-mm increments, stored segment angles, and accepted physical"
run_incremental_crack_path.m,32,length_grid,source_or_document,% The default MaxSegments=5 is intended as the first production regression
run_incremental_crack_path.m,37,length_grid,source_or_document,"    addParameter(ip,'MaxSegments',5,@(x)isnumeric(x)&&isscalar(x)&&isfinite(x)&&x>=2&&x==round(x));"
run_incremental_crack_path.m,43,core_scale,source_or_document,"    addParameter(ip,'CoreScale',1,@(x)isnumeric(x)&&isscalar(x)&&isfinite(x)&& ..."
run_incremental_crack_path.m,51,parameter_flow,source_or_document,"    addParameter(ip,'ExteriorCalibration',struct(), ..."
run_incremental_crack_path.m,60,reuse_provenance,source_or_document,"    addParameter(ip,'ResumeState',[],@(x)isempty(x)||(isstruct(x)&&isscalar(x)));"
run_incremental_crack_path.m,61,reuse_provenance,source_or_document,"    addParameter(ip,'ResumeStateFile','',@(x)ischar(x)||isstring(x));"
run_incremental_crack_path.m,62,reuse_provenance,source_or_document,"    addParameter(ip,'ResumeSourceDir','',@(x)ischar(x)||isstring(x));"
run_incremental_crack_path.m,63,reuse_provenance,source_or_document,"    addParameter(ip,'ResumeAcceptedResult',[],@(x)isempty(x)||(isstruct(x)&&isscalar(x)));"
run_incremental_crack_path.m,64,reuse_provenance,source_or_document,"    addParameter(ip,'ResumeAcceptedResultFile','',@(x)ischar(x)||isstring(x));"
run_incremental_crack_path.m,71,core_scale,source_or_document,"        'coreScale',opt.CoreScale, ..."
run_incremental_crack_path.m,72,parameter_flow,source_or_document,"        'farCapOverIncrement',opt.ExteriorFarCapOverIncrement, ..."
run_incremental_crack_path.m,74,parameter_flow,source_or_document,"        'calibrationOverride',opt.ExteriorCalibration, ..."
run_incremental_crack_path.m,76,reuse_provenance,source_or_document,    meshControls.isReferenceProductionExterior = ...
run_incremental_crack_path.m,79,parameter_flow,source_or_document,        isempty(fieldnames(opt.ExteriorCalibration));
run_incremental_crack_path.m,101,reference_paths,source_or_document,"        outDir=fullfile(root,'verification','crack_path','incremental_run');"
run_incremental_crack_path.m,120,length_grid,source_or_document,"    rows=nan(opt.MaxSegments,14);"
run_incremental_crack_path.m,138,length_grid,source_or_document,"    stepResults=cell(opt.MaxSegments,1);"
run_incremental_crack_path.m,139,length_grid,source_or_document,"    qualification=cell(opt.MaxSegments,1);"
run_incremental_crack_path.m,142,reuse_provenance,source_or_document,"        root,opt.ResumeState,char(opt.ResumeStateFile),char(opt.ResumeSourceDir));"
run_incremental_crack_path.m,153,length_grid,source_or_document,"            resumeState,resumeSourceDir,opt.MaxSegments,rows,seedRow,stepResults, ..."
run_incremental_crack_path.m,161,reuse_provenance,source_or_document,"        root,opt.ResumeAcceptedResult,char(opt.ResumeAcceptedResultFile));"
run_incremental_crack_path.m,167,reuse_provenance,source_or_document,"            error('pathrun:AcceptedResultWithoutResume', ..."
run_incremental_crack_path.m,168,reuse_provenance,source_or_document,                'ResumeAcceptedResult requires ResumeState or ResumeStateFile.');
run_incremental_crack_path.m,173,length_grid,source_or_document,"                resumeAcceptedResult,opt.MaxSegments,vertices,thetaDeg,rows, ..."
run_incremental_crack_path.m,181,length_grid,source_or_document,"    fprintf('  max segments      = %d\n',opt.MaxSegments);"
run_incremental_crack_path.m,189,core_scale,source_or_document,"    fprintf('  core scale        = %.6g * h0\n',meshControls.coreScale);"
run_incremental_crack_path.m,190,parameter_flow,source_or_document,"    fprintf('  exterior far cap  = %.6g * DeltaA\n',meshControls.farCapOverIncrement);"
run_incremental_crack_path.m,204,length_grid,source_or_document,            if startK<=opt.MaxSegments
run_incremental_crack_path.m,214,length_grid,source_or_document,    if promotedAcceptedSegment>0 && startK>opt.MaxSegments
run_incremental_crack_path.m,226,length_grid,source_or_document,    for k=startK:opt.MaxSegments
run_incremental_crack_path.m,232,length_grid,source_or_document,"        fprintf('INCREMENTAL STEP k=%d / %d\n',k,opt.MaxSegments);"
run_incremental_crack_path.m,260,core_scale,source_or_document,"                'CoreScale',opt.CoreScale, ..."
run_incremental_crack_path.m,265,parameter_flow,source_or_document,"                'ExteriorCalibration',opt.ExteriorCalibration, ..."
run_incremental_crack_path.m,287,reuse_provenance,source_or_document,"            'CheckpointFile',cp, ..."
run_incremental_crack_path.m,296,reuse_provenance,source_or_document,"        incremental_profile_clock('phase','step','recurrence_and_checkpoint');"
run_incremental_crack_path.m,326,length_grid,source_or_document,        % Driver stops after recording the physical state at MaxSegments.
run_incremental_crack_path.m,330,length_grid,source_or_document,        if k==opt.MaxSegments
run_incremental_crack_path.m,355,parameter_flow,source_or_document,            rCore=.75*increment;
run_incremental_crack_path.m,357,parameter_flow,source_or_document,            if clearance<=rCore
run_incremental_crack_path.m,359,parameter_flow,source_or_document,"                fprintf('  STOP: proposed next tip clearance %.6f mm <= rCore %.6f mm.\n', ..."
run_incremental_crack_path.m,360,parameter_flow,source_or_document,"                    1e3*clearance,1e3*rCore);"
run_incremental_crack_path.m,372,reuse_provenance,source_or_document,        % Atomic compact path-state checkpoint after each accepted append.
run_incremental_crack_path.m,397,reuse_provenance,source_or_document,    Path.exteriorMeshControls=meshControls;
run_incremental_crack_path.m,398,core_scale,source_or_document,    Path.coreScale=meshControls.coreScale;
run_incremental_crack_path.m,429,reuse_provenance,source_or_document,"        error('pathrun:ResumeSourceConflict', ..."
run_incremental_crack_path.m,430,reuse_provenance,source_or_document,"            'Pass either ResumeState or ResumeStateFile, not both.');"
run_incremental_crack_path.m,439,reuse_provenance,source_or_document,        label='<in-memory ResumeState>';
run_incremental_crack_path.m,444,reuse_provenance,source_or_document,"            error('pathrun:MissingResumeState','ResumeStateFile not found: %s',f);"
run_incremental_crack_path.m,448,reuse_provenance,source_or_document,"            error('pathrun:BadResumeStateFile', ..."
run_incremental_crack_path.m,449,reuse_provenance,source_or_document,                'ResumeStateFile must contain one scalar struct named State.');
run_incremental_crack_path.m,472,reuse_provenance,source_or_document,"            'Pass either ResumeAcceptedResult or ResumeAcceptedResultFile, not both.');"
run_incremental_crack_path.m,486,reuse_provenance,source_or_document,"            'ResumeAcceptedResultFile not found: %s',f);"
run_incremental_crack_path.m,491,reuse_provenance,source_or_document,            'ResumeAcceptedResultFile must contain one scalar struct named R.');
run_incremental_crack_path.m,508,length_grid,source_or_document,"            'Accepted result segment %d exceeds MaxSegments=%d.',promotedK,maxSegments);"
run_incremental_crack_path.m,512,reuse_provenance,source_or_document,            'Resume path must contain exactly the promoted unsolved segment.');
run_incremental_crack_path.m,542,parameter_flow,source_or_document,        rCore=.75*increment;
run_incremental_crack_path.m,544,parameter_flow,source_or_document,        if clearance<=rCore
run_incremental_crack_path.m,563,reuse_provenance,source_or_document,"            error('pathrun:ResumeField','Resume State missing %s.',req{j});"
run_incremental_crack_path.m,567,reuse_provenance,source_or_document,"    if isfield(State,'exteriorMeshControls')"
run_incremental_crack_path.m,568,reuse_provenance,source_or_document,"        if ~local_mesh_controls_equal(State.exteriorMeshControls,meshControls)"
run_incremental_crack_path.m,569,reuse_provenance,source_or_document,"            error('pathrun:ResumeMeshFamily', ..."
run_incremental_crack_path.m,570,reuse_provenance,source_or_document,                'Resume State was created with different exterior mesh controls.');
run_incremental_crack_path.m,572,reuse_provenance,source_or_document,    elseif ~meshControls.isReferenceProductionExterior || ...
run_incremental_crack_path.m,573,core_scale,source_or_document,            abs(meshControls.coreScale-1)>1e-14
run_incremental_crack_path.m,574,reuse_provenance,source_or_document,"        error('pathrun:ResumeMeshFamilyMissing', ..."
run_incremental_crack_path.m,585,length_grid,source_or_document,    if ~isscalar(kDone)||~isfinite(kDone)||kDone~=round(kDone)||kDone<1
run_incremental_crack_path.m,586,reuse_provenance,source_or_document,"        error('pathrun:ResumeCompleted','Invalid completedPhysicalSegments.');"
run_incremental_crack_path.m,589,reuse_provenance,source_or_document,"        error('pathrun:ResumeAngles','thetaDeg count does not match resumed segments.');"
run_incremental_crack_path.m,592,reuse_provenance,source_or_document,"        error('pathrun:ResumeShape', ..."
run_incremental_crack_path.m,593,reuse_provenance,source_or_document,"            ['Resume State must contain either the solved path (N=kDone) ', ..."
run_incremental_crack_path.m,597,length_grid;reuse_provenance,source_or_document,"        error('pathrun:ResumeMaxSegments', ..."
run_incremental_crack_path.m,598,length_grid,source_or_document,"            'MaxSegments=%d cannot continue after completed segment %d.', ..."
run_incremental_crack_path.m,605,reuse_provenance,source_or_document,"        error('pathrun:ResumeIncrement','Resumed path changed the frozen increment.');"
run_incremental_crack_path.m,611,reuse_provenance,source_or_document,"        error('pathrun:ResumeGeometryAngles', ..."
run_incremental_crack_path.m,618,reuse_provenance,source_or_document,"        error('pathrun:ResumeSeedGeometry', ..."
run_incremental_crack_path.m,619,reuse_provenance,source_or_document,            'Resumed mouth/first segment differs from the frozen prescription.');
run_incremental_crack_path.m,623,reuse_provenance,source_or_document,"        error('pathrun:ResumeTheta2', ..."
run_incremental_crack_path.m,624,reuse_provenance,source_or_document,            'Resumed second segment differs from the accepted P1 MTS seed.');
run_incremental_crack_path.m,628,reuse_provenance,source_or_document,"        error('pathrun:ResumeNextAngle', ..."
run_incremental_crack_path.m,633,reuse_provenance,source_or_document,"    % path_run_state.mat is itself an atomic accepted-step checkpoint, so"
run_incremental_crack_path.m,635,reuse_provenance,source_or_document,    historyMode='checkpoint_only';
run_incremental_crack_path.m,646,reuse_provenance,source_or_document,"                    error('pathrun:ResumeRows', ..."
run_incremental_crack_path.m,657,reuse_provenance,source_or_document,"    % compact physical results. ResumeSourceDir is an aid, not a dependency."
run_incremental_crack_path.m,666,reuse_provenance,source_or_document,"                error('pathrun:ResumeHistoryBad','%s does not contain struct R.',f);"
run_incremental_crack_path.m,690,reuse_provenance,source_or_document,    % atomic legacy checkpoint.
run_incremental_crack_path.m,710,reuse_provenance,source_or_document,        historyMode='checkpoint_only';
run_incremental_crack_path.m,714,reuse_provenance,source_or_document,"        error('pathrun:ResumeStage3DRegression', ..."
run_incremental_crack_path.m,715,reuse_provenance,source_or_document,            'Resume history does not reproduce accepted Stage III-D.');
run_incremental_crack_path.m,723,reuse_provenance,source_or_document,"            error('pathrun:ResumeNextAngle','Solved-end nextThetaDeg is not finite.');"
run_incremental_crack_path.m,730,reuse_provenance,source_or_document,"            error('pathrun:ResumeNextTipOutside', ..."
run_incremental_crack_path.m,734,parameter_flow,source_or_document,            rCore=.75*increment;
run_incremental_crack_path.m,736,parameter_flow,source_or_document,            if clearance<=rCore
run_incremental_crack_path.m,737,reuse_provenance,source_or_document,"                error('pathrun:ResumeNextTipClearance', ..."
run_incremental_crack_path.m,749,reuse_provenance,source_or_document,"        error('pathrun:ResumeInternal', ..."
run_incremental_crack_path.m,762,reuse_provenance,source_or_document,"        error('pathrun:ResumeRegressionMissing', ..."
run_incremental_crack_path.m,763,reuse_provenance,source_or_document,"            ['Legacy checkpoint has no complete numeric P2 history and no ', ..."
run_incremental_crack_path.m,772,reuse_provenance,source_or_document,"            error('pathrun:ResumeRegressionMissing', ..."
run_incremental_crack_path.m,783,reuse_provenance,source_or_document,"        error('pathrun:ResumeRegressionMismatch', ..."
run_incremental_crack_path.m,784,reuse_provenance,source_or_document,            'Legacy checkpoint regression does not match the accepted Stage III-D bridge.');
run_incremental_crack_path.m,791,reuse_provenance,source_or_document,"            error('pathrun:ResumeRegressionMismatch', ..."
run_incremental_crack_path.m,792,reuse_provenance,source_or_document,"                'Legacy checkpoint records failed regression gate %s.',passNames{j});"
run_incremental_crack_path.m,802,reuse_provenance,source_or_document,"            error('pathrun:ResumeResultField', ..."
run_incremental_crack_path.m,810,reference_fingerprints,source_or_document,            R.EDI.EDI_elements(1)~=11316
run_incremental_crack_path.m,811,reuse_provenance,source_or_document,"        error('pathrun:ResumeResultMismatch', ..."
run_incremental_crack_path.m,827,reuse_provenance,source_or_document,    State.schemaVersion=2;
run_incremental_crack_path.m,844,reuse_provenance,source_or_document,    State.exteriorMeshControls=meshControls;
run_incremental_crack_path.m,865,reference_paths,source_or_document,"    f=fullfile(root,'verification','crack_path','stage1_starting_state.mat');"
run_incremental_crack_path.m,900,reuse_provenance,source_or_document,"    if ~isfield(candidate,'exteriorMeshControls') || ..."
run_incremental_crack_path.m,901,reuse_provenance,source_or_document,            ~isstruct(candidate.exteriorMeshControls)
run_incremental_crack_path.m,903,reuse_provenance,source_or_document,        exteriorOK=requested.isReferenceProductionExterior;
run_incremental_crack_path.m,905,reuse_provenance,source_or_document,        % candidate.exteriorMeshControls intentionally contains exterior
run_incremental_crack_path.m,906,core_scale,source_or_document,        % controls only. Compare those independently of requested coreScale.
run_incremental_crack_path.m,908,core_scale,source_or_document,"        if isfield(requestedExterior,'coreScale')"
run_incremental_crack_path.m,909,core_scale,source_or_document,"            requestedExterior=rmfield(requestedExterior,'coreScale');"
run_incremental_crack_path.m,912,reuse_provenance,source_or_document,"            candidate.exteriorMeshControls,requestedExterior);"
run_incremental_crack_path.m,917,core_scale,source_or_document,"    if isfield(candidate,'coreMeshControls') && ..."
run_incremental_crack_path.m,918,core_scale,source_or_document,            isstruct(candidate.coreMeshControls) && ...
run_incremental_crack_path.m,919,core_scale,source_or_document,"            isfield(candidate.coreMeshControls,'scale')"
run_incremental_crack_path.m,920,core_scale,source_or_document,        candidateScale=candidate.coreMeshControls.scale;
run_incremental_crack_path.m,924,core_scale,source_or_document,"    if isfield(requested,'coreScale')"
run_incremental_crack_path.m,925,core_scale,source_or_document,        requestedScale=requested.coreScale;
run_incremental_crack_path.m,936,parameter_flow,source_or_document,"    if isfield(a,'farCapOverIncrement')"
run_incremental_crack_path.m,937,parameter_flow,source_or_document,        fa=a.farCapOverIncrement;
run_incremental_crack_path.m,938,parameter_flow,source_or_document,"    elseif isfield(a,'farCapOverA0')"
run_incremental_crack_path.m,939,parameter_flow,source_or_document,        fa=a.farCapOverA0;
run_incremental_crack_path.m,951,parameter_flow,source_or_document,"    if ~isfield(b,'farCapOverIncrement')||~isfield(b,'transitionOverIncrement')"
run_incremental_crack_path.m,955,parameter_flow,source_or_document,    if abs(fa-b.farCapOverIncrement)>1e-14 || ...
run_incremental_crack_path.m,960,core_scale,source_or_document,"    if isfield(a,'coreScale'),csa=a.coreScale;else,csa=1;end"
run_incremental_crack_path.m,961,core_scale,source_or_document,"    if isfield(b,'coreScale'),csb=b.coreScale;else,csb=1;end"
SIF_LEFM_circle2_debug.m,44,length_grid,source_or_document,    nthet  = round(ip.Results.nthet);
SIF_LEFM_circle2_debug.m,710,length_grid,source_or_document,    i = floor(z);
SIF_LEFM_circle2_debug.m,711,length_grid,source_or_document,    j = ceil(z);
SIF_LEFM_circle2_debug_swapPQ.m,43,length_grid,source_or_document,    nthet   = round(ip.Results.nthet);
solve_incremental_crack_tip.m,21,reuse_provenance,source_or_document,"    addParameter(ip,'CheckpointFile','',@(x)ischar(x)||isstring(x));"
solve_incremental_crack_tip.m,37,reuse_provenance,source_or_document,    cp=char(opt.CheckpointFile);
solve_incremental_crack_tip.m,122,reference_fingerprints,source_or_document,"    assert(numel(candidate.pairedElementIDs)==coreFP.expectedCoreT3, ..."
solve_incremental_crack_tip.m,124,reference_fingerprints,source_or_document,"    assert(numel(candidate.primarySupportElementIDs)==coreFP.expectedEDIElements, ..."
solve_incremental_crack_tip.m,171,reference_fingerprints,source_or_document,            face0.gridMismatch>1e-12 || any(sampleN~=coreFP.expectedNativeSamples)
solve_incremental_crack_tip.m,225,reuse_provenance,source_or_document,    % Phase 1. Reuse exact checkpoint or execute ONE authorized solve.
solve_incremental_crack_tip.m,229,reuse_provenance,source_or_document,"    incremental_profile_clock('phase','physical','checkpoint_validation');"
solve_incremental_crack_tip.m,232,reuse_provenance,source_or_document,"        local_validate_checkpoint(s0,mesh,crack,currentIncrement,ndof,path,thetaSegmentsDeg);"
solve_incremental_crack_tip.m,233,reuse_provenance,source_or_document,        fprintf('\nPHASE 1: valid physical checkpoint found; NO new solve.\n');
solve_incremental_crack_tip.m,455,reuse_provenance,source_or_document,"            'postprocessingPerformedBeforeCheckpoint',false, ..."
solve_incremental_crack_tip.m,461,reuse_provenance,source_or_document,"        incremental_profile_clock('phase','physical','checkpoint_save');"
solve_incremental_crack_tip.m,465,reuse_provenance,source_or_document,"                'Inspect/remove prior incomplete checkpoint manually: %s',tmp);"
solve_incremental_crack_tip.m,474,reuse_provenance,source_or_document,"        if ~ok,error('pathsolve:CheckpointSave','%s',msg);end"
solve_incremental_crack_tip.m,476,reuse_provenance,source_or_document,"        fprintf('  Physical field checkpointed BEFORE postprocessing:\n    %s\n',cp);"
solve_incremental_crack_tip.m,483,reuse_provenance,source_or_document,    % Phase 2. Postprocess ONLY from the checkpoint.
solve_incremental_crack_tip.m,486,reuse_provenance,source_or_document,"    incremental_profile_clock('phase','physical','checkpoint_reload');"
solve_incremental_crack_tip.m,488,reuse_provenance,source_or_document,"    local_validate_checkpoint(s,mesh,crack,currentIncrement,ndof,path,thetaSegmentsDeg);"
solve_incremental_crack_tip.m,572,reference_fingerprints,source_or_document,"    expectedFitNative=repelem(coreFP.expectedNativeSamples,2);"
solve_incremental_crack_tip.m,576,reference_fingerprints,source_or_document,    gates.matchedEDISupport=Aux.nElem_used==coreFP.expectedEDIElements;
solve_incremental_crack_tip.m,580,reuse_provenance,source_or_document,    gates.checkpointBeforePostprocessing= ...
solve_incremental_crack_tip.m,581,reuse_provenance,source_or_document,        ~logical(s.meta.postprocessingPerformedBeforeCheckpoint);
solve_incremental_crack_tip.m,659,core_scale,source_or_document,    R.coreMeshControls=coreFP;
solve_incremental_crack_tip.m,668,reuse_provenance,source_or_document,    R.checkpointPath=cp;
solve_incremental_crack_tip.m,703,reference_paths,source_or_document,"    f=fullfile(root,'verification','crack_path','stage1_starting_state.mat');"
solve_incremental_crack_tip.m,717,core_scale,source_or_document,"    if isfield(c,'coreMeshControls') && isstruct(c.coreMeshControls)"
solve_incremental_crack_tip.m,718,core_scale,source_or_document,        fp=c.coreMeshControls;
solve_incremental_crack_tip.m,721,reference_fingerprints,source_or_document,"        if ~isfield(fp,'expectedEDIElements') && isfield(fp,'expectedEDISupport')"
solve_incremental_crack_tip.m,723,reference_fingerprints,source_or_document,                fp.expectedEDIElements=11316;
solve_incremental_crack_tip.m,724,reference_fingerprints,source_or_document,                fp.expectedOptimizedSupport=10278;
solve_incremental_crack_tip.m,726,reference_fingerprints,source_or_document,                fp.expectedEDIElements=44130;
solve_incremental_crack_tip.m,727,reference_fingerprints,source_or_document,                fp.expectedOptimizedSupport=40146;
solve_incremental_crack_tip.m,729,reference_fingerprints,source_or_document,                fp.expectedEDIElements=2976;
solve_incremental_crack_tip.m,730,reference_fingerprints,source_or_document,                fp.expectedOptimizedSupport=2700;
solve_incremental_crack_tip.m,734,parameter_flow,source_or_document,"        req={'scale','hTip_m','rInner_m','rOuter_m','rCore_m', ..."
solve_incremental_crack_tip.m,735,reference_fingerprints,source_or_document,"            'expectedCoreT3','expectedEDIElements', ..."
solve_incremental_crack_tip.m,736,reference_fingerprints,source_or_document,"            'expectedOptimizedSupport','expectedNativeSamples'};"
solve_incremental_crack_tip.m,740,core_scale,source_or_document,"                    'Candidate coreMeshControls missing %s.',req{j});"
solve_incremental_crack_tip.m,745,core_scale,source_or_document,        % created before coreMeshControls metadata was introduced.
solve_incremental_crack_tip.m,748,parameter_flow,source_or_document,"            'rInner_m',.10*increment,'rOuter_m',.65*increment, ..."
solve_incremental_crack_tip.m,749,reference_fingerprints;parameter_flow,source_or_document,"            'rCore_m',.75*increment,'expectedCoreT3',12678, ..."
solve_incremental_crack_tip.m,750,reference_fingerprints,source_or_document,"            'expectedEDIElements',11316, ..."
solve_incremental_crack_tip.m,751,reference_fingerprints,source_or_document,"            'expectedOptimizedSupport',10278, ..."
solve_incremental_crack_tip.m,752,reference_fingerprints,source_or_document,"            'expectedNativeSamples',[38;55;44;34]);"
solve_incremental_crack_tip.m,754,reference_fingerprints,source_or_document,    fp.expectedNativeSamples=fp.expectedNativeSamples(:);
solve_incremental_crack_tip.m,756,reference_fingerprints,source_or_document,"        expected=[12678,11316,10278];"
solve_incremental_crack_tip.m,757,reference_fingerprints,source_or_document,        native=[38;55;44;34];
solve_incremental_crack_tip.m,759,reference_fingerprints,source_or_document,"        expected=[49518,44130,40146];"
solve_incremental_crack_tip.m,762,reference_fingerprints,source_or_document,"        expected=[3318,2976,2700];"
solve_incremental_crack_tip.m,763,fixed_states_lengths,source_or_document,        native=[19;28;23;18];
solve_incremental_crack_tip.m,765,core_scale,source_or_document,"        error('pathsolve:CoreScale','Unsupported structured-core scale %.16g.',fp.scale);"
solve_incremental_crack_tip.m,767,reference_fingerprints,source_or_document,    if fp.expectedCoreT3~=expected(1) || ...
solve_incremental_crack_tip.m,768,reference_fingerprints,source_or_document,            fp.expectedEDIElements~=expected(2) || ...
solve_incremental_crack_tip.m,770,reference_fingerprints,source_or_document,"            ~isequal(fp.expectedNativeSamples,native) || ..."
solve_incremental_crack_tip.m,772,parameter_flow,source_or_document,            abs(fp.rInner_m-.10*increment)>1e-14 || ...
solve_incremental_crack_tip.m,773,parameter_flow,source_or_document,            abs(fp.rOuter_m-.65*increment)>1e-14 || ...
solve_incremental_crack_tip.m,774,parameter_flow,source_or_document,            abs(fp.rCore_m-.75*increment)>1e-14
solve_incremental_crack_tip.m,819,reuse_provenance,source_or_document,"function local_validate_checkpoint(s,mesh,crack,currentIncrement,ndof,path,thetaSegmentsDeg)"
solve_incremental_crack_tip.m,823,reuse_provenance,source_or_document,"            error('pathsolve:CheckpointField', ..."
solve_incremental_crack_tip.m,824,reuse_provenance,source_or_document,"                'Physical checkpoint missing %s.',req{k});"
solve_incremental_crack_tip.m,847,reuse_provenance,source_or_document,"        error('pathsolve:CheckpointMismatch', ..."
solve_incremental_crack_tip.m,848,reuse_provenance,source_or_document,            'Existing checkpoint is not this exact qualified incremental state.');
solve_next_angle_LEFM.m,132,length_grid,source_or_document,"    th = mod(th + pi, 2*pi) - pi;"
Stage1_Hole_Diagnostics/stage1_export_iteration_outputs.m,257,length_grid,source_or_document,"    phi = mod(atan2(pts(:,2) - c(2), pts(:,1) - c(1)), 2*pi);"
Stage1_Hole_Diagnostics/stage1_export_iteration_outputs.m,336,length_grid,source_or_document,"    angles = mod(R.refineHoleAngles(:), 2*pi);"
Stage1_Hole_Diagnostics/stage1_export_iteration_outputs.m,347,length_grid,source_or_document,"        xline(mod(cdeg - wdeg, 360), '--', 'Color', [0.65 0.65 0.65], ..."
Stage1_Hole_Diagnostics/stage1_export_iteration_outputs.m,349,length_grid,source_or_document,"        xline(mod(cdeg + wdeg, 360), '--', 'Color', [0.65 0.65 0.65], ..."
Stage1_Hole_Diagnostics/stage1_export_iteration_outputs.m,398,length_grid,source_or_document,"    phi = mod(phi(:), 2*pi);"
Stage1_Hole_Diagnostics/stage1_export_iteration_outputs.m,400,length_grid,source_or_document,"    phiq = mod(phiq(:), 2*pi);"
Stage1_Hole_Diagnostics/stage1_export_iteration_outputs.m,408,length_grid,source_or_document,"    yq = interp1(phiExt, yExt, phiq, 'linear');"
Stage1_Hole_Diagnostics/stage1_force_initiation_phi.m,12,length_grid,source_or_document,"    phi0 = mod(phi0, 2*pi);"
stif_assem.m,62,length_grid,source_or_document,"        grow = max(nn, round(0.8*numel(rw)));"
subdivide_last_leg.m,14,length_grid,source_or_document,    if ncoh < 1 || floor(ncoh) ~= ncoh
verification/crack_path/CRACK_INCREMENT_SENSITIVITY_COARSE.md,8,increment_4mm,source_or_document,"Delta a = 4 mm, 2 mm, 1 mm."
verification/crack_path/CRACK_INCREMENT_SENSITIVITY_COARSE.md,11,increment_4mm,source_or_document,The 4-mm and 2-mm trajectories are completed. The 1-mm level is the final
verification/crack_path/CRACK_INCREMENT_SENSITIVITY_COARSE.md,19,core_scale,source_or_document,- local structured core: `CoreScale = 2`;
verification/crack_path/CRACK_INCREMENT_SENSITIVITY_COARSE.md,42,increment_4mm,source_or_document,| quantity | Delta a = 4 mm | Delta a = 2 mm | Delta a = 1 mm |
verification/crack_path/CRACK_INCREMENT_SENSITIVITY_COARSE.md,45,increment_4mm,source_or_document,| r_i | 0.4 mm | 0.2 mm | 0.1 mm |
verification/crack_path/CRACK_INCREMENT_SENSITIVITY_COARSE.md,67,core_scale,source_or_document,1. build and qualify its own P1 first-segment mesh on the M1 + CoreScale=2 family;
verification/crack_path/CRACK_INCREMENT_SENSITIVITY_COARSE.md,71,fixed_states_lengths,source_or_document,5. target 92 mm total crack length:
verification/crack_path/CRACK_INCREMENT_SENSITIVITY_COARSE.md,72,increment_4mm;fixed_states_lengths,source_or_document,   - 23 segments for 4 mm;
verification/crack_path/CRACK_INCREMENT_SENSITIVITY_COARSE.md,74,fixed_states_lengths,source_or_document,   - 92 segments for 1 mm.
verification/crack_path/CRACK_INCREMENT_SENSITIVITY_COARSE.md,84,parameter_flow,source_or_document,"Q4 = main_increment_sensitivity_coarse('IncrementMM',4);"
verification/crack_path/CRACK_INCREMENT_SENSITIVITY_COARSE.md,85,parameter_flow,source_or_document,"Q2 = main_increment_sensitivity_coarse('IncrementMM',2);"
verification/crack_path/CRACK_INCREMENT_SENSITIVITY_COARSE.md,86,parameter_flow,source_or_document,"Q1 = main_increment_sensitivity_coarse('IncrementMM',1);"
verification/crack_path/CRACK_INCREMENT_SENSITIVITY_COARSE.md,93,increment_4mm,source_or_document,"After both P1 preflights pass, run the 4-mm coarse trajectory:"
verification/crack_path/CRACK_INCREMENT_SENSITIVITY_COARSE.md,97,parameter_flow,source_or_document,"    'IncrementMM',4, ..."
verification/crack_path/CRACK_INCREMENT_SENSITIVITY_COARSE.md,98,fixed_states_lengths;length_grid,source_or_document,"    'TargetLengthMM',92, ..."
verification/crack_path/CRACK_INCREMENT_SENSITIVITY_COARSE.md,106,parameter_flow,source_or_document,"    'IncrementMM',2, ..."
verification/crack_path/CRACK_INCREMENT_SENSITIVITY_COARSE.md,107,fixed_states_lengths;length_grid,source_or_document,"    'TargetLengthMM',92, ..."
verification/crack_path/CRACK_INCREMENT_SENSITIVITY_COARSE.md,115,parameter_flow,source_or_document,"    'IncrementMM',1, ..."
verification/crack_path/CRACK_INCREMENT_SENSITIVITY_COARSE.md,116,fixed_states_lengths;length_grid,source_or_document,"    'TargetLengthMM',92, ..."
verification/crack_path/CRACK_INCREMENT_SENSITIVITY_COARSE.md,137,fixed_states_lengths,source_or_document,"4, 8, 12, ..., 92 mm"
verification/crack_path/CRACK_INCREMENT_SENSITIVITY_COARSE.md,153,fixed_states_lengths,source_or_document,- P21/P22-type sign-change bracket for each native history;
verification/crack_path/FIXED_GEOMETRY_COARSE_EXTERIOR.md,13,fixed_states_lengths,source_or_document,"- **P17**, the accepted positive maximum of `KII/KI`;"
verification/crack_path/FIXED_GEOMETRY_COARSE_EXTERIOR.md,14,fixed_states_lengths,source_or_document,"- **P22**, the first accepted state with negative `KII/KI`."
verification/crack_path/FIXED_GEOMETRY_COARSE_EXTERIOR.md,25,fixed_states_lengths,source_or_document,- accepted P17/P22 crack polylines;
verification/crack_path/FIXED_GEOMETRY_COARSE_EXTERIOR.md,26,increment_4mm,source_or_document,- 4-mm segment increment;
verification/crack_path/FIXED_GEOMETRY_COARSE_EXTERIOR.md,29,increment_4mm,source_or_document,"- EDI radii `ri=0.4 mm`, `ro=2.6 mm`;"
verification/crack_path/FIXED_GEOMETRY_COARSE_EXTERIOR.md,45,increment_4mm,source_or_document,- transition length `1.0*DeltaA = 4 mm`.
verification/crack_path/FIXED_GEOMETRY_COARSE_EXTERIOR.md,75,fixed_states_lengths,source_or_document,"It builds P17 and P22 on M1, runs the unchanged structural and prescribed"
verification/crack_path/FIXED_GEOMETRY_COARSE_EXTERIOR.md,90,reference_fingerprints,source_or_document,- unchanged 11316-element EDI support;
verification/crack_path/FIXED_GEOMETRY_COARSE_EXTERIOR.md,93,fixed_states_lengths,source_or_document,"- the mesh previews, especially P22."
verification/crack_path/FIXED_GEOMETRY_COARSE_EXTERIOR.md,106,fixed_states_lengths,source_or_document,This solves exactly the same accepted P17 and P22 geometries on M1 and
verification/crack_path/FIXED_GEOMETRY_COARSE_EXTERIOR.md,126,fixed_states_lengths,source_or_document,3. preserves the physical interpretation at P17 and P22;
verification/crack_path/FIXED_GEOMETRY_COARSE_EXTERIOR.md,143,fixed_states_lengths,source_or_document,### P17
verification/crack_path/FIXED_GEOMETRY_COARSE_EXTERIOR.md,155,fixed_states_lengths,source_or_document,- PCG iterations: 2813 -> 2309 (**-17.92%**).
verification/crack_path/FIXED_GEOMETRY_COARSE_EXTERIOR.md,160,fixed_states_lengths,source_or_document,### P22
verification/crack_path/FIXED_GEOMETRY_COARSE_EXTERIOR.md,184,reference_fingerprints,source_or_document,2. the paired tip core and the 11316-element EDI support remain unchanged;
verification/crack_path/FIXED_GEOMETRY_COARSE_EXTERIOR.md,191,fixed_states_lengths,source_or_document,Thus the accepted P17/P22 interpretation is insensitive to this substantial
verification/crack_path/INCREMENTAL_OPTIMIZATION.md,26,reuse_provenance,source_or_document,| Resumed five segments | 20.592993 | 15.002831 | 1.373× | 27.15% |
verification/crack_path/INCREMENTAL_OPTIMIZATION.md,96,fixed_states_lengths,source_or_document,| P2 | 49637 | 100287 | 23.298 | 3.702 | 2442 | 45.066 | 3.330 | 77.132 |
verification/crack_path/INCREMENTAL_OPTIMIZATION.md,119,reference_fingerprints,source_or_document,  The current-tip core remains 12678 triangles; primary EDI support remains
verification/crack_path/INCREMENTAL_OPTIMIZATION.md,120,reference_fingerprints,source_or_document,  11316 elements and native sampling remains 38/55/44/34.
verification/crack_path/INCREMENTAL_OPTIMIZATION.md,136,increment_4mm,source_or_document,"The 4-mm increment, theta1=0, MTS signs and absolute-angle recurrence, true"
verification/crack_path/INCREMENTAL_OPTIMIZATION.md,139,reuse_provenance,source_or_document,exact constrained DOFs and checkpoint-before-postprocessing order are retained.
verification/crack_path/INCREMENTAL_OPTIMIZATION.md,155,reuse_provenance,source_or_document,Retain the existing physical checkpoints and use validated resume behavior
verification/crack_path/INCREMENTAL_OPTIMIZATION.md,177,reuse_provenance,source_or_document,"test_incremental_fast_edi('CheckpointFile','<accepted P5 solved MAT>');"
verification/crack_path/INCREMENTAL_OPTIMIZATION.md,185,reuse_provenance,source_or_document,checkpoints and R0 remain investigator-local and are not published with
verification/crack_path/INCREMENTAL_PATH.md,31,increment_4mm,source_or_document,         -> append exactly one 4-mm segment.
verification/crack_path/INCREMENTAL_PATH.md,52,increment_4mm,source_or_document,- the qualified 4-mm-scaled paired current-tip core;
verification/crack_path/INCREMENTAL_PATH.md,54,parameter_flow,source_or_document,- rInner/Delta-a = 0.10;
verification/crack_path/INCREMENTAL_PATH.md,55,parameter_flow,source_or_document,- rOuter/Delta-a = 0.65;
verification/crack_path/INCREMENTAL_PATH.md,56,parameter_flow,source_or_document,- rCore/Delta-a = 0.75;
verification/crack_path/INCREMENTAL_PATH.md,60,reference_fingerprints,source_or_document,- exact native near-tip sampling 38/55/44/34;
verification/crack_path/INCREMENTAL_PATH.md,70,reuse_provenance,source_or_document,checkpointed physical LEFM solve at the current tip and then reports
verification/crack_path/INCREMENTAL_PATH.md,91,reuse_provenance,source_or_document,- checkpoint before any COD/EDI/MTS postprocessing.
verification/crack_path/INCREMENTAL_PATH.md,107,length_grid,source_or_document,- loops from k=2 to MaxSegments;
verification/crack_path/INCREMENTAL_PATH.md,111,increment_4mm,source_or_document,- appends one new 4-mm segment;
verification/crack_path/INCREMENTAL_PATH.md,112,reuse_provenance,source_or_document,"- stores per-step candidates, physical checkpoints, and compact results;"
verification/crack_path/INCREMENTAL_PATH.md,123,length_grid,source_or_document,    MaxSegments = 5
verification/crack_path/INCREMENTAL_PATH.md,163,increment_4mm,source_or_document,4. appends the predicted third 4-mm segment;
verification/crack_path/INCREMENTAL_PATH.md,176,length_grid,source_or_document,"        'MaxSegments', 5, ..."
verification/crack_path/INCREMENTAL_PATH.md,180,reuse_provenance,source_or_document,The driver reuses matching candidate files and physical checkpoints from
verification/crack_path/INCREMENTAL_PATH.md,185,length_grid,source_or_document,"Only after the short regression is accepted, increase MaxSegments, for"
verification/crack_path/INCREMENTAL_PATH.md,190,length_grid,source_or_document,"        'MaxSegments', 30, ..."
verification/crack_path/INCREMENTAL_PATH.md,200,reuse_provenance,source_or_document,## Resume from a validated path state
verification/crack_path/INCREMENTAL_PATH.md,205,reuse_provenance,source_or_document,"    'ResumeState', State"
verification/crack_path/INCREMENTAL_PATH.md,209,reuse_provenance,source_or_document,"    'ResumeStateFile', '<path-to-path_run_state.mat>'"
verification/crack_path/INCREMENTAL_PATH.md,213,reuse_provenance,source_or_document,"    'ResumeSourceDir', '<directory-with-prior-step-results>'"
verification/crack_path/INCREMENTAL_PATH.md,215,reuse_provenance,source_or_document,for legacy state files. `ResumeSourceDir` is optional: surviving compact
verification/crack_path/INCREMENTAL_PATH.md,220,reuse_provenance,source_or_document,Only one of `ResumeState` and `ResumeStateFile` may be supplied.
verification/crack_path/INCREMENTAL_PATH.md,225,reuse_provenance,source_or_document,"    'ResumeAcceptedResult', R"
verification/crack_path/INCREMENTAL_PATH.md,229,reuse_provenance,source_or_document,"    'ResumeAcceptedResultFile', '<path-to-step_###_physical_small.mat>'"
verification/crack_path/INCREMENTAL_PATH.md,243,reference_fingerprints,source_or_document,- the fixed 11316-element EDI support fingerprint.
verification/crack_path/INCREMENTAL_PATH.md,248,reuse_provenance,source_or_document,`checkpoint_only` mode: it validates the atomic accepted path checkpoint and
verification/crack_path/INCREMENTAL_PATH.md,252,reuse_provenance,source_or_document,`ResumeSourceDir` are validated and used opportunistically.
verification/crack_path/INCREMENTAL_PATH.md,259,increment_4mm,source_or_document,   exactly one next 4-mm segment from the stored MTS `nextThetaDeg` after
verification/crack_path/INCREMENTAL_PATH.md,263,length_grid,source_or_document,and now also at `MaxSegments` and geometry-clearance stops. Thus a completed
verification/crack_path/INCREMENTAL_PATH.md,266,fixed_states_lengths,source_or_document,### Upgrading the validated P17 case without another linear solve
verification/crack_path/INCREMENTAL_PATH.md,270,fixed_states_lengths,source_or_document,P17 and records P16 as the last completed physical segment. The independently
verification/crack_path/INCREMENTAL_PATH.md,271,fixed_states_lengths;reuse_provenance,source_or_document,validated P17 candidate and physical checkpoint are in
verification/crack_path/INCREMENTAL_PATH.md,275,fixed_states_lengths,source_or_document,schema-2 solved-P17 state with no new physical solve:
verification/crack_path/INCREMENTAL_PATH.md,288,length_grid,source_or_document,"    'MaxSegments',17, ..."
verification/crack_path/INCREMENTAL_PATH.md,294,reuse_provenance,source_or_document,"    'ResumeState',S17.State, ..."
verification/crack_path/INCREMENTAL_PATH.md,295,reuse_provenance,source_or_document,"    'ResumeAcceptedResult',R17u, ..."
verification/crack_path/INCREMENTAL_PATH.md,299,fixed_states_lengths,source_or_document,The resume must report `first resumed step = 17` and `promoted result = P17`.
verification/crack_path/INCREMENTAL_PATH.md,301,reuse_provenance,source_or_document,`resume history = checkpoint_only`; this is expected and means no unavailable
verification/crack_path/INCREMENTAL_PATH.md,302,fixed_states_lengths,source_or_document,SIF history was fabricated. `R17u` is validated against the exact resumed P17
verification/crack_path/INCREMENTAL_PATH.md,303,fixed_states_lengths,source_or_document,"path and all of its stored physical gates, so no P17 candidate rebuild or"
verification/crack_path/INCREMENTAL_PATH.md,305,fixed_states_lengths,source_or_document,schema-2 solved-P17 state.
verification/crack_path/INCREMENTAL_PATH.md,312,length_grid,source_or_document,"    'MaxSegments',20, ..."
verification/crack_path/INCREMENTAL_PATH.md,318,reuse_provenance,source_or_document,"    'ResumeStateFile',fullfile(probeDir,'path_run_state.mat'), ..."
verification/crack_path/INCREMENTAL_PATH.md,322,fixed_states_lengths,source_or_document,P17 is not revisited in this second call; only P18-P20 require new candidate
verification/crack_path/INCREMENTAL_PATH.md,323,reuse_provenance,source_or_document,qualification and physical solves unless exact matching checkpoints already
verification/crack_path/INCREMENTAL_PATH.md,330,reference_paths,source_or_document,    verification/crack_path/incremental_run/
verification/crack_path/INCREMENTAL_PATH.md,370,length_grid,source_or_document,"Path5 = run_incremental_crack_path('FrozenState',R0,'MaxSegments',5, ..."
verification/crack_path/INCREMENTAL_PATH.md,388,reuse_provenance,source_or_document,its optional `CheckpointFile` argument also measures paired stored-field EDI
verification/crack_path/INCREMENTAL_PATH.md,397,reuse_provenance,source_or_document,"fails after earlier accepted states were checkpointed, the accepted history is"
verification/crack_path/INCREMENTAL_PATH.md,403,reference_paths,source_or_document,P = plot_final_clean_run_results( ...
verification/crack_path/INCREMENTAL_PATH.md,406,reference_paths,source_or_document,"        'verification','crack_path','final_clean_run'));"
verification/crack_path/INCREMENTAL_PATH.md,410,reference_paths,source_or_document,`final_clean_run/plots` and returns the assembled data in:
verification/crack_path/INCREMENTAL_PATH.md,441,reference_paths,source_or_document,"P = plot_final_clean_run_results('FrozenState',R0, ..."
verification/crack_path/INCREMENTAL_PATH.md,448,fixed_states_lengths,source_or_document,The audited P1--P23 clean-run archive supports a second postprocessing-only
verification/crack_path/INCREMENTAL_PATH.md,452,reference_paths,source_or_document,A = plot_final_clean_run_additional_results( ...
verification/crack_path/INCREMENTAL_PATH.md,454,reference_paths,source_or_document,"        'verification','crack_path','final_clean_run'));"
verification/crack_path/INCREMENTAL_PATH.md,459,increment_4mm,source_or_document,MAT file. The 4-mm increment is recovered from the accepted path geometry.
verification/crack_path/INCREMENTAL_PATH.md,471,fixed_states_lengths,source_or_document,"    panels, defaulting to P15--P23;"
verification/crack_path/INCREMENTAL_PATH.md,477,fixed_states_lengths,source_or_document,"    upper panel shows the hole, accepted P0--P23 path, and the separately"
verification/crack_path/INCREMENTAL_PATH.md,478,fixed_states_lengths,source_or_document,    dashed qualified-but-unsolved P23--P24 geometry. The lower wide strip
verification/crack_path/INCREMENTAL_PATH.md,480,fixed_states_lengths,source_or_document,"    maximum, the linearly interpolated KII/KI=0 location, P23, and P24."
verification/crack_path/INCREMENTAL_PATH.md,485,reference_paths,source_or_document,`final_clean_run/plots`. The function returns the assembled authoritative
verification/crack_path/INCREMENTAL_PATH.md,486,fixed_states_lengths,source_or_document,"step table, the complete 176-row COD-sensitivity table for P2--P23, detected"
verification/crack_path/INCREMENTAL_PATH.md,491,reuse_provenance,source_or_document,is present and no P24 physical result/checkpoint exists.
verification/crack_path/INCREMENTAL_PROFILE_PHASE_A.md,8,reuse_provenance,source_or_document,interactive MATLAB session and original checkpoints were preserved.
verification/crack_path/INCREMENTAL_PROFILE_PHASE_A.md,22,reuse_provenance,source_or_document,| Resumed five segments | 20.592993 | 0 | PASS |
verification/crack_path/INCREMENTAL_PROFILE_PHASE_A.md,30,reference_fingerprints,source_or_document,"remain 38/55/44/34, EDI support 11316, and core triangles 12678."
verification/crack_path/INCREMENTAL_PROFILE_PHASE_A.md,55,reuse_provenance,source_or_document,"native COD 0.053 s, and physical checkpoint writes 0.811 s. These are poor"
verification/crack_path/INCREMENTAL_PROFILE_PHASE_A.md,56,reuse_provenance,source_or_document,first optimization targets. Resumed runtime is predominantly physical EDI;
verification/crack_path/M1_INDEPENDENT_TRAJECTORY.md,18,increment_4mm,source_or_document,- fixed increment `Delta a=4 mm`;
verification/crack_path/M1_INDEPENDENT_TRAJECTORY.md,33,fixed_states_lengths,source_or_document,that the exterior coarsening perturbs SIFs only slightly at P17/P22.  The
verification/crack_path/M1_INDEPENDENT_TRAJECTORY.md,52,increment_4mm,source_or_document,- transition length: `1.00 Delta a = 4 mm`;
verification/crack_path/M1_INDEPENDENT_TRAJECTORY.md,80,fixed_states_lengths,source_or_document,### Full independent P1--P23 trajectory
verification/crack_path/M1_INDEPENDENT_TRAJECTORY.md,85,fixed_states_lengths;length_grid,source_or_document,"    'MaxSegments',23, ..."
verification/crack_path/M1_INDEPENDENT_TRAJECTORY.md,89,fixed_states_lengths,source_or_document,The run intentionally stops at accepted physical P23.  It does not attempt
verification/crack_path/M1_INDEPENDENT_TRAJECTORY.md,127,fixed_states_lengths,source_or_document,segment P23 with `stopReason=max_segments_reached`.
verification/crack_path/M1_INDEPENDENT_TRAJECTORY.md,137,fixed_states_lengths,source_or_document,- the positive mode-mixity maximum remains at **P17 (68 mm)**;
verification/crack_path/M1_INDEPENDENT_TRAJECTORY.md,138,fixed_states_lengths,source_or_document,- at P17:
verification/crack_path/M1_INDEPENDENT_TRAJECTORY.md,143,increment_4mm;fixed_states_lengths,source_or_document,- P21 (84 mm) remains slightly positive:
verification/crack_path/M1_INDEPENDENT_TRAJECTORY.md,146,fixed_states_lengths,source_or_document,- P22 (88 mm) is negative:
verification/crack_path/M1_INDEPENDENT_TRAJECTORY.md,150,fixed_states_lengths,source_or_document,  bracketed by **P21--P22**;
verification/crack_path/M1_INDEPENDENT_TRAJECTORY.md,154,fixed_states_lengths,source_or_document,- P23 remains strongly negative in mode mixity and predicts a larger
verification/crack_path/M1_INDEPENDENT_TRAJECTORY.md,169,fixed_states_lengths,source_or_document,| P17 | theta (deg) | -2.44443486845 | -2.44441112407 | +2.374e-5 |
verification/crack_path/M1_INDEPENDENT_TRAJECTORY.md,170,fixed_states_lengths,source_or_document,| P17 | KII/KI | +0.003238930803 | +0.003238892820 | -3.798e-8 |
verification/crack_path/M1_INDEPENDENT_TRAJECTORY.md,171,fixed_states_lengths,source_or_document,| P21 | theta (deg) | -3.63664264573 | -3.63662420420 | +1.844e-5 |
verification/crack_path/M1_INDEPENDENT_TRAJECTORY.md,172,fixed_states_lengths,source_or_document,| P21 | KII/KI | +8.13426737e-5 | +8.11529313e-5 | -1.897e-7 |
verification/crack_path/M1_INDEPENDENT_TRAJECTORY.md,173,fixed_states_lengths,source_or_document,| P22 | theta (deg) | -3.64596382938 | -3.64592364498 | +4.018e-5 |
verification/crack_path/M1_INDEPENDENT_TRAJECTORY.md,174,fixed_states_lengths,source_or_document,| P22 | KII/KI | -0.002141591607 | -0.002141481647 | +1.100e-7 |
verification/crack_path/M1_INDEPENDENT_TRAJECTORY.md,175,fixed_states_lengths,source_or_document,| P23 | theta (deg) | -3.40055813454 | -3.40053055019 | +2.758e-5 |
verification/crack_path/M1_INDEPENDENT_TRAJECTORY.md,176,fixed_states_lengths,source_or_document,| P23 | KII/KI | -0.005448833169 | -0.005448897514 | -6.434e-8 |
verification/crack_path/M1_INDEPENDENT_TRAJECTORY.md,180,increment_4mm,source_or_document,4-mm propagation increment and is not interpreted as physical precision.
verification/crack_path/M1_INDEPENDENT_TRAJECTORY.md,188,fixed_states_lengths,source_or_document,"trajectory, the P17 mode-mixity maximum, the P21--P22 sign-change bracket,"
verification/crack_path/M1_INDEPENDENT_TRAJECTORY.md,189,fixed_states_lengths,source_or_document,and the onset of positive turning after P22.
verification/crack_path/main_fixed_geometry_coarse_exterior_diagnostic.m,12,fixed_states_lengths,source_or_document,%   P17 : accepted positive KII/KI maximum
verification/crack_path/main_fixed_geometry_coarse_exterior_diagnostic.m,13,fixed_states_lengths,source_or_document,%   P22 : accepted first negative KII/KI state
verification/crack_path/main_fixed_geometry_coarse_exterior_diagnostic.m,29,length_grid,source_or_document,        all(isfinite(x))&&all(x==round(x))&&all(x>=2));
verification/crack_path/main_fixed_geometry_coarse_exterior_diagnostic.m,57,reference_paths,source_or_document,"        runDir=fullfile(root,'verification','crack_path','final_clean_run');"
verification/crack_path/main_fixed_geometry_coarse_exterior_diagnostic.m,64,reference_paths,source_or_document,"        paperCopy=fullfile(root,'paper','data','accepted_stage1_source.mat');"
verification/crack_path/main_fixed_geometry_coarse_exterior_diagnostic.m,65,reference_paths,source_or_document,"        standardCopy=fullfile(root,'verification','crack_path','stage1_starting_state.mat');"
verification/crack_path/main_fixed_geometry_coarse_exterior_diagnostic.m,164,parameter_flow,source_or_document,"            'ExteriorCalibration',calibration, ..."
verification/crack_path/main_fixed_geometry_coarse_exterior_diagnostic.m,212,reuse_provenance,source_or_document,"            'CheckpointFile',cp, ..."
verification/crack_path/main_fixed_geometry_coarse_exterior_diagnostic.m,276,parameter_flow,source_or_document,"        'farCapOverIncrement',opt.FarCapOverIncrement, ..."
verification/crack_path/main_fixed_geometry_tip_coarsening_diagnostic.m,6,core_scale,source_or_document,%   CoreScale = 2
verification/crack_path/main_fixed_geometry_tip_coarsening_diagnostic.m,7,increment_4mm,source_or_document,%   hTip      = 2 * 0.0270123254 mm = 0.0540246508 mm
verification/crack_path/main_fixed_geometry_tip_coarsening_diagnostic.m,12,parameter_flow,source_or_document,"%   - rInner=0.10 DeltaA, rOuter=0.65 DeltaA, rCore=0.75 DeltaA unchanged;"
verification/crack_path/main_fixed_geometry_tip_coarsening_diagnostic.m,17,fixed_states_lengths,source_or_document,% Default states P21/P22 straddle the accepted local-symmetry crossing.
verification/crack_path/main_fixed_geometry_tip_coarsening_diagnostic.m,29,length_grid,source_or_document,        all(isfinite(x))&&all(x==round(x))&&all(x>=2));
verification/crack_path/main_fixed_geometry_tip_coarsening_diagnostic.m,30,core_scale,source_or_document,"    addParameter(ip,'CoreScale',2,@(x)isnumeric(x)&&isscalar(x)&& ..."
verification/crack_path/main_fixed_geometry_tip_coarsening_diagnostic.m,48,reference_paths,source_or_document,"        evidenceFile=fullfile(root,'paper','data','evidence_exact.mat');"
verification/crack_path/main_fixed_geometry_tip_coarsening_diagnostic.m,55,reference_paths,source_or_document,"        paperCopy=fullfile(root,'paper','data','accepted_stage1_source.mat');"
verification/crack_path/main_fixed_geometry_tip_coarsening_diagnostic.m,56,reference_paths,source_or_document,"        standardCopy=fullfile(root,'verification','crack_path','stage1_starting_state.mat');"
verification/crack_path/main_fixed_geometry_tip_coarsening_diagnostic.m,85,reference_paths,source_or_document,"        'evidence_exact.mat must contain E, T, and Q.');"
verification/crack_path/main_fixed_geometry_tip_coarsening_diagnostic.m,89,fixed_states_lengths,source_or_document,"    assert(height(Ref)==23 && isequal(Ref.segment,(1:23)'), ..."
verification/crack_path/main_fixed_geometry_tip_coarsening_diagnostic.m,90,fixed_states_lengths,source_or_document,"        'tipcoarse:ReferenceRows','Expected accepted reference rows P1--P23.');"
verification/crack_path/main_fixed_geometry_tip_coarsening_diagnostic.m,94,fixed_states_lengths,source_or_document,    assert(Eref.audit.completedPhysicalSegments==23 && ...
verification/crack_path/main_fixed_geometry_tip_coarsening_diagnostic.m,97,fixed_states_lengths,source_or_document,        'Committed evidence no longer has the accepted P23/P24 classification.');
verification/crack_path/main_fixed_geometry_tip_coarsening_diagnostic.m,121,core_scale,source_or_document,"    fprintf('  core scale H0 -> H1    = 1 -> %.3f\n',opt.CoreScale);"
verification/crack_path/main_fixed_geometry_tip_coarsening_diagnostic.m,123,parameter_flow,source_or_document,    fprintf('  rInner / rOuter / rCore= 0.4 / 2.6 / 3.0 mm UNCHANGED\n');
verification/crack_path/main_fixed_geometry_tip_coarsening_diagnostic.m,153,core_scale,source_or_document,"            'CoreScale',opt.CoreScale, ..."
verification/crack_path/main_fixed_geometry_tip_coarsening_diagnostic.m,204,reuse_provenance,source_or_document,"            'CheckpointFile',cp, ..."
verification/crack_path/main_fixed_geometry_tip_coarsening_diagnostic.m,268,core_scale,source_or_document,"        'coreScale',opt.CoreScale, ..."
verification/crack_path/main_fixed_geometry_tip_coarsening_diagnostic.m,269,core_scale,source_or_document,"        'hTipRatio',opt.CoreScale, ..."
verification/crack_path/main_fixed_geometry_tip_refinement_diagnostic.m,8,parameter_flow,source_or_document,"%   - rInner=0.10 DeltaA, rOuter=0.65 DeltaA, rCore=0.75 DeltaA unchanged;"
verification/crack_path/main_fixed_geometry_tip_refinement_diagnostic.m,13,fixed_states_lengths,source_or_document,%   P17 : positive KII/KI maximum;
verification/crack_path/main_fixed_geometry_tip_refinement_diagnostic.m,14,fixed_states_lengths,source_or_document,%   P22 : first accepted negative KII/KI state.
verification/crack_path/main_fixed_geometry_tip_refinement_diagnostic.m,25,length_grid,source_or_document,        all(isfinite(x))&&all(x==round(x))&&all(x>=2));
verification/crack_path/main_fixed_geometry_tip_refinement_diagnostic.m,26,core_scale,source_or_document,"    addParameter(ip,'CoreScale',0.5,@(x)isnumeric(x)&&isscalar(x)&& ..."
verification/crack_path/main_fixed_geometry_tip_refinement_diagnostic.m,44,reference_paths,source_or_document,"        evidenceFile=fullfile(root,'paper','data','evidence_exact.mat');"
verification/crack_path/main_fixed_geometry_tip_refinement_diagnostic.m,51,reference_paths,source_or_document,"        paperCopy=fullfile(root,'paper','data','accepted_stage1_source.mat');"
verification/crack_path/main_fixed_geometry_tip_refinement_diagnostic.m,52,reference_paths,source_or_document,"        standardCopy=fullfile(root,'verification','crack_path','stage1_starting_state.mat');"
verification/crack_path/main_fixed_geometry_tip_refinement_diagnostic.m,81,reference_paths,source_or_document,"        'evidence_exact.mat must contain E, T, and Q.');"
verification/crack_path/main_fixed_geometry_tip_refinement_diagnostic.m,85,fixed_states_lengths,source_or_document,"    assert(height(Ref)==23 && isequal(Ref.segment,(1:23)'), ..."
verification/crack_path/main_fixed_geometry_tip_refinement_diagnostic.m,86,fixed_states_lengths,source_or_document,"        'tipref:ReferenceRows','Expected accepted reference rows P1--P23.');"
verification/crack_path/main_fixed_geometry_tip_refinement_diagnostic.m,90,fixed_states_lengths,source_or_document,    assert(Eref.audit.completedPhysicalSegments==23 && ...
verification/crack_path/main_fixed_geometry_tip_refinement_diagnostic.m,93,fixed_states_lengths,source_or_document,        'Committed evidence no longer has the accepted P23/P24 classification.');
verification/crack_path/main_fixed_geometry_tip_refinement_diagnostic.m,117,core_scale,source_or_document,"    fprintf('  core scale L0 -> L1    = 1 -> %.3f\n',opt.CoreScale);"
verification/crack_path/main_fixed_geometry_tip_refinement_diagnostic.m,119,parameter_flow,source_or_document,    fprintf('  rInner / rOuter / rCore= 0.4 / 2.6 / 3.0 mm UNCHANGED\n');
verification/crack_path/main_fixed_geometry_tip_refinement_diagnostic.m,149,core_scale,source_or_document,"            'CoreScale',opt.CoreScale, ..."
verification/crack_path/main_fixed_geometry_tip_refinement_diagnostic.m,200,reuse_provenance,source_or_document,"            'CheckpointFile',cp, ..."
verification/crack_path/main_fixed_geometry_tip_refinement_diagnostic.m,264,core_scale,source_or_document,"        'coreScale',opt.CoreScale, ..."
verification/crack_path/main_fixed_geometry_tip_refinement_diagnostic.m,265,core_scale,source_or_document,"        'hTipRatio',opt.CoreScale, ..."
verification/crack_path/main_increment_sensitivity_coarse.m,5,increment_4mm,source_or_document,"% The experiment compares Delta a = 4 mm, 2 mm, and 1 mm using the SAME"
verification/crack_path/main_increment_sensitivity_coarse.m,8,core_scale,source_or_document,%   structured tip core : CoreScale = 2
verification/crack_path/main_increment_sensitivity_coarse.m,29,increment_4mm,source_or_document,% 4-mm preflight:
verification/crack_path/main_increment_sensitivity_coarse.m,30,parameter_flow,source_or_document,"%   M4q = main_increment_sensitivity_coarse('IncrementMM',4);"
verification/crack_path/main_increment_sensitivity_coarse.m,33,parameter_flow,source_or_document,"%   M2q = main_increment_sensitivity_coarse('IncrementMM',2);"
verification/crack_path/main_increment_sensitivity_coarse.m,36,parameter_flow,source_or_document,"%   M1q = main_increment_sensitivity_coarse('IncrementMM',1);"
verification/crack_path/main_increment_sensitivity_coarse.m,38,increment_4mm;fixed_states_lengths,source_or_document,% Full 4-mm trajectory through 92 mm:
verification/crack_path/main_increment_sensitivity_coarse.m,40,fixed_states_lengths;length_grid;parameter_flow,source_or_document,"%       'IncrementMM',4,'TargetLengthMM',92,'AllowPhysicalSolves',true);"
verification/crack_path/main_increment_sensitivity_coarse.m,42,fixed_states_lengths,source_or_document,% Full 2-mm trajectory through 92 mm:
verification/crack_path/main_increment_sensitivity_coarse.m,44,fixed_states_lengths;length_grid;parameter_flow,source_or_document,"%       'IncrementMM',2,'TargetLengthMM',92,'AllowPhysicalSolves',true);"
verification/crack_path/main_increment_sensitivity_coarse.m,46,fixed_states_lengths,source_or_document,% Full 1-mm trajectory through 92 mm:
verification/crack_path/main_increment_sensitivity_coarse.m,48,fixed_states_lengths;length_grid;parameter_flow,source_or_document,"%       'IncrementMM',1,'TargetLengthMM',92,'AllowPhysicalSolves',true);"
verification/crack_path/main_increment_sensitivity_coarse.m,51,parameter_flow,source_or_document,"    addParameter(ip,'IncrementMM',4,@(x)isnumeric(x)&&isscalar(x)&& ..."
verification/crack_path/main_increment_sensitivity_coarse.m,53,fixed_states_lengths;length_grid,source_or_document,"    addParameter(ip,'TargetLengthMM',92,@(x)isnumeric(x)&&isscalar(x)&& ..."
verification/crack_path/main_increment_sensitivity_coarse.m,59,reuse_provenance,source_or_document,"    addParameter(ip,'Resume',true,@(x)islogical(x)&&isscalar(x));"
verification/crack_path/main_increment_sensitivity_coarse.m,68,parameter_flow,source_or_document,    da=1e-3*opt.IncrementMM;
verification/crack_path/main_increment_sensitivity_coarse.m,69,length_grid,source_or_document,    target=1e-3*opt.TargetLengthMM;
verification/crack_path/main_increment_sensitivity_coarse.m,71,length_grid,source_or_document,"    assert(abs(nSeg-round(nSeg))<=1e-12,'incstudy:TargetNotDivisible', ..."
verification/crack_path/main_increment_sensitivity_coarse.m,72,length_grid;parameter_flow,source_or_document,        'TargetLengthMM must be an integer multiple of IncrementMM.');
verification/crack_path/main_increment_sensitivity_coarse.m,73,length_grid,source_or_document,    nSeg=round(nSeg);
verification/crack_path/main_increment_sensitivity_coarse.m,75,reference_paths,source_or_document,"    frozenFile=fullfile(root,'paper','data','accepted_stage1_source.mat');"
verification/crack_path/main_increment_sensitivity_coarse.m,83,increment_4mm,source_or_document,    % Stage I selects the initiation point/frame.  Its reserved 4-mm first
verification/crack_path/main_increment_sensitivity_coarse.m,94,core_scale,source_or_document,    coreScale=2;
verification/crack_path/main_increment_sensitivity_coarse.m,95,parameter_flow,source_or_document,    farCap=1.25;
verification/crack_path/main_increment_sensitivity_coarse.m,101,parameter_flow,source_or_document,"        tag=strrep(sprintf('da_%gmm',opt.IncrementMM),'.','p');"
verification/crack_path/main_increment_sensitivity_coarse.m,116,parameter_flow,source_or_document,"    fprintf('  Delta a              = %.6f mm\n',opt.IncrementMM);"
verification/crack_path/main_increment_sensitivity_coarse.m,117,length_grid,source_or_document,"    fprintf('  target crack length  = %.6f mm\n',opt.TargetLengthMM);"
verification/crack_path/main_increment_sensitivity_coarse.m,122,parameter_flow,source_or_document,"        1e3*originalReserved,opt.IncrementMM);"
verification/crack_path/main_increment_sensitivity_coarse.m,125,core_scale,source_or_document,        1e3*coreScale*0.00675308135*da);
verification/crack_path/main_increment_sensitivity_coarse.m,129,parameter_flow,source_or_document,"    fprintf('  M1 far cap           = %.6f mm = 1.25 Delta a\n',1e3*farCap*da);"
verification/crack_path/main_increment_sensitivity_coarse.m,142,core_scale,source_or_document,"        'CoreScale',coreScale, ..."
verification/crack_path/main_increment_sensitivity_coarse.m,144,parameter_flow,source_or_document,"        'ExteriorFarCapOverA0',farCap, ..."
verification/crack_path/main_increment_sensitivity_coarse.m,146,parameter_flow,source_or_document,"        'ExteriorCalibration',cal, ..."
verification/crack_path/main_increment_sensitivity_coarse.m,154,parameter_flow,source_or_document,"        'P1 did not qualify for Delta a = %.6g mm.',opt.IncrementMM);"
verification/crack_path/main_increment_sensitivity_coarse.m,155,core_scale,source_or_document,"    assert(abs(F1.candidate.coreMeshControls.scale-coreScale)<=1e-14, ..."
verification/crack_path/main_increment_sensitivity_coarse.m,156,core_scale,source_or_document,"        'incstudy:P1CoreScale','P1 candidate does not use CoreScale=2.');"
verification/crack_path/main_increment_sensitivity_coarse.m,157,core_scale;reference_fingerprints,source_or_document,    assert(F1.candidate.coreMeshControls.expectedCoreT3==3318 && ...
verification/crack_path/main_increment_sensitivity_coarse.m,158,core_scale;reference_fingerprints,source_or_document,           F1.candidate.coreMeshControls.expectedEDIElements==2976 && ...
verification/crack_path/main_increment_sensitivity_coarse.m,159,core_scale;reference_fingerprints,source_or_document,           F1.candidate.coreMeshControls.expectedOptimizedSupport==2700 && ...
verification/crack_path/main_increment_sensitivity_coarse.m,160,core_scale;reference_fingerprints,source_or_document,"           isequal(F1.candidate.coreMeshControls.expectedNativeSamples(:), ..."
verification/crack_path/main_increment_sensitivity_coarse.m,161,fixed_states_lengths,source_or_document,"                   [19;28;23;18]), ..."
verification/crack_path/main_increment_sensitivity_coarse.m,163,core_scale,source_or_document,        'P1 candidate does not carry the qualified CoreScale=2 fingerprints.');
verification/crack_path/main_increment_sensitivity_coarse.m,164,reuse_provenance,source_or_document,"    assert(isfield(F1.candidate,'exteriorMeshControls')&& ..."
verification/crack_path/main_increment_sensitivity_coarse.m,165,reuse_provenance,source_or_document,"        ~logical(F1.candidate.exteriorMeshControls.isReferenceProductionExterior), ..."
verification/crack_path/main_increment_sensitivity_coarse.m,170,parameter_flow,source_or_document,    M.increment_mm=opt.IncrementMM;
verification/crack_path/main_increment_sensitivity_coarse.m,171,length_grid,source_or_document,    M.targetLength_mm=opt.TargetLengthMM;
verification/crack_path/main_increment_sensitivity_coarse.m,176,core_scale,source_or_document,"        'coreScale',coreScale, ..."
verification/crack_path/main_increment_sensitivity_coarse.m,177,core_scale,source_or_document,"        'hTipOverIncrement',coreScale*0.00675308135, ..."
verification/crack_path/main_increment_sensitivity_coarse.m,178,parameter_flow,source_or_document,"        'rInnerOverIncrement',.10, ..."
verification/crack_path/main_increment_sensitivity_coarse.m,179,parameter_flow,source_or_document,"        'rOuterOverIncrement',.65, ..."
verification/crack_path/main_increment_sensitivity_coarse.m,180,parameter_flow,source_or_document,"        'rCoreOverIncrement',.75, ..."
verification/crack_path/main_increment_sensitivity_coarse.m,181,parameter_flow,source_or_document,"        'farCapOverIncrement',farCap, ..."
verification/crack_path/main_increment_sensitivity_coarse.m,200,reuse_provenance,source_or_document,"    p1Checkpoint=fullfile(p1Dir,'P1_physical_solved.mat');"
verification/crack_path/main_increment_sensitivity_coarse.m,204,reuse_provenance,source_or_document,"    if opt.Resume && exist(p1Small,'file')==2"
verification/crack_path/main_increment_sensitivity_coarse.m,207,core_scale,source_or_document,"                isfield(z.R,'coreMeshControls') && ..."
verification/crack_path/main_increment_sensitivity_coarse.m,208,core_scale,source_or_document,                abs(z.R.coreMeshControls.scale-coreScale)<=1e-14
verification/crack_path/main_increment_sensitivity_coarse.m,221,reuse_provenance,source_or_document,"            'CheckpointFile',p1Checkpoint, ..."
verification/crack_path/main_increment_sensitivity_coarse.m,241,length_grid,source_or_document,"        'MaxSegments',nSeg, ..."
verification/crack_path/main_increment_sensitivity_coarse.m,245,core_scale,source_or_document,"        'CoreScale',coreScale, ..."
verification/crack_path/main_increment_sensitivity_coarse.m,253,parameter_flow,source_or_document,"        'ExteriorFarCapOverIncrement',farCap, ..."
verification/crack_path/main_increment_sensitivity_coarse.m,255,parameter_flow,source_or_document,"        'ExteriorCalibration',cal, ..."
verification/crack_path/main_increment_sensitivity_coarse.m,256,parameter_flow,source_or_document,"        'MeshFamilyLabel',sprintf('increment_%gmm_coarse_M1_2h0',opt.IncrementMM)};"
verification/crack_path/main_increment_sensitivity_coarse.m,259,reuse_provenance,source_or_document,"    if opt.Resume && exist(stateFile,'file')==2"
verification/crack_path/main_increment_sensitivity_coarse.m,260,reuse_provenance,source_or_document,"        runArgs=[runArgs,{'ResumeStateFile',stateFile,'ResumeSourceDir',pathDir}]; %#ok<AGROW>"
verification/crack_path/main_increment_sensitivity_coarse.m,291,parameter_flow,source_or_document,"    fprintf('  Delta a             = %.6f mm\n',opt.IncrementMM);"
verification/crack_path/main_incremental_path_profile.m,19,reference_paths,source_or_document,"if isempty(ref),ref=fullfile(root,'verification','crack_path','incremental_run');end"
verification/crack_path/main_incremental_path_profile.m,40,length_grid,source_or_document,"            'MaxSegments',5,'AllowPhysicalSolves',j==2,'RunSynthetic',true,'FastEDI',opt.FastEDI, ..."
verification/crack_path/main_incremental_path_profile.m,52,reference_fingerprints,source_or_document,    assert(all(actual.EDI_elements(2:end)==11316));
verification/crack_path/main_incremental_path_profile.m,71,reference_fingerprints,source_or_document,"    assert(all(structfun(@logical,r.gates))&&isequal(f.n_native,[38;38;55;55;44;44;34;34]));"
verification/crack_path/main_incremental_path_profile.m,74,reuse_provenance,source_or_document,"        ismember(T.phase,{'checkpoint_reload','native_cod','cod_fits','physical_edi','postprocessing_gates','compact_save'})));"
verification/crack_path/main_incremental_path_profile.m,85,reuse_provenance,source_or_document,"        seconds(T,'physical',k,'checkpoint_save','phase'), ..."
verification/crack_path/main_incremental_path_profile.m,93,reuse_provenance,source_or_document,"    'checkpoint_write_s','candidate_lookup_and_load_s','true_relative_residual','EDI_elements','newSolve'});"
verification/crack_path/main_incremental_path_regression.m,30,length_grid,source_or_document,"        'MaxSegments',3, ..."
verification/crack_path/main_m1_independent_trajectory.m,7,increment_4mm,source_or_document,%   - theta_1=0 and Delta a=4 mm remain prescribed exactly as before.
verification/crack_path/main_m1_independent_trajectory.m,15,increment_4mm,source_or_document,%   transition            = 1.00 Delta a = 4 mm
verification/crack_path/main_m1_independent_trajectory.m,27,fixed_states_lengths,source_or_document,% Full independent P1--P23 run:
verification/crack_path/main_m1_independent_trajectory.m,32,fixed_states_lengths;length_grid,source_or_document,"    addParameter(ip,'MaxSegments',23,@(x)isnumeric(x)&&isscalar(x)&& ..."
verification/crack_path/main_m1_independent_trajectory.m,33,length_grid,source_or_document,        isfinite(x)&&x>=2&&x==round(x));
verification/crack_path/main_m1_independent_trajectory.m,45,reference_paths,source_or_document,"    frozenFile=fullfile(root,'paper','data','accepted_stage1_source.mat');"
verification/crack_path/main_m1_independent_trajectory.m,67,parameter_flow,source_or_document,    farCap=1.25;
verification/crack_path/main_m1_independent_trajectory.m,74,length_grid,source_or_document,"    fprintf('  max physical segment = P%d\n',opt.MaxSegments);"
verification/crack_path/main_m1_independent_trajectory.m,76,parameter_flow,source_or_document,"    fprintf('  M1 far cap           = %.3f * DeltaA\n',farCap);"
verification/crack_path/main_m1_independent_trajectory.m,85,increment_4mm,source_or_document,    % Step A. Build the prescribed first 4-mm segment on M1.
verification/crack_path/main_m1_independent_trajectory.m,93,parameter_flow,source_or_document,"        'ExteriorFarCapOverA0',farCap, ..."
verification/crack_path/main_m1_independent_trajectory.m,95,parameter_flow,source_or_document,"        'ExteriorCalibration',cal, ..."
verification/crack_path/main_m1_independent_trajectory.m,107,parameter_flow,source_or_document,"    M.controls=struct('farCapOverIncrement',farCap, ..."
verification/crack_path/main_m1_independent_trajectory.m,128,reuse_provenance,source_or_document,"    p1Checkpoint=fullfile(p1Dir,'M1_P1_physical_solved.mat');"
verification/crack_path/main_m1_independent_trajectory.m,136,reuse_provenance,source_or_document,"        'CheckpointFile',p1Checkpoint, ..."
verification/crack_path/main_m1_independent_trajectory.m,159,length_grid,source_or_document,"        'MaxSegments',opt.MaxSegments, ..."
verification/crack_path/main_m1_independent_trajectory.m,170,parameter_flow,source_or_document,"        'ExteriorFarCapOverIncrement',farCap, ..."
verification/crack_path/main_m1_independent_trajectory.m,172,parameter_flow,source_or_document,"        'ExteriorCalibration',cal, ..."
verification/crack_path/main_m1_independent_trajectory.m,185,reference_paths,source_or_document,"        'final_clean_run','path_run_state.mat');"
verification/crack_path/main_stage1_freeze_starting_state.m,27,reference_paths,source_or_document,"    fullfile(root,'verification','crack_path','stage1_starting_state.mat'), ..."
verification/crack_path/main_stage1_freeze_starting_state.m,30,reference_paths,source_or_document,"    fullfile(root,'verification','crack_path','stage1_starting_state.csv'), ..."
verification/crack_path/main_stage1_freeze_starting_state.m,91,fixed_states_lengths,source_or_document,% Historical accepted fine-mesh fingerprint from audit Steps 19/22/23.
verification/crack_path/main_stage1_freeze_starting_state.m,179,reuse_provenance,source_or_document,% Compact persistent record: do not rely on the full solver K/U checkpoint.
verification/crack_path/main_stage1_freeze_starting_state.m,210,increment_4mm,source_or_document,"assert(abs(C.a0-.004)<1e-14,'crackpath:A0','Expected a0=4 mm.');"
verification/crack_path/main_stage1_freeze_starting_state.m,223,length_grid,source_or_document,"prev=sig(1+mod((0:n-1)-1,n));"
verification/crack_path/main_stage1_freeze_starting_state.m,224,length_grid,source_or_document,"next=sig(1+mod((0:n-1)+1,n));"
verification/crack_path/main_stage1_freeze_starting_state.m,291,length_grid,source_or_document,"ph=mod(phi0+dv,2*pi);sf=v;ok=true;"
verification/crack_path/main_stage1_freeze_starting_state.m,295,length_grid,source_or_document,"a=mod(a+pi,2*pi)-pi;"
verification/crack_path/main_tip2h0_independent_trajectory.m,7,increment_4mm,source_or_document,%   - theta_1=0 and Delta a=4 mm unchanged;
verification/crack_path/main_tip2h0_independent_trajectory.m,12,core_scale,source_or_document,%         CoreScale = 2
verification/crack_path/main_tip2h0_independent_trajectory.m,26,fixed_states_lengths,source_or_document,% Full independent P1--P23 run:
verification/crack_path/main_tip2h0_independent_trajectory.m,28,fixed_states_lengths;length_grid,source_or_document,"%       'AllowPhysicalSolves',true,'MaxSegments',23);"
verification/crack_path/main_tip2h0_independent_trajectory.m,32,fixed_states_lengths;length_grid,source_or_document,"    addParameter(ip,'MaxSegments',23,@(x)isnumeric(x)&&isscalar(x)&& ..."
verification/crack_path/main_tip2h0_independent_trajectory.m,33,length_grid,source_or_document,        isfinite(x)&&x>=2&&x==round(x));
verification/crack_path/main_tip2h0_independent_trajectory.m,45,reference_paths,source_or_document,"    frozenFile=fullfile(root,'paper','data','accepted_stage1_source.mat');"
verification/crack_path/main_tip2h0_independent_trajectory.m,55,reference_paths,source_or_document,"        outDir=fullfile(root,'verification','crack_path','tip_2h0_independent_run');"
verification/crack_path/main_tip2h0_independent_trajectory.m,66,core_scale,source_or_document,    coreScale=2;
verification/crack_path/main_tip2h0_independent_trajectory.m,67,parameter_flow,source_or_document,    farCap=0.625;
verification/crack_path/main_tip2h0_independent_trajectory.m,75,length_grid,source_or_document,"    fprintf('  max physical segment = P%d\n',opt.MaxSegments);"
verification/crack_path/main_tip2h0_independent_trajectory.m,77,core_scale,source_or_document,"    fprintf('  core scale           = %.3f * h0\n',coreScale);"
verification/crack_path/main_tip2h0_independent_trajectory.m,93,core_scale,source_or_document,"        'CoreScale',coreScale, ..."
verification/crack_path/main_tip2h0_independent_trajectory.m,95,parameter_flow,source_or_document,"        'ExteriorFarCapOverA0',farCap, ..."
verification/crack_path/main_tip2h0_independent_trajectory.m,97,parameter_flow,source_or_document,"        'ExteriorCalibration',cal, ..."
verification/crack_path/main_tip2h0_independent_trajectory.m,106,core_scale,source_or_document,"    assert(abs(F1.candidate.coreMeshControls.scale-coreScale)<=1e-14, ..."
verification/crack_path/main_tip2h0_independent_trajectory.m,107,core_scale,source_or_document,"        'tip2h0:P1CoreScale','P1 candidate does not carry CoreScale=2.');"
verification/crack_path/main_tip2h0_independent_trajectory.m,108,reuse_provenance,source_or_document,"    assert(logical(F1.candidate.exteriorMeshControls.isReferenceProductionExterior), ..."
verification/crack_path/main_tip2h0_independent_trajectory.m,114,core_scale,source_or_document,"        'coreScale',coreScale, ..."
verification/crack_path/main_tip2h0_independent_trajectory.m,115,core_scale,source_or_document,"        'hTip_mm',1e3*F1.candidate.coreMeshControls.hTip_m, ..."
verification/crack_path/main_tip2h0_independent_trajectory.m,116,parameter_flow,source_or_document,"        'farCapOverIncrement',farCap, ..."
verification/crack_path/main_tip2h0_independent_trajectory.m,137,reuse_provenance,source_or_document,"    p1Checkpoint=fullfile(p1Dir,'tip2h0_P1_physical_solved.mat');"
verification/crack_path/main_tip2h0_independent_trajectory.m,145,reuse_provenance,source_or_document,"        'CheckpointFile',p1Checkpoint, ..."
verification/crack_path/main_tip2h0_independent_trajectory.m,169,length_grid,source_or_document,"        'MaxSegments',opt.MaxSegments, ..."
verification/crack_path/main_tip2h0_independent_trajectory.m,173,core_scale,source_or_document,"        'CoreScale',coreScale, ..."
verification/crack_path/main_tip2h0_independent_trajectory.m,181,parameter_flow,source_or_document,"        'ExteriorFarCapOverIncrement',farCap, ..."
verification/crack_path/main_tip2h0_independent_trajectory.m,183,parameter_flow,source_or_document,"        'ExteriorCalibration',cal, ..."
verification/crack_path/main_tip2h0_independent_trajectory.m,195,reference_paths,source_or_document,"        'final_clean_run','path_run_state.mat');"
verification/crack_path/main_tip_core_mesh_level_comparison.m,6,core_scale,source_or_document,"%   H2 : CoreScale = 4, hTip = 0.1080493016 mm"
verification/crack_path/main_tip_core_mesh_level_comparison.m,7,core_scale,source_or_document,"%   H1 : CoreScale = 2, hTip = 0.0540246508 mm"
verification/crack_path/main_tip_core_mesh_level_comparison.m,8,increment_4mm;core_scale,source_or_document,"%   H0 : CoreScale = 1, hTip = 0.0270123254 mm"
verification/crack_path/main_tip_core_mesh_level_comparison.m,50,reference_fingerprints,source_or_document,    expectedT3=[864 3318 12678];
verification/crack_path/main_tip_core_mesh_level_comparison.m,51,fixed_states_lengths;reference_fingerprints,source_or_document,    expectedNative=[10 15 12 9;19 28 23 18;38 55 44 34];
verification/crack_path/main_tip_core_mesh_level_comparison.m,62,parameter_flow,source_or_document,"    fprintf('  common rCore = %.9f mm\n',0.75*opt.Increment_mm);"
verification/crack_path/main_tip_core_mesh_level_comparison.m,76,length_grid,source_or_document,"        rr=unique(round(rr,14));"
verification/crack_path/main_tip_core_mesh_level_comparison.m,81,reference_fingerprints,source_or_document,"        assert(isequal(native,expectedNative(i,:)), ..."
verification/crack_path/main_tip_core_mesh_level_comparison.m,100,parameter_flow,source_or_document,"        plot(ax,[-1e3*C.rCore 0],[0 0],'k-','LineWidth',0.75);"
verification/crack_path/main_tip_core_mesh_level_comparison.m,142,parameter_flow,source_or_document,"        plot(ax,[-1e3*C.rCore 0],[0 0],'k-','LineWidth',0.75);"
verification/crack_path/plot_increment_sensitivity_coarse_publication.m,6,core_scale,source_or_document,% the same dimensionless M1-exterior + CoreScale=2 numerical family.
verification/crack_path/plot_increment_sensitivity_coarse_publication.m,11,increment_4mm,source_or_document,%       4-mm crack lengths: (2 mm - 4 mm) and (1 mm - 2 mm);
verification/crack_path/plot_increment_sensitivity_coarse_publication.m,34,increment_4mm,source_or_document,"    run4=local_resolve_run_dir(root,char(opt.Run4Dir),'da_4mm');"
verification/crack_path/plot_increment_sensitivity_coarse_publication.m,54,increment_4mm,source_or_document,        fprintf('\n1-mm run is not present. Showing completed 4-mm / 2-mm comparison.\n');
verification/crack_path/plot_increment_sensitivity_coarse_publication.m,72,increment_4mm,source_or_document,    % Exact common lengths.  The 4-mm state grid is a subset of both finer
verification/crack_path/plot_increment_sensitivity_coarse_publication.m,75,length_grid,source_or_document,"    common=common(ismembertol(common,T2.crack_length_mm,1e-10,'DataScale',1));"
verification/crack_path/plot_increment_sensitivity_coarse_publication.m,76,length_grid,source_or_document,"    common=common(ismembertol(common,T1.crack_length_mm,1e-10,'DataScale',1));"
verification/crack_path/plot_increment_sensitivity_coarse_publication.m,79,length_grid,source_or_document,"    A4=local_rows_at_lengths(T4,common);"
verification/crack_path/plot_increment_sensitivity_coarse_publication.m,80,length_grid,source_or_document,"    A2=local_rows_at_lengths(T2,common);"
verification/crack_path/plot_increment_sensitivity_coarse_publication.m,81,length_grid,source_or_document,"    A1=local_rows_at_lengths(T1,common);"
verification/crack_path/plot_increment_sensitivity_coarse_publication.m,194,increment_4mm,source_or_document,"        'x_4mm_mm','y_4mm_mm','x_2mm_mm','y_2mm_mm','x_1mm_mm','y_1mm_mm', ..."
verification/crack_path/plot_increment_sensitivity_coarse_publication.m,197,increment_4mm,source_or_document,"        'q_4mm','q_2mm','q_1mm','dq_2minus4','dq_1minus2'});"
verification/crack_path/plot_increment_sensitivity_coarse_publication.m,216,increment_4mm,source_or_document,    S.level4mm=D4;
verification/crack_path/plot_increment_sensitivity_coarse_publication.m,228,increment_4mm,source_or_document,    fprintf('CRACK-INCREMENT SENSITIVITY: 4 mm / 2 mm / 1 mm\n');
verification/crack_path/plot_increment_sensitivity_coarse_publication.m,231,increment_4mm,source_or_document,"    local_print_pair('2mm - 4mm',S.twoMinusFour);"
verification/crack_path/plot_increment_sensitivity_coarse_publication.m,233,increment_4mm,source_or_document,"    local_print_level('4 mm',D4);"
verification/crack_path/plot_increment_sensitivity_coarse_publication.m,282,length_grid,source_or_document,"    common=common(ismembertol(common,T2.crack_length_mm,1e-10,'DataScale',1));"
verification/crack_path/plot_increment_sensitivity_coarse_publication.m,284,length_grid,source_or_document,"    A4=local_rows_at_lengths(T4,common);"
verification/crack_path/plot_increment_sensitivity_coarse_publication.m,285,length_grid,source_or_document,"    A2=local_rows_at_lengths(T2,common);"
verification/crack_path/plot_increment_sensitivity_coarse_publication.m,363,increment_4mm,source_or_document,"        'x_4mm_mm','y_4mm_mm','x_2mm_mm','y_2mm_mm', ..."
verification/crack_path/plot_increment_sensitivity_coarse_publication.m,364,increment_4mm,source_or_document,"        'dx_um','dy_um','dr_um','dtheta_mdeg','q_4mm','q_2mm','dq'});"
verification/crack_path/plot_increment_sensitivity_coarse_publication.m,380,increment_4mm,source_or_document,    S.level4mm=D4;
verification/crack_path/plot_increment_sensitivity_coarse_publication.m,385,increment_4mm,source_or_document,    fprintf('CRACK-INCREMENT SENSITIVITY: COMPLETED 4 mm / 2 mm VIEW\n');
verification/crack_path/plot_increment_sensitivity_coarse_publication.m,388,increment_4mm,source_or_document,"    local_print_pair('2mm - 4mm',S.twoMinusFour);"
verification/crack_path/plot_increment_sensitivity_coarse_publication.m,389,increment_4mm,source_or_document,"    local_print_level('4 mm',D4);"
verification/crack_path/plot_increment_sensitivity_coarse_publication.m,493,length_grid,source_or_document,"function T=local_rows_at_lengths(Tin,a)"
verification/crack_path/plot_m1_vs_reference_publication.m,9,fixed_states_lengths,source_or_document,"%   (d) mode-mixity histories q=KII/KI, with the P21-P22 zero-crossing."
verification/crack_path/plot_m1_vs_reference_publication.m,39,length_grid,source_or_document,        isfinite(x)&&x>=1&&x==round(x));
verification/crack_path/plot_m1_vs_reference_publication.m,49,reference_paths,source_or_document,"            'final_clean_run','path_run_state.mat');"
verification/crack_path/plot_m1_vs_reference_publication.m,105,increment_4mm,source_or_document,    % first accepted segment rather than hard-coding 4 mm.
verification/crack_path/plot_m1_vs_reference_publication.m,163,fixed_states_lengths,source_or_document,"    % P17 / actual q maximum markers (computed, not assumed)"
verification/crack_path/plot_m1_vs_reference_publication.m,366,fixed_states_lengths,source_or_document,% rather than reconstructing an unarchived 23-state history.
verification/crack_path/plot_m1_vs_reference_publication.m,400,fixed_states_lengths,source_or_document,    fprintf('  q maximum reference / M1     : P17 / P17\n');
verification/crack_path/plot_m1_vs_reference_publication.m,435,reference_paths,source_or_document,"    csvFile=fullfile(root,'paper','data','accepted_states.csv');"
verification/crack_path/plot_m1_vs_reference_publication.m,452,reference_paths,source_or_document,    source='paper/data/accepted_states.csv + evidence.json';
verification/crack_path/plot_tip2h0_vs_reference_publication.m,10,fixed_states_lengths,source_or_document,"%   (d) mode-mixity histories q=KII/KI, with the P21-P22 zero-crossing."
verification/crack_path/plot_tip2h0_vs_reference_publication.m,40,length_grid,source_or_document,        isfinite(x)&&x>=1&&x==round(x));
verification/crack_path/plot_tip2h0_vs_reference_publication.m,50,reference_paths,source_or_document,"            'final_clean_run','path_run_state.mat');"
verification/crack_path/plot_tip2h0_vs_reference_publication.m,58,reference_paths,source_or_document,"            'tip_2h0_independent_run','trajectory','path_run_state.mat');"
verification/crack_path/plot_tip2h0_vs_reference_publication.m,97,increment_4mm,source_or_document,    % first accepted segment rather than hard-coding 4 mm.
verification/crack_path/plot_tip2h0_vs_reference_publication.m,119,fixed_states_lengths,source_or_document,"    assert(kmax>=23,'tip2h0fig:IncompleteHistory', ..."
verification/crack_path/plot_tip2h0_vs_reference_publication.m,120,fixed_states_lengths,source_or_document,        'Publication comparison requires accepted histories through P23.');
verification/crack_path/plot_tip2h0_vs_reference_publication.m,122,fixed_states_lengths,source_or_document,        'Expected positive mode-mixity maximum at P17 in both histories.');
verification/crack_path/plot_tip2h0_vs_reference_publication.m,126,fixed_states_lengths,source_or_document,"        'tip2h0fig:LateStatesMissing','P21/P22 are required.');"
verification/crack_path/plot_tip2h0_vs_reference_publication.m,129,fixed_states_lengths,source_or_document,        'P21-P22 mode-mixity sign bracket must be preserved.');
verification/crack_path/plot_tip2h0_vs_reference_publication.m,170,fixed_states_lengths,source_or_document,"    % P17 / actual q maximum markers (computed, not assumed)"
verification/crack_path/plot_tip2h0_vs_reference_publication.m,375,fixed_states_lengths,source_or_document,% accepted P1--P23 run log.  The CSV stores solved states and tip coordinates.
verification/crack_path/plot_tip2h0_vs_reference_publication.m,436,reference_paths,source_or_document,"    csvFile=fullfile(root,'paper','data','accepted_states.csv');"
verification/crack_path/plot_tip2h0_vs_reference_publication.m,453,reference_paths,source_or_document,    source='paper/data/accepted_states.csv + evidence.json';
verification/crack_path/profiling/fast/fast_edi_probe.json,1,reference_fingerprints,source_or_document,"{""fixtureCases"":24,""bitwiseIdentical"":true,""pairedSeconds"":[[4.5065099,3.2569487],[4.5213413,3.221719],[4.5281555,3.2650828]],""medianSeconds"":[4.5213413,3.2569487],""speedup"":1.3882138518178071,""KI"":0.52140232836718392,""KII"":0.00026915450747619704,""support"":11316}"
verification/crack_path/README.md,69,fixed_states_lengths,source_or_document,The accepted fine Stage-I result from audit Steps 19/22/23 is
verification/crack_path/README.md,130,reference_paths,source_or_document,- `verification/crack_path/stage1_starting_state.mat`;
verification/crack_path/README.md,131,reference_paths,source_or_document,- `verification/crack_path/stage1_starting_state.csv`;
verification/crack_path/README.md,138,increment_4mm,source_or_document,The next task is to construct the `theta=0` 4-mm trial crack and qualify an
verification/crack_path/README.md,142,increment_4mm,source_or_document,Only after that 4-mm EDI geometry/extraction gate passes will we compute the
verification/crack_path/README.md,162,fixed_states_lengths,source_or_document,See [TIP_COARSENING_H1.md](TIP_COARSENING_H1.md) for the guarded fixed-geometry H1 = 2 hTip qualification experiment around the P21--P22 local-symmetry bracket.
verification/crack_path/README.md,177,core_scale,source_or_document,See [CRACK_INCREMENT_SENSITIVITY_COARSE.md](CRACK_INCREMENT_SENSITIVITY_COARSE.md) for the guarded 4/2/1-mm trajectory convergence study on the common M1 exterior + `CoreScale=2` dimensionless coarse family.
verification/crack_path/STAGE3A.md,12,increment_4mm,source_or_document,- length: 4 mm;
verification/crack_path/STAGE3A.md,21,increment_4mm,source_or_document,- length: 4 mm;
verification/crack_path/STAGE3A.md,27,increment_4mm,source_or_document,"    P1 = P0 + 4 mm * e1,"
verification/crack_path/STAGE3A.md,28,increment_4mm,source_or_document,    P2 = P1 + 4 mm * e1.
verification/crack_path/STAGE3A.md,37,increment_4mm,source_or_document,"(4 mm), not by the total 8-mm crack length:"
verification/crack_path/STAGE3A.md,40,increment_4mm,source_or_document,- hTip = 0.0270123254 mm;
verification/crack_path/STAGE3A.md,41,increment_4mm,source_or_document,- EDI inner radius = 0.10 Delta a = 0.4 mm;
verification/crack_path/STAGE3A.md,47,increment_4mm,source_or_document,The previous tip P1 is 4 mm behind the new tip P2 and must therefore lie
verification/crack_path/STAGE3A.md,57,increment_4mm,source_or_document,- exact 4-mm first and second leg lengths;
verification/crack_path/STAGE3A.md,70,reference_fingerprints,source_or_document,- exact native COD sampling fingerprint 38/55/44/34;
verification/crack_path/STAGE3B.md,10,increment_4mm,source_or_document,"- first leg: 4 mm, theta_1 = 0 deg in the frozen Stage-I local frame;"
verification/crack_path/STAGE3B.md,11,increment_4mm,source_or_document,"- second leg: 4 mm, theta_2 = 0 deg;"
verification/crack_path/STAGE3B.md,22,increment_4mm,source_or_document,"The current propagation increment remains Delta a = 4 mm, even though the"
verification/crack_path/STAGE3B.md,27,increment_4mm,source_or_document,- r_inner = 0.10 Delta a = 0.4 mm;
verification/crack_path/STAGE3B.md,45,reuse_provenance,source_or_document,- checkpoint the physical displacement field before any COD/EDI/MTS
verification/crack_path/STAGE3B.md,48,reuse_provenance,source_or_document,A valid exact checkpoint is reused without another physical solve.
verification/crack_path/STAGE3B.md,60,reference_fingerprints,source_or_document,- current-increment COD sampling: 38 / 55 / 44 / 34.
verification/crack_path/STAGE3B.md,110,reuse_provenance,source_or_document,The physical checkpoint is written to
verification/crack_path/STAGE3C.md,11,increment_4mm,source_or_document,- the SIFs at the end of that 4-mm first segment determine theta_2 by MTS.
verification/crack_path/STAGE3C.md,27,increment_4mm,source_or_document,The physical second-leg turn is extremely small. Over a 4-mm increment it
verification/crack_path/STAGE3C.md,74,parameter_flow,source_or_document,"- the paired core intersects the last segment at [-rCore,0];"
verification/crack_path/STAGE3C.md,76,parameter_flow,source_or_document,"      mouth -> all previous path vertices -> [-rCore,0]."
verification/crack_path/STAGE3C.md,107,increment_4mm,source_or_document,The current increment remains Delta a = 4 mm:
verification/crack_path/STAGE3C.md,109,increment_4mm,source_or_document,- hTip = 0.0270123254 mm;
verification/crack_path/STAGE3C.md,110,increment_4mm;parameter_flow,source_or_document,- rInner = 0.4 mm;
verification/crack_path/STAGE3C.md,111,parameter_flow,source_or_document,- rOuter = 2.6 mm;
verification/crack_path/STAGE3C.md,112,parameter_flow,source_or_document,- rCore = 3.0 mm;
verification/crack_path/STAGE3C.md,116,increment_4mm,source_or_document,The previous tip is 4 mm from the current tip and must remain outside both the
verification/crack_path/STAGE3C.md,132,parameter_flow,source_or_document,- previous tip outside rCore and rOuter;
verification/crack_path/STAGE3C.md,134,reference_fingerprints,source_or_document,- exact 38/55/44/34 near-tip sampling fingerprint;
verification/crack_path/STAGE3D.md,9,increment_4mm,source_or_document,- first leg: Delta a = 4 mm at theta_1 = 0 deg;
verification/crack_path/STAGE3D.md,10,increment_4mm,source_or_document,- second leg: Delta a = 4 mm at theta_2 determined from the accepted P1 SIFs.
verification/crack_path/STAGE3D.md,47,reference_fingerprints,source_or_document,- native COD windows: 38 / 55 / 44 / 34 points.
verification/crack_path/STAGE3D.md,69,reuse_provenance,source_or_document,## Checkpoint rule
verification/crack_path/STAGE3D.md,71,reuse_provenance,source_or_document,"The physical field is checkpointed **before any COD, EDI, or MTS"
verification/crack_path/STAGE3D.md,74,reuse_provenance,source_or_document,The checkpoint is accepted only when all of the following match the current
verification/crack_path/STAGE3D.md,77,reuse_provenance,source_or_document,- Stage III-D checkpoint label;
verification/crack_path/STAGE3D.md,89,reuse_provenance,source_or_document,A valid checkpoint is reused without a second physical solve.
verification/crack_path/STAGE3D.md,91,reuse_provenance,source_or_document,Default checkpoint:
verification/crack_path/STAGE3D.md,120,increment_4mm,source_or_document,    r_inner = 0.10 Delta a = 0.4 mm
verification/crack_path/STAGE3D.md,193,increment_4mm,source_or_document,4-mm segment. The next stage should construct and qualify
verification/crack_path/SYMMETRIC_PATH_STABILITY.md,20,increment_4mm,source_or_document,- crack increment: `Delta a = 4 mm`;
verification/crack_path/SYMMETRIC_PATH_STABILITY.md,84,increment_4mm,source_or_document,The result is only a local stability statement for the chosen `4 mm`
verification/crack_path/test_incremental_fast_edi.m,4,reuse_provenance,source_or_document,"addParameter(ip,'CheckpointFile','',@(x)ischar(x)||isstring(x));"
verification/crack_path/test_incremental_fast_edi.m,30,reuse_provenance,source_or_document,file=char(ip.Results.CheckpointFile);
verification/crack_path/test_incremental_fast_edi.m,39,reference_fingerprints,source_or_document,"    assert(isequaln([ki,kii],[kf,kff])&&isequaln(a,b)&&a.nElem_used==11316);"
verification/crack_path/test_incremental_fast_edi.m,42,length_grid,source_or_document,"        order=[1,2];if mod(j,2)==0,order=[2,1];end"
verification/crack_path/TIP_2H0_INDEPENDENT_TRAJECTORY.md,17,increment_4mm,source_or_document,"- fixed crack increment, `Delta a = 4 mm`;"
verification/crack_path/TIP_2H0_INDEPENDENT_TRAJECTORY.md,19,parameter_flow,source_or_document,- paired-core radius `rCore = 3 mm`;
verification/crack_path/TIP_2H0_INDEPENDENT_TRAJECTORY.md,20,increment_4mm;parameter_flow,source_or_document,"- EDI radii `rInner = 0.4 mm`, `rOuter = 2.6 mm`;"
verification/crack_path/TIP_2H0_INDEPENDENT_TRAJECTORY.md,28,increment_4mm,source_or_document,- production tip scale `h0 = 0.0270123254 mm`;
verification/crack_path/TIP_2H0_INDEPENDENT_TRAJECTORY.md,30,reference_fingerprints,source_or_document,- paired-core T3 fingerprint `12678 -> 3318`;
verification/crack_path/TIP_2H0_INDEPENDENT_TRAJECTORY.md,31,reference_fingerprints,source_or_document,- production EDI support fingerprint `11316 -> 2976`;
verification/crack_path/TIP_2H0_INDEPENDENT_TRAJECTORY.md,32,fixed_states_lengths;reference_fingerprints,source_or_document,- native COD sampling `38/55/44/34 -> 19/28/23/18`.
verification/crack_path/TIP_2H0_INDEPENDENT_TRAJECTORY.md,35,fixed_states_lengths,source_or_document,tests at P21 and P22.
verification/crack_path/TIP_2H0_INDEPENDENT_TRAJECTORY.md,42,core_scale,source_or_document,1. P1 is rebuilt with `CoreScale = 2` and the reference exterior law.
verification/crack_path/TIP_2H0_INDEPENDENT_TRAJECTORY.md,67,fixed_states_lengths,source_or_document,## Phase 2 — independent P1--P23 trajectory
verification/crack_path/TIP_2H0_INDEPENDENT_TRAJECTORY.md,74,fixed_states_lengths;length_grid,source_or_document,"    'MaxSegments', 23, ..."
verification/crack_path/TIP_2H0_INDEPENDENT_TRAJECTORY.md,83,reference_paths,source_or_document,verification/crack_path/tip_2h0_independent_run/
verification/crack_path/TIP_2H0_INDEPENDENT_TRAJECTORY.md,97,fixed_states_lengths,source_or_document,- whether the positive mode-mixity maximum remains at P17;
verification/crack_path/TIP_2H0_INDEPENDENT_TRAJECTORY.md,98,fixed_states_lengths,source_or_document,- whether P21 remains positive and P22 negative in `KII/KI`;
verification/crack_path/TIP_2H0_INDEPENDENT_TRAJECTORY.md,99,fixed_states_lengths,source_or_document,- whether the turning-sense reversal remains bracketed by P21--P22;
verification/crack_path/TIP_2H0_INDEPENDENT_TRAJECTORY.md,110,fixed_states_lengths,source_or_document,## Completed P23 result
verification/crack_path/TIP_2H0_INDEPENDENT_TRAJECTORY.md,113,fixed_states_lengths,source_or_document,`P23` with the reference exterior law retained and no reference-path vertex
verification/crack_path/TIP_2H0_INDEPENDENT_TRAJECTORY.md,118,fixed_states_lengths,source_or_document,- positive mode-mixity maximum: `P17` for both trajectories;
verification/crack_path/TIP_2H0_INDEPENDENT_TRAJECTORY.md,119,fixed_states_lengths,source_or_document,- sign-change bracket: `P21` positive and `P22` negative for both;
verification/crack_path/TIP_2H0_INDEPENDENT_TRAJECTORY.md,155,fixed_states_lengths,source_or_document,"The table contains the accepted P1--P23 tip coordinates, absolute directions,"
verification/crack_path/TIP_COARSENING_H1.md,10,core_scale,source_or_document,- `CoreScale = 1`;
verification/crack_path/TIP_COARSENING_H1.md,11,increment_4mm,source_or_document,- `hTip = 0.0270123254 mm`.
verification/crack_path/TIP_COARSENING_H1.md,15,core_scale,source_or_document,- `CoreScale = 2`;
verification/crack_path/TIP_COARSENING_H1.md,20,increment_4mm,source_or_document,- crack increment: 4 mm;
verification/crack_path/TIP_COARSENING_H1.md,21,increment_4mm;parameter_flow,source_or_document,- `rInner = 0.4 mm`;
verification/crack_path/TIP_COARSENING_H1.md,22,parameter_flow,source_or_document,- `rOuter = 2.6 mm`;
verification/crack_path/TIP_COARSENING_H1.md,23,parameter_flow,source_or_document,- `rCore = 3.0 mm`;
verification/crack_path/TIP_COARSENING_H1.md,30,fixed_states_lengths,source_or_document,The default fixed states are P21 and P22 because they bracket the accepted
verification/crack_path/TIP_COARSENING_H1.md,41,fixed_states_lengths,source_or_document,- native COD counts in the four established windows: 19/28/23/18.
verification/crack_path/TIP_COARSENING_H1.md,72,fixed_states_lengths,source_or_document,Do not authorize physical solves unless both P21 and P22 pass every structural
verification/crack_path/TIP_COARSENING_H1.md,99,core_scale,source_or_document,"- H2: `hTip = 0.1080493016 mm`, `CoreScale = 4`;"
verification/crack_path/TIP_COARSENING_H1.md,100,core_scale,source_or_document,"- H1: `hTip = 0.0540246508 mm`, `CoreScale = 2`;"
verification/crack_path/TIP_COARSENING_H1.md,101,increment_4mm;core_scale,source_or_document,"- H0: `hTip = 0.0270123254 mm`, `CoreScale = 1`."
verification/crack_path/TIP_REFINEMENT_H2.md,8,fixed_states_lengths,source_or_document,"The accepted crack geometries at P17 and P22 are held fixed. Their vertices,"
verification/crack_path/TIP_REFINEMENT_H2.md,10,reference_paths,source_or_document,committed audited snapshot `paper/data/evidence_exact.mat`; the diagnostic does
verification/crack_path/TIP_REFINEMENT_H2.md,11,reference_paths,source_or_document,not require the uncommitted `final_clean_run` archive. Only the
verification/crack_path/TIP_REFINEMENT_H2.md,21,increment_4mm,source_or_document,- DeltaA = 4 mm;
verification/crack_path/TIP_REFINEMENT_H2.md,22,increment_4mm,source_or_document,- hTip = 0.0270123254 mm;
verification/crack_path/TIP_REFINEMENT_H2.md,25,reference_fingerprints,source_or_document,- native COD counts = 38/55/44/34.
verification/crack_path/TIP_REFINEMENT_H2.md,39,increment_4mm,source_or_document,- DeltaA = 4 mm;
verification/crack_path/TIP_REFINEMENT_H2.md,40,increment_4mm;parameter_flow,source_or_document,- rInner = 0.4 mm;
verification/crack_path/TIP_REFINEMENT_H2.md,41,parameter_flow,source_or_document,- rOuter = 2.6 mm;
verification/crack_path/TIP_REFINEMENT_H2.md,42,parameter_flow,source_or_document,- rCore = 3.0 mm;
verification/crack_path/TIP_REFINEMENT_H2.md,50,fixed_states_lengths,source_or_document,## Why P17 and P22
verification/crack_path/TIP_REFINEMENT_H2.md,52,fixed_states_lengths,source_or_document,P17 is the accepted state with maximum positive KII/KI.
verification/crack_path/TIP_REFINEMENT_H2.md,54,fixed_states_lengths,source_or_document,P22 is the first accepted state with negative KII/KI.
verification/sif_audit/AUDIT_CLOSURE.md,153,reuse_provenance,source_or_document,"8. Checkpoint the physical displacement field immediately after the linear solve, before COD/EDI postprocessing."
verification/sif_audit/build_crack_path_polyline_LEFM_mesh.m,36,length_grid,source_or_document,"    ncoh = max(1, round(C.ncoh));"
verification/sif_audit/build_graded_ring_crack_mesh.m,41,length_grid,source_or_document,Ntheta=round(S.Ntheta);
verification/sif_audit/build_graded_ring_crack_mesh.m,42,length_grid,source_or_document,"if mod(Ntheta,2)~=0, error('Ntheta must be even.'); end"
verification/sif_audit/build_graded_ring_crack_mesh.m,50,length_grid,source_or_document,"Nr=max(2,round(log(S.r1/S.r0)/log(qtarget)));"
verification/sif_audit/build_graded_ring_crack_mesh.m,98,length_grid,source_or_document,"        NhL=max(4,round(Nh/S.LowerCoarsenFactor));"
verification/sif_audit/build_graded_ring_crack_mesh.m,228,length_grid,source_or_document,"    nseg=Nh + mod(j-1,2);"
verification/sif_audit/build_graded_ring_crack_mesh.m,305,length_grid,source_or_document,i=floor(z); j=ceil(z);
verification/sif_audit/build_literal_ring_lattice.m,23,length_grid,source_or_document,N=round(S.Ntheta);
verification/sif_audit/build_literal_ring_lattice.m,24,length_grid,source_or_document,"if mod(N,2)~=0, error('Ntheta must be even.'); end"
verification/sif_audit/build_literal_ring_lattice.m,28,length_grid,source_or_document,"Nr=max(2,round(log(S.r1/S.r0)/log(qeq)));"
verification/sif_audit/build_literal_ring_lattice.m,37,length_grid,source_or_document,"    phase=mod(j-1,2)*dth/2;"
verification/sif_audit/build_literal_ring_lattice.m,52,length_grid,source_or_document,"    if mod(j-1,2)==0"
verification/sif_audit/build_literal_ring_lattice.m,54,length_grid,source_or_document,"            kp=mod(k,N)+1;"
verification/sif_audit/build_literal_ring_lattice.m,60,length_grid,source_or_document,"            kp=mod(k,N)+1;"
verification/sif_audit/build_literal_ring_lattice.m,121,length_grid,source_or_document,i=floor(z); j=ceil(z);
verification/sif_audit/build_step62_graded_exterior.m,13,length_grid,source_or_document,"xy=X(oldIDs,:);[~,ix,group]=unique(round(xy/1e-12),'rows','stable');"
verification/sif_audit/build_step62_graded_exterior.m,19,length_grid,source_or_document,"inner=Zp(unique(PE(:)),:);[~,ix]=unique(round(inner/1e-12),'rows','stable');inner=inner(ix,:);"
verification/sif_audit/build_step62_graded_exterior.m,27,length_grid,source_or_document,nCut=ceil((a0-rp)/(design.scale*(design.hBase_m+design.slope*rp)));
verification/sif_audit/build_step62_graded_exterior.m,44,length_grid,source_or_document,"    n=max(6,6*ceil(2*pi*radial/hh/6));"
verification/sif_audit/build_step62_graded_exterior.m,81,length_grid,source_or_document,"[~,ix,group]=unique(round(Q/1e-12),'rows','stable');Q=Q(ix,:);C=group(C);"
verification/sif_audit/build_step62_graded_exterior.m,160,length_grid,source_or_document,"    Q=[Q;add];[~,ix,group]=unique(round(Q/1e-12),'rows','stable');Q=Q(ix,:);C=group(C);"
verification/sif_audit/build_step62_graded_exterior.m,174,parameter_flow,source_or_document,"    'slopeTransitionLength_m',cal.transitionLength_m, ..."
verification/sif_audit/build_step62_graded_exterior.m,193,parameter_flow,source_or_document,"cal=struct('transitionLength_m',.008,'farSlope',.15, ..."
verification/sif_audit/build_step62_graded_exterior.m,201,parameter_flow,source_or_document,"        assert(isfield(cal,names{k}),'step62:UnknownExteriorCalibration', ..."
verification/sif_audit/build_step62_graded_exterior.m,206,parameter_flow,source_or_document,assert(cal.transitionLength_m>0&&cal.farSlope>0&& ...
verification/sif_audit/build_step62_graded_exterior.m,213,parameter_flow,source_or_document,"t=max(0,r-rp);L=cal.transitionLength_m;cap=scale*.005-hRp;"
verification/sif_audit/build_step62_graded_exterior.m,222,length_grid,source_or_document,"for k=1:3,j=mod(k,3)+1;l=mod(k+1,3)+1;"
verification/sif_audit/build_step62_structured_patch.m,26,length_grid,source_or_document,nBands=ceil(metricSpan/(radialFactor*scale));ds=metricSpan/nBands;
verification/sif_audit/build_step62_structured_patch.m,31,length_grid,source_or_document,nTheta=3*ceil(pi*rings./h/3);nTheta(1)=3;
verification/sif_audit/build_step62_structured_patch.m,32,length_grid,source_or_document,"assert(all(diff(nTheta)>=0)&&all(mod(nTheta,3)==0));"
verification/sif_audit/build_step62_structured_patch.m,58,length_grid,source_or_document,"                    advanceInner=mod(j+sector+i+l,2)==0;"
verification/sif_audit/cfg_crack_path_two_leg_control.m,72,length_grid,source_or_document,    C.ncoh       = round(S.ncoh);
verification/sif_audit/cut_negative_x_ray_t3.m,84,length_grid,source_or_document,"    a = ids(k); b = ids(mod(k,3)+1);"
verification/sif_audit/flip_literal_cut_mesh_lower_diagonals.m,99,length_grid,source_or_document,"th=mod(atan2(mid(:,2),mid(:,1))+2*pi,2*pi);"
verification/sif_audit/flip_literal_cut_mesh_lower_diagonals.m,105,length_grid,source_or_document,"score=mod((1:nCandidate)'*phi,1);"
verification/sif_audit/flip_literal_cut_mesh_lower_diagonals.m,124,length_grid,source_or_document,nTake=round(fraction*nEligible);
verification/sif_audit/flip_literal_cut_mesh_lower_diagonals.m,257,length_grid,source_or_document,"    d=X(T(:,j),:)-X(T(:,mod(j,3)+1),:);"
verification/sif_audit/flip_literal_cut_mesh_lower_diagonals.m,283,length_grid,source_or_document,i=floor(z); j=ceil(z);
verification/sif_audit/main_step11_production_symmetry_parity.m,91,parameter_flow,source_or_document,"rInner=nan(nT,nR);"
verification/sif_audit/main_step11_production_symmetry_parity.m,116,parameter_flow,source_or_document,"            rInner(it,ir)=Rcmp.domain_EDI.r_inner;"
verification/sif_audit/main_step11_production_symmetry_parity.m,191,parameter_flow,source_or_document,"            rInner(it,ir),hTip(it),double(valid(it))];"
verification/sif_audit/main_step11_production_symmetry_parity.m,226,length_grid,source_or_document,"a=mod(a+pi,2*pi)-pi;"
verification/sif_audit/main_step12_stage1_mesh_refinement_audit.m,43,length_grid,source_or_document,Nlist=round(O.NpolyList(:));
verification/sif_audit/main_step12_stage1_mesh_refinement_audit.m,210,length_grid,source_or_document,"a=mod(a+pi,2*pi)-pi;"
verification/sif_audit/main_step13_compare_stage1_stress_estimators.m,45,length_grid,source_or_document,Nlist=round(O.NpolyList(:));
verification/sif_audit/main_step13_compare_stage1_stress_estimators.m,253,length_grid,source_or_document,"a=mod(a+pi,2*pi)-pi;"
verification/sif_audit/main_step14_stage1_offset_sensitivity.m,58,length_grid,source_or_document,Nlist=round(O.NpolyList(:));
verification/sif_audit/main_step14_stage1_offset_sensitivity.m,303,length_grid,source_or_document,"a=mod(a+pi,2*pi)-pi;"
verification/sif_audit/main_step15_stage1_redesign_preflight.m,141,length_grid,source_or_document,"a=mod(a+pi,2*pi)-pi;"
verification/sif_audit/main_step16_stage1_angular_window_audit.m,41,length_grid,source_or_document,Nlist=round(O.NpolyList(:));
verification/sif_audit/main_step16_stage1_angular_window_audit.m,226,length_grid,source_or_document,"F.phiStar=mod(phiCenter+dv,2*pi);"
verification/sif_audit/main_step16_stage1_angular_window_audit.m,247,length_grid,source_or_document,"a=mod(a+pi,2*pi)-pi;"
verification/sif_audit/main_step17_centered_half_domain_verification.m,34,length_grid,source_or_document,Nlist=round(O.NpolyList(:));
verification/sif_audit/main_step17_centered_half_domain_verification.m,88,length_grid,source_or_document,"    sigF=interp1(phiFs,sigFs,phiH,'linear');"
verification/sif_audit/main_step17_centered_half_domain_verification.m,250,length_grid,source_or_document,"a=mod(a+pi,2*pi)-pi;"
verification/sif_audit/main_step17_centered_half_domain_verification.m,290,length_grid,source_or_document,"    sf=interp1(pfs,sfs,ph,'linear');"
verification/sif_audit/main_step18_centered_half_stage2_symmetry.m,29,length_grid,source_or_document,Nlist=round(O.NpolyList(:));
verification/sif_audit/main_step18_centered_half_stage2_symmetry.m,220,parameter_flow,source_or_document,Out.rOuterOverA0=rRat;
verification/sif_audit/main_step18_centered_half_stage2_symmetry.m,223,parameter_flow,source_or_document,Out.rInner=rin;
verification/sif_audit/main_step19_asymmetric_stage1_validation.m,32,length_grid,source_or_document,Nlist=round(O.NpolyList(:));
verification/sif_audit/main_step19_asymmetric_stage1_validation.m,208,length_grid,source_or_document,"prev=sig(1+mod((0:n-1)-1,n));"
verification/sif_audit/main_step19_asymmetric_stage1_validation.m,209,length_grid,source_or_document,"next=sig(1+mod((0:n-1)+1,n));"
verification/sif_audit/main_step19_asymmetric_stage1_validation.m,289,length_grid,source_or_document,"F.phiStar=mod(phi0+dv,2*pi);"
verification/sif_audit/main_step19_asymmetric_stage1_validation.m,295,length_grid,source_or_document,"a=mod(a+pi,2*pi)-pi;"
verification/sif_audit/main_step19b_asymmetric_peak_hierarchy.m,125,length_grid,source_or_document,"prev=sig(1+mod((0:n-1)-1,n));"
verification/sif_audit/main_step19b_asymmetric_peak_hierarchy.m,126,length_grid,source_or_document,"next=sig(1+mod((0:n-1)+1,n));"
verification/sif_audit/main_step19b_asymmetric_peak_hierarchy.m,243,length_grid,source_or_document,"F.phiStar=mod(phi0+dv,2*pi);"
verification/sif_audit/main_step19b_asymmetric_peak_hierarchy.m,249,length_grid,source_or_document,"a=mod(a+pi,2*pi)-pi;"
verification/sif_audit/main_step20_asymmetric_stage2_probe.m,37,length_grid,source_or_document,C.hole.npoly=round(O.Npoly);
verification/sif_audit/main_step20_asymmetric_stage2_probe.m,135,length_grid,source_or_document,"        KIroot=interp1(thetaRad,k,rootBracket,'linear');"
verification/sif_audit/main_step20_asymmetric_stage2_probe.m,187,parameter_flow,source_or_document,Out.rOuterOverA0=rRat;
verification/sif_audit/main_step20_asymmetric_stage2_probe.m,190,parameter_flow,source_or_document,Out.rInner=rIn;
verification/sif_audit/main_step20_asymmetric_stage2_probe.m,277,length_grid,source_or_document,"a=mod(a+pi,2*pi)-pi;"
verification/sif_audit/main_step21_asymmetric_initiation_perturbation.m,37,parameter_flow,source_or_document,rRat=O20.rOuterOverA0(:).';
verification/sif_audit/main_step21_asymmetric_initiation_perturbation.m,87,length_grid,source_or_document,"    I.phi_star=mod(phi,2*pi);"
verification/sif_audit/main_step21_asymmetric_initiation_perturbation.m,208,parameter_flow,source_or_document,Out.rInner=rIn;
verification/sif_audit/main_step21_asymmetric_initiation_perturbation.m,226,length_grid,source_or_document,"q=mod(phi,2*pi);"
verification/sif_audit/main_step21_asymmetric_initiation_perturbation.m,227,length_grid,source_or_document,"sig=interp1([ph-2*pi;ph;ph+2*pi],[y;y;y],q,'linear');"
verification/sif_audit/main_step22_asymmetric_length_sensitivity.m,14,increment_4mm,source_or_document,"%   - Npoly=240,a0=0.004 Step-20 result as reference only."
verification/sif_audit/main_step22_asymmetric_length_sensitivity.m,47,length_grid,source_or_document,C.hole.npoly=round(O.Npoly);
verification/sif_audit/main_step22_asymmetric_length_sensitivity.m,72,parameter_flow,source_or_document,"rInner=nan(nA,nR);"
verification/sif_audit/main_step22_asymmetric_length_sensitivity.m,92,parameter_flow,source_or_document,"        [~,oldR]=min(abs(O20.rOuterOverA0-0.65));"
verification/sif_audit/main_step22_asymmetric_length_sensitivity.m,125,parameter_flow,source_or_document,        rOuter=ratios(ir)*Ck.a0;
verification/sif_audit/main_step22_asymmetric_length_sensitivity.m,126,parameter_flow,source_or_document,"        rin=max(0.1*rOuter,2*H.median);"
verification/sif_audit/main_step22_asymmetric_length_sensitivity.m,127,parameter_flow,source_or_document,        if rin>=rOuter
verification/sif_audit/main_step22_asymmetric_length_sensitivity.m,130,parameter_flow,source_or_document,"                Ck.a0,ratios(ir),rin/rOuter);"
verification/sif_audit/main_step22_asymmetric_length_sensitivity.m,132,parameter_flow,source_or_document,        if rin/rOuter>0.7
verification/sif_audit/main_step22_asymmetric_length_sensitivity.m,135,parameter_flow,source_or_document,"                Ck.a0,ratios(ir),rin/rOuter);"
verification/sif_audit/main_step22_asymmetric_length_sensitivity.m,140,parameter_flow,source_or_document,"            struct('r_inner',rin,'r_outer',rOuter), ..."
verification/sif_audit/main_step22_asymmetric_length_sensitivity.m,144,parameter_flow,source_or_document,"        rInner(ia,ir)=rin;"
verification/sif_audit/main_step22_asymmetric_length_sensitivity.m,148,parameter_flow,source_or_document,"            ratios(ir),rin/rOuter,KI(ia,ir), ..."
verification/sif_audit/main_step22_asymmetric_length_sensitivity.m,163,parameter_flow,source_or_document,"            hTip(ia)/aList(ia),rInner(ia,ir)/(ratios(ir)*aList(ia))];"
verification/sif_audit/main_step22_asymmetric_length_sensitivity.m,193,parameter_flow,source_or_document,"        [d,j]=min(abs(O20.rOuterOverA0-ratios(ir)));"
verification/sif_audit/main_step22_asymmetric_length_sensitivity.m,204,increment_4mm,source_or_document,fprintf('\nMATCHED LENGTH a0=0.004: MESH AND INITIATION-ANGLE CHANGE\n');
verification/sif_audit/main_step22_asymmetric_length_sensitivity.m,227,parameter_flow,source_or_document,Out.rOuterOverA0=ratios;
verification/sif_audit/main_step22_asymmetric_length_sensitivity.m,230,parameter_flow,source_or_document,Out.rInner=rInner;
verification/sif_audit/main_step22_asymmetric_length_sensitivity.m,247,length_grid,source_or_document,"a=mod(a+pi,2*pi)-pi;"
verification/sif_audit/main_step23_asymmetric_fixed_mouth_convergence.m,6,increment_4mm,source_or_document,"% At a0=4,8 mm, compare:"
verification/sif_audit/main_step23_asymmetric_fixed_mouth_convergence.m,27,length_grid,source_or_document,    @(v)isnumeric(v)&&isvector(v)&&all(v>=32)&&all(v==round(v)));
verification/sif_audit/main_step23_asymmetric_fixed_mouth_convergence.m,29,length_grid,source_or_document,    @(v)isnumeric(v)&&isscalar(v)&&v>=120&&v==round(v));
verification/sif_audit/main_step23_asymmetric_fixed_mouth_convergence.m,36,parameter_flow,source_or_document,"        ~isfield(O22,'rOuterOverA0')"
verification/sif_audit/main_step23_asymmetric_fixed_mouth_convergence.m,49,parameter_flow,source_or_document,rRat=O22.rOuterOverA0(:).';
verification/sif_audit/main_step23_asymmetric_fixed_mouth_convergence.m,70,parameter_flow,source_or_document,"rInner=nan(nA,nG,2,nR);"
verification/sif_audit/main_step23_asymmetric_fixed_mouth_convergence.m,77,fixed_states_lengths,source_or_document,fprintf('SIF AUDIT STEP 23: FIXED-MOUTH GEOMETRY AND MESH CONVERGENCE\n');
verification/sif_audit/main_step23_asymmetric_fixed_mouth_convergence.m,97,parameter_flow,source_or_document,"                rInner(ia,ig,imesh,:)=reshape(O22.rInner(idxCache,:),[1 1 1 nR]);"
verification/sif_audit/main_step23_asymmetric_fixed_mouth_convergence.m,158,parameter_flow,source_or_document,"                rInner(ia,ig,imesh,ir)=rin;"
verification/sif_audit/main_step23_asymmetric_fixed_mouth_convergence.m,180,parameter_flow,source_or_document,"                    k1,k2,k2/k1,rInner(ia,ig,imesh,ir)/(rRat(ir)*aList(ia)), ..."
verification/sif_audit/main_step23_asymmetric_fixed_mouth_convergence.m,224,fixed_states_lengths,source_or_document,"    figure('Name','Step 23: fixed-mouth polygon convergence','Color','w');"
verification/sif_audit/main_step23_asymmetric_fixed_mouth_convergence.m,244,parameter_flow,source_or_document,Out.rOuterOverA0=rRat;
verification/sif_audit/main_step23_asymmetric_fixed_mouth_convergence.m,247,parameter_flow,source_or_document,Out.rInner=rInner;
verification/sif_audit/main_step23_asymmetric_fixed_mouth_convergence.m,253,fixed_states_lengths,source_or_document,fprintf('\nSTEP 23 completed.\n');
verification/sif_audit/main_step23_asymmetric_fixed_mouth_convergence.m,260,length_grid,source_or_document,"a=mod(a+pi,2*pi)-pi;"
verification/sif_audit/main_step24_fixed_geometry_FE_refinement.m,3,fixed_states_lengths,source_or_document,% Focused verification of the 8-mm residual revealed in Step 23.
verification/sif_audit/main_step24_fixed_geometry_FE_refinement.m,11,fixed_states_lengths,source_or_document,"% The previous Step-23 MATLAB diagnostic error was after all solves,"
verification/sif_audit/main_step24_fixed_geometry_FE_refinement.m,20,length_grid,source_or_document,"addParameter(p,'NArc',480,@(x)isnumeric(x)&&isscalar(x)&&x>=32&&x==round(x));"
verification/sif_audit/main_step24_fixed_geometry_FE_refinement.m,33,parameter_flow,source_or_document,rat=O22.rOuterOverA0(:).';
verification/sif_audit/main_step24_fixed_geometry_FE_refinement.m,147,parameter_flow,source_or_document,"    'factors',factors,'rOuterOverA0',rat,'KI',KI,'KII',KII, ..."
verification/sif_audit/main_step24_fixed_geometry_FE_refinement.m,148,parameter_flow,source_or_document,"    'rInner',rIn,'hTip',hTip,'nNodes',nNodes,'nElements',nElem, ..."
verification/sif_audit/main_step24_fixed_geometry_FE_refinement.m,174,length_grid,source_or_document,"a=mod(a+pi,2*pi)-pi;"
verification/sif_audit/main_step25_EDI_weight_audit.m,43,parameter_flow,source_or_document,rat=O22.rOuterOverA0(:).';
verification/sif_audit/main_step25_EDI_weight_audit.m,163,parameter_flow,source_or_document,O25.rOuterOverA0=rat;
verification/sif_audit/main_step25_EDI_weight_audit.m,200,length_grid,source_or_document,"a=mod(a+pi,2*pi)-pi;"
verification/sif_audit/main_step26_EDI_exact_field_replay.m,31,parameter_flow,source_or_document,"addParameter(p,'ROuterOverA0',O25.rOuterOverA0(:).', ..."
verification/sif_audit/main_step26_EDI_exact_field_replay.m,185,parameter_flow,source_or_document,"    'crack_axis',axis,'crack_tip',tip,'rOuterOverA0',rat, ..."
verification/sif_audit/main_step27_EDI_quadrature_replay.m,27,parameter_flow,source_or_document,"addParameter(p,'ROuterOverA0',O26.rOuterOverA0(:).', ..."
verification/sif_audit/main_step27_EDI_quadrature_replay.m,99,parameter_flow,source_or_document,            any(abs(O26.rOuterOverA0(:)-rr(ir))<1e-12);
verification/sif_audit/main_step27_EDI_quadrature_replay.m,101,parameter_flow,source_or_document,"            iOld=find(abs(O26.rOuterOverA0(:)-rr(ir))<1e-12,1);"
verification/sif_audit/main_step27_EDI_quadrature_replay.m,193,parameter_flow,source_or_document,O27.rOuterOverA0=rr;
verification/sif_audit/main_step28_EDI_interpolation_audit.m,25,parameter_flow,source_or_document,"requiredO27={'rules','rOuterOverA0','recoveryMatrix','Kactual'};"
verification/sif_audit/main_step28_EDI_interpolation_audit.m,39,parameter_flow,source_or_document,rat=O27.rOuterOverA0(:).';
verification/sif_audit/main_step28_EDI_interpolation_audit.m,157,parameter_flow,source_or_document,"O28=struct('settings',O,'rules',rules,'rOuterOverA0',rat, ..."
verification/sif_audit/main_step29_crack_face_COD_audit.m,35,length_grid,source_or_document,    @(v)isnumeric(v)&&isscalar(v)&&isfinite(v)&&v==round(v)&&v>=15);
verification/sif_audit/main_step29_crack_face_COD_audit.m,131,length_grid,source_or_document,"    jmp=interp1(rUpper,uUpper,rQuery,'pchip') ..."
verification/sif_audit/main_step29_crack_face_COD_audit.m,132,length_grid,source_or_document,"       -interp1(rLower,uLower,rQuery,'pchip');"
verification/sif_audit/main_step29_crack_face_COD_audit.m,179,parameter_flow,source_or_document,"    [~,kRef]=min(abs(O27.rOuterOverA0(:)-0.65));"
verification/sif_audit/main_step30_native_face_COD_robustness.m,29,length_grid,source_or_document,    @(v)isnumeric(v)&&isscalar(v)&&isfinite(v)&&v>=5&&v==round(v));
verification/sif_audit/main_step30_native_face_COD_robustness.m,102,length_grid,source_or_document,"            jump=upLocal(valid,:) - interp1(rLo,loLocal,rq,'pchip');"
verification/sif_audit/main_step30_native_face_COD_robustness.m,104,length_grid,source_or_document,"            jump=interp1(rUp,upLocal,rq,'pchip') - loLocal(valid,:);"
verification/sif_audit/main_step30_native_face_COD_robustness.m,122,parameter_flow,source_or_document,"    [~,idxR]=min(abs(O27.rOuterOverA0-0.65));"
verification/sif_audit/main_step31_full_annulus_mesh_audit.m,35,length_grid,source_or_document,    @(x)isnumeric(x)&&isscalar(x)&&x>=5&&x==round(x));
verification/sif_audit/main_step31_full_annulus_mesh_audit.m,44,parameter_flow,source_or_document,rRat=O27.rOuterOverA0(:).';
verification/sif_audit/main_step31_full_annulus_mesh_audit.m,81,parameter_flow,source_or_document,"    fields={'factors','Cases','KI','KII','rOuterOverA0','rInner'};"
verification/sif_audit/main_step31_full_annulus_mesh_audit.m,89,parameter_flow,source_or_document,            numel(prior.rOuterOverA0)~=nR || ...
verification/sif_audit/main_step31_full_annulus_mesh_audit.m,90,parameter_flow,source_or_document,            any(abs(prior.rOuterOverA0(:)-rRat(:))>1e-12) || ...
verification/sif_audit/main_step31_full_annulus_mesh_audit.m,91,parameter_flow,source_or_document,            abs(prior.rInner-ri)>1e-12
verification/sif_audit/main_step31_full_annulus_mesh_audit.m,135,length_grid,source_or_document,"    mod(rad2deg(I.phi_star)+180,360)-180,I.x_star(1),I.x_star(2));"
verification/sif_audit/main_step31_full_annulus_mesh_audit.m,159,parameter_flow,source_or_document,"        if ~isfield(O27,'rOuterOverA0') || ..."
verification/sif_audit/main_step31_full_annulus_mesh_audit.m,160,parameter_flow,source_or_document,                any(abs(O27.rOuterOverA0(:)-rRat(:))>1e-12)
verification/sif_audit/main_step31_full_annulus_mesh_audit.m,389,parameter_flow,source_or_document,"O31=struct('settings',optOut,'factors',factors,'rOuterOverA0',rRat, ..."
verification/sif_audit/main_step31_full_annulus_mesh_audit.m,390,parameter_flow,source_or_document,"    'rInner',ri,'KI',KI,'KII',KII,'hTip',hTip, ..."
verification/sif_audit/main_step31_full_annulus_mesh_audit.m,415,length_grid,source_or_document,"p90=h(max(1,ceil(.9*n)));"
verification/sif_audit/main_step31_full_annulus_mesh_audit.m,490,length_grid,source_or_document,"jump=uU(valid,:)-interp1(rLo,uL,r,'pchip');"
verification/sif_audit/main_step33_nested_annulus_refinement.m,43,length_grid,source_or_document,    @(x)isnumeric(x)&&isscalar(x)&&isfinite(x)&&x>=1&&x<=5&&x==round(x));
verification/sif_audit/main_step33_nested_annulus_refinement.m,53,length_grid,source_or_document,    @(x)isnumeric(x)&&isscalar(x)&&isfinite(x)&&x>=6&&x==round(x));
verification/sif_audit/main_step33_nested_annulus_refinement.m,62,parameter_flow,source_or_document,"for name={'Cases','factors','rInner','rOuterOverA0','KI','KII','CODTable'}"
verification/sif_audit/main_step33_nested_annulus_refinement.m,85,parameter_flow,source_or_document,rRat=O32.rOuterOverA0(:).';
verification/sif_audit/main_step33_nested_annulus_refinement.m,88,parameter_flow,source_or_document,ri=O32.rInner;
verification/sif_audit/main_step33_nested_annulus_refinement.m,344,parameter_flow,source_or_document,O33.rOuterOverA0=rRat;
verification/sif_audit/main_step33_nested_annulus_refinement.m,345,parameter_flow,source_or_document,O33.rInner=ri;
verification/sif_audit/main_step33_nested_annulus_refinement.m,379,length_grid,source_or_document,"        localH(max(1,ceil(.9*n))),localH(end)];"
verification/sif_audit/main_step33_nested_annulus_refinement.m,445,length_grid,source_or_document,"jump=Uu(mask,:) - interp1(rL,Ul,r,'pchip');"
verification/sif_audit/main_step34_second_nested_annulus_refinement.m,45,length_grid,source_or_document,    @(x)isnumeric(x)&&isscalar(x)&&isfinite(x)&&x>=1&&x<=5&&x==round(x));
verification/sif_audit/main_step34_second_nested_annulus_refinement.m,55,length_grid,source_or_document,    @(x)isnumeric(x)&&isscalar(x)&&isfinite(x)&&x>=6&&x==round(x));
verification/sif_audit/main_step34_second_nested_annulus_refinement.m,68,parameter_flow,source_or_document,"        'rInner','rOuterOverA0','newKI','newKII','CODTable', ..."
verification/sif_audit/main_step34_second_nested_annulus_refinement.m,95,parameter_flow,source_or_document,rRat=O33.rOuterOverA0(:).';
verification/sif_audit/main_step34_second_nested_annulus_refinement.m,98,parameter_flow,source_or_document,ri=O33.rInner;
verification/sif_audit/main_step34_second_nested_annulus_refinement.m,372,parameter_flow,source_or_document,O34.rOuterOverA0=rRat;
verification/sif_audit/main_step34_second_nested_annulus_refinement.m,373,parameter_flow,source_or_document,O34.rInner=ri;
verification/sif_audit/main_step34_second_nested_annulus_refinement.m,413,length_grid,source_or_document,"        localH(max(1,ceil(.9*n))),localH(end)];"
verification/sif_audit/main_step34_second_nested_annulus_refinement.m,479,length_grid,source_or_document,"jump=Uu(mask,:) - interp1(rL,Ul,r,'pchip');"
verification/sif_audit/main_step35_cod_profile_compare.m,31,parameter_flow,source_or_document,"        'rOuterOverA0','CODTable'};"
verification/sif_audit/main_step35_cod_profile_compare.m,56,parameter_flow,source_or_document,rat=O33.rOuterOverA0(:).';
verification/sif_audit/main_step35_cod_profile_compare.m,57,parameter_flow,source_or_document,if numel(rat)~=numel(O34.rOuterOverA0)|| ...
verification/sif_audit/main_step35_cod_profile_compare.m,58,parameter_flow,source_or_document,        any(abs(rat-O34.rOuterOverA0(:).')>1e-12)
verification/sif_audit/main_step36_cod_tip_window_audit.m,31,length_grid,source_or_document,    @(x)isnumeric(x)&&isscalar(x)&&isfinite(x)&&x>=8&&x==round(x));
verification/sif_audit/main_step36_cod_tip_window_audit.m,40,parameter_flow,source_or_document,"        'rOuterOverA0','hTipNew'}"
verification/sif_audit/main_step36_cod_tip_window_audit.m,50,parameter_flow,source_or_document,"[~,ref33]=min(abs(O33.rOuterOverA0(:)-.65));"
verification/sif_audit/main_step36_cod_tip_window_audit.m,51,parameter_flow,source_or_document,"[~,ref34]=min(abs(O34.rOuterOverA0(:)-.65));"
verification/sif_audit/main_step36_cod_tip_window_audit.m,160,parameter_flow,source_or_document,"    xline(ax,O34.rInner/a0,':', ..."
verification/sif_audit/main_step37_tip_core_refinement_dryrun.m,33,length_grid,source_or_document,    @(x)isnumeric(x)&&isscalar(x)&&isfinite(x)&&x>=1&&x<=3&&x==round(x));
verification/sif_audit/main_step37_tip_core_refinement_dryrun.m,49,parameter_flow,source_or_document,"for key={'mesh','crack','hTipNew','rInner','rOuterOverA0'}"
verification/sif_audit/main_step37_tip_core_refinement_dryrun.m,57,parameter_flow,source_or_document,rMax=max(O34.rOuterOverA0(:))*a0;
verification/sif_audit/main_step37_tip_core_refinement_dryrun.m,84,parameter_flow,source_or_document,% Existing helper requires 0 < rInner < rOuter. Use a tiny positive
verification/sif_audit/main_step37_tip_core_refinement_dryrun.m,179,parameter_flow,source_or_document,"    draw_mesh(ax,P0,T0,tip,cr0,O34.rInner, ..."
verification/sif_audit/main_step37_tip_core_refinement_dryrun.m,183,parameter_flow,source_or_document,"    draw_mesh(ax,P1,T1,tip,cr1,O34.rInner, ..."
verification/sif_audit/main_step37_tip_core_refinement_dryrun.m,233,parameter_flow,source_or_document,"function draw_mesh(ax,P,T,tip,cr,rInner,rCore,rProtect,L)"
verification/sif_audit/main_step37_tip_core_refinement_dryrun.m,243,parameter_flow,source_or_document,"draw_circle(ax,tip,rInner,[.65 .20 .25],':');"
verification/sif_audit/main_step37_tip_core_refinement_dryrun.m,244,parameter_flow,source_or_document,"draw_circle(ax,tip,rCore,[.12 .50 .24],'-');"
verification/sif_audit/main_step38_postprocess_tip_checkpoint.m,1,reuse_provenance,source_or_document,"function O38=main_step38_postprocess_tip_checkpoint(checkpointPath,varargin)"
verification/sif_audit/main_step38_postprocess_tip_checkpoint.m,3,reuse_provenance,source_or_document,% POSTPROCESS only an existing solved-field Step-38 checkpoint.
verification/sif_audit/main_step38_postprocess_tip_checkpoint.m,14,reuse_provenance,source_or_document,% O38=main_step38_postprocess_tip_checkpoint(C38.checkpointPath);
verification/sif_audit/main_step38_postprocess_tip_checkpoint.m,15,reuse_provenance,source_or_document,"% O38=main_step38_postprocess_tip_checkpoint(C38.checkpointPath,..."
verification/sif_audit/main_step38_postprocess_tip_checkpoint.m,21,length_grid,source_or_document,    @(x)isnumeric(x)&&isscalar(x)&&isfinite(x)&&x>=6&&x==round(x));
verification/sif_audit/main_step38_postprocess_tip_checkpoint.m,29,reuse_provenance,source_or_document,checkpointPath=char(checkpointPath);
verification/sif_audit/main_step38_postprocess_tip_checkpoint.m,30,reuse_provenance,source_or_document,"if exist(checkpointPath,'file')~=2"
verification/sif_audit/main_step38_postprocess_tip_checkpoint.m,31,reuse_provenance,source_or_document,"    error('step38:CheckpointAbsent','Checkpoint not found: %s', ..."
verification/sif_audit/main_step38_postprocess_tip_checkpoint.m,32,reuse_provenance,source_or_document,        checkpointPath);
verification/sif_audit/main_step38_postprocess_tip_checkpoint.m,34,reuse_provenance,source_or_document,infocp=dir(checkpointPath);
verification/sif_audit/main_step38_postprocess_tip_checkpoint.m,35,reuse_provenance,source_or_document,"key=sprintf('%s|%d|%.16g',checkpointPath, ..."
verification/sif_audit/main_step38_postprocess_tip_checkpoint.m,37,reuse_provenance,source_or_document,"[folder,stem,~]=fileparts(checkpointPath);"
verification/sif_audit/main_step38_postprocess_tip_checkpoint.m,40,reuse_provenance,source_or_document,"s=load(checkpointPath,'mesh','U','mat','crack','baseline', ..."
verification/sif_audit/main_step38_postprocess_tip_checkpoint.m,45,reuse_provenance,source_or_document,"        error('step38:IncompleteCheckpoint', ..."
verification/sif_audit/main_step38_postprocess_tip_checkpoint.m,46,reuse_provenance,source_or_document,"            'Solved checkpoint is missing %s.',required{j});"
verification/sif_audit/main_step38_postprocess_tip_checkpoint.m,57,reuse_provenance,source_or_document,"    error('step38:CheckpointInconsistent', ..."
verification/sif_audit/main_step38_postprocess_tip_checkpoint.m,62,parameter_flow,source_or_document,        baseline.rInner<=0
verification/sif_audit/main_step38_postprocess_tip_checkpoint.m,66,parameter_flow,source_or_document,rRat=baseline.rOuterOverA0(:).';
verification/sif_audit/main_step38_postprocess_tip_checkpoint.m,71,parameter_flow,source_or_document,ri=baseline.rInner;
verification/sif_audit/main_step38_postprocess_tip_checkpoint.m,91,reuse_provenance,source_or_document,"            ['Existing EDI progress belongs to another checkpoint: %s. ', ..."
verification/sif_audit/main_step38_postprocess_tip_checkpoint.m,196,reuse_provenance,source_or_document,"O38=struct('checkpointPath',checkpointPath, ..."
verification/sif_audit/main_step38_postprocess_tip_checkpoint.m,201,parameter_flow,source_or_document,"    'baselineKII',baseline.KII,'rOuterOverA0',rRat, ..."
verification/sif_audit/main_step38_postprocess_tip_checkpoint.m,202,parameter_flow,source_or_document,"    'rInner',ri,'nativeR',r,'nativeApparent',app, ..."
verification/sif_audit/main_step38_solve_tip_checkpoint.m,1,reuse_provenance,source_or_document,"function Out=main_step38_solve_tip_checkpoint(O25,O34,O37,varargin)"
verification/sif_audit/main_step38_solve_tip_checkpoint.m,4,reuse_provenance,source_or_document,% saves a compact solved-field checkpoint BEFORE any expensive EDI work.
verification/sif_audit/main_step38_solve_tip_checkpoint.m,5,reuse_provenance,source_or_document,% Use the separate main_step38_postprocess_tip_checkpoint(checkpoint)
verification/sif_audit/main_step38_solve_tip_checkpoint.m,12,reuse_provenance,source_or_document,"%   C38=main_step38_solve_tip_checkpoint(O25,O34,O37);"
verification/sif_audit/main_step38_solve_tip_checkpoint.m,13,reuse_provenance,source_or_document,"%   % Once saved, postprocess needs only this checkpoint file:"
verification/sif_audit/main_step38_solve_tip_checkpoint.m,14,reuse_provenance,source_or_document,%   O38=main_step38_postprocess_tip_checkpoint(C38.checkpointPath);
verification/sif_audit/main_step38_solve_tip_checkpoint.m,20,reuse_provenance,source_or_document,"% This checkpoint protects against postprocessing failures, not failures"
verification/sif_audit/main_step38_solve_tip_checkpoint.m,24,reuse_provenance,source_or_document,"addParameter(ip,'CheckpointFile', ..."
verification/sif_audit/main_step38_solve_tip_checkpoint.m,31,reuse_provenance,source_or_document,checkpointPath=char(opt.CheckpointFile);
verification/sif_audit/main_step38_solve_tip_checkpoint.m,36,parameter_flow,source_or_document,"        'rInner','rOuterOverA0','CODTable','nativeR','nativeApparent'}"
verification/sif_audit/main_step38_solve_tip_checkpoint.m,46,reuse_provenance,source_or_document,"if exist(checkpointPath,'file')==2 && ~logical(opt.Overwrite)"
verification/sif_audit/main_step38_solve_tip_checkpoint.m,47,reuse_provenance,source_or_document,"    error('step38:ExistingCheckpoint', ..."
verification/sif_audit/main_step38_solve_tip_checkpoint.m,48,reuse_provenance,source_or_document,"        ['Existing checkpoint not overwritten: %s. ', ..."
verification/sif_audit/main_step38_solve_tip_checkpoint.m,50,reuse_provenance,source_or_document,        checkpointPath);
verification/sif_audit/main_step38_solve_tip_checkpoint.m,98,parameter_flow,source_or_document,baseline.rInner=O34.rInner;
verification/sif_audit/main_step38_solve_tip_checkpoint.m,99,parameter_flow,source_or_document,baseline.rOuterOverA0=O34.rOuterOverA0(:).';
verification/sif_audit/main_step38_solve_tip_checkpoint.m,115,reuse_provenance,source_or_document,"% mesh, U, material and RELEASE K before checkpoint/postprocessing."
verification/sif_audit/main_step38_solve_tip_checkpoint.m,134,reuse_provenance,source_or_document,"[folder,~,~]=fileparts(checkpointPath);"
verification/sif_audit/main_step38_solve_tip_checkpoint.m,136,reuse_provenance,source_or_document,% Protect an existing good checkpoint from partial writes/interruption.
verification/sif_audit/main_step38_solve_tip_checkpoint.m,137,reuse_provenance,source_or_document,tempPath=[checkpointPath '.incomplete.mat'];
verification/sif_audit/main_step38_solve_tip_checkpoint.m,144,reuse_provenance,source_or_document,    % Move the complete file into place. Avoid deleting an old checkpoint
verification/sif_audit/main_step38_solve_tip_checkpoint.m,146,reuse_provenance,source_or_document,"    [ok,msg]=movefile(tempPath,checkpointPath,'f');"
verification/sif_audit/main_step38_solve_tip_checkpoint.m,148,reuse_provenance,source_or_document,"        error('step38:MoveCheckpoint','%s',msg);"
verification/sif_audit/main_step38_solve_tip_checkpoint.m,151,reuse_provenance,source_or_document,"    warning('step38:CheckpointSaveFailed', ..."
verification/sif_audit/main_step38_solve_tip_checkpoint.m,152,reuse_provenance,source_or_document,"        'Solve completed but checkpoint save failed: %s',ME.message);"
verification/sif_audit/main_step38_solve_tip_checkpoint.m,156,reuse_provenance,source_or_document,"Out=struct('checkpointPath',checkpointPath, ..."
verification/sif_audit/main_step38_solve_tip_checkpoint.m,160,reuse_provenance,source_or_document,"    'oldN_T6',baseline.nT6,'checkpointSaved',true);"
verification/sif_audit/main_step38_solve_tip_checkpoint.m,163,reuse_provenance,source_or_document,"fprintf('  SOLVED FIELD SAFELY SAVED: %s\n',checkpointPath);"
verification/sif_audit/main_step38_solve_tip_checkpoint.m,164,reuse_provenance,source_or_document,fprintf('  Phase 1 complete. Phase 2 reads checkpoint only.\n');
verification/sif_audit/main_step39_tip_cod_sensitivity.m,5,reuse_provenance,source_or_document,"% Step-38 postprocessor, NOT the full FEM checkpoint, stiffness or mesh."
verification/sif_audit/main_step39_tip_cod_sensitivity.m,32,length_grid,source_or_document,    @(x)isnumeric(x)&&isscalar(x)&&x>=8&&x==round(x));
verification/sif_audit/main_step39_tip_cod_sensitivity.m,42,parameter_flow,source_or_document,"    'baselineTip','refinedTip','rOuterOverA0'};"
verification/sif_audit/main_step39_tip_cod_sensitivity.m,52,reuse_provenance,source_or_document,"elseif isfield(O38,'checkpointPath')"
verification/sif_audit/main_step39_tip_cod_sensitivity.m,61,parameter_flow,source_or_document,rat=O38.rOuterOverA0(:);
verification/sif_audit/main_step3c_exact_field_edi_domain_sweep.m,63,parameter_flow,source_or_document,"            'rInner', rin, ..."
verification/sif_audit/main_step3c_exact_field_edi_domain_sweep.m,64,parameter_flow,source_or_document,"            'rOuter', rout, ..."
verification/sif_audit/main_step3c_exact_field_edi_domain_sweep.m,111,parameter_flow,source_or_document,"            'rInner', rin, ..."
verification/sif_audit/main_step3c_exact_field_edi_domain_sweep.m,112,parameter_flow,source_or_document,"            'rOuter', fixedOuter, ..."
verification/sif_audit/main_step3d_s0_refinement_study.m,14,parameter_flow,source_or_document,"    'rMeshInner',0.005,'rMeshOuter',0.20,'rInner',0.024,'rOuter',0.12, ..."
verification/sif_audit/main_step3e_compare_edi_weight_functions.m,12,parameter_flow,source_or_document,"    'rMeshInner',0.005,'rMeshOuter',0.20,'rInner',0.024,'rOuter',0.12, ..."
verification/sif_audit/main_step44_exact_williams_replay.m,23,reuse_provenance,source_or_document,"addParameter(ip,'CheckpointPath',O38.checkpointPath, ..."
verification/sif_audit/main_step44_exact_williams_replay.m,42,parameter_flow,source_or_document,"need(O38,'rInner');need(O38,'rOuterOverA0');"
verification/sif_audit/main_step44_exact_williams_replay.m,44,reuse_provenance,source_or_document,cp=char(opt.CheckpointPath);
verification/sif_audit/main_step44_exact_williams_replay.m,46,reuse_provenance,source_or_document,"    error('step44:CheckpointAbsent','Solved Step-38 checkpoint missing: %s',cp);"
verification/sif_audit/main_step44_exact_williams_replay.m,49,reuse_provenance,source_or_document,"checkpointKey=sprintf('%s|%d|%.16g',cp,d.bytes,d.datenum);"
verification/sif_audit/main_step44_exact_williams_replay.m,54,reuse_provenance,source_or_document,"% Deliberately require the solved checkpoint, not the small O38 arrays"
verification/sif_audit/main_step44_exact_williams_replay.m,65,reuse_provenance,source_or_document,"    error('step44:CheckpointMismatch','Saved T6, U or crack is inconsistent.');"
verification/sif_audit/main_step44_exact_williams_replay.m,93,reuse_provenance,source_or_document,"    error('step44:Material','Checkpoint missing isotropic elasticity fields.');"
verification/sif_audit/main_step44_exact_williams_replay.m,123,parameter_flow,source_or_document,rat=O38.rOuterOverA0(:);
verification/sif_audit/main_step44_exact_williams_replay.m,210,reuse_provenance,source_or_document,"O44=struct('settings',opt,'checkpointPath',cp, ..."
verification/sif_audit/main_step44_exact_williams_replay.m,227,parameter_flow,source_or_document,    ri=O38.rInner;
verification/sif_audit/main_step44_exact_williams_replay.m,233,reuse_provenance,source_or_document,"    progress=struct('key',checkpointKey,'ri',ri,'ro',ro, ..."
verification/sif_audit/main_step44_exact_williams_replay.m,238,reuse_provenance,source_or_document,"        if ~strcmp(prior.key,checkpointKey) || prior.ri~=ri || ..."
verification/sif_audit/main_step44_exact_williams_replay.m,241,reuse_provenance,source_or_document,                'EDI progress belongs to a different checkpoint/domain.');
verification/sif_audit/main_step44_exact_williams_replay.m,284,parameter_flow,source_or_document,"    O44.EDI=struct('performed',true,'rInner',ri,'rOuter',ro, ..."
verification/sif_audit/main_step45_coarse_exact_pureI_replay.m,9,parameter_flow,source_or_document,% field EDI. Default: ONLY the previously computed rOuter/a0=0.65 domain.
verification/sif_audit/main_step45_coarse_exact_pureI_replay.m,29,reuse_provenance,source_or_document,"must(O45,'checkpointPath');"
verification/sif_audit/main_step45_coarse_exact_pureI_replay.m,36,reuse_provenance,source_or_document,cp=char(O45.checkpointPath);
verification/sif_audit/main_step45_coarse_exact_pureI_replay.m,38,reuse_provenance,source_or_document,"    error('step45b:CheckpointMissing','Missing FEM checkpoint %s.',cp);"
verification/sif_audit/main_step45_coarse_exact_pureI_replay.m,78,reuse_provenance,source_or_document,"    error('step45b:CheckpointMetadataMismatch', ..."
verification/sif_audit/main_step45_coarse_exact_pureI_replay.m,79,reuse_provenance,source_or_document,        'Reported O45 and saved symmetric checkpoint differ.');
verification/sif_audit/main_step45_coarse_exact_pureI_replay.m,136,parameter_flow,source_or_document,"    'rInner',[],'rule',16,'method','fe_nodal', ..."
verification/sif_audit/main_step45_coarse_exact_pureI_replay.m,144,reuse_provenance,source_or_document,            'Exact EDI progress belongs to a different checkpoint/method.');
verification/sif_audit/main_step45_coarse_exact_pureI_replay.m,155,parameter_flow,source_or_document,"        abs(progress.rInner-ri)<1e-12,1);"
verification/sif_audit/main_step45_coarse_exact_pureI_replay.m,158,parameter_flow,source_or_document,        progress.rInner(end+1)=ri;
verification/sif_audit/main_step45_coarse_exact_pureI_replay.m,198,reuse_provenance,source_or_document,"Out=struct('table',T,'checkpointPath',cp, ..."
verification/sif_audit/main_step45_local.m,6,reuse_provenance,source_or_document,"% Uses, in order: (1) recognized saved Step-45 checkpoint,"
verification/sif_audit/main_step45_local.m,11,reuse_provenance,source_or_document,"% zero-angle Stage-II FEM field (Npoly=240), and immediately checkpoints it."
verification/sif_audit/main_step45_local.m,16,reuse_provenance,source_or_document,% results and the checkpoint under <repo>/verification.
verification/sif_audit/main_step45_local.m,22,reuse_provenance,source_or_document,"step45Checkpoint=fullfile(step45DataDir,'step45_symmetric_theta0_solved.mat');"
verification/sif_audit/main_step45_local.m,38,reuse_provenance,source_or_document,"if exist(step45Checkpoint,'file')==2"
verification/sif_audit/main_step45_local.m,39,reuse_provenance,source_or_document,    % This helper recognizes only an identified Step-45 checkpoint and
verification/sif_audit/main_step45_local.m,41,reuse_provenance,source_or_document,    fprintf('\nReusing existing Step-45 symmetric FEM checkpoint.\n');
verification/sif_audit/main_step45_local.m,42,reuse_provenance,source_or_document,"    P45=main_step45_prepare_symmetric_checkpoint([], ..."
verification/sif_audit/main_step45_local.m,43,reuse_provenance,source_or_document,"        'CheckpointFile',step45Checkpoint);"
verification/sif_audit/main_step45_local.m,46,reuse_provenance,source_or_document,"    P45=main_step45_prepare_symmetric_checkpoint(O18, ..."
verification/sif_audit/main_step45_local.m,47,reuse_provenance,source_or_document,"        'CheckpointFile',step45Checkpoint);"
verification/sif_audit/main_step45_local.m,51,reuse_provenance,source_or_document,"    P45=main_step45_prepare_symmetric_checkpoint([], ..."
verification/sif_audit/main_step45_local.m,53,reuse_provenance,source_or_document,"        'CheckpointFile',step45Checkpoint);"
verification/sif_audit/main_step45_local.m,61,reuse_provenance,source_or_document,        'That call will checkpoint the solved field automatically.\n']);
verification/sif_audit/main_step45_local.m,66,reuse_provenance,source_or_document,"% Review results before running matched, checkpointed 16-point EDI."
verification/sif_audit/main_step45_prepare_symmetric_checkpoint.m,1,reuse_provenance,source_or_document,"function P45=main_step45_prepare_symmetric_checkpoint(O18,varargin)"
verification/sif_audit/main_step45_prepare_symmetric_checkpoint.m,6,reuse_provenance,source_or_document,"% The immediately saved checkpoint intentionally contains no K, F, R or"
verification/sif_audit/main_step45_prepare_symmetric_checkpoint.m,10,reuse_provenance,source_or_document,%   P45=main_step45_prepare_symmetric_checkpoint(O18);
verification/sif_audit/main_step45_prepare_symmetric_checkpoint.m,11,reuse_provenance,source_or_document,"%   P45=main_step45_prepare_symmetric_checkpoint(O18,'Npoly',240);"
verification/sif_audit/main_step45_prepare_symmetric_checkpoint.m,13,reuse_provenance,source_or_document,"%   P45=main_step45_prepare_symmetric_checkpoint([], ..."
verification/sif_audit/main_step45_prepare_symmetric_checkpoint.m,20,length_grid,source_or_document,    (isnumeric(x)&&isscalar(x)&&isfinite(x)&&x>=32&&x==round(x)));
verification/sif_audit/main_step45_prepare_symmetric_checkpoint.m,21,reuse_provenance,source_or_document,"addParameter(ip,'CheckpointFile', ..."
verification/sif_audit/main_step45_prepare_symmetric_checkpoint.m,27,reuse_provenance,source_or_document,cp=char(opt.CheckpointFile);
verification/sif_audit/main_step45_prepare_symmetric_checkpoint.m,33,reuse_provenance,source_or_document,"        error('step45:UnrecognizedCheckpoint', ..."
verification/sif_audit/main_step45_prepare_symmetric_checkpoint.m,34,reuse_provenance,source_or_document,            'Existing file is not an identified Step-45 checkpoint.');
verification/sif_audit/main_step45_prepare_symmetric_checkpoint.m,41,reuse_provenance,source_or_document,"    P45=struct('checkpointPath',cp,'reusedFile',true, ..."
verification/sif_audit/main_step45_prepare_symmetric_checkpoint.m,43,reuse_provenance,source_or_document,"    fprintf('STEP 45: reused existing identified checkpoint: %s\n',cp);"
verification/sif_audit/main_step45_prepare_symmetric_checkpoint.m,49,parameter_flow,source_or_document,"    for f={'Cases','NpolyList','thetaDeg','KI','KII','rOuterOverA0'}"
verification/sif_audit/main_step45_prepare_symmetric_checkpoint.m,79,parameter_flow,source_or_document,    legacy.outerRatio=O18.rOuterOverA0(:).';
verification/sif_audit/main_step45_prepare_symmetric_checkpoint.m,123,length_grid,source_or_document,"if mod(nPoly,4)~=0 || abs(C.hole.center(1)-C.A/2)>1e-10 || ..."
verification/sif_audit/main_step45_prepare_symmetric_checkpoint.m,154,reuse_provenance,source_or_document,% Avoid checkpointing the original large FEM stiffness and stress arrays.
verification/sif_audit/main_step45_prepare_symmetric_checkpoint.m,170,reuse_provenance,source_or_document,"P45=struct('checkpointPath',cp,'reusedFile',false, ..."
verification/sif_audit/main_step45_prepare_symmetric_checkpoint.m,173,reuse_provenance,source_or_document,"fprintf('  checkpoint: %s\n',cp);"
verification/sif_audit/main_step45_symmetric_field_leakage.m,4,reuse_provenance,source_or_document,% The checkpoint is created by main_step45_prepare_symmetric_checkpoint.
verification/sif_audit/main_step45_symmetric_field_leakage.m,18,reuse_provenance,source_or_document,"    if ~isfield(P45,'checkpointPath')"
verification/sif_audit/main_step45_symmetric_field_leakage.m,19,reuse_provenance,source_or_document,"        error('step45:BadInput','P45 must contain checkpointPath.');"
verification/sif_audit/main_step45_symmetric_field_leakage.m,21,reuse_provenance,source_or_document,    cp=char(P45.checkpointPath);
verification/sif_audit/main_step45_symmetric_field_leakage.m,40,length_grid,source_or_document,    @(x)isnumeric(x)&&isscalar(x)&&x==round(x)&&x>=6);
verification/sif_audit/main_step45_symmetric_field_leakage.m,51,reuse_provenance,source_or_document,"    error('step45:CheckpointAbsent', ..."
verification/sif_audit/main_step45_symmetric_field_leakage.m,52,reuse_provenance,source_or_document,"        'Saved symmetric FEM checkpoint does not exist: %s',cp);"
verification/sif_audit/main_step45_symmetric_field_leakage.m,66,reuse_provenance,source_or_document,"    error('step45:WrongCheckpoint', ..."
verification/sif_audit/main_step45_symmetric_field_leakage.m,67,reuse_provenance,source_or_document,        'Not the approved centered-hole theta=0 FEM checkpoint.');
verification/sif_audit/main_step45_symmetric_field_leakage.m,171,reuse_provenance,source_or_document,"O45=struct('settings',opt,'checkpointPath',cp,'meta',meta, ..."
verification/sif_audit/main_step45_symmetric_field_leakage.m,214,reuse_provenance,source_or_document,"% Cache is keyed by (checkpoint, exact r_outer, exact r_inner, rule,"
verification/sif_audit/main_step45c_exact_gauss_isolation.m,16,reuse_provenance,source_or_document,% This test NEVER assembles/solves FEM or modifies the saved checkpoint.
verification/sif_audit/main_step45c_exact_gauss_isolation.m,34,reuse_provenance,source_or_document,"must(R45b,'checkpointPath');"
verification/sif_audit/main_step45c_exact_gauss_isolation.m,43,reuse_provenance,source_or_document,cp=char(R45b.checkpointPath);
verification/sif_audit/main_step45c_exact_gauss_isolation.m,45,reuse_provenance,source_or_document,"    error('step45c:MissingCheckpoint', ..."
verification/sif_audit/main_step45c_exact_gauss_isolation.m,46,reuse_provenance,source_or_document,"        'Symmetric solved-field checkpoint not found: %s',cp);"
verification/sif_audit/main_step45c_exact_gauss_isolation.m,88,reuse_provenance,source_or_document,"    error('step45c:BadCheckpoint', ..."
verification/sif_audit/main_step45c_exact_gauss_isolation.m,101,parameter_flow,source_or_document,"    'rRatio',[],'rInner',[],'gaussKI',[],'gaussKII',[],'done',[]);"
verification/sif_audit/main_step45c_exact_gauss_isolation.m,108,reuse_provenance,source_or_document,            'Existing cache uses another checkpoint or EDI method.');
verification/sif_audit/main_step45c_exact_gauss_isolation.m,129,parameter_flow,source_or_document,"        abs(cache.rInner-ri)<1e-12,1);"
verification/sif_audit/main_step45c_exact_gauss_isolation.m,132,parameter_flow,source_or_document,        cache.rInner(end+1)=ri;
verification/sif_audit/main_step45c_exact_gauss_isolation.m,183,reuse_provenance,source_or_document,"R45c=struct('table',report,'checkpointPath',cp, ..."
verification/sif_audit/main_step46_symmetric_mesh_preflight.m,20,reuse_provenance,source_or_document,% Requires the LOCAL saved Step45 control checkpoint already generated by
verification/sif_audit/main_step46_symmetric_mesh_preflight.m,31,reuse_provenance,source_or_document,"addParameter(ip,'ReferenceCheckpoint',defaultCP, ..."
verification/sif_audit/main_step46_symmetric_mesh_preflight.m,43,reuse_provenance,source_or_document,cp=char(opt.ReferenceCheckpoint);
verification/sif_audit/main_step46_symmetric_mesh_preflight.m,46,reuse_provenance,source_or_document,"        'Local Step45 symmetric control checkpoint is required: %s',cp);"
verification/sif_audit/main_step46_symmetric_mesh_preflight.m,55,reuse_provenance,source_or_document,"    error('step46:WrongCheckpoint', ..."
verification/sif_audit/main_step46_symmetric_mesh_preflight.m,56,reuse_provenance,source_or_document,        'Expected previously saved Step45 centered theta=0 checkpoint.');
verification/sif_audit/main_step46_symmetric_mesh_preflight.m,68,increment_4mm,source_or_document,"        'This pilot is for the already measured Npoly=240, a0=0.004 m control.');"
verification/sif_audit/main_step46_symmetric_mesh_preflight.m,92,reuse_provenance,source_or_document,"fprintf('  Old checkpoint: %s\n',cp);"
verification/sif_audit/main_step46_symmetric_mesh_preflight.m,211,reuse_provenance,source_or_document,"O46=struct('settings',opt,'baselineCheckpointPath',cp, ..."
verification/sif_audit/main_step46_symmetric_mesh_preflight.m,283,reuse_provenance,source_or_document,"    error('step46:MissingCheckpointField', ..."
verification/sif_audit/main_step46_symmetric_mesh_preflight.m,284,reuse_provenance,source_or_document,"        'Baseline checkpoint is missing %s.',field);"
verification/sif_audit/main_step47_local.m,5,reuse_provenance,source_or_document,"% Step-47 checkpoint. After checkpointing, performs native COD ONLY."
verification/sif_audit/main_step47_local.m,23,reuse_provenance,source_or_document,"addParameter(ip,'CheckpointFile', ..."
verification/sif_audit/main_step47_local.m,30,reuse_provenance,source_or_document,cp=char(opt.CheckpointFile);
verification/sif_audit/main_step47_local.m,40,reuse_provenance,source_or_document,"for f={'settings','baselineCheckpointPath','meshTable','gates', ..."
verification/sif_audit/main_step47_local.m,65,reuse_provenance,source_or_document,refcp=char(S.baselineCheckpointPath);
verification/sif_audit/main_step47_local.m,67,reuse_provenance,source_or_document,"    error('step47:OriginalCheckpointAbsent', ..."
verification/sif_audit/main_step47_local.m,72,reuse_provenance,source_or_document,        'Step47 checkpoint must NOT overwrite original Step45 checkpoint.');
verification/sif_audit/main_step47_local.m,81,reuse_provenance,source_or_document,        'Original saved symmetric field/checkpoint no longer matches preflight.');
verification/sif_audit/main_step47_local.m,84,reuse_provenance,source_or_document,% refined checkpoint already exists. Never silently replace or overwrite.
verification/sif_audit/main_step47_local.m,95,reuse_provenance,source_or_document,"        error('step47:ExistingCheckpointMismatch', ..."
verification/sif_audit/main_step47_local.m,96,reuse_provenance,source_or_document,            'Existing checkpoint is not verified Step47 selected mesh.');
verification/sif_audit/main_step47_local.m,98,reuse_provenance,source_or_document,    fprintf('STEP 47: reusing previously saved one-solve checkpoint.\n');
verification/sif_audit/main_step47_local.m,99,reuse_provenance,source_or_document,"    P47=struct('checkpointPath',cp,'reusedFile',true, ..."
verification/sif_audit/main_step47_local.m,236,reuse_provenance,source_or_document,            'The refined Stage-II FEM solution failed checkpoint checks.');
verification/sif_audit/main_step47_local.m,255,reuse_provenance,source_or_document,"        'preflightFile',selFile,'baselineCheckpoint',refcp, ..."
verification/sif_audit/main_step47_local.m,264,reuse_provenance,source_or_document,"            'Existing incomplete checkpoint must be inspected: %s',tmp);"
verification/sif_audit/main_step47_local.m,268,reuse_provenance,source_or_document,"    if ~ok,error('step47:CheckpointSaveFailed','%s',msg);end"
verification/sif_audit/main_step47_local.m,269,reuse_provenance,source_or_document,"    fprintf('  Saved unique refined checkpoint: %s\n',cp);"
verification/sif_audit/main_step47_local.m,270,reuse_provenance,source_or_document,"    P47=struct('checkpointPath',cp,'reusedFile',false, ..."
verification/sif_audit/main_step48_refined_matched_edi.m,28,reuse_provenance,source_or_document,"addParameter(ip,'RefinedCheckpoint', ..."
verification/sif_audit/main_step48_refined_matched_edi.m,38,reuse_provenance,source_or_document,refinedCP=char(opt.RefinedCheckpoint);
verification/sif_audit/main_step48_refined_matched_edi.m,45,reuse_provenance,source_or_document,"    error('step48:MissingRefinedCheckpoint', ..."
verification/sif_audit/main_step48_refined_matched_edi.m,64,reuse_provenance,source_or_document,"    error('step48:UnrecognizedRefinedCheckpoint', ..."
verification/sif_audit/main_step48_refined_matched_edi.m,76,reuse_provenance,source_or_document,"        ~strcmpi(char(m.baselineCheckpoint),char(base.checkpointPath))"
verification/sif_audit/main_step48_refined_matched_edi.m,78,reuse_provenance,source_or_document,        'Refined checkpoint is not the selected same-geometry Step47 field.');
verification/sif_audit/main_step49_reflection_parity.m,70,reuse_provenance,source_or_document,"need(o,'checkpointPath');need(R48.refined,'checkpointPath');"
verification/sif_audit/main_step49_reflection_parity.m,71,reuse_provenance,source_or_document,"paths={char(o.checkpointPath),char(R48.refined.checkpointPath)};"
verification/sif_audit/main_step49_reflection_parity.m,76,reuse_provenance,source_or_document,"        error('step49:MissingSolvedCheckpoint', ..."
verification/sif_audit/main_step49_reflection_parity.m,77,reuse_provenance,source_or_document,"            'Saved FEM checkpoint absent: %s',paths{i});"
verification/sif_audit/main_step49_reflection_parity.m,96,reuse_provenance,source_or_document,                'The refined checkpoint must be the approved Step47 field.');
verification/sif_audit/main_step49_reflection_parity.m,229,parameter_flow,source_or_document,"    'rInner',ri,'rOuter',ro, ..."
verification/sif_audit/main_step49_reflection_parity.m,236,reuse_provenance,source_or_document,"save(saveFile,'R49'); % compact tables ONLY, no FEM displacement checkpoint"
verification/sif_audit/main_step52_interpolated_reflection.m,24,reuse_provenance,source_or_document,% solved checkpoints and caches are read-only.
verification/sif_audit/main_step52_interpolated_reflection.m,74,reuse_provenance,source_or_document,"        ~isfield(o.O45,'checkpointPath')|| ..."
verification/sif_audit/main_step52_interpolated_reflection.m,75,reuse_provenance,source_or_document,"        ~isfield(R48.refined,'checkpointPath')"
verification/sif_audit/main_step52_interpolated_reflection.m,76,reuse_provenance,source_or_document,"    error('step52:CheckpointReference','Missing saved FEM checkpoint path.');"
verification/sif_audit/main_step52_interpolated_reflection.m,78,reuse_provenance,source_or_document,"paths={char(o.O45.checkpointPath), ..."
verification/sif_audit/main_step52_interpolated_reflection.m,79,reuse_provenance,source_or_document,       char(R48.refined.checkpointPath)};
verification/sif_audit/main_step52_interpolated_reflection.m,94,reuse_provenance,source_or_document,"        error('step52:MissingSolvedCheckpoint', ..."
verification/sif_audit/main_step52_interpolated_reflection.m,112,reuse_provenance,source_or_document,"        error('step52:WrongFEMCheckpoint', ..."
verification/sif_audit/main_step52_interpolated_reflection.m,124,reuse_provenance,source_or_document,                'Refined checkpoint does not match original physical control.');
verification/sif_audit/main_step52_interpolated_reflection.m,289,parameter_flow,source_or_document,R52.rInner=ri;R52.rOuter=ro;
verification/sif_audit/main_step52_interpolated_reflection.m,310,reuse_provenance,source_or_document,"        'Previously saved checkpoint is missing %s.',f);"
verification/sif_audit/main_step53_common_grid_parity.m,55,reuse_provenance,source_or_document,"if ~isfield(o,'O45') || ~isfield(o.O45,'checkpointPath') || ..."
verification/sif_audit/main_step53_common_grid_parity.m,56,reuse_provenance,source_or_document,"        ~isfield(R48.refined,'checkpointPath')"
verification/sif_audit/main_step53_common_grid_parity.m,57,reuse_provenance,source_or_document,"    error('step53:MissingCheckpointReference', ..."
verification/sif_audit/main_step53_common_grid_parity.m,58,reuse_provenance,source_or_document,        'Step48 must refer to both previously solved checkpoints.');
verification/sif_audit/main_step53_common_grid_parity.m,60,reuse_provenance,source_or_document,"paths={char(o.O45.checkpointPath), ..."
verification/sif_audit/main_step53_common_grid_parity.m,61,reuse_provenance,source_or_document,       char(R48.refined.checkpointPath)};
verification/sif_audit/main_step53_common_grid_parity.m,80,reuse_provenance,source_or_document,"        error('step53:CheckpointMissing','Saved FEM file absent: %s',cp);"
verification/sif_audit/main_step53_common_grid_parity.m,86,reuse_provenance,source_or_document,"            error('step53:BadCheckpoint', ..."
verification/sif_audit/main_step53_common_grid_parity.m,97,reuse_provenance,source_or_document,"        error('step53:NotApprovedControl','Unexpected FEM checkpoint.');"
verification/sif_audit/main_step53_common_grid_parity.m,116,reuse_provenance,source_or_document,                'The two checkpoints are not the same physical control.');
verification/sif_audit/main_step53_common_grid_parity.m,152,length_grid,source_or_document,"    openingAtRef=interp1(faceR,normalJump,sameReferenceR,'pchip');"
verification/sif_audit/main_step53_common_grid_parity.m,287,parameter_flow,source_or_document,"    'rInner',ri,'rOuter',ro, ..."
verification/sif_audit/main_step54_geometry_symmetry_preflight.m,21,reuse_provenance,source_or_document,"addParameter(ip,'OriginalCheckpoint', ..."
verification/sif_audit/main_step54_geometry_symmetry_preflight.m,24,reuse_provenance,source_or_document,"addParameter(ip,'RefinedCheckpoint', ..."
verification/sif_audit/main_step54_geometry_symmetry_preflight.m,35,reuse_provenance,source_or_document,oldFile=char(opt.OriginalCheckpoint);
verification/sif_audit/main_step54_geometry_symmetry_preflight.m,36,reuse_provenance,source_or_document,newFile=char(opt.RefinedCheckpoint);
verification/sif_audit/main_step54_geometry_symmetry_preflight.m,38,reuse_provenance,source_or_document,"    error('step54:MissingSavedCheckpoint', ..."
verification/sif_audit/main_step54_geometry_symmetry_preflight.m,39,reuse_provenance,source_or_document,        'Both previously saved Step45/Step47 checkpoints are required.');
verification/sif_audit/main_step54_geometry_symmetry_preflight.m,50,reuse_provenance,source_or_document,"        error('step54:WrongSavedCheckpoint', ..."
verification/sif_audit/main_step54_geometry_symmetry_preflight.m,51,increment_4mm,source_or_document,"            'Expected two previously solved Npoly=240, a0=0.004 controls.');"
verification/sif_audit/main_step54_geometry_symmetry_preflight.m,58,reuse_provenance,source_or_document,        'Solved control checkpoints have different crack coordinates.');
verification/sif_audit/main_step54_geometry_symmetry_preflight.m,185,reuse_provenance,source_or_document,"    'crackEndpoints',Pmid,'checkpointPaths',{{oldFile,newFile}}, ..."
verification/sif_audit/main_step55_upper_half_boundary_preflight.m,69,increment_4mm,source_or_document,C.a0=0.004;
verification/sif_audit/main_step55_upper_half_boundary_preflight.m,104,length_grid,source_or_document,"if iLT>=iTip || mod(iRB,n)+1~=iRT || ..."
verification/sif_audit/main_step56_reflected_mesh_preflight.m,27,reuse_provenance,source_or_document,"addParameter(ip,'ReferenceCheckpoint', ..."
verification/sif_audit/main_step56_reflected_mesh_preflight.m,63,reuse_provenance,source_or_document,refCP=char(opt.ReferenceCheckpoint);
verification/sif_audit/main_step56_reflected_mesh_preflight.m,65,reuse_provenance,source_or_document,"    error('step56:ReferenceAbsent','Previously solved Step47 checkpoint missing.');"
verification/sif_audit/main_step56_reflected_mesh_preflight.m,75,reuse_provenance,source_or_document,        'Selected Step47 checkpoint and Step55 polygon do not match.');
verification/sif_audit/main_step56_reflected_mesh_preflight.m,435,reuse_provenance,source_or_document,"    'refinedReferenceCheckpoint',refCP, ..."
verification/sif_audit/main_step57_reflection_paired_control.m,11,reuse_provenance,source_or_document,"% After one authorized solve, it checkpoints that field and runs only the"
verification/sif_audit/main_step57_reflection_paired_control.m,31,reuse_provenance,source_or_document,"addParameter(ip,'CheckpointFile', ..."
verification/sif_audit/main_step57_reflection_paired_control.m,39,reuse_provenance,source_or_document,cp=char(opt.CheckpointFile);
verification/sif_audit/main_step57_reflection_paired_control.m,56,reuse_provenance,source_or_document,"        'refinedReferenceCheckpoint','sourceCrack','nativeR'}"
verification/sif_audit/main_step57_reflection_paired_control.m,85,reuse_provenance,source_or_document,refCP=char(O56.refinedReferenceCheckpoint);
verification/sif_audit/main_step57_reflection_paired_control.m,195,length_grid,source_or_document,"[~,~,grp]=unique(round(P(axisNodes,:)/tol)*tol,'rows');"
verification/sif_audit/main_step57_reflection_paired_control.m,210,reuse_provenance,source_or_document,% A previous valid checkpoint is always reused; never overwrite it.
verification/sif_audit/main_step57_reflection_paired_control.m,220,reuse_provenance,source_or_document,"        error('step57:ExistingCheckpointMismatch', ..."
verification/sif_audit/main_step57_reflection_paired_control.m,223,reuse_provenance,source_or_document,    fprintf('  Reusing existing Step57 solved checkpoint; NO new solve.\n');
verification/sif_audit/main_step57_reflection_paired_control.m,224,reuse_provenance,source_or_document,"    P57=struct('checkpointPath',cp,'newSolve',false, ..."
verification/sif_audit/main_step57_reflection_paired_control.m,278,reuse_provenance,source_or_document,"        'referenceStep47Checkpoint',refCP, ..."
verification/sif_audit/main_step57_reflection_paired_control.m,287,reuse_provenance,source_or_document,"            'Inspect/remove prior incomplete checkpoint manually: %s',tmp);"
verification/sif_audit/main_step57_reflection_paired_control.m,291,reuse_provenance,source_or_document,"    if ~ok,error('step57:CheckpointSaveFailed','%s',msg);end"
verification/sif_audit/main_step57_reflection_paired_control.m,292,reuse_provenance,source_or_document,"    fprintf('  Saved unique solved checkpoint: %s\n',cp);"
verification/sif_audit/main_step57_reflection_paired_control.m,293,reuse_provenance,source_or_document,"    P57=struct('checkpointPath',cp,'newSolve',true, ..."
verification/sif_audit/main_step58_reflection_paired_matched_edi.m,27,reuse_provenance,source_or_document,"addParameter(ip,'Step57Checkpoint', ..."
verification/sif_audit/main_step58_reflection_paired_matched_edi.m,41,reuse_provenance,source_or_document,cp57=char(opt.Step57Checkpoint);
verification/sif_audit/main_step58_reflection_paired_matched_edi.m,48,reuse_provenance,source_or_document,"    error('step58:MissingStep57','Missing solved Step57 checkpoint.');"
verification/sif_audit/main_step58_reflection_paired_matched_edi.m,79,reuse_provenance,source_or_document,"    error('step58:WrongStep57Checkpoint', ..."
verification/sif_audit/main_step59_paired_exact_pureI_nodal.m,41,reuse_provenance,source_or_document,"for f={'checkpointPath','meta','EDI','CODgates','faceGridMismatch'}"
verification/sif_audit/main_step60_visualize_step38_mesh.m,6,reuse_provenance,source_or_document,"% Step38 checkpoint. It never loads U, never solves FEM, never generates"
verification/sif_audit/main_step60_visualize_step38_mesh.m,26,reuse_provenance,source_or_document,% The default checkpoint is the investigator-local file created in Step38:
verification/sif_audit/main_step60_visualize_step38_mesh.m,33,reuse_provenance,source_or_document,"addParameter(ip,'CheckpointFile', ..."
verification/sif_audit/main_step60_visualize_step38_mesh.m,46,reuse_provenance,source_or_document,cp=char(opt.CheckpointFile);
verification/sif_audit/main_step60_visualize_step38_mesh.m,50,reuse_provenance,source_or_document,"    error('step60:MissingStep38Checkpoint', ..."
verification/sif_audit/main_step60_visualize_step38_mesh.m,51,reuse_provenance,source_or_document,"        ['Step60 needs the REAL local Step38 checkpoint. Missing: %s\n', ..."
verification/sif_audit/main_step60_visualize_step38_mesh.m,73,parameter_flow,source_or_document,"for f={'rInner','rOuterOverA0','hTip'}"
verification/sif_audit/main_step60_visualize_step38_mesh.m,91,reuse_provenance,source_or_document,% Strong provenance checks for the documented solved Step38 checkpoint.
verification/sif_audit/main_step60_visualize_step38_mesh.m,99,parameter_flow,source_or_document,        abs(baseline.rInner-0.0008)>1e-12
verification/sif_audit/main_step60_visualize_step38_mesh.m,100,reuse_provenance,source_or_document,"    error('step60:CheckpointProvenance', ..."
verification/sif_audit/main_step60_visualize_step38_mesh.m,101,reuse_provenance,source_or_document,"        ['Local file does not match the documented Step38 checkpoint ', ..."
verification/sif_audit/main_step60_visualize_step38_mesh.m,105,parameter_flow,source_or_document,rRat=baseline.rOuterOverA0(:).';
verification/sif_audit/main_step60_visualize_step38_mesh.m,107,reference_fingerprints,source_or_document,"    error('step60:UnexpectedEDIRadii', ..."
verification/sif_audit/main_step60_visualize_step38_mesh.m,135,parameter_flow,source_or_document,"    ids=fe_nodal_q_support(P6,T6,tip,e1,e2,baseline.rInner,ro);"
verification/sif_audit/main_step60_visualize_step38_mesh.m,143,parameter_flow,source_or_document,"    supportRows(k,:)=[rRat(k),1e3*baseline.rInner,1e3*ro, ..."
verification/sif_audit/main_step60_visualize_step38_mesh.m,185,reuse_provenance,source_or_document,"fprintf('  Checkpoint: %s\n',cp);"
verification/sif_audit/main_step60_visualize_step38_mesh.m,222,parameter_flow,source_or_document,"draw_circle_mm(ax3,baseline.rInner,':','r_{in}=0.8 mm');"
verification/sif_audit/main_step60_visualize_step38_mesh.m,248,parameter_flow,source_or_document,"draw_circle_mm(ax4,baseline.rInner,':','r_{in}');"
verification/sif_audit/main_step60_visualize_step38_mesh.m,265,reuse_provenance,source_or_document,    'Read-only checkpoint visualization; no reconstruction and no FEM/EDI solve'});
verification/sif_audit/main_step60_visualize_step38_mesh.m,285,parameter_flow,source_or_document,"draw_circle_mm(ax,baseline.rInner,':','r_{in}=0.8 mm');"
verification/sif_audit/main_step60_visualize_step38_mesh.m,307,reuse_provenance,source_or_document,"    'checkpointPath',cp, ..."
verification/sif_audit/main_step60_visualize_step38_mesh.m,313,parameter_flow,source_or_document,"    'rInner',baseline.rInner, ..."
verification/sif_audit/main_step60_visualize_step38_mesh.m,314,parameter_flow,source_or_document,"    'rOuterOverA0',rRat, ..."
verification/sif_audit/main_step60_visualize_step38_mesh.m,327,reuse_provenance,source_or_document,fprintf('STEP 60 complete: real Step38 checkpoint visualized; zero solves.\n');
verification/sif_audit/main_step60_visualize_step38_mesh.m,353,parameter_flow,source_or_document,"function ids=fe_nodal_q_support(coord,connect,tip,e1,e2,rInner,rOuter)"
verification/sif_audit/main_step60_visualize_step38_mesh.m,364,parameter_flow,source_or_document,qNode(r>=rOuter)=0;
verification/sif_audit/main_step60_visualize_step38_mesh.m,365,parameter_flow,source_or_document,mid=(r>rInner)&(r<rOuter);
verification/sif_audit/main_step60_visualize_step38_mesh.m,366,parameter_flow,source_or_document,qNode(mid)=(rOuter-r(mid))/(rOuter-rInner);
verification/sif_audit/main_step60_visualize_step38_mesh.m,383,parameter_flow,source_or_document,    if rc>rOuter+element_radius(X)
verification/sif_audit/main_step61_local_paired_patch.m,9,reuse_provenance,source_or_document,"addParameter(ip,'CheckpointFile',fullfile(root,'verification', ..."
verification/sif_audit/main_step61_local_paired_patch.m,18,reuse_provenance,source_or_document,cp=char(opt.CheckpointFile); prefix=char(opt.SavePrefix);
verification/sif_audit/main_step61_local_paired_patch.m,22,parameter_flow,source_or_document,a0=s.a0; hTip=s.actualTip; ri=s.baseline.rInner; ro=.65*a0;
verification/sif_audit/main_step61_local_paired_patch.m,205,reuse_provenance,source_or_document,"provenance=struct('checkpointPath',cp,'checkpointSHA256',sha256(cp), ..."
verification/sif_audit/main_step61_local_paired_patch.m,209,parameter_flow,source_or_document,"    'sourceMaterial',mat,'baselineOuterRatios',s.baseline.rOuterOverA0, ..."
verification/sif_audit/main_step61_local_paired_patch.m,210,parameter_flow,source_or_document,"    'rInner',ri,'rOuter',ro,'upperGeneratedOnce',true, ..."
verification/sif_audit/main_step61_local_paired_patch.m,276,length_grid,source_or_document,        n=ceil(pi*r/h);
verification/sif_audit/main_step61_local_paired_patch.m,314,length_grid,source_or_document,"[~,ix]=unique(round(xy/1e-12),'rows','stable');xy=xy(ix,:);"
verification/sif_audit/main_step61_local_paired_patch.m,322,length_grid,source_or_document,    n=ceil(2*pi*r/.14e-3);th=(0:n-1)'*2*pi/n;
verification/sif_audit/main_step61_local_paired_patch.m,339,length_grid,source_or_document,"nCut=max(2,round((-rp-x0)/.12e-3));"
verification/sif_audit/main_step61_local_paired_patch.m,373,length_grid,source_or_document,"    if mod(it,2)==0"
verification/sif_audit/main_step61_local_paired_patch.m,403,length_grid,source_or_document,"xy=X(ids,:);[~,first,grp]=unique(round(xy/1e-12),'rows','stable');"
verification/sif_audit/main_step61_local_paired_patch.m,441,length_grid,source_or_document,"    j=mod(k,3)+1;h=mod(k+1,3)+1;"
verification/sif_audit/main_step62_structured_graded_mesh.m,9,reuse_provenance,source_or_document,"addParameter(ip,'CheckpointFile',fullfile(root,'verification', ..."
verification/sif_audit/main_step62_structured_graded_mesh.m,16,parameter_flow,source_or_document,"addParameter(ip,'ExteriorCalibration',struct(),@(x)isstruct(x)&&isscalar(x));"
verification/sif_audit/main_step62_structured_graded_mesh.m,28,reuse_provenance,source_or_document,cp=char(opt.CheckpointFile); sourceCandidateFile=char(opt.SourceCandidateFile);
verification/sif_audit/main_step62_structured_graded_mesh.m,31,length_grid,source_or_document,"    prefix=sprintf('%s_S%07d',prefix,round(1e6*opt.Scale));"
verification/sif_audit/main_step62_structured_graded_mesh.m,37,reuse_provenance,source_or_document,% Step38 checkpoint without U. Recovery mode uses the exact archived Step62
verification/sif_audit/main_step62_structured_graded_mesh.m,38,reuse_provenance,source_or_document,% candidate when the untracked Step38 checkpoint is unavailable.
verification/sif_audit/main_step62_structured_graded_mesh.m,50,parameter_flow,source_or_document,    ri=src.provenance.rInner;ro=src.provenance.rOuter;
verification/sif_audit/main_step62_structured_graded_mesh.m,60,reuse_provenance,source_or_document,    checkpointPath='';
verification/sif_audit/main_step62_structured_graded_mesh.m,71,parameter_flow,source_or_document,    a0=d.a0;hTip=d.actualTip;ri=d.baseline.rInner;ro=.65*a0;
verification/sif_audit/main_step62_structured_graded_mesh.m,72,parameter_flow,source_or_document,    sourceMesh=d.mesh;sourceOuterRatios=d.baseline.rOuterOverA0;
verification/sif_audit/main_step62_structured_graded_mesh.m,73,reuse_provenance,source_or_document,    sourceMode='step38_checkpoint';sourcePath=cp;sourceSHA=sha256(cp);
verification/sif_audit/main_step62_structured_graded_mesh.m,74,reuse_provenance,source_or_document,    checkpointPath=cp;
verification/sif_audit/main_step62_structured_graded_mesh.m,95,reuse_provenance,source_or_document,"if strcmp(sourceMode,'step38_checkpoint')"
verification/sif_audit/main_step62_structured_graded_mesh.m,126,parameter_flow,source_or_document,design.exteriorCalibration=opt.ExteriorCalibration;
verification/sif_audit/main_step62_structured_graded_mesh.m,249,parameter_flow,source_or_document,"if isfield(opt.ExteriorCalibration,'neighborRatioTarget')"
verification/sif_audit/main_step62_structured_graded_mesh.m,250,parameter_flow,source_or_document,    neighborTarget=opt.ExteriorCalibration.neighborRatioTarget;
verification/sif_audit/main_step62_structured_graded_mesh.m,280,reuse_provenance,source_or_document,"    'sourceSHA256',sourceSHA,'checkpointPath',checkpointPath, ..."
verification/sif_audit/main_step62_structured_graded_mesh.m,285,parameter_flow,source_or_document,"    'rInner',ri,'rOuter',ro,'upperGeneratedOnce',true, ..."
verification/sif_audit/main_step62_structured_graded_mesh.m,293,parameter_flow,source_or_document,"    'exteriorCalibration',opt.ExteriorCalibration);"
verification/sif_audit/main_step62_structured_graded_mesh.m,351,reuse_provenance,source_or_document,"function p=conditional_checkpoint(mode,cp)"
verification/sif_audit/main_step62_structured_graded_mesh.m,352,reuse_provenance,source_or_document,"if strcmp(mode,'step38_checkpoint'),p=cp;else,p='';end"
verification/sif_audit/main_step62_structured_graded_mesh.m,371,length_grid,source_or_document,"    j=mod(k,3)+1;h=mod(k+1,3)+1;"
verification/sif_audit/main_step62_structured_graded_mesh.m,654,length_grid,source_or_document,"    if mod(j,2)==1,Z=X;C=T;support=oldSupport;else,Z=Y;C=S;support=newSupport;end"
verification/sif_audit/main_step62_structured_graded_mesh.m,657,length_grid,source_or_document,"    if mod(j,2)==0"
verification/sif_audit/main_step62_structured_graded_mesh.m,673,length_grid,source_or_document,"    if mod(j,2)==1,title(ax,sprintf('Source baseline: %d triangles',size(T,1))); ..."
verification/sif_audit/main_step62b_mesh_calibration.m,68,reuse_provenance,source_or_document,% The untracked Step38 checkpoint is no longer available. The committed
verification/sif_audit/main_step62b_mesh_calibration.m,80,reuse_provenance,source_or_document,fprintf('  Step38 checkpoint is NOT required for Step62B calibration.\n');
verification/sif_audit/main_step62b_mesh_calibration.m,107,parameter_flow,source_or_document,"            'transitionLength_m',transition_mm(i)*1e-3, ..."
verification/sif_audit/main_step62b_mesh_calibration.m,126,parameter_flow,source_or_document,"                'ExteriorCalibration',cal, ..."
verification/sif_audit/main_step62b_mesh_calibration.m,133,parameter_flow,source_or_document,"                'transitionLength_mm',transition_mm(i), ..."
verification/sif_audit/main_step62b_mesh_calibration.m,198,parameter_flow,source_or_document,"        'ExteriorCalibration',cal, ..."
verification/sif_audit/main_step62b_mesh_calibration.m,240,parameter_flow,source_or_document,"    1e3*winnerCal.transitionLength_m,winnerCal.farSlope, ..."
verification/sif_audit/main_step62b_mesh_calibration.m,250,parameter_flow,source_or_document,"    'ExteriorCalibration',winnerCal, ..."
verification/sif_audit/main_step62b_mesh_calibration.m,296,parameter_flow,source_or_document,"    'transitionLength_mm',Lmm,'farSlope',slope, ..."
verification/sif_audit/main_step63_calibrated_asymmetric_physical_solve.m,11,reuse_provenance,source_or_document,%   4) saves a unique solved-field checkpoint before postprocessing;
verification/sif_audit/main_step63_calibrated_asymmetric_physical_solve.m,38,reuse_provenance,source_or_document,"addParameter(ip,'CheckpointFile', ..."
verification/sif_audit/main_step63_calibrated_asymmetric_physical_solve.m,53,reuse_provenance,source_or_document,cp=char(opt.CheckpointFile);
verification/sif_audit/main_step63_calibrated_asymmetric_physical_solve.m,100,parameter_flow,source_or_document,"requiredCal={'transitionLength_m','farSlope','boundaryMetricGrowth', ..."
verification/sif_audit/main_step63_calibrated_asymmetric_physical_solve.m,103,parameter_flow,source_or_document,if abs(cal.transitionLength_m-.008)>1e-14 || ...
verification/sif_audit/main_step63_calibrated_asymmetric_physical_solve.m,144,parameter_flow,source_or_document,        abs(candidate.exteriorDesign.calibration.transitionLength_m-.008)>1e-14 || ...
verification/sif_audit/main_step63_calibrated_asymmetric_physical_solve.m,241,reuse_provenance,source_or_document,"% Existing valid checkpoint is reused, never overwritten."
verification/sif_audit/main_step63_calibrated_asymmetric_physical_solve.m,250,reuse_provenance,source_or_document,"        error('step63:ExistingCheckpointMismatch', ..."
verification/sif_audit/main_step63_calibrated_asymmetric_physical_solve.m,251,reuse_provenance,source_or_document,            'Existing Step63 checkpoint does not belong to this exact candidate.');
verification/sif_audit/main_step63_calibrated_asymmetric_physical_solve.m,253,reuse_provenance,source_or_document,    fprintf('  Reusing existing Step63 checkpoint; NO new solve.\n');
verification/sif_audit/main_step63_calibrated_asymmetric_physical_solve.m,254,reuse_provenance,source_or_document,"    P63=struct('checkpointPath',cp,'newSolve',false, ..."
verification/sif_audit/main_step63_calibrated_asymmetric_physical_solve.m,298,parameter_flow,source_or_document,"        'transitionLength_m',cal.transitionLength_m, ..."
verification/sif_audit/main_step63_calibrated_asymmetric_physical_solve.m,317,reuse_provenance,source_or_document,"            'Inspect/remove prior incomplete checkpoint manually: %s',tmp);"
verification/sif_audit/main_step63_calibrated_asymmetric_physical_solve.m,321,reuse_provenance,source_or_document,"    if ~ok,error('step63:CheckpointSave','%s',msg);end"
verification/sif_audit/main_step63_calibrated_asymmetric_physical_solve.m,322,reuse_provenance,source_or_document,"    fprintf('  Solved field safely checkpointed: %s\n',cp);"
verification/sif_audit/main_step63_calibrated_asymmetric_physical_solve.m,324,reuse_provenance,source_or_document,"    P63=struct('checkpointPath',cp,'newSolve',true, ..."
verification/sif_audit/main_step63_calibrated_asymmetric_physical_solve.m,332,reuse_provenance,source_or_document,% COD-only physical postprocessing from SAVED checkpoint.
verification/sif_audit/main_step63_calibrated_asymmetric_physical_solve.m,338,reuse_provenance,source_or_document,"    error('step63:CheckpointProvenance','Checkpoint provenance mismatch.');"
verification/sif_audit/main_step63_calibrated_asymmetric_physical_solve.m,385,reuse_provenance,source_or_document,"    'checkpointPath',cp, ..."
verification/sif_audit/main_step63_calibrated_asymmetric_physical_solve.m,435,parameter_flow,source_or_document,"        'ExteriorCalibration',cal, ..."
verification/sif_audit/main_step63_calibrated_asymmetric_physical_solve.m,470,parameter_flow,source_or_document,    if abs(embedded.transitionLength_m-cal.transitionLength_m)>1e-14 || ...
verification/sif_audit/main_step63_calibrated_asymmetric_physical_solve.m,502,parameter_flow,source_or_document,"    'transitionLength_m',.008, ..."
verification/sif_audit/main_step63r_recover_lost_physical_field.m,3,reuse_provenance,source_or_document,% Guarded replacement of the LOST Step63 physical checkpoint.
verification/sif_audit/main_step63r_recover_lost_physical_field.m,7,reuse_provenance,source_or_document,% first solved checkpoint was lost locally after it had completed.
verification/sif_audit/main_step63r_recover_lost_physical_field.m,31,reuse_provenance,source_or_document,"addParameter(ip,'CheckpointFile', ..."
verification/sif_audit/main_step63r_recover_lost_physical_field.m,43,reuse_provenance,source_or_document,cp=char(opt.CheckpointFile);
verification/sif_audit/main_step63r_recover_lost_physical_field.m,49,reuse_provenance,source_or_document,fprintf('  This is a replacement of the lost first Step63 checkpoint.\n');
verification/sif_audit/main_step63r_recover_lost_physical_field.m,54,reuse_provenance,source_or_document,    fprintf('  A Step63 checkpoint already exists. No replacement solve will run.\n');
verification/sif_audit/main_step63r_recover_lost_physical_field.m,62,reuse_provenance,source_or_document,    fprintf('  No Step63 checkpoint exists.\n');
verification/sif_audit/main_step63r_recover_lost_physical_field.m,68,reuse_provenance,source_or_document,"    'CheckpointFile',cp);"
verification/sif_audit/main_step63r_recover_lost_physical_field.m,152,reuse_provenance,source_or_document,"    'checkpointPath',cp, ..."
verification/sif_audit/main_step63r_recover_lost_physical_field.m,153,reuse_provenance,source_or_document,"    'checkpointSHA256',cpHash, ..."
verification/sif_audit/main_step63r_recover_lost_physical_field.m,155,reuse_provenance,source_or_document,"    'firstRunCheckpointWasLost',true, ..."
verification/sif_audit/main_step63r_recover_lost_physical_field.m,163,reuse_provenance,source_or_document,"      'a lost solved checkpoint; recovered COD agrees with the recorded ', ..."
verification/sif_audit/main_step63r_recover_lost_physical_field.m,167,reuse_provenance,source_or_document,"fprintf('  Recovered checkpoint SHA-256: %s\n',cpHash);"
verification/sif_audit/main_step64_matched_physical_edi.m,30,reuse_provenance,source_or_document,"addParameter(ip,'Step63Checkpoint', ..."
verification/sif_audit/main_step64_matched_physical_edi.m,45,reuse_provenance,source_or_document,cp=char(opt.Step63Checkpoint);
verification/sif_audit/main_step64_matched_physical_edi.m,50,reuse_provenance,source_or_document,"    error('step64:MissingStep63Checkpoint', ..."
verification/sif_audit/main_step64_matched_physical_edi.m,51,reuse_provenance,source_or_document,"        'Missing saved physical Step63 checkpoint: %s',cp);"
verification/sif_audit/main_step64_matched_physical_edi.m,82,reuse_provenance,source_or_document,        'Checkpoint is not the exact unswept physical C03 Step63 field.');
verification/sif_audit/main_step64_matched_physical_edi.m,86,reuse_provenance,source_or_document,"    error('step64:CheckpointDimensions', ..."
verification/sif_audit/main_step64_matched_physical_edi.m,87,reuse_provenance,source_or_document,        'Step63 checkpoint mesh/U dimensions are inconsistent.');
verification/sif_audit/main_step64_matched_physical_edi.m,116,reuse_provenance,source_or_document,"            isfield(old.R64,'checkpointSHA256') && ..."
verification/sif_audit/main_step64_matched_physical_edi.m,118,reuse_provenance,source_or_document,"            strcmp(old.R64.checkpointSHA256,cpHash) && ..."
verification/sif_audit/main_step64_matched_physical_edi.m,121,parameter_flow,source_or_document,            abs(old.R64.rInner-ri)<1e-14 && abs(old.R64.rOuter-ro)<1e-14
verification/sif_audit/main_step64_matched_physical_edi.m,192,reuse_provenance,source_or_document,"    'checkpointPath',cp, ..."
verification/sif_audit/main_step64_matched_physical_edi.m,193,reuse_provenance,source_or_document,"    'checkpointSHA256',cpHash, ..."
verification/sif_audit/main_step64_matched_physical_edi.m,199,parameter_flow,source_or_document,"    'rInner',ri,'rOuter',ro,'hTip',hTip, ..."
verification/sif_audit/main_step65_level1_mesh_qualification.m,65,parameter_flow,source_or_document,"    'ExteriorCalibration',cal, ..."
verification/sif_audit/main_step65_level1_mesh_qualification.m,98,parameter_flow,source_or_document,"    'ExteriorCalibration',cal, ..."
verification/sif_audit/main_step65_level1_mesh_qualification.m,220,parameter_flow,source_or_document,"    'transitionLength_m',.008, ..."
verification/sif_audit/main_step66_solver_memory_preflight.m,75,parameter_flow,source_or_document,"    'ExteriorCalibration',cal, ..."
verification/sif_audit/main_step66_solver_memory_preflight.m,106,parameter_flow,source_or_document,"    'ExteriorCalibration',cal, ..."
verification/sif_audit/main_step66_solver_memory_preflight.m,337,parameter_flow,source_or_document,"    'transitionLength_m',.008, ..."
verification/sif_audit/main_step67_level0_iterative_solver_qualification.m,30,reuse_provenance,source_or_document,"addParameter(ip,'CheckpointFile', ..."
verification/sif_audit/main_step67_level0_iterative_solver_qualification.m,36,reuse_provenance,source_or_document,"addParameter(ip,'ReferenceCheckpoint', ..."
verification/sif_audit/main_step67_level0_iterative_solver_qualification.m,46,reuse_provenance,source_or_document,cp=char(opt.CheckpointFile);
verification/sif_audit/main_step67_level0_iterative_solver_qualification.m,48,reuse_provenance,source_or_document,refCp=char(opt.ReferenceCheckpoint);
verification/sif_audit/main_step67_level0_iterative_solver_qualification.m,78,parameter_flow,source_or_document,"    'ExteriorCalibration',cal, ..."
verification/sif_audit/main_step67_level0_iterative_solver_qualification.m,115,reference_fingerprints,source_or_document,        face0.gridMismatch>1e-12 || any(sampleN~=[38;55;44;34])
verification/sif_audit/main_step67_level0_iterative_solver_qualification.m,117,reference_fingerprints,source_or_document,        'Expected exact Level-0 native COD sampling 38/55/44/34.');
verification/sif_audit/main_step67_level0_iterative_solver_qualification.m,180,reuse_provenance,source_or_document,% Existing valid Step67 checkpoint is reused. Otherwise one authorized solve.
verification/sif_audit/main_step67_level0_iterative_solver_qualification.m,193,reuse_provenance,source_or_document,"        error('step67:ExistingCheckpointMismatch', ..."
verification/sif_audit/main_step67_level0_iterative_solver_qualification.m,194,reuse_provenance,source_or_document,            'Existing Step67 checkpoint is not the exact current qualification field.');
verification/sif_audit/main_step67_level0_iterative_solver_qualification.m,196,reuse_provenance,source_or_document,    fprintf('  Reusing existing Step67 checkpoint; NO new physical solve.\n');
verification/sif_audit/main_step67_level0_iterative_solver_qualification.m,306,reuse_provenance,source_or_document,"        'physicalEDIperformedAfterCheckpoint',true, ..."
verification/sif_audit/main_step67_level0_iterative_solver_qualification.m,314,reuse_provenance,source_or_document,"            'Inspect/remove prior incomplete checkpoint manually: %s',tmp);"
verification/sif_audit/main_step67_level0_iterative_solver_qualification.m,319,reuse_provenance,source_or_document,"    if ~ok,error('step67:CheckpointSave','%s',msg);end"
verification/sif_audit/main_step67_level0_iterative_solver_qualification.m,320,reuse_provenance,source_or_document,"    fprintf('  Iterative physical field safely checkpointed: %s\n',cp);"
verification/sif_audit/main_step67_level0_iterative_solver_qualification.m,327,reuse_provenance,source_or_document,% Postprocess only from the saved Step67 checkpoint.
verification/sif_audit/main_step67_level0_iterative_solver_qualification.m,334,reuse_provenance,source_or_document,"    error('step67:CheckpointProvenance','Saved iterative checkpoint provenance mismatch.');"
verification/sif_audit/main_step67_level0_iterative_solver_qualification.m,396,reuse_provenance,source_or_document,% Optional direct displacement comparison if the recovered Step63 checkpoint
verification/sif_audit/main_step67_level0_iterative_solver_qualification.m,421,reference_fingerprints,source_or_document,"gates.nativeSamplingExact=isequal(fitTable.n_native,[38;38;55;55;44;44;34;34]);"
verification/sif_audit/main_step67_level0_iterative_solver_qualification.m,458,reuse_provenance,source_or_document,"    'checkpointPath',cp, ..."
verification/sif_audit/main_step67_level0_iterative_solver_qualification.m,496,parameter_flow,source_or_document,"    'transitionLength_m',.008, ..."
verification/sif_audit/main_step67a_level0_sgs_solver_qualification.m,30,reuse_provenance,source_or_document,"addParameter(ip,'CheckpointFile', ..."
verification/sif_audit/main_step67a_level0_sgs_solver_qualification.m,36,reuse_provenance,source_or_document,"addParameter(ip,'ReferenceCheckpoint', ..."
verification/sif_audit/main_step67a_level0_sgs_solver_qualification.m,46,reuse_provenance,source_or_document,cp=char(opt.CheckpointFile);
verification/sif_audit/main_step67a_level0_sgs_solver_qualification.m,48,reuse_provenance,source_or_document,refCp=char(opt.ReferenceCheckpoint);
verification/sif_audit/main_step67a_level0_sgs_solver_qualification.m,78,parameter_flow,source_or_document,"    'ExteriorCalibration',cal, ..."
verification/sif_audit/main_step67a_level0_sgs_solver_qualification.m,115,reference_fingerprints,source_or_document,        face0.gridMismatch>1e-12 || any(sampleN~=[38;55;44;34])
verification/sif_audit/main_step67a_level0_sgs_solver_qualification.m,117,reference_fingerprints,source_or_document,        'Expected exact Level-0 native COD sampling 38/55/44/34.');
verification/sif_audit/main_step67a_level0_sgs_solver_qualification.m,180,reuse_provenance,source_or_document,% Existing valid Step67A checkpoint is reused. Otherwise one authorized solve.
verification/sif_audit/main_step67a_level0_sgs_solver_qualification.m,193,reuse_provenance,source_or_document,"        error('step67a:ExistingCheckpointMismatch', ..."
verification/sif_audit/main_step67a_level0_sgs_solver_qualification.m,194,reuse_provenance,source_or_document,            'Existing Step67A checkpoint is not the exact current qualification field.');
verification/sif_audit/main_step67a_level0_sgs_solver_qualification.m,196,reuse_provenance,source_or_document,    fprintf('  Reusing existing Step67A checkpoint; NO new physical solve.\n');
verification/sif_audit/main_step67a_level0_sgs_solver_qualification.m,315,reuse_provenance,source_or_document,"        'physicalEDIperformedAfterCheckpoint',true, ..."
verification/sif_audit/main_step67a_level0_sgs_solver_qualification.m,323,reuse_provenance,source_or_document,"            'Inspect/remove prior incomplete checkpoint manually: %s',tmp);"
verification/sif_audit/main_step67a_level0_sgs_solver_qualification.m,328,reuse_provenance,source_or_document,"    if ~ok,error('step67a:CheckpointSave','%s',msg);end"
verification/sif_audit/main_step67a_level0_sgs_solver_qualification.m,329,reuse_provenance,source_or_document,"    fprintf('  Iterative physical field safely checkpointed: %s\n',cp);"
verification/sif_audit/main_step67a_level0_sgs_solver_qualification.m,336,reuse_provenance,source_or_document,% Postprocess only from the saved Step67A checkpoint.
verification/sif_audit/main_step67a_level0_sgs_solver_qualification.m,343,reuse_provenance,source_or_document,"    error('step67a:CheckpointProvenance','Saved iterative checkpoint provenance mismatch.');"
verification/sif_audit/main_step67a_level0_sgs_solver_qualification.m,405,reuse_provenance,source_or_document,% Optional direct displacement comparison if the recovered Step63 checkpoint
verification/sif_audit/main_step67a_level0_sgs_solver_qualification.m,430,reference_fingerprints,source_or_document,"gates.nativeSamplingExact=isequal(fitTable.n_native,[38;38;55;55;44;44;34;34]);"
verification/sif_audit/main_step67a_level0_sgs_solver_qualification.m,467,reuse_provenance,source_or_document,"    'checkpointPath',cp, ..."
verification/sif_audit/main_step67a_level0_sgs_solver_qualification.m,505,parameter_flow,source_or_document,"    'transitionLength_m',.008, ..."
verification/sif_audit/main_step68_level1_sgs_physical_convergence.m,20,reuse_provenance,source_or_document,%   - immediate solved-field checkpoint;
verification/sif_audit/main_step68_level1_sgs_physical_convergence.m,34,reuse_provenance,source_or_document,"addParameter(ip,'CheckpointFile', ..."
verification/sif_audit/main_step68_level1_sgs_physical_convergence.m,50,reuse_provenance,source_or_document,cp=char(opt.CheckpointFile);
verification/sif_audit/main_step68_level1_sgs_physical_convergence.m,83,parameter_flow,source_or_document,"    'ExteriorCalibration',cal, ..."
verification/sif_audit/main_step68_level1_sgs_physical_convergence.m,231,reuse_provenance,source_or_document,% Existing valid Step68 checkpoint is reused. Otherwise exactly one solve.
verification/sif_audit/main_step68_level1_sgs_physical_convergence.m,244,reuse_provenance,source_or_document,"        error('step68:ExistingCheckpointMismatch', ..."
verification/sif_audit/main_step68_level1_sgs_physical_convergence.m,245,reuse_provenance,source_or_document,            'Existing Step68 checkpoint is not the exact current Level-1 field.');
verification/sif_audit/main_step68_level1_sgs_physical_convergence.m,247,reuse_provenance,source_or_document,    fprintf('  Reusing existing Step68 checkpoint; NO new physical solve.\n');
verification/sif_audit/main_step68_level1_sgs_physical_convergence.m,390,reuse_provenance,source_or_document,"        'physicalEDIperformedAfterCheckpoint',true, ..."
verification/sif_audit/main_step68_level1_sgs_physical_convergence.m,400,reuse_provenance,source_or_document,"            'Inspect/remove prior incomplete checkpoint manually: %s',tmp);"
verification/sif_audit/main_step68_level1_sgs_physical_convergence.m,406,reuse_provenance,source_or_document,"    if ~ok,error('step68:CheckpointSave','%s',msg);end"
verification/sif_audit/main_step68_level1_sgs_physical_convergence.m,407,reuse_provenance,source_or_document,"    fprintf('  Level-1 physical field safely checkpointed: %s\n',cp);"
verification/sif_audit/main_step68_level1_sgs_physical_convergence.m,422,reuse_provenance,source_or_document,"    error('step68:CheckpointProvenance','Saved Level-1 checkpoint provenance mismatch.');"
verification/sif_audit/main_step68_level1_sgs_physical_convergence.m,546,reuse_provenance,source_or_document,"    'checkpointPath',cp, ..."
verification/sif_audit/main_step68_level1_sgs_physical_convergence.m,589,parameter_flow,source_or_document,"    'transitionLength_m',.008, ..."
verification/sif_audit/main_step69_sqrt2_scale_convergence.m,18,reuse_provenance,source_or_document,%   3) checkpoints the field immediately;
verification/sif_audit/main_step69_sqrt2_scale_convergence.m,32,reuse_provenance,source_or_document,"addParameter(ip,'CheckpointFile', ..."
verification/sif_audit/main_step69_sqrt2_scale_convergence.m,51,reuse_provenance,source_or_document,cp=char(opt.CheckpointFile);
verification/sif_audit/main_step69_sqrt2_scale_convergence.m,87,parameter_flow,source_or_document,"    'ExteriorCalibration',cal, ..."
verification/sif_audit/main_step69_sqrt2_scale_convergence.m,254,reuse_provenance,source_or_document,"% One midpoint physical solve, checkpoint first."
verification/sif_audit/main_step69_sqrt2_scale_convergence.m,267,reuse_provenance,source_or_document,"        error('step69:ExistingCheckpointMismatch', ..."
verification/sif_audit/main_step69_sqrt2_scale_convergence.m,268,reuse_provenance,source_or_document,            'Existing Step69 checkpoint belongs to another field.');
verification/sif_audit/main_step69_sqrt2_scale_convergence.m,270,reuse_provenance,source_or_document,    fprintf('  Reusing existing midpoint checkpoint; NO new physical solve.\n');
verification/sif_audit/main_step69_sqrt2_scale_convergence.m,384,reuse_provenance,source_or_document,"    if ~ok,error('step69:CheckpointSave','%s',msg);end"
verification/sif_audit/main_step69_sqrt2_scale_convergence.m,385,reuse_provenance,source_or_document,"    fprintf('  Midpoint physical field safely checkpointed: %s\n',cp);"
verification/sif_audit/main_step69_sqrt2_scale_convergence.m,397,reuse_provenance,source_or_document,"    error('step69:CheckpointProvenance','Midpoint checkpoint provenance mismatch.');"
verification/sif_audit/main_step69_sqrt2_scale_convergence.m,499,reuse_provenance,source_or_document,"    'checkpointPath',cp,'newSolve',newSolve, ..."
verification/sif_audit/main_step69_sqrt2_scale_convergence.m,552,parameter_flow,source_or_document,"cal=struct('transitionLength_m',.008,'farSlope',.10, ..."
verification/sif_audit/main_step7_edi_aux_derivative_sensitivity.m,54,parameter_flow,source_or_document,rOuter=0.5*Llast;
verification/sif_audit/main_step7_edi_aux_derivative_sensitivity.m,55,parameter_flow,source_or_document,rInner=0.05*Llast;
verification/sif_audit/main_step7_edi_aux_derivative_sensitivity.m,56,parameter_flow,source_or_document,"domain=struct('r_inner',rInner,'r_outer',rOuter);"
verification/sif_audit/main_step7_edi_aux_derivative_sensitivity.m,60,parameter_flow,source_or_document,"    rInner,rOuter,rInner/Llast,rOuter/Llast);"
verification/sif_audit/main_step7_edi_aux_derivative_sensitivity.m,61,parameter_flow,source_or_document,"fprintf('r_inner / htip = %.3f\n',rInner/M.htip);"
verification/sif_audit/main_step7_edi_aux_derivative_sensitivity.m,106,parameter_flow,source_or_document,"            AE.nElem_used,AE.nGP_used,rInner/M.htip];"
verification/sif_audit/main_step9_production_theta_sweep_compare.m,58,parameter_flow,source_or_document,"rInner=nan(nT,nR);"
verification/sif_audit/main_step9_production_theta_sweep_compare.m,94,parameter_flow,source_or_document,"            rInner(it,ir)=R.domain_EDI.r_inner;"
verification/sif_audit/main_step9_production_theta_sweep_compare.m,130,parameter_flow,source_or_document,"            rInner(it,ir), ..."
verification/sif_audit/main_step9_production_theta_sweep_compare.m,131,parameter_flow,source_or_document,"            rInner(it,ir)/(C.a0), ..."
verification/sif_audit/main_step9_production_theta_sweep_compare.m,230,parameter_flow,source_or_document,Out.EDI_r_inner=rInner;
verification/sif_audit/native_COD_audit.m,54,length_grid,source_or_document,"jump=Uu(mask,:) - interp1(rL,Ul,r,'pchip');"
verification/sif_audit/perturb_literal_cut_mesh_lower_angles.m,137,length_grid,source_or_document,"    d=X(T(:,j),:)-X(T(:,mod(j,3)+1),:);"
verification/sif_audit/perturb_literal_cut_mesh_lower_angles.m,182,length_grid,source_or_document,i=floor(z); j=ceil(z);
verification/sif_audit/plot_step34_mesh.m,57,parameter_flow,source_or_document,"if ~isfield(O33,'rOuterOverA0')||~isfield(O33,'rInner')"
verification/sif_audit/plot_step34_mesh.m,61,parameter_flow,source_or_document,ro=sort(O33.rOuterOverA0(:).')*a0;
verification/sif_audit/plot_step34_mesh.m,62,parameter_flow,source_or_document,ri=O33.rInner;
verification/sif_audit/plot_step34_mesh.m,102,fixed_states_lengths,source_or_document,"    'Color',[.75 .23 .13],'LineWidth',2.5);"
verification/sif_audit/plot_step34_mesh.m,104,fixed_states_lengths,source_or_document,"    'Color',[.75 .23 .13],'MarkerFaceColor',[.75 .23 .13], ..."
verification/sif_audit/plot_step34_mesh.m,108,fixed_states_lengths,source_or_document,"circleLine(ax1,tip,max(ro),[.23 .48 .78],1.2,'--');"
verification/sif_audit/plot_step34_mesh.m,117,fixed_states_lengths,source_or_document,"    'Color',[.23 .48 .78],'FontSize',9);"
verification/sif_audit/plot_step34_mesh.m,166,parameter_flow,source_or_document,"    EDIRadii=struct('rInner',ri,'rOuter',ro);"
verification/sif_audit/refine_collapsed_t3_annulus.m,2,parameter_flow,source_or_document,"    P,T,crack,rInner,rOuter,targetEdge,varargin)"
verification/sif_audit/refine_collapsed_t3_annulus.m,37,length_grid,source_or_document,    @(x)isnumeric(x)&&isscalar(x)&&isfinite(x)&&x>=1&&x<=5&&x==round(x));
verification/sif_audit/refine_collapsed_t3_annulus.m,44,length_grid,source_or_document,"        any(T(:)<1)||any(T(:)>size(P,1))||any(T(:)~=round(T(:)))"
verification/sif_audit/refine_collapsed_t3_annulus.m,55,parameter_flow,source_or_document,        ~(rInner>0&&rOuter>rInner&&targetEdge>0)
verification/sif_audit/refine_collapsed_t3_annulus.m,57,parameter_flow,source_or_document,"        'Requires straight crack and 0<rInner<rOuter, targetEdge>0.');"
verification/sif_audit/refine_collapsed_t3_annulus.m,85,parameter_flow,source_or_document,    inRegion=(rc<=rOuter+O.OuterBuffer) & ...
verification/sif_audit/refine_collapsed_t3_annulus.m,86,parameter_flow,source_or_document,"        (max(rv,[],2)>=max(0,rInner-O.InnerBuffer));"
verification/sif_audit/refine_collapsed_t3_annulus.m,91,parameter_flow,source_or_document,"    overlap=(min(rv,[],2)<=rOuter+O.OuterBuffer) & ..."
verification/sif_audit/refine_collapsed_t3_annulus.m,92,parameter_flow,source_or_document,"        (max(rv,[],2)>=max(0,rInner-O.InnerBuffer));"
verification/sif_audit/refine_collapsed_t3_annulus.m,158,length_grid,source_or_document,"                rr=mod((s-1)+(0:2),3)+1;"
verification/sif_audit/refine_collapsed_t3_annulus.m,166,length_grid,source_or_document,"                    j=mod(ii,3)+1;"
verification/sif_audit/refine_collapsed_t3_annulus.m,176,length_grid,source_or_document,"                rr=mod((s-1)+(0:2),3)+1;"
verification/sif_audit/refine_collapsed_t3_annulus.m,179,length_grid,source_or_document,"                mbd=m(mod(s,3)+1);"
verification/sif_audit/refine_collapsed_t3_annulus.m,269,parameter_flow,source_or_document,"    'rInner',rInner,'rOuter',rOuter,'targetEdge',targetEdge, ..."
verification/sif_audit/STEP44.md,8,increment_4mm,source_or_document,- Halving tip scale from ~0.108 mm to ~0.054 mm barely changed the three EDI ratios (~0.39%) but increased the native-face COD estimates.
verification/sif_audit/STEP44.md,17,reuse_provenance,source_or_document,- `main_step38_postprocess_tip_checkpoint.m`: now calls this shared extractor instead of a private local copy.
verification/sif_audit/STEP44.md,18,reuse_provenance,source_or_document,"- `test_step44_cod_micro_mesh.m`: quick, **checkpoint-free** exact pure-I / pure-II / tiny-mixed COD recovery on a manufactured, topologically separated T6 crack-face micro mesh."
verification/sif_audit/STEP44.md,19,reuse_provenance,source_or_document,"- `main_step44_exact_williams_replay.m`: loads the **already solved** Step-38 checkpoint and verifies shared-real-COD reproducibility before any analytical replay. By default, replays three exact cases in COD only. Expensive interaction-EDI work is strictly opt-in."
verification/sif_audit/STEP44.md,41,reuse_provenance,source_or_document,"The driver uses `O38.checkpointPath` to find the **original solved-field** `step38_tip_refined_solved.mat`, which contains the full `mesh`, `U`, material, and crack. Step-38 **small_data** and Step-39 `compact` data alone are insufficient for exact-field replay."
verification/sif_audit/STEP44.md,57,reuse_provenance,source_or_document,"The tiny-mixed EDI result is **inferred from linearity** (`M_EDI * [KI;KII]`), **not** a third independently integrated field. Each completed unit integration is saved immediately to `step44_exact_williams_edi_progress.mat` so MATLAB interruptions do not lose finished cases; the cache rejects a different checkpoint file size/timestamp or EDI annulus."
verification/sif_audit/STEP44.md,59,reuse_provenance,source_or_document,"**No FEM solver, stiffness assembly, global remeshing, or geometry modification is called.** Full MATLAB runs must be completed on the machine holding the saved checkpoint; source inspection alone is not a numerical verification."
verification/sif_audit/STEP44.md,63,reuse_provenance,source_or_document,"The investigator ran both phases in MATLAB using the existing solved Step-38 checkpoint. **These are measured outputs supplied by the investigator, not results of a GitHub Actions run.** They must not be confused with direct verification of the unknown physical SIF."
verification/sif_audit/STEP44.md,82,reuse_provenance,source_or_document,"**Next gate:** prefer a saved, independent symmetric pure Mode-I *FEM solution* (if available) on comparable conventional-T6 topology to quantify field-induced spurious `KII` using both extractors. If none is saved, approve and checkpoint exactly one new symmetric control solve; do not blindly increase crack-tip refinement. Examine an analytically defined next Williams term separately to characterize the finite-distance COD extrapolation effect."
verification/sif_audit/STEP45.md,15,reuse_provenance,source_or_document,`main_step18_centered_half_stage2_symmetry.m` retains all cases in `O18.Cases` **in MATLAB memory** but does not save a solved checkpoint to GitHub. The audited branch contains no Step 18 solved-field MAT artifact. Do not re-run the full multi-angle Step 18 experiment just to obtain a single symmetric control.
verification/sif_audit/STEP45.md,21,reuse_provenance,source_or_document,"- `main_step45_prepare_symmetric_checkpoint.m`: extracts one saved `theta=0` Step 18 solved case; if unavailable, permits **one** new Stage-II symmetric FEM solve only when `AllowSolve=true` is explicitly passed. The already-audited centered-hole geometry builder fixes the exact initiation point; it does not need a preliminary Stage-I solve for a prescribed zero-angle control. Saves only `mesh`, `U`, material, crack and compact provenance (never K/F/R/stress)."
verification/sif_audit/STEP45.md,22,reuse_provenance,source_or_document,"- `main_step45_symmetric_field_leakage.m`: validates checkpoint identity; runs native face COD, reports all pointwise distance bands, original fitting windows (if enough nodes), crack-face radial mismatch, and numbers of tip-adjacent T3 triangles above/below the axis. Optional `RunEDI=true` computes the **same actual saved FEM field** using explicit FE-nodal weight / 16-point Dunavant quadrature; integration is checkpointed after each requested radius."
verification/sif_audit/STEP45.md,23,reuse_provenance,source_or_document,- `test_step45_no_solve_guardrails.m`: cheap check that no absent solved field triggers an unexpected FEM solve and an absent postprocessing checkpoint fails immediately.
verification/sif_audit/STEP45.md,37,reuse_provenance,source_or_document,"The script first runs the cheap no-solve guard test. It then reuses an existing identified checkpoint under `verification/step45_symmetric_theta0_solved.mat`, or the previously solved `O18` variable if still in the MATLAB workspace. It runs **only native COD**, prints the tip-side triangle counts, crack-face grid mismatch, pointwise COD bands, original-window linear/quadratic extrapolations and a proposed leakage gate. Send this complete output to the investigator before starting EDI."
verification/sif_audit/STEP45.md,39,reuse_provenance,source_or_document,"If neither a saved checkpoint nor `O18` exists, it prints a message and **does not run a FEM solve**. If an older Step-18 MAT file is available locally, load its `O18` variable, then rerun the same script. If no solved results can be recovered and the investigator explicitly authorizes **one** new symmetric control solve, run:"
verification/sif_audit/STEP45.md,46,reuse_provenance,source_or_document,This creates and immediately saves **exactly one** Npoly=240 horizontal zero-angle Stage-II field and then produces COD results. No Stage-I solve or full Step-18 angle sweep is performed. The existing recognized checkpoint is always reused on subsequent runs. Keep the large `verification/step45_symmetric_theta0_solved.mat` local; only report numerical results or share a compact result file when needed.
verification/sif_audit/STEP45.md,58,reuse_provenance,source_or_document,P45 = main_step45_prepare_symmetric_checkpoint(O18);
verification/sif_audit/STEP45.md,69,reuse_provenance,source_or_document,The original Step 18 output may occupy considerable memory. The checkpoint preparer discards the large original case structures before saving and never copies the original FEM stiffness matrix into its new checkpoint.
verification/sif_audit/STEP45.md,74,reuse_provenance,source_or_document,"P45 = main_step45_prepare_symmetric_checkpoint([], ..."
verification/sif_audit/STEP45.md,79,reuse_provenance,source_or_document,"Alternatively, provide a previously created Step-45 checkpoint directly to the postprocessor:"
verification/sif_audit/STEP45.md,86,reuse_provenance,source_or_document,A default call with neither an existing recognized checkpoint nor `O18` **aborts without computing**. An existing recognized checkpoint is never overwritten unless `Overwrite=true` is explicitly set.
verification/sif_audit/STEP45.md,107,reuse_provenance,source_or_document,"The EDI progress cache is keyed by the saved checkpoint and each exact pair `(r_outer,r_inner)` together with the fixed 16-point FE-nodal method. Extending the radius list reuses previously computed matching domains; changing the checkpoint or numerical method is rejected. A changed inner radius for the same outer radius is tracked as a **separate** domain."
verification/sif_audit/STEP45.md,115,reuse_provenance,source_or_document,"The investigator explicitly authorized **one** centered zero-angle Stage-II FEM solve using `STEP45_ALLOW_NEW_SOLVE=true`; the code immediately checkpointed it locally at `verification/step45_symmetric_theta0_solved.mat`. The original geometry-ID identification fell back to the temporary background-mesh route and then succeeded; this is an identification fallback, **not** a failure of the FEM solve."
verification/sif_audit/STEP45.md,117,increment_4mm,source_or_document,"- Symmetric control: `Npoly=240`, `a0=0.004 m`, **3,640 T6 nodes**, **1,721 T3 triangles**."
verification/sif_audit/STEP45.md,126,reuse_provenance,source_or_document,"**Next incremental experiment, no new FEM solve:** extend only the 16-point EDI outer-radius list on the **saved symmetric checkpoint** to `[0.50,0.65,0.80]`. The Step-45 per-domain progress cache should reuse the completed `0.65` domain automatically. On this mesh `2*hTip≈0.00086750244 m` exceeds `0.1*r_outer` at all three radii, so the three tests have the **same inner radius**; this isolates outer-radius dependence more cleanly. Interpret any domain stability as **consistency**, not proof of absence of a common discretization bias."
verification/sif_audit/STEP45.md,131,reuse_provenance,source_or_document,"    'SavePrefix',fullfile(fileparts(P45.checkpointPath), ..."
verification/sif_audit/STEP45.md,141,increment_4mm,source_or_document,"On the **same** saved actual centered-symmetry control (Npoly=240, 3,640 T6 nodes, a0=0.004 m; no additional FEM solution), the investigator evaluated the original FE-nodal **16-point EDI** at three outer radii. The inner radius was fixed at `0.0008675 m` across all domains, set by `2*hTip` (not by `0.1*r_outer`)."
verification/sif_audit/STEP45.md,172,reuse_provenance,source_or_document,"The new driver uses the solved checkpoint path stored in `O45`, verifies the exact COD field against its known coefficients, executes the **single** matched exact EDI, and caches its result. If the result warrants exploring domain dependence, call the same driver with `'ROuterOverA0',[0.50 0.65 0.80]`: the 0.65 case will be reused, provided the checkpoint and integration options have not changed. Wait for the 0.65 result before running further domains."
verification/sif_audit/STEP45.md,208,reuse_provenance,source_or_document,"The investigator completed the existing **no-solve, same-mesh** Step 45c driver on the saved 3,640-node coarse symmetric T6 checkpoint at the original `r_outer/a0=0.65`, `r_inner≈0.0008675 m`, with **identical 16-point FE-nodal-q EDI settings**. The exact Gauss-point evaluation uses the EDI implementation's diagnostic `AnalyticActualK=[1,0]`, which directly supplies the analytical field to each integration point. Its auxiliary fields share the same analytical convention and thus do **not** provide independent validation of physical SIF extraction."
verification/sif_audit/STEP45.md,233,reuse_provenance,source_or_document,The `main_step45_coarse_exact_pureI_replay` driver already accepts `O45.EDI.table` and supports an explicit radius; no additional code or new GitHub pull is required merely to run this next calculation. Its cache is keyed by the saved checkpoint and the exact integration annulus. Wait for this **0.50** result before considering a direct exact-Gauss test at 0.50 or further mesh refinement.
verification/sif_audit/STEP45.md,267,reuse_provenance,source_or_document,"**Next incremental task:** stop additional exact-field radius sweeps for now. Inspect whether a more finely resolved symmetric control mesh can be generated **with the same physical geometry** before authorizing another FEM solve. The separately documented [Step 46 mesh-only preflight](STEP46.md) reuses the saved coarse checkpoint and generates a candidate refined mesh for topology/native COD sampling diagnostics without any FEM solve, stiffness assembly or EDI."
verification/sif_audit/STEP46.md,21,reuse_provenance,source_or_document,1. The **previously saved** Step 45 baseline control mesh from the local MAT checkpoint: no new computation of its displacement field.
verification/sif_audit/STEP46.md,23,increment_4mm,source_or_document,"3. A proposed manually refined mesh from the **exact same PDE geometry-description struct `D`** and the same `Npoly=240`, `a0=0.004 m` horizontal crack. The old global `Hmax`, `Hgrad`, and `Hmin` options are kept unchanged. Only the requested local `Hedge` and `Hvertex` parameters are halved."
verification/sif_audit/STEP46.md,29,increment_4mm;reuse_provenance,source_or_document,"**Safety checks:** the driver requires the original saved Step45 symmetric solved checkpoint, checks its documented `Npoly=240` and `a0=0.004` geometry, reidentifies the sharp-pencil edges/vertex after manual refinement, verifies exact `Pmid`, upgrades each mesh to T6 **solely for face classification**, rejects degenerate collapsed T3 triangles, and saves only a compact report without any mesh, FEM stiffness matrix, or computed displacements."
verification/sif_audit/STEP46.md,42,reuse_provenance,source_or_document,"The existing local checkpoint is expected at `verification/step45_symmetric_theta0_solved.mat`; if it lives elsewhere, pass `'ReferenceCheckpoint',absolutePath`. The driver does NOT need `P45`, `O45`, `R45b`, or `R45c` to remain in the MATLAB workspace. It writes the small data file `verification/step46_mesh_preflight_small_data.mat`."
verification/sif_audit/STEP46.md,51,reuse_provenance,source_or_document,"The investigator executed the original zero-solve Step 46 pilot on the saved Step 45 symmetry-control checkpoint. Both the original and regenerated baseline meshes were **exactly identical in sorted T3 coordinates (maximum discrepancy 0 m)**, including 1,721 T3 and 3,640 T6 nodes. Sharp-pencil identification required the existing temporary-background-mesh fallback; it successfully recovered tip vertex 65 and edges 64, 65, the same geometry used for the refined request."
verification/sif_audit/STEP46.md,64,reuse_provenance,source_or_document,"For the next documented trial, we held the proposed tip setting at `TipFactor=0.5` and requested denser crack-face meshing with `FaceFactor=0.25`. This changes only the *requested mesh sizes*, not the physical geometry, baseline `Npoly=240`, crack length, or FEM displacement checkpoint. The mesher can retriangulate other regions, so inspect the **achieved** tip radius and face sample count rather than assuming they are fixed."
verification/sif_audit/STEP46.md,85,increment_4mm;reuse_provenance,source_or_document,"The investigator executed the previous documented mesh-only follow-up with `FaceFactor=0.25` and `TipFactor=0.5`, still using the exact original centered-hole `Npoly=240` geometry, horizontal crack length `a0=0.004 m`, and the previously saved Step45 baseline checkpoint. Automatic pure-geometry pencil-ID identification again used the established temporary-mesh fallback, which recovered edge IDs [64 65] and tip vertex 65. The freshly generated baseline T3 node coordinates reproduced the saved baseline **exactly** (maximum sorted-coordinate discrepancy 0 m; both 1,721 T3 / 3,640 T6 nodes)."
verification/sif_audit/STEP46.md,102,reuse_provenance,source_or_document,"The local MATLAB `SavePath` argument used `fullfile(pwd,'verification',...)`. Because the investigator's MATLAB current folder was already `verification`, the resulting compact file was harmlessly saved under a **nested** `verification/verification` folder. In subsequent runs use `fileparts(O46face.baselineCheckpointPath)` for the actual verified output folder, independent of MATLAB's current folder."
verification/sif_audit/STEP46.md,111,reuse_provenance,source_or_document,dataDir = fileparts(O46face.baselineCheckpointPath);
verification/sif_audit/STEP46.md,127,reuse_provenance,source_or_document,"The investigator ran the last **mesh-only** Step46 trial with \`FaceFactor=0.125\` and \`TipFactor=0.5\`, using the saved original Stage-II symmetric checkpoint. The geometric edge-ID recovery fallback returned tip vertex 65 and face edges 64, 65. The regenerated baseline once more reproduced the original 1,721-triangle / 3,640-T6-node mesh **exactly in sorted T3 coordinates (0 m difference)**. It did not run FEM or EDI."
verification/sif_audit/STEP46.md,146,reuse_provenance,source_or_document,"**Next planned phase:** [Step 47](STEP47.md) prepares a **single explicitly authorized** refined Stage-II symmetric FEM solution using this selected mesh recipe, verifies its achieved geometric/radial characteristics against the saved preflight and writes a separate refined checkpoint, then runs COD **only**. No new FEM solve has been executed by the assistant or claimed as completed."
verification/sif_audit/STEP47.md,5,increment_4mm,source_or_document,"The investigator selected the final **FaceFactor=0.125 / TipFactor=0.5** symmetric control mesh. This preserves exactly the original Npoly=240 polygonal centered-hole geometry and the prescribed a0=0.004 m horizontal crack, while requesting more crack-face and tip refinement. The saved Step45 baseline was independently regenerated with identical sorted T3 coordinate sets (maximum discrepancy 0 m). The selected trial produced:"
verification/sif_audit/STEP47.md,26,reuse_provenance,source_or_document,"The new `main_step47_local.m` script reuses the local selected compact Step46 preflight data file `verification/step46_mesh_preflight_face0125_tip05.mat` and the saved *original* symmetric field `verification/step45_symmetric_theta0_solved.mat`. The defaults **cannot run a new solve**. If a recognized Step47 checkpoint exists, the script reuses it; otherwise, it requires explicit `'AllowSolve',true`."
verification/sif_audit/STEP47.md,34,reuse_provenance,source_or_document,"6. Immediately saves **only** `mesh,U,mat,crack,a0,meta` to a unique local MAT checkpoint `verification/step47_refined_symmetric_theta0_solved.mat`. It does not overwrite the original Step45 checkpoint and does not save stiffness/stress arrays."
verification/sif_audit/STEP47.md,35,reuse_provenance,source_or_document,7. Runs the **same native COD postprocessor** used in Step45 and presents all preset linear/quadratic fit windows. **No EDI is run in this first refined-field step.** A rerun reuses the recognized checkpoint rather than solving again.
verification/sif_audit/STEP47.md,65,reuse_provenance,source_or_document,"The original Step45 EDI result at `0.65` was `KII/KI=-8.766949318e-6`; this is an **observed coarse-control residual**, not a transferable error estimate for the refined symmetric solution or asymmetric physical crack. Start with **one** matched EDI domain after COD interpretation, not all three by default. The Step45 postprocessor accepts the Step47 checkpoint's backward-compatible case marker and uses a separate `step47_refined_symmetric_field_leakage` cache prefix."
verification/sif_audit/STEP47.md,90,reuse_provenance,source_or_document,"The new `main_step48_refined_matched_edi.m` driver loads the **already saved Step45 baseline EDI result** and the **already saved Step47 refined FEM checkpoint**. It obtains the exact original **absolute** inner radius for the `r_outer/a0=0.65` domain directly from the saved baseline result, rather than recomputing it from the smaller refined `hTip`. It verifies the selected geometry, mesh provenance, endpoint/checkpoint identity and admissible annulus, then invokes the unchanged **16-point FE-nodal EDI** for **only this one domain**. It prints a matched original/refined table and caches its r"
verification/sif_audit/STEP47.md,100,reuse_provenance,source_or_document,"The script generates **no new mesh or FEM solution**, and leaves the original and refined displacement checkpoints intact. It deliberately repeats the inexpensive native COD diagnostic while invoking EDI only at 0.65. Send the full MATLAB output before deciding whether to evaluate further EDI domains or to introduce a reflection-paired mesh test. Although both fields share the same physical problem and exact integration annulus, retriangulation outside the crack-tip neighborhood is possible, so the difference is an observed **mesh/field sensitivity**, not a cleanly isolated crack-tip-only erro"
verification/sif_audit/STEP49.md,21,reuse_provenance,source_or_document,"Rather than paying for another FEM solve or sweeping more EDI radii, compare *the two already solved fields directly*. The new `main_step49_reflection_parity.m` driver loads only the already saved Step48 compact matched comparison and the **original/refined** checkpoints it references. It refuses different physical crack geometry or an unrecognized refined checkpoint. There is **no** EDI call, FEM solve, mesh generation, or polynomial SIF fit."
verification/sif_audit/STEP49.md,43,reuse_provenance,source_or_document,The driver locates `verification/step48_refined_matched_edi_comparison_small_data.mat` and reads its original and refined checkpoint paths. It writes **only compact tables** to `verification/step49_reflection_parity_small_data.mat`; the saved FEM meshes and solutions remain unchanged. There are no new EDI domains or FEM solves.
verification/sif_audit/STEP49.md,84,reuse_provenance,source_or_document,"Before building/solving a deliberately reflection-paired mesh, determine how the **existing selected refined T6 mesh** treats a *known prescribed* pure Mode-I Williams displacement field. This mirrors Step45b on the coarse mesh and uses the **same absolute Step48 EDI annulus** (`r_outer/a0=0.65`, original `r_inner=0.00086750243077 m`). The existing `main_step45_coarse_exact_pureI_replay` accepts any verified zero-angle Step45/Step47 checkpoint and imports the actual EDI domain from the `R48.refined` output; its function name and print header remain historical. **Use a distinct SavePrefix** to "
verification/sif_audit/STEP49.md,89,reuse_provenance,source_or_document,dataDir = fileparts(R48.refined.checkpointPath);
verification/sif_audit/STEP49.md,100,reuse_provenance,source_or_document,"load(fullfile(fileparts(P47.checkpointPath), ..."
verification/sif_audit/STEP49.md,130,reuse_provenance,source_or_document,dataDir = fileparts(R50.checkpointPath);
verification/sif_audit/STEP49.md,141,reuse_provenance,source_or_document,"load(fullfile(fileparts(R48.refined.checkpointPath), ..."
verification/sif_audit/STEP52.md,20,reuse_provenance,source_or_document,"The driver checks the saved Step48 annulus and the recognized, unchanged physical Step45 and Step47 checkpoints. It uses exactly two regions: the **fixed physical COD tip disk** `r/a0 in [0.04,0.30]` and the **previously matched Step48 EDI annulus** `r in [0.00086750243077,0.0026] m`. It excludes points with `y-y_tip<=0.00008 m` so interpolation does not sample locations arbitrarily close to the collapsed crack faces. Unlike Step49, unmatched nodal layouts are **not** grounds for refusing physical-point interpolation: `pointLocation` finds an arbitrary lower element where the mirrored spatial "
verification/sif_audit/STEP52.md,34,reuse_provenance,source_or_document,"The driver reads the existing `verification/step48_refined_matched_edi_comparison_small_data.mat` plus the saved original/refined FEM checkpoints referenced by that file. It uses the existing checked `native_COD_audit.m` and `exact_williams_displacement_audit.m`. It saves only compact summaries in `verification/step52_interpolated_reflection_small_data.mat`. **No new FEM solve, geometry creation, mesh generation or EDI integration** is performed."
verification/sif_audit/STEP52.md,41,reuse_provenance,source_or_document,"The investigator completed the Step52 two-checkpoint MATLAB run **without any new mesh, FEM solve, EDI or polynomial fit**. Both affine and directly analytical controls passed, and **100%** of reflected lower spatial queries were found inside the saved T6 meshes. This resolves Step49's inability to compare noncoincident opposite-side nodal positions, but each mesh was still sampled at **its own upper T6 node coordinates**."
verification/sif_audit/STEP53.md,22,reuse_provenance,source_or_document,"`main_step53_common_grid_parity.m` fixes these issues **without any FEM solve, remeshing, EDI integral or SIF fit**. The driver reads the original and refined FEM checkpoints referenced by the previously saved Step48 comparison. It defines two **predeclared identical physical sampling grids**, each with 7 angles `[25 45 65 90 115 135 155]` degrees in the upper half-plane and their exact reflected lower locations:"
verification/sif_audit/STEP53.md,50,reuse_provenance,source_or_document,"The code only reads existing local checkpoints plus `verification/step48_refined_matched_edi_comparison_small_data.mat`. It creates one compact diagnostic `verification/step53_common_grid_parity_small_data.mat`, containing summary statistics and the fixed small common query-point grids. The two saved full FEM checkpoints remain unchanged."
verification/sif_audit/STEP53.md,57,reuse_provenance,source_or_document,"The investigator completed the script on **both previously solved symmetric control checkpoints**. All planned upper/lower mirror queries were found on both meshes: **42/42 COD-region pairs** and **49/49 original-EDI-annulus pairs**. This time, unlike Step52, each reported coarse/refined pair is evaluated at **identical predetermined physical coordinates**, and the two actual FEM fields use **the same reference opening**. The affine T6 interpolation self-check passed with maximum parity errors ~2.14–2.82e-17 m, and direct analytical exact pure-I parity errors were zero."
verification/sif_audit/STEP53.md,78,increment_4mm,source_or_document,"The two solved meshes are not reflection-paired off the crack faces (Step49). Before building a new mesh, verify that the **prescribed polygonal geometry** reconstructed using the exact Step45/47 Npoly=240, a0=0.004 m configuration is itself reflection-symmetric at its **complete vertex and boundary-edge sets**. If it is not, constructing a perfectly mirrored volume mesh could silently change the benchmark rather than merely improve its discretization."
verification/sif_audit/STEP54.md,7,reuse_provenance,source_or_document,"Step49 also established that neither original nor refined FEM mesh was exactly reflection-paired **off the crack faces**. Before constructing a fully reflection-paired new mesh, we must check the **input polygon itself**. A mirror-paired triangulation of an *asymmetric* polygon would change the mathematical problem and invalidate a comparison with the already solved checkpoints."
verification/sif_audit/STEP54.md,11,increment_4mm;reuse_provenance,source_or_document,"The new `main_step54_geometry_symmetry_preflight.m` builds **only the geometry-description polygon** used by Steps45–47, with the existing repository functions `cfg_centered_half_domain` and `build_domain_centered_half_pencil`. It verifies that the original and refined saved checkpoint crack endpoints coincide and that the rebuilt `Npoly=240`, `a0=0.004 m` crack coordinates match the previously solved fields."
verification/sif_audit/STEP54.md,17,reuse_provenance,source_or_document,"The script generates **no PDE mesh, stiffness matrix, solution, EDI or COD output** and saves only compact geometry diagnostics. It leaves both previously saved full FEM checkpoints unchanged."
verification/sif_audit/STEP54.md,38,increment_4mm;reuse_provenance,source_or_document,"The investigator executed the geometry-only preflight successfully using the **existing Step45 and Step47 solved checkpoint crack endpoints** and the repository's original `Npoly=240`, `a0=0.004 m` polygonal geometry recipe. The requested reflection tolerance was **`1.000e-12 m`**."
verification/sif_audit/STEP55.md,5,increment_4mm,source_or_document,"Step54 was executed on the previously solved centered right-half symmetry control: `Npoly=240`, `a0=0.004 m`, crack horizontal at `y=0`. It verified the **entire prescribed 127-vertex polygon** and every boundary edge under reflection about `y=0` at tolerance `1e-12 m`. The actual reported maximum mirrored vertex and whole-edge errors were both `2.7972e-17 m`. The upper/lower circular-arc vertex counts were **61/61**; the crack mouth and both sharp-pencil face descriptions reflected with **zero reported error**, and there were **zero unpaired vertices or boundary edges**. Its saved compact res"
verification/sif_audit/STEP55.md,29,reuse_provenance,source_or_document,"- The upper polygon has positive oriented area, no degenerate edges, all vertices on or above `y=0` and matching checkpoint geometry."
verification/sif_audit/STEP55.md,50,fixed_states_lengths,source_or_document,The investigator reran Step55 after a **syntax-only** quotation fix in the error text (PR #23); the calculation executed successfully and returned `upperSplitAndReconstructionPass=true`.
verification/sif_audit/STEP56.md,25,reuse_provenance,source_or_document,`main_step56_reflected_mesh_preflight.m` loads the **already executed** Step55 report and the existing selected Step47 material/crack checkpoint. It reconstructs the original full 127-vertex polygon only as a consistency check. Then it:
verification/sif_audit/STEP57.md,29,reuse_provenance,source_or_document,With no existing Step57 checkpoint this command validates the locally saved Step56 candidate and then raises `step57:ExplicitSolveApprovalRequired`. That is intentional.
verification/sif_audit/STEP57.md,43,reuse_provenance,source_or_document,The FEM solver receives **exactly** `candidate.p` and `candidate.t`. The driver does not regenerate a PDE mesh. After the solve it verifies that the solver's T3 and T6 coordinate/connectivity arrays exactly match the accepted candidate before saving a unique checkpoint.
verification/sif_audit/STEP57.md,54,reuse_provenance,source_or_document,"The unique solved checkpoint, if authorized and successfully generated, will be:"
verification/sif_audit/STEP57.md,62,reuse_provenance,source_or_document,An existing valid checkpoint is always reused; it is never overwritten or silently regenerated.
verification/sif_audit/STEP57.md,78,reuse_provenance,source_or_document,- checkpoint the solved field only after the driver verifies the solver used the exact accepted T3/T6 candidate;
verification/sif_audit/STEP57.md,111,reuse_provenance,source_or_document,"The investigator completed the **single authorized** Step57 symmetric FEM solve on the exact saved Step56 candidate. The driver verified and reused the saved reflected mesh **without remeshing**: `T3=2578`, `T6=5427`, native crack-face samples `72/72`, zero radial mismatch, COD windows `19/16/13`, symmetric `3/3` tip fan and median tip edge `0.000143632036 m`. The unique checkpoint was saved as `verification/step57_reflection_paired_symmetric_theta0_solved.mat`."
verification/sif_audit/STEP58.md,26,reuse_provenance,source_or_document,"1. requires the completed Step48 comparison file, the solved Step57 checkpoint, and the saved Step57 COD-only result;"
verification/sif_audit/STEP58.md,27,reuse_provenance,source_or_document,"2. verifies that the checkpoint is exactly the reflection-paired Step57 symmetric control (`T3=2578`, `T6=5427`, `Npoly=240`, zero crack angle, exact saved candidate reused);"
verification/sif_audit/STEP59.md,21,reuse_provenance,source_or_document,"`main_step59_paired_exact_pureI_nodal.m` loads the completed Step58 `O45` result, which references the already solved Step57 checkpoint. It requires:"
verification/sif_audit/STEP59.md,30,reuse_provenance,source_or_document,"It then calls the previously audited prescribed-field replay routine `main_step45_coarse_exact_pureI_replay` for **exactly one domain**. Despite its historical function name, that routine operates on the symmetric checkpoint supplied through the `O45` structure and uses the saved mesh exactly as stored."
verification/sif_audit/STEP60.md,5,reuse_provenance,source_or_document,Step60 is a **read-only topology/geometry visualization** of the actual investigator-local Step38 checkpoint:
verification/sif_audit/STEP60.md,11,reuse_provenance,source_or_document,The driver does **not** reconstruct geometry. It loads the exact saved T3/T6 coordinates/connectivity and the saved crack topology from the checkpoint.
verification/sif_audit/STEP60.md,23,increment_4mm,source_or_document,"   - `r_outer = 4.0, 5.2, 6.4 mm` (`r_outer/a0 = 0.50, 0.65, 0.80`)."
verification/sif_audit/STEP60.md,49,reuse_provenance,source_or_document,The default file is accepted only if it matches the documented Step38 checkpoint:
verification/sif_audit/STEP60.md,60,reuse_provenance,source_or_document,A different checkpoint is rejected rather than silently plotted as “Step38.”
verification/sif_audit/STEP61.md,26,increment_4mm,source_or_document,measured tip target is 0.0540246507854 mm. Exact stored coordinates and crack
verification/sif_audit/STEP61.md,32,reuse_provenance,source_or_document,- Checkpoint SHA-256: `ffe5384c05074b3c8d5ec847845216b17d95b454d5f8f6b4df7a17f848507f98`.
verification/sif_audit/STEP61.md,44,increment_4mm,source_or_document,"support, at least 0.45 mm transition width, and at least 0.4 mm radial"
verification/sif_audit/STEP61.md,81,length_grid,source_or_document,is `0.86*h`; angular counts follow `ceil(pi*r/h)`. The entire upper topology
verification/sif_audit/STEP61.md,133,increment_4mm,source_or_document,All 13 candidate tip-incident topological edges are 0.0540246507854 mm.
verification/sif_audit/STEP61.md,134,increment_4mm,source_or_document,"Step38 has seven incident edges spanning 0.0521583--0.0616974 mm, median"
verification/sif_audit/STEP62.md,34,increment_4mm,source_or_document,| Stored measured tip scale | 0.0540246507854 mm |
verification/sif_audit/STEP62.md,67,increment_4mm,source_or_document,width is 0.047960 mm and the last is 0.187204 mm.
verification/sif_audit/STEP62.md,69,length_grid,source_or_document,Each upper ring has `3*ceil(pi*r/(3*h(r)))` angular intervals (the first
verification/sif_audit/STEP62.md,152,reference_fingerprints,source_or_document,"in `r/a0` contain 38, 55, 44 and 34 points respectively. Crack side IDs"
verification/sif_audit/STEP62.md,188,increment_4mm,source_or_document,provenance. Maximum participating T6-node radius is 5.277284 mm in the base
verification/sif_audit/STEP62.md,222,reuse_provenance,source_or_document,checkpoint available:
verification/sif_audit/STEP62.md,243,reuse_provenance,source_or_document,integrity checks. The saved checkpoint containing physical U is excluded
verification/sif_audit/STEP62B.md,9,reuse_provenance,source_or_document,"The untracked Step38 solved checkpoint is no longer available locally. Step62B therefore uses the **committed exact Step62 candidate** as its immutable source geometry. This is sufficient for exterior mesh calibration because the candidate already stores the qualified physical boundary, crack topology, material, structured core, EDI radii, support IDs, source provenance, and prescribed-field qualification. No physical displacement field is needed."
verification/sif_audit/STEP62B.md,31,reuse_provenance,source_or_document,"The driver first opens the exact committed Step62 candidate `verification/step62_structured_graded_mesh_candidate_T3.mat`. Before regenerating any mesh it requires the archived candidate to report structural qualification, prescribed-field qualification, scientific readiness for an FEM *proposal*, and the seven-edge tip topology. The missing Step38 checkpoint is not required."
verification/sif_audit/STEP62B.md,41,parameter_flow;reuse_provenance,source_or_document,"main_step62_structured_graded_mesh.m also receives `SourceCandidateFile`, `ExteriorCalibration`, `WriteArtifacts`, and `Verbose`. `SourceCandidateFile` permits checkpoint-independent rebuilding from the archived Step62 candidate; `WriteArtifacts=false` permits in-memory screening without producing a large collection of MAT/PNG files."
verification/sif_audit/STEP62B.md,78,reuse_provenance,source_or_document,Step62B contains no call to `solve_cracked_LEFM`. In archived-candidate source mode the Step62 builder loads no Step38 checkpoint at all and no physical displacement vector U. The only SIF extraction permitted is prescribed-field EDI after structural qualification.
verification/sif_audit/STEP62B.md,99,reuse_provenance,source_or_document,The investigator completed the full Step62B run locally using the archived Step62 candidate as the checkpoint-independent source.
verification/sif_audit/STEP62B.md,164,reuse_provenance,source_or_document,### Reporting caveat in checkpoint-independent mode
verification/sif_audit/STEP62B.md,166,reuse_provenance,source_or_document,"In the current console/figure helper text, some comparison labels still say `Step38 affected`, `Saved Step38`, or `Step38 original fan`. During Step62B checkpoint-independent regeneration, those labels refer to the **archived Step62 source candidate**, not to a recomputed Step38 mesh. The numerical candidate is unaffected; the labels should be corrected before final publication-quality artifact generation."
verification/sif_audit/STEP63.md,9,reuse_provenance,source_or_document,Step63 deliberately does **not** run a physical interaction EDI. It checkpoints the solved field first and then evaluates native crack-face COD only. Physical EDI is reserved for a separate later step after the displacement/COD field is reviewed.
verification/sif_audit/STEP63.md,43,reuse_provenance,source_or_document,The final candidate and compact calibration provenance files—whether pre-existing or deterministically recovered—are SHA-256 hashed. The hashes are stored in the solved checkpoint and checked before any existing Step63 result is reused.
verification/sif_audit/STEP63.md,64,reuse_provenance,source_or_document,"If a valid Step63 checkpoint already exists for the exact candidate/calibration hashes, it is reused and no solve is repeated."
verification/sif_audit/STEP63.md,66,reuse_provenance,source_or_document,Only when the investigator explicitly runs with `AllowSolve=true` and no valid checkpoint exists does the driver call `solve_cracked_LEFM` exactly once.
verification/sif_audit/STEP63.md,70,reuse_provenance,source_or_document,The solved checkpoint is written first to an `.incomplete.mat` temporary file and atomically moved into place only after the solve has completed.
verification/sif_audit/STEP63.md,72,reuse_provenance,source_or_document,Default checkpoint:
verification/sif_audit/STEP63.md,76,reuse_provenance,source_or_document,"The checkpoint stores mesh, U, material, crack, a0, compact physical configuration and provenance metadata. Large transient stiffness/stress objects are not retained after checkpointing."
verification/sif_audit/STEP63.md,80,reuse_provenance,source_or_document,"After checkpointing, Step63 evaluates the already audited `native_COD_audit` on the physical displacement field."
verification/sif_audit/STEP63.md,106,reuse_provenance,source_or_document,- existing checkpoint reuse instead of repeated solving;
verification/sif_audit/STEP63R.md,1,reuse_provenance,source_or_document,# Step 63R: recover the lost Step63 physical checkpoint
verification/sif_audit/STEP63R.md,5,reuse_provenance,source_or_document,"The first Step63 physical solve completed successfully and saved a checkpoint, but that local untracked MAT file was later lost. The first-run console log preserved the solved-field COD fingerprint."
verification/sif_audit/STEP63R.md,70,reuse_provenance,source_or_document,"After a successful recovery, **do not switch branches**. The Step64 driver is permitted on the same Step63R branch so the newly restored checkpoint can be used immediately without another artifact-loss opportunity."
verification/sif_audit/STEP63R.md,109,reuse_provenance,source_or_document,"The replacement physical solve was checkpointed successfully. The recovered native-COD field reproduced the first successful Step63 console fingerprint extremely closely. Across the eight fitted ratios, the largest absolute difference from the rounded first-run values was below 4.8e-9; across the five raw-band medians it was below 3.8e-9. All recovery gates passed."
verification/sif_audit/STEP63R.md,111,reuse_provenance,source_or_document,Recovered checkpoint SHA-256:
verification/sif_audit/STEP64.md,23,reuse_provenance,source_or_document,The Step63 checkpoint must identify:
verification/sif_audit/STEP64.md,36,reuse_provenance,source_or_document,The Step63 COD result must carry the same candidate and calibration SHA-256 provenance as the solved checkpoint.
verification/sif_audit/STEP64.md,73,reuse_provenance,source_or_document,The solved Step63 checkpoint and COD file are SHA-256 hashed.
verification/sif_audit/STEP67.md,18,reuse_provenance,source_or_document,performs exactly one physical PCG solve if no valid Step67 checkpoint exists.
verification/sif_audit/STEP67.md,26,reuse_provenance,source_or_document,- one physical `SIF_LEFM_interaction_EDI` call after checkpointing;
verification/sif_audit/STEP67.md,39,reference_fingerprints,source_or_document,- exact Level-0 native COD sampling 38/55/44/34 in the four established windows.
verification/sif_audit/STEP67.md,91,reuse_provenance,source_or_document,## Checkpoint-first rule
verification/sif_audit/STEP67.md,99,reuse_provenance,source_or_document,This avoids repeating the Step63 lost-checkpoint problem.
verification/sif_audit/STEP67.md,138,reuse_provenance,source_or_document,"If the recovered Step63 physical checkpoint happens to survive locally, Step67 additionally compares the complete iterative displacement vector against that direct-solve field."
verification/sif_audit/STEP67.md,140,reuse_provenance,source_or_document,This comparison is optional because generated MAT checkpoints have previously disappeared across branch switches.
verification/sif_audit/STEP67A.md,41,reuse_provenance,source_or_document,performs at most one Level-0 PCG physical solve if no valid Step67A checkpoint exists.
verification/sif_audit/STEP67A.md,49,reuse_provenance,source_or_document,- one matched physical EDI after checkpointing;
verification/sif_audit/STEP67A.md,64,reuse_provenance,source_or_document,"After the PCG solution is safely checkpointed, Step67A uses:"
verification/sif_audit/STEP67A.md,75,reuse_provenance,source_or_document,"- if the old direct checkpoint still exists, complete displacement-vector agreement within 5e-8 relative norm."
verification/sif_audit/STEP67A.md,133,reuse_provenance,source_or_document,The iterative physical field was checkpointed before COD/EDI postprocessing.
verification/sif_audit/STEP67A.md,176,reuse_provenance,source_or_document,"The old Step63 direct displacement checkpoint was not available locally, so the optional full-vector displacement comparison could not be performed. This did not affect the required physical-reference gates."
verification/sif_audit/STEP68.md,54,reuse_provenance,source_or_document,## Checkpoint-first rule
verification/sif_audit/STEP68.md,170,reuse_provenance,source_or_document,The Level-1 field was checkpointed before COD/EDI postprocessing.
verification/sif_audit/STEP69.md,69,reuse_provenance,source_or_document,The midpoint field is checkpointed before COD or EDI.
verification/sif_audit/STEP69.md,183,reuse_provenance,source_or_document,The physical midpoint field was checkpointed before COD/EDI postprocessing.
verification/sif_audit/STEP_INDEX.md,29,reuse_provenance,source_or_document,| Step 63R | `STEP63R.md` | Recovery of the lost Level-0 checkpoint |
verification/sif_audit/test_literal_crack_cut.m,21,length_grid,source_or_document,"    theta=(0:63).'*pi/32+mod(j-1,2)*pi/64;"
verification/sif_audit/test_literal_crack_cut.m,35,fixed_states_lengths,source_or_document,assert(numel(cut.insertedEdgeNodeIDs)==23);
verification/sif_audit/test_literal_crack_cut.m,39,length_grid,source_or_document,"assert(isequal(cut.splitParentIDs,128*bands+64-mod(bands,2)));"
verification/sif_audit/test_step44_cod_micro_mesh.m,3,reuse_provenance,source_or_document,"% Self-contained synthetic T6 crack-face topology; no project checkpoint,"
verification/sif_audit/test_step45_no_solve_guardrails.m,10,reuse_provenance,source_or_document,"    main_step45_prepare_symmetric_checkpoint([], ..."
verification/sif_audit/test_step45_no_solve_guardrails.m,11,reuse_provenance,source_or_document,"        'CheckpointFile',tfile);"
verification/sif_audit/test_step45_no_solve_guardrails.m,19,reuse_provenance,source_or_document,"    blockedPost=strcmp(ME.identifier,'step45:CheckpointAbsent');"
verification/sif_audit/test_step45_no_solve_guardrails.m,24,reuse_provenance,source_or_document,"    'postprocessor_rejects_missing_checkpoint',blockedPost);"
verification/sif_audit/test_step62_structured_family.m,3,reuse_provenance,source_or_document,"% No checkpoint displacement, equilibrium solve or extraction is involved."
verification/sif_audit/test_step62_structured_family.m,13,length_grid,source_or_document,"    assert(all(mod(d.angularIntervalsUpper,3)==0));"
verification/sif_audit/validate_EDI_Williams_fields.m,33,parameter_flow,source_or_document,"%   'rInner'     EDI q=1 radius, default 0.04"
verification/sif_audit/validate_EDI_Williams_fields.m,34,parameter_flow,source_or_document,"%   'rOuter'     EDI q=0 radius, default 0.16"
verification/sif_audit/validate_EDI_Williams_fields.m,48,parameter_flow,source_or_document,"    addParameter(ip, 'rInner', 0.04, @(x)isnumeric(x) && isscalar(x) && x>=0);"
verification/sif_audit/validate_EDI_Williams_fields.m,49,parameter_flow,source_or_document,"    addParameter(ip, 'rOuter', 0.16, @(x)isnumeric(x) && isscalar(x) && x>0);"
verification/sif_audit/validate_EDI_Williams_fields.m,58,length_grid,source_or_document,    NrList = round(S.NrList(:));
verification/sif_audit/validate_EDI_Williams_fields.m,59,length_grid,source_or_document,    NthList = round(S.NthList(:));
verification/sif_audit/validate_EDI_Williams_fields.m,69,length_grid,source_or_document,"    if strcmpi(meshTopology,'mirror_reflected') && any(mod(NthList,2)~=0)"
verification/sif_audit/validate_EDI_Williams_fields.m,79,parameter_flow,source_or_document,    if ~(S.rMeshInner < S.rInner && S.rInner < S.rOuter && S.rOuter < S.rMeshOuter)
verification/sif_audit/validate_EDI_Williams_fields.m,81,parameter_flow,source_or_document,            'Require rMeshInner < rInner < rOuter < rMeshOuter.');
verification/sif_audit/validate_EDI_Williams_fields.m,111,parameter_flow,source_or_document,"    domain = struct('r_inner',S.rInner,'r_outer',S.rOuter);"
verification/sif_audit/validate_EDI_Williams_fields.m,205,parameter_flow,source_or_document,"        fprintf('EDI annulus     : [%.6g, %.6g]\n', S.rInner, S.rOuter);"
verification/sif_audit/validate_EDI_Williams_fields.m,287,length_grid,source_or_document,"    if mod(Nth,2)~=0"
verification/sif_audit/validate_literal_crack_cut.m,89,length_grid,source_or_document,"        a=Pc(PT(pid,edge),:); b=Pc(PT(pid,mod(edge,3)+1),:);"
verification/sif_audit/validate_literal_crack_cut.m,205,length_grid,source_or_document,"    k=mod(j,3)+1;"
verification/sif_audit/validate_literal_crack_cut.m,224,length_grid,source_or_document,"    d=X(T(:,j),:)-X(T(:,mod(j,3)+1),:); l2(:,j)=sum(d.^2,2);"
