phi_deg,x_boundary,y_boundary,x_query,y_query,sig_tt,sig_nn,sig_nt,sig_tt_eff
0,0.18,0,0.1798691003061,0,3.58063630820401,0.000871927908396538,-0.00681189835741807,3.58063630820401
0.25,0.179999714421622,0.000130899278542397,0.179868815973793,0.000130328122692635,3.58078537258885,0.000713772354521552,-0.00679030039766252,3.58078537258885
0.5,0.179998857691925,0.000261796064951218,0.179867962982285,0.000260653764125677,3.581046196671,0.000426173809317172,-0.00679730775970453,3.581046196671
0.75,0.17999742982722,0.000392687867140333,0.179866541347815,0.000390974443086775,3.5814195539117,8.35932130432515e-06,-0.0068306466139635,3.5814195539117
1,0.179995430854692,0.000523572193118505,0.17986455109745,0.000521287678458054,3.58190618363415,-0.000540409586312531,-0.00688802901808029,3.58190618363415
1.25,0.179992860812397,0.000654446551036834,0.17986199226908,0.000651590989263355,3.58250679080252,-0.00122083669467741,-0.00696715339949939,3.58250679080252
1.5,0.179989719749267,0.000785308449236194,0.179858864911423,0.000781881894715469,3.58122433397254,-0.00239839973156006,-0.00144797404301825,3.58122433397254
1.75,0.179986007725101,0.00091615539629468,0.179855169084018,0.000912157914263366,3.57006602270158,-0.00288083038726239,0.0150810199995731,3.57006602270158
2,0.179981724810573,0.00104698490107503,0.17985090485723,0.00104241656763942,3.55079082185786,-0.000841040298207684,0.0291817433866503,3.55079082185786
2.25,0.179976871087222,0.00117779447277206,0.179846072312242,0.00117265537490664,3.5349804210577,0.010050658539722,0.0282264720354916,3.5349804210577
2.5,0.179971446647456,0.00130858162096008,0.17984067154106,0.00130287185650587,3.52721157184119,0.0152566430977507,0.0252327006393537,3.52721157184119
2.75,0.179965451594549,0.00143934385564032,0.179834702646506,0.001433063533303,3.52066529887263,0.0194589446340506,0.0220132838567082,3.52066529887263
3,0.179958886042637,0.00157007868728831,0.179828165742219,0.00156322792663617,3.5164491770843,0.0214133227066976,0.0203837281562454,3.5164491770843
3.25,0.17995175011672,0.00170078362690133,0.179821060952653,0.00169336255836297,3.51407158642951,0.0215653414350954,0.0201017898268526,3.51407158642951
3.5,0.179944043952656,0.00183145618604571,0.179813388413072,0.00182346495090758,3.51156046205907,0.0216869991251085,0.019893674557616,3.51156046205907
3.75,0.179935767697158,0.00196209387690429,0.179805148269551,0.00195353262730799,3.50891365820306,0.0217804870386766,0.0197570896491491,3.50891365820306
4,0.179926921507795,0.00209269421232376,0.17979634067897,0.00208356311126314,3.50612907986304,0.021847948785684,0.019689701922256,3.50612907986304
4.25,0.179917505552985,0.00222325470586198,0.179786965809014,0.00221355392718004,3.50320468345176,0.0218914796833804,0.0196891385533921,3.50320468345176
4.5,0.179907520011994,0.00235377287183535,0.179777023838165,0.00234350260022094,3.50013847741993,0.0219131261285576,0.0197529879194994,3.50013847741993
4.75,0.179896965074933,0.00248424622536613,0.179766514955705,0.00247340665635041,3.49692852287033,0.0219148849824821,0.0198788004519393,3.49692852287033
5,0.179885840942752,0.00261467228242974,0.179755439361708,0.00260326362238249,3.49357293415868,0.0218987029688511,0.0200640894994395,3.49357293415868
5.25,0.17987414782724,0.00274504855990207,0.179743797267037,0.00273307102602772,3.49006987948147,0.0218664760848131,0.0203063321998056,3.49006987948147
5.5,0.179861885951015,0.00287537257560672,0.17973158889334,0.00286282639594025,3.48641758145062,0.0218200490251337,0.0206029703601825,3.48641758145062
5.75,0.179849055547527,0.00300564184836229,0.179718814473049,0.00299252726176488,3.48261431765455,0.0217612146197873,0.0209514113457907,3.48261431765455
6,0.179835656861048,0.0031358538980296,0.179705474249368,0.00312217115418407,3.4786584212059,0.0216917132848998,0.0213490289768043,3.4786584212059
6.25,0.17982169014667,0.00326600624555894,0.179691568476277,0.00325175560496501,3.47493654668182,0.0219097307654477,0.0213125077942047,3.47493654668182
6.5,0.179807155670298,0.0033960964130372,0.179677097418522,0.00338127814700653,3.4714432838856,0.0223920826592175,0.0208605232388172,3.4714432838856
6.75,0.179792053708648,0.00352612192373513,0.179662061351611,0.00351073631438615,3.46778380531748,0.0228338747987481,0.0204820933936012,3.46778380531748
7,0.17977638454924,0.00365608030215442,0.179646460561809,0.00364012764240695,3.46395583087375,0.0232374485478538,0.0201746047173168,3.46395583087375
7.25,0.179760148490391,0.00378596907407489,0.179630295346132,0.00376944966764457,3.45995713760559,0.0236050920509884,0.0199353997890899,3.45995713760559
7.5,0.179743345841214,0.00391578576660155,0.179613566012342,0.00389869992799407,3.45578556041746,0.0239390395336742,0.0197617782389051,3.45578556041746
7.75,0.179725976921606,0.00404552790821169,0.179596272878943,0.00402787596271679,3.45143899275115,0.0242414706170338,0.0196509976883407,3.45143899275115
8,0.179708042062247,0.00417519302880196,0.17957841627517,0.00415697531248724,3.44691538725575,0.0245145096465173,0.0196002747012977,3.44691538725575
8.25,0.17968954160459,0.00430477865973538,0.179559996540988,0.00428599551943989,3.442212756443,0.0247602250350428,0.0196067857445894,3.442212756443
8.5,0.179670475900857,0.00443428233388832,0.179541014027082,0.00441493412721598,3.43732917332815,0.0249806286206107,0.0196676681581138,3.43732917332815
8.75,0.179650845314033,0.0045637015856975,0.17952146909485,0.00454378868101027,3.43226277205605,0.0251776750385836,0.0197800211344548,3.43226277205605
9,0.179630650217854,0.00469303395120693,0.179501362116402,0.00467255672761782,3.42701174851244,0.0253532611087351,0.0199409067076749,3.42701174851244
9.25,0.179609890996807,0.00482227696811478,0.179480693474544,0.00480123581548061,3.42157436092016,0.0255092252372101,0.0201473507510973,3.42157436092016
9.5,0.179588568046117,0.00495142817582033,0.179459463562778,0.00492982349473431,3.41594893042044,0.0256473468334828,0.0203963439838366,3.41594893042044
9.75,0.179566681771742,0.00508048511547074,0.179437672785291,0.00505831731725485,3.41013384163876,0.0257693457425148,0.0206848429859217,3.41013384163876
10,0.179544232590366,0.00520944533000791,0.179415321556947,0.00518671483670509,3.40412754323554,0.0258768816921273,0.0210097712217149,3.40412754323554
10.25,0.179521220929389,0.00533830636421525,0.179392410303282,0.00531501360858132,3.39792854844119,0.0259715537558328,0.0213680200715026,3.39792854844119
10.5,0.179497647226919,0.00546706576476442,0.179368939460493,0.00544321119025987,3.39153543557575,0.0260548998311039,0.0217564498709378,3.39153543557575
10.75,0.179473511931765,0.00559572108026204,0.179344909475431,0.00557130514104358,3.38494684855273,0.0261283961332906,0.0221718909581857,3.38494684855273
11,0.17944881550343,0.00572426986129634,0.179320320805593,0.00569929302220827,3.37816149736724,0.026193456705234,0.02261114472851,3.37816149736724
11.25,0.179423558412097,0.00585270966048385,0.179295173919111,0.00582717239704917,3.37117815856807,0.0262514329427517,0.0230709846961134,3.37117815856807
11.5,0.179397741138625,0.00598103803251591,0.179269469294745,0.00595494083092731,3.36399567571406,0.0263036131359626,0.0235481575629334,3.36399567571406
11.75,0.179371364174538,0.00610925253420532,0.179243207421875,0.0060825958913159,3.35661295981399,0.0263512220267505,0.0240393842942771,3.35661295981399
12,0.179344428022014,0.00623735072453278,0.17921638880049,0.00621013514784659,3.348802910821,0.0264665081420246,0.0243477001249439,3.348802910821
12.25,0.17931693319388,0.00636533016469339,0.179189013941175,0.00633755617235578,3.33976027466135,0.0268957899222291,0.0237626915236953,3.33976027466135
12.5,0.179288880213598,0.00649318841814309,0.179161083365111,0.00646485653893085,3.33060492014545,0.0272829885662854,0.0232302397553827,3.33060492014545
12.75,0.179260269615255,0.00662092305064503,0.179132597604054,0.0065920338239563,3.32133459190564,0.0276305263749219,0.0227484535347105,3.32133459190564
13,0.179231101943557,0.00674853163031595,0.179103557200332,0.00671908560615995,3.31194707804751,0.0279407851196043,0.0223153938912385,3.31194707804751
13.25,0.179201377753813,0.00687601172767242,0.179073962706833,0.00684600946665902,3.30244021093109,0.0282161052581706,0.0219290748925008,3.30244021093109
13.5,0.17917109761193,0.00700336091567716,0.179043814686993,0.00697280298900615,3.29281186794073,0.0284587851615908,0.0215874643788305,3.29281186794073
13.75,0.179140262094398,0.00713057676978519,0.179013113714788,0.00709946375923545,3.2831195830812,0.0286260441648718,0.0213646909600548,3.2831195830812
14,0.17910887178828,0.00725765686799003,0.178981860374718,0.00722598936590843,3.27336274275652,0.0287195225644159,0.0212644383408589,3.27336274275652
14.25,0.179076927291203,0.00738459879086979,0.178950055261804,0.00735237740015992,3.26344892333211,0.0288097439861722,0.0211691048882315,3.26344892333211
14.5,0.179044429211343,0.00751140012163324,0.178917698981568,0.00747862545574394,3.25337708985581,0.0288979304094531,0.021075836104475,3.25337708985581
14.75,0.179011378167418,0.00763805844616583,0.178884792150028,0.00760473112907949,3.24314626759092,0.0289852466452112,0.0209817516605743,3.24314626759092
15,0.178977774788672,0.00776457135307562,0.178851335393681,0.00773069201929632,3.23275554245416,0.0290727998944369,0.0208839463744567,3.23275554245416
15.25,0.178943619714864,0.00789093643373924,0.178817329349497,0.00785650572828066,3.2222040614389,0.0291616393213266,0.0207794911959144,3.2222040614389
15.5,0.178908913596259,0.0080171512823477,0.178782774664901,0.00798216986072084,3.21149103302332,0.0292527556412921,0.0206654341979548,3.21149103302332
15.75,0.178873657093609,0.00814321349595223,0.178747671997766,0.00810768202415293,3.20061572756384,0.0293470807238322,0.020538801574337,3.20061572756384
16,0.17883785087815,0.00826912067450998,0.178712022016394,0.00823303982900624,3.18957747767326,0.0294454872104634,0.0203965986431345,3.18957747767326
16.25,0.178801495631578,0.00839487042092976,0.17867582539951,0.00835824088864888,3.17837567858391,0.0295487881476946,0.020235810856058,3.17837567858391
16.5,0.178764592046046,0.00852046034111768,0.178639082836247,0.00848328281943315,3.16708868045153,0.0296009286643147,0.020175942276904,3.16708868045153
16.75,0.178727140824144,0.00864588804402268,0.178601795026128,0.00860816324074093,3.15570980867069,0.0296079519035771,0.0202109884937774,3.15570980867069
17,0.178689142678891,0.0087711511416821,0.178563962679061,0.008732879775029,3.14418487528601,0.0296096876742026,0.0202578768883174,3.14418487528601
17.25,0.178650598333716,0.00889624724926713,0.178525586515318,0.00885743004787433,3.13251251739234,0.0296077182664267,0.0203139774773039,3.13251251739234
17.5,0.178611508522447,0.00902117398512819,0.178486667265527,0.00898181168801926,3.12069142778762,0.0296035731446598,0.0203766272533074,3.12069142778762
17.75,0.178571873989298,0.00914592897084032,0.178447205670654,0.00910602232741665,3.10872035553048,0.0295987283857055,0.0204431310911437,3.10872035553048
18,0.178531695488855,0.00927050983124842,0.17840720248199,0.00923005960127497,3.09659810648396,0.029594606130699,0.0205107626628066,3.09659810648396
18.25,0.178490973786056,0.00939491419451248,0.17836665846114,0.00935392114810334,3.08432354384553,0.0295925740508251,0.0205767653606387,3.08432354384553
18.5,0.178449709656186,0.00951913969215276,0.178325574380002,0.00947760460975643,3.07189558866302,0.0295939448269184,0.0206383532285285,3.07189558866302
18.75,0.178407903884853,0.00964318395909485,0.178283951020758,0.00960110763147942,3.05931322033651,0.0295999756431401,0.0206927119009935,3.05931322033651
19,0.17836555726798,0.0097670446337147,0.178241789175857,0.00972442786195281,3.04657547710613,0.0296118676947098,0.0207369995498559,3.04657547710613
19.25,0.178322670611784,0.00989071935788362,0.178199089648,0.00984756295333717,3.0336814565254,0.0296307657099551,0.0207683478384122,3.0336814565254
19.5,0.178279244732765,0.0100142057770131,0.178155853250124,0.00997051056131785,3.02063031592034,0.0296577574866412,0.0207838628827982,3.02063031592034
19.75,0.178235280457691,0.0101375015400998,0.178112080805388,0.0100932683451496,3.00742127283393,0.0296938734428083,0.0207806262204259,3.00742127283393
20,0.178190778623577,0.0102606042997701,0.178067773147157,0.0102158339677012,2.99405360545606,0.0297400861821195,0.0207556957852205,2.99405360545606
20.25,0.178145740077675,0.0103835117123248,0.178022931118983,0.0103382050954999,2.98052665303869,0.0297973100738853,0.0207061068894932,2.98052665303869
20.5,0.178100165677452,0.010506221437784,0.177977555574595,0.0104603793987758,2.96683981629636,0.0298664008478037,0.02062887321221,2.96683981629636
20.75,0.17805405629058,0.0106287311399315,0.177931647377878,0.0105823545515062,2.95299255779162,0.0299481552035623,0.0205209877934719,2.95299255779162
21,0.178007412794916,0.010751038486359,0.177885207402857,0.0107041282314601,2.93898440230566,0.0300433104353331,0.0203794240349678,2.93898440230566
21.25,0.177960236078484,0.010873141148511,0.177838236533683,0.0108256981202421,2.92404165467023,0.0301622005713477,0.0190640102786123,2.92404165467023
21.5,0.177912527039461,0.0109950368017289,0.177790735664613,0.0109470619033369,2.9087526699024,0.0302758349499024,0.0173965933771702,2.9087526699024
21.75,0.177864286586158,0.0111167231252951,0.177742705699996,0.0110682172701528,2.89327818665968,0.0303787550000994,0.0156038927700474,2.89327818665968
22,0.177815515637004,0.0112381978024774,0.177694147554252,0.0111891619140665,2.87826657119327,0.0305226661138008,0.0132882378056941,2.87826657119327
22.25,0.177766215120527,0.011359458520573,0.177645062151859,0.0113098935324661,2.86450960388571,0.0301448411903852,0.0126029556055675,2.86450960388571
22.5,0.177716385975339,0.0114805029709527,0.177595450427333,0.0114304098267957,2.8514928196383,0.0291213497379454,0.0144506138401982,2.8514928196383
22.75,0.177666029150114,0.0116013288491046,0.177545313325208,0.0115507085025987,2.83830875331039,0.0281249112858722,0.0162926564804723,2.83830875331039
23,0.177615145603573,0.0117219338546782,0.177494651800023,0.0116707872695619,2.82495645592092,0.0271567447916099,0.0181262092367746,2.82495645592092
23.25,0.177563736304467,0.011842315691528,0.177443466816301,0.0117906438415586,2.81143503575764,0.0262180146083907,0.0199483714558081,2.81143503575764
23.5,0.177511802231554,0.0119624720677574,0.177391759348529,0.0119102759366923,2.79774365883254,0.0253098300246236,0.0217562170328198,2.79774365883254
23.75,0.177459344373583,0.0120824006957621,0.177339530381144,0.0120296812773405,2.78388154932375,0.0244332448168117,0.0235467953307671,2.78388154932375
24,0.177406363729278,0.012202099292274,0.177286780908509,0.0121488575901976,2.76984799000348,0.023589256816233,0.0253171321063224,2.76984799000348
24.25,0.177352861307313,0.0123215655784043,0.177233511934899,0.0122678026063184,2.75564232265231,0.0227788074893809,0.0270642304424543,2.75564232265231
24.5,0.177298838126296,0.0124407972796872,0.177179724474478,0.0123865140611612,2.7412639484594,0.0220027815322884,0.0287850716874049,2.7412639484594
24.75,0.177244295214752,0.0125597921261228,0.177125419551282,0.0125049896946311,2.72671232840886,0.0212620064787923,0.0304766163998449,2.72671232840886
25,0.1771892336111,0.012678547852221,0.177070598199198,0.0126232272511228,2.71198698365182,0.020557252322925,0.0321358053000749,2.71198698365182
25.25,0.177133654363631,0.0127970621970437,0.177015261461945,0.0127412244795635,2.69708749586441,0.0198892311553875,0.0337595602269836,2.69708749586441
25.5,0.177077558530496,0.0129153329042489,0.176959410393056,0.0128589791334563,2.68201350759143,0.0192585968143127,0.0353447851006414,2.68201350759143
25.75,0.177020947179678,0.0130333577221325,0.176903046055854,0.0129764889709222,2.66676472257568,0.0186659445502744,0.0368883668902531,2.66676472257568
26,0.176963821388975,0.0131511344036723,0.176846169523436,0.0130937517547432,2.65101606612908,0.01831102424854,0.0380703215532998,2.65101606612908
26.25,0.176906182245981,0.01326866070657,0.176788781878647,0.0132107652524051,2.63361394813677,0.018894574694436,0.0377295276186153,2.63361394813677
26.5,0.176848030848061,0.0133859343932943,0.176730884214067,0.0133275272361395,2.61616999113603,0.0194242422902426,0.0374152389457287,2.61616999113603
26.75,0.176789368302334,0.013502953231123,0.176672477631983,0.0134440354829666,2.59868180646872,0.0199027377177737,0.0371268645609732,2.59868180646872
27,0.176730195725651,0.0136197149921864,0.176613563244372,0.0135602877747372,2.58114702317573,0.0203327557761187,0.0368637568626875,2.58114702317573
27.25,0.176670514244572,0.0137362174535087,0.17655414217288,0.0136762818981753,2.56356328895458,0.0207169744178166,0.0366252119366707,2.56356328895458
27.5,0.176610324995347,0.013852458397051,0.176494215548798,0.01379201564492,2.54592827111205,0.021058053790078,0.0364104698861821,2.54592827111205
27.75,0.176549629123891,0.0139684356097533,0.176433784513042,0.0139074868115676,2.52831517485988,0.0213055200475654,0.0362527142083549,2.52831517485988
28,0.176488427785768,0.0140841468835767,0.176372850216133,0.0140226931997135,2.51072517349968,0.0214598298708629,0.0361547578107619,2.51072517349968
28.25,0.176426722146162,0.0141995900155453,0.176311413818172,0.0141376326159942,2.4930415039104,0.0216041339170085,0.0360642252409888,2.4930415039104
28.5,0.176364513379859,0.0143147628077883,0.176249476488818,0.0142523028721288,2.47526231277445,0.0217406194278579,0.0359793577038443,2.47526231277445
28.75,0.176301802671225,0.0144296630675816,0.17618703940727,0.0143667017849609,2.45738578518992,0.021871437196984,0.0358983496410668,2.45738578518992
29,0.176238591214182,0.0145442886073901,0.176124103762239,0.0144808271765003,2.43941014547056,0.0219987007633794,0.035819349366062,2.43941014547056
29.25,0.176174880212184,0.0146586372449086,0.176060670751929,0.0145946768739639,2.42133365793597,0.0221244856147975,0.0357404597108272,2.42133365793597
29.5,0.176110670878197,0.014772706803104,0.175996741584015,0.0147082487098175,2.40315462769191,0.0222508284009791,0.0356597386850182,2.40315462769191
29.75,0.176045964434674,0.0148864951102562,0.175932317475614,0.0148215405218172,2.38487140140061,0.0223797261568361,0.035575200146879,2.38487140140061
30,0.175980762113533,0.015,0.175867399653269,0.0149345501530502,2.36648236804083,0.0225131355358649,0.0354848144860279,2.36648236804083
30.25,0.175915065156132,0.0151132193113658,0.175801989352921,0.015047275451976,2.34798595965753,0.0226529720538717,0.0353865093178392,2.34798595965753
30.5,0.175848874813246,0.0152261508888211,0.175736087819889,0.0151597142724673,2.32948969215716,0.0227260137015039,0.0353387900246478,2.32948969215716
30.75,0.175782192345044,0.0153387925823116,0.175669696308843,0.0152718644738511,2.31098633275336,0.0227385446511483,0.0353395518621319,2.31098633275336
31,0.175715019021063,0.0154511422473016,0.175602816083781,0.0153837239209493,2.29240161057273,0.0227427857001788,0.0353478185908914,2.29240161057273
31.25,0.175647356120188,0.0155631977448156,0.175535448418006,0.0154952904841191,2.27373359728567,0.0227410189237886,0.0353620398166876,2.27373359728567
31.5,0.175579204930623,0.0156749569414785,0.175467594594102,0.0156065620392942,2.25498039855545,0.0227354941043971,0.0353806163516305,2.25498039855545
31.75,0.175510566749867,0.0157864177095561,0.175399255903908,0.0157175364680244,2.23614015487356,0.0227284278895752,0.0354019007777664,2.23614015487356
32,0.175441442884693,0.0158975779269961,0.175330433648494,0.0158282116575165,2.21721104238641,0.0227220029585302,0.0354241980233614,2.21721104238641
32.25,0.175371834651119,0.0160084354774683,0.175261129138136,0.0159385855006746,2.19819127371319,0.0227183671974089,0.0354457659518964,2.19819127371319
32.5,0.175301743374387,0.0161189882504047,0.175191343692292,0.0160486558961398,2.17907909875476,0.02271963288354,0.0354648159635458,2.17907909875476
32.75,0.175231170388932,0.0162292341410398,0.175121078639577,0.0161584207483303,2.1598728054934,0.0227278758788097,0.0354795136090256,2.1598728054934
33,0.175160117038363,0.0163391710504508,0.175050335317736,0.0162678779674816,2.14057072078315,0.0227451348323802,0.0354879792157452,2.14057072078315
33.25,0.175088584675433,0.0164487968855974,0.17497911507362,0.016377025469686,2.12117121113068,0.022773410392882,0.0354882885260441,2.12117121113068
33.5,0.175016574662015,0.0165581095593617,0.174907419263159,0.0164858611769325,2.10167268346638,0.0228146644302915,0.0354784733474409,2.10167268346638
33.75,0.174944088369076,0.0166671069905881,0.174835249251339,0.0165943830171461,2.08207358590566,0.0228708192676301,0.0354565222147042,2.08207358590566
34,0.174871127176651,0.0167757871041224,0.174762606412173,0.0167025889242273,2.06237240850021,0.0229437569226785,0.0354203810636379,2.06237240850021
34.25,0.174797692473816,0.0168841478308521,0.174689492128674,0.0168104768380916,2.04256768397897,0.0230353183598787,0.0353679539164363,2.04256768397897
34.5,0.17472378565866,0.016992187107745,0.174615907792835,0.0169180447047087,2.02265798847882,0.0231473027525695,0.0352971035784451,2.02265798847882
34.75,0.174649408138265,0.0170999028778891,0.174541854805595,0.0170252904761415,2.00264194226466,0.023281466755732,0.0352056523461894,2.00264194226466
35,0.17457456132867,0.0172072930905314,0.174467334576815,0.017132212110585,1.98251821043882,0.0234395237893981,0.0350913827265114,1.98251821043882
35.25,0.17449924665485,0.017314355701117,0.174392348525254,0.0172388075724055,1.96124711123196,0.024042587002341,0.0330619638190419,1.96124711123196
35.5,0.17442346555069,0.0174210886713282,0.174316898078538,0.0173450748321791,1.93962513945681,0.0247477129898318,0.0304846758243442,1.93962513945681
35.75,0.17434721945895,0.017527489969123,0.174240984673134,0.0174510118667302,1.91786864697006,0.0254645745227268,0.0277388752391373,1.91786864697006
36,0.174270509831248,0.0176335575687742,0.174164609754325,0.0175566166591704,1.89597994550863,0.0261912604283592,0.0248216255765109,1.89597994550863
36.25,0.174193338128024,0.0177392894509075,0.174087774776179,0.0176618871989368,1.87396140823333,0.0269258004402032,0.0217300161299817,1.87396140823333
36.5,0.174115705818517,0.0178446836025402,0.174010481201523,0.01776682148183,1.85181546940559,0.0276661655134281,0.0184611629722176,1.85181546940559
36.75,0.174037614380732,0.0179497380171198,0.173932730501915,0.0178714175100525,1.83037196911503,0.0279546461430614,0.0158411933754609,1.83037196911503
37,0.173959065301419,0.0180544506945614,0.173854524157616,0.0179756732922467,1.8143262538725,0.0252332914500536,0.0186816934371765,1.8143262538725
37.25,0.173880060076039,0.0181588196412868,0.173775863657563,0.0180795868435328,1.79813527984938,0.0225769877667189,0.0215123962532213,1.79813527984938
37.5,0.173800600208737,0.0182628428702616,0.173696750499339,0.0181831561855465,1.78179810992346,0.0199870310402654,0.0243306827463796,1.78179810992346
37.75,0.173720687212315,0.0183665184010335,0.173617186189143,0.0182863793464769,1.76531385581832,0.0174646698923114,0.0271339060357502,1.76531385581832
38,0.173640322608202,0.0184698442597697,0.173537172241765,0.0183892543611039,1.74868167858727,0.0150111051281249,0.0299193922009407,1.74868167858727
38.25,0.173559507926422,0.018572818479295,0.173456710180556,0.0184917792708353,1.73190078908584,0.012627489257158,0.03268444105378,1.73190078908584
38.5,0.173478244705572,0.0186754390991286,0.173375801537397,0.0185939521237447,1.71497044843318,0.0103149260248522,0.0354263269172554,1.71497044843318
38.75,0.173396534492786,0.0187777041655218,0.173294447852673,0.0186957709746083,1.69788996846163,0.00807446995599406,0.0381422994117018,1.69788996846163
39,0.173314378843709,0.0188796117314951,0.173212650675239,0.0187972338849419,1.680658712155,0.00590712590955588,0.0408295842478962,1.680658712155
39.25,0.173231779322466,0.0189811598568755,0.173130411562397,0.018898338923038,1.66303908283779,0.00396031235192573,0.0433648638230268,1.66303908283779
39.5,0.173148737501632,0.0190823466083329,0.173047732079861,0.0189990841640024,1.64057370029554,0.00498022971630318,0.0434306709934253,1.64057370029554
39.75,0.173065254962204,0.0191831700594175,0.172964613801728,0.0190994676897908,1.61817225507856,0.00592574157058669,0.0434803622917464,1.61817225507856
40,0.172981333293569,0.0192836282905962,0.172881058310452,0.0191994875892458,1.5958329319486,0.0067990716430659,0.0435153279610486,1.5958329319486
40.25,0.172896974093476,0.0193837193892889,0.172797067196807,0.0192991419581325,1.57355389411022,0.00760246541073954,0.0435369078059559,1.57355389411022
40.5,0.172812178968001,0.0194834414499055,0.172712642059864,0.0193984288991754,1.551333284097,0.00833818920534577,0.0435463908850577,1.551333284097
40.75,0.172726949531521,0.0195827925738817,0.172627784506957,0.0194973465220943,1.52916922466188,0.0090085293152167,0.0435450152169966,1.52916922466188
41,0.172641287406683,0.0196817708697152,0.172542496153649,0.0195958929436403,1.50705981967148,0.00961579108313949,0.0435339675004851,1.50705981967148
41.25,0.172555194224369,0.0197803744530021,0.172456778623709,0.0196940662876315,1.48500315500431,0.0101622980004441,0.0435143828480693,1.48500315500431
41.5,0.17246867162367,0.0198786014464721,0.172370633549074,0.019791864684989,1.46299729945237,0.0106503907975007,0.0434873445338774,1.46299729945237
41.75,0.172381721251851,0.019976449980025,0.172284062569824,0.0198892862737722,1.44116806380209,0.0109959175410149,0.0434479389595843,1.44116806380209
42,0.172294344764322,0.0200739181907657,0.172197067334144,0.0199863291992145,1.41952103934391,0.0111960884913148,0.0433996599408396,1.41952103934391
42.25,0.172206543824605,0.02017100422304,0.172109649498298,0.0200829916137586,1.39786062952481,0.0113844064075781,0.0433525777236536,1.39786062952481
42.5,0.172118320104304,0.0202677062284698,0.172021810726596,0.0201792716770914,1.37618474638701,0.0115633680452769,0.0433062841007994,1.37618474638701
42.75,0.172029675283071,0.0203640223659882,0.171933552691362,0.0202751675561792,1.35449131294304,0.0117354596622705,0.043260316599745,1.35449131294304
43,0.171940611048575,0.020459950801875,0.171844877072901,0.0203706774253028,1.33277826411245,0.0119031560743403,0.0432141586812066,1.33277826411245
43.25,0.171851129096472,0.0205554897097908,0.171755785559469,0.0204657994660919,1.31104354765526,0.0120689197139182,0.0431672399521296,1.31104354765526
43.5,0.171761231130369,0.0206506372708126,0.171666279847241,0.0205605318675599,1.28928512510205,0.0122351996922018,0.0431189363930164,1.28928512510205
43.75,0.171670918861793,0.0207453916734681,0.171576361640275,0.0206548728261386,1.26750097268041,0.0124044308648593,0.0430685705995245,1.26750097268041
44,0.17158019401016,0.0208397511137699,0.171486032650485,0.0207488205457121,1.24568908223764,0.0125790329015428,0.043015412038341,1.24568908223764
44.25,0.17148905830274,0.0209337137952504,0.171395294597606,0.0208423732376511,1.22384746215936,0.0127614093593995,0.0429586773172127,1.22384746215936
44.5,0.171397513474625,0.0210272779289955,0.171304149209157,0.0209355291208473,1.20216783764479,0.0128227495110114,0.042904123051917,1.20216783764479
44.75,0.171305561268699,0.021120441733679,0.171212598220418,0.021028286421747,1.18064064583973,0.0127706352596152,0.0428548063117047,1.18064064583973
45,0.171213203435596,0.0212132034355964,0.171120643374385,0.0211206433743848,1.15913594390524,0.0126941710971106,0.0428076508950383,1.15913594390524
45.25,0.171120441733679,0.0213055612686986,0.171028286421747,0.0212125982204175,1.13765165435653,0.0125958453825831,0.0427629418054019,1.13765165435653
45.5,0.171027277928996,0.0213975134746254,0.170935529120847,0.0213041492091574,1.1161856973711,0.0124781488404149,0.0427209100930315,1.1161856973711
45.75,0.17093371379525,0.0214890583027396,0.170842373237651,0.0213952945976057,1.09473599172019,0.0123435736210098,0.0426817328440382,1.09473599172019
46,0.17083975111377,0.0215801940101595,0.170748820545712,0.0214860326504854,1.07330045570016,0.0121946123616065,0.0426455331838165,1.07330045570016
46.25,0.170745391673468,0.0216709188617927,0.170654872826139,0.021576361640275,1.05187700806353,0.0120337572474028,0.0426123802948076,1.05187700806353
46.5,0.170650637270813,0.0217612311303686,0.17056053186756,0.0216662798472405,1.03046356894952,0.0118634990731857,0.042582289448564,1.03046356894952
46.75,0.170555489709791,0.021851129096472,0.170465799466092,0.0217557855594691,1.0090580608139,0.011686326305675,0.0425552220521132,1.0090580608139
47,0.170459950801875,0.0219406110485751,0.170370677425303,0.0218448770729008,0.987658409357889,0.0115047241467882,0.0425310857086109,0.987658409357889
47.25,0.170364022365988,0.0220296752830706,0.170275167556179,0.0219335526913619,0.966262544455925,0.0113211735980368,0.0425097342923034,0.966262544455925
47.5,0.17026770622847,0.0221183201043037,0.170179271677091,0.0220218107265962,0.944868401082148,0.0111381505262451,0.0424909680377003,0.944868401082148
47.75,0.17017100422304,0.022206543824605,0.170082991613759,0.022109649498298,0.923473920235321,0.0109581247308074,0.0424745336429968,0.923473920235321
48,0.170073918190766,0.0222943447643218,0.169986329199215,0.0221970673341438,0.902077049861965,0.010783559012699,0.0424601243877631,0.902077049861965
48.25,0.169976449980025,0.022381721251851,0.169889286273772,0.0222840625698239,0.88067574577765,0.010616908245409,0.0424473802647192,0.88067574577765
48.5,0.169878601446472,0.0224686716236701,0.169791864684989,0.0223706335490744,0.859267972586023,0.0104606184480496,0.0424358881257791,0.859267972586023
48.75,0.169780374453002,0.0225551942243693,0.169694066287632,0.0224567786237088,0.837851704595597,0.0103171258607914,0.0424251818421093,0.837851704595597
49,0.169681770869715,0.0226412874066832,0.16959589294364,0.0225424961536489,0.816424926733883,0.0101888560228793,0.0424147424783734,0.816424926733883
49.25,0.169582792573882,0.0227269495315215,0.169497346522094,0.0226277845069566,0.794985635458864,0.0100782228533821,0.0424039984809345,0.794985635458864
49.5,0.169483441449906,0.0228121789680009,0.169398428899175,0.0227126420598645,0.773531839667393,0.0099876277349316,0.0423923258801733,0.773531839667393
49.75,0.169383719389289,0.0228969740934759,0.169299141958132,0.0227970671968071,0.752061561600551,0.00991945860059797,0.0423790485066789,0.752061561600551
50,0.169283628290596,0.0229813332935693,0.169199487589246,0.0228810583104516,0.730572837745572,0.00987608902413504,0.0423634382213852,0.730572837745572
50.25,0.169183170059418,0.0230652549622038,0.169099467689791,0.0229646138017282,0.70906371973422,0.00985987731379683,0.0423447151596107,0.70906371973422
50.5,0.169082346608333,0.0231487375016316,0.168999084164002,0.0230477320798608,0.687532275237433,0.0098731656099025,0.0423220479888652,0.687532275237433
50.75,0.168981159856875,0.0232317793224656,0.168898338923038,0.0231304115623971,0.665976588855957,0.00991827898637892,0.0422945541804768,0.665976588855957
51,0.168879611731495,0.0233143788437091,0.168797233884942,0.0232126506752391,0.644394763006877,0.00999752455644224,0.0422613002948631,0.644394763006877
51.25,0.168777704165522,0.0233965344927865,0.168695770974608,0.0232944478526726,0.622784918805765,0.0101131905826523,0.0422213022804968,0.622784918805765
51.5,0.168675439099129,0.0234782447055724,0.168593952123745,0.0233758015373971,0.601145196944301,0.010267545591502,0.042173525786409,0.601145196944301
51.75,0.168572818479295,0.0235595079264223,0.168491779270835,0.0234567101805559,0.57947375856312,0.0104628374927723,0.0421168864882552,0.57947375856312
52,0.16846984425977,0.0236403226082017,0.168389254361104,0.023537172241765,0.557768786119734,0.0107012927038175,0.0420502504278023,0.557768786119734
52.25,0.168366518401033,0.0237206872123153,0.168286379346477,0.0236171861891426,0.536028484251346,0.0109851152789852,0.0419724343657859,0.536028484251346
52.5,0.168262842870262,0.0238006002087371,0.168183156185546,0.0236967504993387,0.514251080632292,0.0113164860443686,0.0418822061480857,0.514251080632292
52.75,0.168158819641287,0.0238800600760387,0.168079586843533,0.0237758636575634,0.492434826826029,0.01169756173807,0.0417782850851095,0.492434826826029
53,0.168054450694561,0.0239590653014188,0.167975673292247,0.0238545241576163,0.470577999131349,0.012130474156187,0.0416593423443519,0.470577999131349
53.25,0.16794973801712,0.0240376143807318,0.167871417510052,0.0239327305019147,0.448678899422753,0.0126173293046844,0.0415240013559899,0.448678899422753
53.5,0.16784468360254,0.0241157058185165,0.16776682148183,0.0240104812015226,0.426735855984723,0.0131602065573559,0.0413708382314663,0.426735855984723
53.75,0.167739289450907,0.0241933381280245,0.167661887198937,0.0240877747761789,0.404747224339695,0.0137611578200701,0.0411983821949878,0.404747224339695
54,0.167633557568774,0.0242705098312484,0.16755661665917,0.0241646097543252,0.379558734763448,0.0157067141802022,0.0368929891165853,0.379558734763448
54.25,0.167527489969123,0.0243472194589504,0.16745101186673,0.0242409846731343,0.354132200829193,0.0177470568746119,0.0321805930534023,0.354132200829193
54.5,0.167421088671328,0.0244234655506896,0.167345074832179,0.0243168980785378,0.328625023461791,0.0198157777482949,0.0272570236161629,0.328625023461791
54.75,0.167314355701117,0.0244992466548504,0.167238807572406,0.024392348525254,0.303040114453183,0.0219104112437524,0.0221197772410672,0.303040114453183
55,0.167207293090531,0.0245745613286698,0.167132212110585,0.0244673345768151,0.277380437839718,0.024028440545621,0.0167663835685915,0.277380437839718
55.25,0.167099902877889,0.0246494081382649,0.167025290476141,0.0245418548055948,0.27301016809702,0.0172356193052812,0.0128195777225695,0.27301016809702
55.5,0.166992187107745,0.0247237856586605,0.166918044704709,0.0246159077928352,0.269375254860442,0.010142327703953,0.00898463514388108,0.269375254860442
55.75,0.166884147830852,0.0247976924738157,0.166810476838092,0.0246894921286744,0.265831171063381,0.00301925440680466,0.00521735847412361,0.265831171063381
56,0.166775787104122,0.0248711271766513,0.166702588924227,0.0247626064121726,0.259643067170705,-0.0063274761674619,0.00752998909648962,0.259643067170705
56.25,0.166667106990588,0.0249440883690764,0.166594383017146,0.0248352492513392,0.238631043794722,-0.00868679216234929,0.0164311074819084,0.238631043794722
56.5,0.166558109559362,0.025016574662015,0.166485861176933,0.0249074192631593,0.217477102675899,-0.0107570684656121,0.0250826336008012,0.217477102675899
56.75,0.166448796885597,0.0250885846754328,0.166377025469686,0.0249791150736199,0.195461947977915,-0.0102490521070765,0.0276517722120475,0.195461947977915
57,0.166339171050451,0.0251601170383627,0.166267877967482,0.0250503353177361,0.17345221445206,-0.00936135383213952,0.0291142523752042,0.17345221445206
57.25,0.16622923414104,0.0252311703889318,0.16615842074833,0.0251210786395771,0.151606826680232,-0.00851707237311196,0.0304646092875681,0.151606826680232
57.5,0.166118988250405,0.0253017433743866,0.16604865589614,0.0251913436922921,0.129926520085241,-0.00771654332201237,0.0317058098020539,0.129926520085241
57.75,0.166008435477468,0.0253718346511192,0.165938585500675,0.0252611291381358,0.10841197382482,-0.0069600483157083,0.0328408168378914,0.10841197382482
58,0.165897577926996,0.0254414428846928,0.165828211657517,0.0253304336484938,0.0870638109491913,-0.00624781520104814,0.0338725885082523,0.0870638109491913
58.25,0.165786417709556,0.0255105667498669,0.165717536468024,0.0253992559039081,0.0658825985714155,-0.00558001821273232,0.0348040772510306,0.0658825985714155
58.5,0.165674956941478,0.0255792049306228,0.165606562039294,0.0254675945941023,0.0448688480504838,-0.00495677816389405,0.0356382289629874,0.0448688480504838
58.75,0.165563197744816,0.0256473561201884,0.165495290484119,0.0255354484180062,0.0240230151870976,-0.00437816264931089,0.0363779821374004,0.0240230151870976
59,0.165451142247302,0.0257150190210634,0.165383723920949,0.0256028160837807,0.00334550043207006,-0.00384418626118876,0.0370262670053883,0.00334550043207006
59.25,0.165338792582312,0.0257821923450436,0.165271864473851,0.0256696963088427,-0.0171633508927112,-0.00335481081748404,0.0375860046811303,-0.0171633508927112
59.5,0.165226150888821,0.0258488748132458,0.165159714272467,0.025736087819889,-0.0375032483607932,-0.00290994560268282,0.0380601063111196,-0.0375032483607932
59.75,0.165113219311366,0.0259150651561319,0.165047275451976,0.025801989352921,-0.0575568937476882,-0.00256859735524215,0.0383249910782856,-0.0575568937476882
60,0.165,0.0259807621135332,0.16493455015305,0.0258673996532685,-0.0773139530839203,-0.00233736570243963,0.0383785798081329,-0.0773139530839203
60.25,0.164886495110256,0.0260459644346743,0.164821540521817,0.0259323174756137,-0.0969515543742811,-0.00212650212667509,0.0384155575456487,-0.0969515543742811
60.5,0.164772706803104,0.026110670878197,0.164708248709818,0.0259967415840147,-0.116471161229803,-0.00193417315983143,0.0384377620391541,-0.116471161229803
60.75,0.164658637244909,0.0261748802121839,0.164594676873964,0.0260606707519295,-0.13587427146451,-0.00175851302437368,0.038446989276293,-0.13587427146451
61,0.16454428860739,0.0262385912141819,0.1644808271765,0.0261241037622388,-0.155162416357929,-0.00159762437783998,0.0384449929655547,-0.155162416357929
61.25,0.164429663067582,0.0263018026712252,0.164366701784961,0.0261870394072696,-0.174337159910086,-0.00144957906481874,0.0384334840293299,-0.174337159910086
61.5,0.164314762807788,0.026364513379859,0.164252302872129,0.0262494764888178,-0.193400098089146,-0.00131241887623503,0.0384141301085281,-0.193400098089146
61.75,0.164199590015545,0.0264267221461616,0.164137632615994,0.0263114138181715,-0.212352858071883,-0.00118415631578429,0.0383885550789064,-0.212352858071883
62,0.164084146883577,0.0264884277857678,0.164022693199713,0.0263728502161332,-0.231197097477125,-0.0010627753733413,0.0383583385791882,-0.231197097477125
62.25,0.163968435609753,0.0265496291238913,0.163907486811568,0.0264337845130424,-0.249934503592365,-0.000946232305175465,0.0383250155510868,-0.249934503592365
62.5,0.163852458397051,0.0266103249953466,0.16379201564492,0.026494215548798,-0.268371661689465,-0.000939836094234051,0.0381121052672377,-0.268371661689465
62.75,0.163736217453509,0.0266705142445721,0.163676281898175,0.0265541421728801,-0.286513206558837,-0.00104196010343904,0.0377317972270672,-0.286513206558837
63,0.163619714992186,0.026730195725651,0.163560287774737,0.0266135632443723,-0.304487335691419,-0.00118197222198995,0.0373050972750537,-0.304487335691419
63.25,0.163502953231123,0.0267893683023341,0.163444035482967,0.0266724776319828,-0.322294545783259,-0.00135903088670198,0.0368346682300748,-0.322294545783259
63.5,0.163385934393294,0.0268480308480608,0.163327527236139,0.0267308842140668,-0.339935383047884,-0.00157224748949722,0.0363231500210709,-0.339935383047884
63.75,0.16326866070657,0.0269061822459806,0.163210765252405,0.0267887818786471,-0.357410442781765,-0.0018206868184489,0.0357731589309238,-0.357410442781765
64,0.163151134403672,0.026963821388975,0.163093751754743,0.0268461695234357,-0.37472036891877,-0.00210336750981988,0.0351872868474225,-0.37472036891877
64.25,0.163033357722133,0.0270209471796776,0.162976488970922,0.0269030460558544,-0.39186585357369,-0.00241926251094133,0.0345681005213379,-0.39186585357369
64.5,0.162915332904249,0.0270775585304958,0.162858979133456,0.0269594103930562,-0.408847636574969,-0.00276729955387189,0.0339181408318808,-0.408847636574969
64.75,0.162797062197044,0.027133654363631,0.162741224479564,0.0270152614619452,-0.425666504986731,-0.00314636163969469,0.0332399220596001,-0.425666504986731
65,0.162678547852221,0.0271892336110995,0.162623227251123,0.0270705981991976,-0.442323292620211,-0.00355528753337084,0.0325359311669523,-0.442323292620211
65.25,0.162559792126123,0.0272442952147524,0.162504989694631,0.0271254195512817,-0.458818879534716,-0.00399287226900106,0.0318086270865817,-0.458818879534716
65.5,0.162440797279687,0.0272988381262963,0.162386514061161,0.0271797244744781,-0.475154191528231,-0.00445786766542604,0.0310604400175905,-0.475154191528231
65.75,0.162321565578404,0.0273528613073127,0.162267802606318,0.0272335119348992,-0.491330199617758,-0.00494898285200725,0.0302937707298179,-0.491330199617758
66,0.162202099292274,0.027406363729278,0.162148857590198,0.0272867809085093,-0.507347919509536,-0.00546488480450084,0.0295109898763618,-0.507347919509536
66.25,0.162082400695762,0.0274593443735834,0.162029681277341,0.0273395303811439,-0.523208411059257,-0.00600419889089028,0.0287144373144423,-0.523208411059257
66.5,0.161962472067757,0.0275118022315537,0.161910275936692,0.0273917593485292,-0.538912777722389,-0.00656550942704823,0.0279064214347161,-0.538912777722389
66.75,0.161842315691528,0.0275637363044669,0.161790643841559,0.0274434668163008,-0.554462165994726,-0.00714736024213203,0.0270892184992809,-0.554462165994726
67,0.161721933854678,0.0276151456035732,0.161670787269562,0.0274946518000232,-0.569857764843318,-0.00774825525355287,0.026265071988382,-0.569857764843318
67.25,0.161601328849105,0.0276660291501136,0.161550708502599,0.027545313325208,-0.585100805127878,-0.00836665905141289,0.025436191956031,-0.585100805127878
67.5,0.161480502970953,0.0277163859753386,0.161430409826796,0.0275954504273328,-0.600192559012809,-0.00900099749227841,0.0246047543946672,-0.600192559012809
67.75,0.161359458520573,0.027766215120527,0.161309893532466,0.0276450621518594,-0.615134339369979,-0.00964965830215076,0.0237729006089574,-0.615134339369979
68,0.161238197802477,0.0278155156370036,0.161189161914066,0.0276941475542522,-0.629927499172386,-0.0103109916885054,0.0229427365988773,-0.629927499172386
68.25,0.161116723125295,0.0278642865861577,0.161068217270153,0.0277427056999958,-0.644573430878831,-0.0109833109612688,0.0221163324522214,-0.644573430878831
68.5,0.160995036801729,0.0279125270394607,0.160947061903337,0.0277907356646131,-0.660022070842484,-0.0111167614057769,0.0221879915462776,-0.660022070842484
68.75,0.160873141148511,0.027960236078484,0.160825698120242,0.0278382365336828,-0.676170907980637,-0.0107602855063706,0.0230221527327341,-0.676170907980637
69,0.160751038486359,0.0280074127949161,0.16070412823146,0.0278852074028569,-0.692135319569962,-0.0104219274449945,0.0237771245548844,-0.692135319569962
69.25,0.160628731139931,0.0280540562905803,0.160582354551506,0.0279316473778777,-0.707914818159338,-0.0101018771752337,0.0244558888792746,-0.707914818159338
69.5,0.160506221437784,0.0281001656774519,0.160460379398776,0.0279775555745951,-0.723508974264976,-0.00980026985526418,0.0250614237791359,-0.723508974264976
69.75,0.160383511712325,0.0281457400776745,0.1603382050955,0.028022931118983,-0.738917416240229,-0.00951718598365128,0.0255967026329796,-0.738917416240229
70,0.16026060429977,0.0281907786235772,0.160215833967701,0.0280677731471567,-0.754139830132078,-0.00925265154839419,0.0260646932257532,-0.754139830132078
70.25,0.1601375015401,0.0282352804576911,0.16009326834515,0.0281120808053884,-0.769175959524398,-0.00900663818915899,0.0264683568527122,-0.769175959524398
70.5,0.160014205777013,0.0282792447327653,0.159970510561318,0.0281558532501243,-0.784025605367967,-0.00877906337267413,0.0268106474262226,-0.784025605367967
70.75,0.159890719357884,0.0283226706117835,0.159847562953337,0.0281990896480002,-0.798631915849832,-0.00859932510989893,0.0270081051097052,-0.798631915849832
71,0.159767044633715,0.0283655572679795,0.159724427861953,0.0282417891758572,-0.812989217125444,-0.00847124635781512,0.0270598171479727,-0.812989217125444
71.25,0.159643183959095,0.0284079038848532,0.159601107631479,0.028283951020758,-0.827183319748669,-0.00834992273905719,0.027099722712575,-0.827183319748669
71.5,0.159519139692153,0.028449709656186,0.159477604609756,0.0283255743800018,-0.841215297927372,-0.00823401212033194,0.0271302414588737,-0.841215297927372
71.75,0.159394914194512,0.0284909737860563,0.159353921148103,0.0283666584611398,-0.855086272748099,-0.00812212847322905,0.0271537623974755,-0.855086272748099
72,0.159270509831248,0.0285316954888546,0.159230059601275,0.0284072024819904,-0.868797411633437,-0.00801284242189784,0.0271726431719964,-0.868797411633437
72.25,0.15914592897084,0.0285718739892983,0.159106022327417,0.0284472056706538,-0.882349927788776,-0.00790468180127509,0.0271892093452643,-0.882349927788776
72.5,0.159021173985128,0.0286115085224468,0.158981811688019,0.028486667265527,-0.895745079638564,-0.00779613222576482,0.0272057536942043,-0.895745079638564
72.75,0.158896247249267,0.0286505983337156,0.158857430047874,0.0285255865153182,-0.908984170252194,-0.00768563766821903,0.0272245355134487,-0.908984170252194
73,0.158771151141682,0.0286891426788911,0.158732879775029,0.0285639626790608,-0.922068546759648,-0.00757160104911087,0.0272477799278937,-0.922068546759648
73.25,0.158645888044023,0.0287271408241444,0.158608163240741,0.0286017950261281,-0.934999599757034,-0.00745238483575908,0.0272776772142976,-0.934999599757034
73.5,0.158520460341118,0.0287645920460458,0.158483282819433,0.0286390828362467,-0.947680586207643,-0.00738331106557838,0.0271923230711825,-0.947680586207643
73.75,0.15839487042093,0.0288014956315779,0.158358240888649,0.0286758253995104,-0.960113544199491,-0.00736367776434569,0.0270006066083352,-0.960113544199491
74,0.15826912067451,0.0288378508781496,0.158233039829006,0.0287120220163939,-0.972363129285897,-0.00735576846577074,0.026787604988602,-0.972363129285897
74.25,0.158143213495952,0.0288736570936094,0.158107682024153,0.0287476719977656,-0.984429973701239,-0.00735871787161693,0.0265560567419852,-0.984429973701239
74.5,0.158017151282348,0.0289089135962587,0.157982169860721,0.0287827746649014,-0.996314762575304,-0.00737161106062041,0.0263086792701659,-0.996314762575304
74.75,0.157890936433739,0.0289436197148644,0.157856505728281,0.028817329349497,-1.00801823354776,-0.00739348387839584,0.0260481680305928,-1.00801823354776
75,0.157764571353076,0.028977774788672,0.157730692019296,0.0288513353936811,-1.01954117637061,-0.00742332333930053,0.0257771957267376,-1.01954117637061
75.25,0.157638058446166,0.0290113781674183,0.157604731129079,0.0288847921500276,-1.03088443249871,-0.00746006804014391,0.0254984115046131,-1.03088443249871
75.5,0.157511400121633,0.0290444292113432,0.157478625455744,0.0289176989815681,-1.04204889466853,-0.00750260858566278,0.0252144401557645,-1.04204889466853
75.75,0.15738459879087,0.0290769272912026,0.15735237740016,0.028950055261804,-1.05303550646508,-0.00754978802566292,0.0249278813268741,-1.05303550646508
76,0.15725765686799,0.0291088717882799,0.157225989365908,0.0289818603747183,-1.06384526187728,-0.00760040230373457,0.024641308736172,-1.06384526187728
76.25,0.157130576769785,0.0291402620943978,0.157099463759235,0.0290131137147875,-1.0744792048418,-0.00765320071743348,0.0243572693967732,-1.0744792048418
76.5,0.157003360915677,0.0291710976119303,0.156972802989006,0.0290438146869931,-1.08493842877541,-0.00770688638983516,0.0240782828471362,-1.08493842877541
76.75,0.156876011727672,0.0292013777538135,0.156846009466659,0.0290739627068328,-1.09522407609605,-0.00776011675236117,0.023806840388814,-1.09522407609605
77,0.156748531630316,0.0292311019435571,0.15671908560616,0.0291035572003318,-1.10533733773263,-0.00781150403875747,0.0235454043316008,-1.10533733773263
77.25,0.156620923050645,0.0292602696152554,0.156592033823956,0.0291325976040535,-1.1152794526238,-0.00785961579012984,0.0232964072462801,-1.1152794526238
77.5,0.156493188418143,0.029288880213598,0.156464856538931,0.0291610833651106,-1.12505170720559,-0.00790297537092795,0.0230622512251395,-1.12505170720559
77.75,0.156365330164693,0.0293169331938804,0.156337556172356,0.0291890139411753,-1.13465543488824,-0.00794006249574964,0.0228453071503311,-1.13465543488824
78,0.156237350724533,0.0293444280220142,0.156210135147847,0.0292163888004895,-1.14409201552228,-0.00796931376687439,0.0226479139703408,-1.14409201552228
78.25,0.156109252534205,0.0293713641745375,0.156082595891316,0.0292432074218755,-1.15336287485382,-0.00798912322238684,0.0224723779846022,-1.15336287485382
78.5,0.155981038032516,0.0293977411386249,0.155954940830927,0.0292694692947454,-1.1624694839694,-0.00799784289479201,0.0223209721365096,-1.1624694839694
78.75,0.155852709660484,0.0294235584120969,0.155827172397049,0.0292951739191109,-1.17141335873043,-0.00799378337998488,0.0221959353148863,-1.17141335873043
79,0.155724269861296,0.0294488155034299,0.155699293022208,0.0293203208055931,-1.18019605919719,-0.00797521441646367,0.022099471664118,-1.18019605919719
79.25,0.155595721080262,0.0294735119317653,0.155571305141044,0.0293449094754315,-1.18881918904284,-0.00794036547465822,0.0220337499030686,-1.18881918904284
79.5,0.155467065764764,0.0294976472269186,0.15544321119026,0.0293689394604933,-1.1972843949572,-0.00788742635624757,0.0220009026529339,-1.1972843949572
79.75,0.155338306364215,0.0295212209293887,0.155315013608581,0.0293924103032821,-1.20559336604074,-0.00781454780333457,0.0220030257741353,-1.20559336604074
80,0.155209445330008,0.0295442325903662,0.155186714836705,0.029415321556947,-1.21374783318869,-0.00771984211735675,0.0220421777124647,-1.21374783318869
80.25,0.155080485115471,0.0295666817717423,0.155058317317255,0.0294376727852908,-1.22174956846553,-0.0076013837875905,0.0221203788545398,-1.22174956846553
80.5,0.15495142817582,0.0295885680461169,0.154929823494734,0.0294594635627782,-1.22960038446995,-0.00745721012912271,0.0222396108927612,-1.22960038446995
80.75,0.154822276968115,0.029609890996807,0.154801235815481,0.0294806934745442,-1.23730213369039,-0.00728532193014885,0.0224018161998701,-1.23730213369039
81,0.154693033951207,0.0296306502178541,0.154672556727618,0.0295013621164021,-1.24485670785135,-0.00708368410846395,0.0226088972132683,-1.24485670785135
81.25,0.154563701585697,0.0296508453140328,0.15454378868101,0.0295214690948505,-1.2522660372506,-0.0068502263770037,0.0228627158291989,-1.2522660372506
81.5,0.154434282333888,0.0296704759008575,0.154414934127216,0.0295410140270816,-1.25953209008735,-0.00658284391829535,0.023165092806931,-1.25953209008735
81.75,0.154304778659735,0.0296895416045901,0.15428599551944,0.0295599965409881,-1.26784857121692,-0.00546397651001115,0.0239544698459714,-1.26784857121692
82,0.154175193028802,0.0297080420622471,0.154156975312487,0.0295784162751703,-1.27739806702884,-0.00336417266825687,0.0252668315955171,-1.27739806702884
82.25,0.154045527908212,0.0297259769216065,0.154027875962717,0.029596272878943,-1.28691907508374,-0.00114441972509234,0.026627678634517,-1.28691907508374
82.5,0.153915785766602,0.0297433458412143,0.153898699927994,0.0296135660123422,-1.29567915235921,0.00072755458596621,0.0271970619094323,-1.29567915235921
82.75,0.153785969074075,0.0297601484903914,0.153769449667645,0.0296302953461315,-1.29992138759029,-0.000172644401464282,0.0227900651658072,-1.29992138759029
83,0.153656080302154,0.0297763845492397,0.153640127642407,0.0296464605618086,-1.30394167574896,-0.00111112753256557,0.01839586981269,-1.30394167574896
83.25,0.153526121923735,0.0297920537086478,0.153510736314386,0.0296620613516111,-1.30774065392605,-0.00208716330866519,0.0140172775139797,-1.30774065392605
83.5,0.153396096413037,0.0298071556702976,0.153381278147007,0.0296770974185223,-1.3113190092013,-0.00309997374063139,0.009657075389984,-1.3113190092013
83.75,0.153266006245559,0.0298216901466696,0.153251755604965,0.0296915684762774,-1.31467747839875,-0.00414873459525357,0.00531803527704431,-1.31467747839875
84,0.15313585389803,0.0298356568610482,0.153122171154184,0.0297054742493681,-1.31781684783135,-0.00523257565225854,0.00100291299090624,-1.31781684783135
84.25,0.153005641848362,0.0298490555475273,0.152992527261765,0.0297188144730486,-1.32073795303502,-0.00635058097190703,-0.0032855524060169,-1.32073795303502
84.5,0.152875372575607,0.0298618859510154,0.15286282639594,0.0297315888933403,-1.32344167849198,-0.00750178917311599,-0.00754463933334496,-1.32344167849198
84.75,0.152745048559902,0.0298741478272399,0.152733071026028,0.0297437972670366,-1.32629232768064,-0.00850326945068635,-0.0101301542422371,-1.32629232768064
85,0.15261467228243,0.0298858409427524,0.152603263622382,0.0297554393617078,-1.3298603654522,-0.00903744631143343,-0.00876169289254698,-1.3298603654522
85.25,0.152484246225366,0.0298969650749328,0.15247340665635,0.029766514955705,-1.33328143258504,-0.00952053647638075,-0.00749664652557774,-1.33328143258504
85.5,0.152353772871835,0.0299075200119938,0.152343502600221,0.029777023838165,-1.33655312069767,-0.00995487399749427,-0.00633313440182862,-1.33655312069767
85.75,0.152223254705862,0.0299175055529846,0.15221355392718,0.0297869658090138,-1.33967306192943,-0.0103427561780536,-0.00526923475122958,-1.33967306192943
86,0.152092694212324,0.0299269215077947,0.152083563111263,0.0297963406789705,-1.34263892956856,-0.0106864429459039,-0.00430298541604201,-1.34263892956856
86.25,0.151962093876904,0.0299357676971581,0.151953532627308,0.0298051482695512,-1.3454484386706,-0.0109881562363633,-0.00343238450273373,-1.3454484386706
86.5,0.151831456186046,0.029944043952656,0.151823464950908,0.0298133884130721,-1.34809934666689,-0.0112500793849139,-0.00265539104273381,-1.34809934666689
86.75,0.151700783626901,0.0299517501167205,0.151693362558363,0.0298210609526526,-1.35058945396307,-0.0114743565297993,-0.00196992566188134,-1.35058945396307
87,0.151570078687288,0.0299588860426372,0.151563227926636,0.0298281657422188,-1.35291660452755,-0.0116630920246458,-0.00137387125846746,-1.35291660452755
87.25,0.15143934385564,0.0299654515945485,0.151433063533303,0.0298347026465056,-1.35507868646971,-0.0118183498612287,-0.000865073689691235,-1.35507868646971
87.5,0.15130858162096,0.0299714466474557,0.151302871856506,0.0298406715410598,-1.35707363260779,-0.0119421531024995,-0.000441342466400895,-1.35707363260779
87.75,0.151177794472772,0.0299768710872217,0.151172655374907,0.0298460723122422,-1.35889942102633,-0.0120364833259875,-0.000100451455984962,-1.35889942102633
88,0.151046984901075,0.0299817248105729,0.151042416567639,0.02985090485723,-1.36055407562303,-0.0121032800776869,0.000159860406758855,-1.36055407562303
88.25,0.150916155396295,0.0299860077251014,0.150912157914263,0.0298551690840185,-1.36203566664501,-0.012144440336545,0.000341888400914362,-1.36203566664501
88.5,0.150785308449236,0.0299897197492667,0.150781881894715,0.0298588649114229,-1.36334231121417,-0.0121618179896542,0.000447961293044191,-1.36334231121417
88.75,0.150654446551037,0.0299928608123973,0.150651590989263,0.0298619922690801,-1.36447217384181,-0.0121572233182543,0.000480440603251765,-1.36447217384181
89,0.150523572193118,0.0299954308546917,0.150521287678458,0.0298645510974496,-1.36542346693214,-0.0121324224946559,0.000441719863869886,-1.36542346693214
89.25,0.15039268786714,0.0299974298272202,0.150390974443087,0.029866541347815,-1.36619445127475,-0.0120891370901763,0.00033422387091735,-1.36619445127475
89.5,0.150261796064951,0.0299988576919251,0.150260653764126,0.0298679629822848,-1.36678343652594,-0.0120290435941956,0.000160407928488838,-1.36678343652594
89.75,0.150130899278542,0.029999714421622,0.150130328122693,0.0298688159737932,-1.36718878167864,-0.0119537729444307,-7.7242913769273e-05,-1.36718878167864
90,0.15,0.03,0.15,0.0298691003061004,-1.36740889552108,-0.0118649100685143,-0.000376214629923308,-1.36740889552108
90.25,0.149869100721458,0.029999714421622,0.149869671877307,0.0298688159737932,-1.3674422370839,-0.0117639934369846,-0.000733964993619895,-1.3674422370839
90.5,0.149738203935049,0.0299988576919251,0.149739346235874,0.0298679629822848,-1.3672873160757,-0.011652514627764,-0.00114792436036953,-1.3672873160757
90.75,0.14960731213286,0.0299974298272202,0.149609025556913,0.029866541347815,-1.36694269330698,-0.0115319179022281,-0.00161549645609999,-1.36694269330698
91,0.149476427806882,0.0299954308546917,0.149478712321542,0.0298645510974496,-1.36640698110229,-0.011403599792937,-0.00213405917180511,-1.36640698110229
91.25,0.149345553448963,0.0299928608123973,0.149348409010737,0.0298619922690801,-1.36567884370056,-0.0112689087031309,-0.00270096536413456,-1.36567884370056
91.5,0.149214691550764,0.0299897197492667,0.149218118105285,0.0298588649114229,-1.36475699764356,-0.0111291445180539,-0.00331354366173957,-1.36475699764356
91.75,0.149083844603705,0.0299860077251014,0.149087842085737,0.0298551690840185,-1.36364021215233,-0.0109855582281977,-0.00396909927722431,-1.36364021215233
92,0.148953015098925,0.0299817248105729,0.148957583432361,0.02985090485723,-1.36232730949155,-0.010839351564542,-0.00466491482453105,-1.36232730949155
92.25,0.148822205527228,0.0299768710872217,0.148827344625093,0.0298460723122422,-1.36081716532179,-0.0106916766458567,-0.00539825114156871,-1.36081716532179
92.5,0.14869141837904,0.0299714466474557,0.148697128143494,0.0298406715410598,-1.35910870903953,-0.0105436356381515,-0.00616634811794345,-1.35910870903953
92.75,0.14856065614436,0.0299654515945485,0.148566936466697,0.0298347026465056,-1.35720092410488,-0.0103962804263352,-0.00696642552760418,-1.35720092410488
93,0.148429921312712,0.0299588860426372,0.148436772073364,0.0298281657422188,-1.35509284835701,-0.0102506122981538,-0.00779568386622547,-1.35509284835701
93.25,0.148299216373099,0.0299517501167205,0.148306637441637,0.0298210609526526,-1.35278357431709,-0.0101075816404751,-0.00865130519315955,-1.35278357431709
93.5,0.148168543813954,0.029944043952656,0.148176535049092,0.0298133884130721,-1.35027224947878,-0.00996808764798241,-0.00953045397778908,-1.35027224947878
93.75,0.148037906123096,0.0299357676971581,0.148046467372692,0.0298051482695512,-1.34755807658619,-0.00983297804433599,-0.0104302779500908,-1.34755807658619
94,0.147907305787676,0.0299269215077947,0.147916436888737,0.0297963406789705,-1.34464031389922,-0.0097030488158636,-0.0113479089552428,-1.34464031389922
94.25,0.147776745294138,0.0299175055529846,0.14778644607282,0.0297869658090138,-1.34151827544627,-0.0095790439578333,-0.0122804638120947,-1.34151827544627
94.5,0.147646227128165,0.0299075200119938,0.147656497399779,0.029777023838165,-1.33819133126419,-0.00946165523336712,-0.0132250451753387,-1.33819133126419
94.75,0.147515753774634,0.0298969650749328,0.14752659334365,0.029766514955705,-1.33465890762555,-0.00935152194503568,-0.0141787424011574,-1.33465890762555
95,0.14738532771757,0.0298858409427524,0.147396736377617,0.0297554393617078,-1.33092048725303,-0.00924923071919963,-0.0151386324162319,-1.33092048725303
95.25,0.147254951440098,0.0298741478272399,0.147266928973972,0.0297437972670366,-1.32697560952097,-0.00915531530312511,-0.0161017805898753,-1.32697560952097
95.5,0.147124627424393,0.0298618859510154,0.14713717360406,0.0297315888933403,-1.32282387064405,-0.00907025637493173,-0.0170652416091456,-1.32282387064405
95.75,0.146994358151638,0.0298490555475273,0.147007472738235,0.0297188144730486,-1.31841204896291,-0.0090259789030234,-0.0178685480748342,-1.31841204896291
96,0.14686414610197,0.0298356568610482,0.146877828845816,0.0297054742493681,-1.3134684656952,-0.00917987754055791,-0.0176630234292613,-1.3134684656952
96.25,0.146733993754441,0.0298216901466696,0.146748244395035,0.0296915684762774,-1.30835535585802,-0.00931319694997366,-0.017500374368972,-1.30835535585802
96.5,0.146603903586963,0.0298071556702976,0.146618721852993,0.0296770974185223,-1.30307113416872,-0.00942761722194928,-0.0173782712102322,-1.30307113416872
96.75,0.146473878076265,0.0297920537086478,0.146489263685614,0.0296620613516111,-1.29761426256055,-0.00952477484881338,-0.0172943519360827,-1.29761426256055
97,0.146343919697846,0.0297763845492397,0.146359872357593,0.0296464605618086,-1.29198325070572,-0.00960626219957382,-0.0172462229356625,-1.29198325070572
97.25,0.146214030925925,0.0297601484903914,0.146230550332355,0.0296302953461315,-1.28617665652748,-0.00967362700593163,-0.0172314597512633,-1.28617665652748
97.5,0.146084214233398,0.0297433458412143,0.146101300072006,0.0296135660123422,-1.28019308670098,-0.00972837185939594,-0.0172476078329613,-1.28019308670098
97.75,0.145954472091788,0.0297259769216065,0.145972124037283,0.029596272878943,-1.27403119714285,-0.00977195371960136,-0.0172921833006866,-1.27403119714285
98,0.145824806971198,0.0297080420622471,0.145843024687513,0.0295784162751703,-1.26768969348949,-0.00980578343393214,-0.0173626737135413,-1.26768969348949
98.25,0.145695221340265,0.0296895416045901,0.14571400448056,0.0295599965409881,-1.26116733156372,-0.00983122526856175,-0.017456538846236,-1.26116733156372
98.5,0.145565717666112,0.0296704759008575,0.145585065872784,0.0295410140270816,-1.25446291783005,-0.00984959645099668,-0.0175712114724537,-1.25446291783005
98.75,0.145436298414303,0.0296508453140328,0.14545621131899,0.0295214690948505,-1.24757530983808,-0.00986216672423101,-0.017704098154995,-1.24757530983808
99,0.145306966048793,0.0296306502178541,0.145327443272382,0.029501362116402,-1.24050341665428,-0.00987015791260705,-0.0178525800425451,-1.24050341665428
99.25,0.145177723031885,0.029609890996807,0.145198764184519,0.0294806934745442,-1.23324619928183,-0.00987474349946878,-0.0180140136728761,-1.23324619928183
99.5,0.14504857182418,0.0295885680461169,0.145070176505266,0.0294594635627782,-1.22580267106849,-0.00987704821670294,-0.0181857317823235,-1.22580267106849
99.75,0.144919514884529,0.0295666817717423,0.144941682682745,0.0294376727852908,-1.21817189810247,-0.00987814764626163,-0.0183650441213943,-1.21817189810247
100,0.144790554669992,0.0295442325903662,0.144813285163295,0.029415321556947,-1.21035299959617,-0.00987906783373881,-0.0185492382762875,-1.21035299959617
100.25,0.144661693635785,0.0295212209293887,0.144684986391419,0.0293924103032821,-1.20234514825766,-0.00988078491409966,-0.0187355804961974,-1.20234514825766
100.5,0.144532934235236,0.0294976472269186,0.14455678880974,0.0293689394604933,-1.1941475706499,-0.00988422474963509,-0.0189213165262128,-1.1941475706499
100.75,0.144404278919738,0.0294735119317653,0.144428694858956,0.0293449094754315,-1.18575954753759,-0.00989026258022421,-0.0191036724456368,-1.18575954753759
101,0.144275730138704,0.0294488155034299,0.144300706977792,0.0293203208055931,-1.17718041422154,-0.00989972268597871,-0.0192798555115511,-1.17718041422154
101.25,0.144147290339516,0.0294235584120969,0.144172827602951,0.0292951739191109,-1.16840956086052,-0.0099133780623454,-0.0194470550074511,-1.16840956086052
101.5,0.144018961967484,0.0293977411386249,0.144045059169073,0.0292694692947454,-1.15944643278054,-0.00993195010774413,-0.0196024430967946,-1.15944643278054
101.75,0.143890747465795,0.0293713641745375,0.143917404108684,0.0292432074218755,-1.15029053077143,-0.00995610832379502,-0.0197431756812347,-1.15029053077143
102,0.143762649275467,0.0293444280220142,0.143789864852153,0.0292163888004895,-1.1409414113707,-0.00998647002822399,-0.0198663932634316,-1.1409414113707
102.25,0.143634669835307,0.0293169331938804,0.143662443827644,0.0291890139411753,-1.13139868713461,-0.0100236000804887,-0.0199692218141858,-1.13139868713461
102.5,0.143506811581857,0.029288880213598,0.143535143461069,0.0291610833651106,-1.12166202689636,-0.010068010620207,-0.020048773643785,-1.12166202689636
102.75,0.143379076949355,0.0292602696152554,0.143407966176044,0.0291325976040535,-1.11173115601136,-0.0101201608184309,-0.0201021482773184,-1.11173115601136
103,0.143251468369684,0.0292311019435571,0.14328091439384,0.0291035572003318,-1.10160585658952,-0.0101804566418395,-0.0201264333338402,-1.10160585658952
103.25,0.143123988272328,0.0292013777538135,0.143153990533341,0.0290739627068328,-1.09128596771456,-0.0102492506298842,-0.0201187054091262,-1.09128596771456
103.5,0.142996639084323,0.0291710976119303,0.143027197010994,0.0290438146869931,-1.08077138565015,-0.0103268416849667,-0.0200760309619238,-1.08077138565015
103.75,0.142869423230215,0.0291402620943978,0.142900536240765,0.0290131137147875,-1.07006206403296,-0.0104134748756709,-0.0199954672034341,-1.07006206403296
104,0.14274234313201,0.0291088717882799,0.142774010634092,0.0289818603747183,-1.05915801405255,-0.0105093412531116,-0.0198740629898817,-1.05915801405255
104.25,0.14261540120913,0.0290769272912026,0.14264762259984,0.028950055261804,-1.04805930461801,-0.0106145776804525,-0.0197088597180035,-1.04805930461801
104.5,0.142488599878367,0.0290444292113432,0.142521374544256,0.0289176989815681,-1.03676606251129,-0.0107292666756049,-0.0194968922232033,-1.03676606251129
104.75,0.142361941553834,0.0290113781674183,0.14239526887092,0.0288847921500276,-1.02527847252732,-0.0108534362671848,-0.0192351896802688,-1.02527847252732
105,0.142235428646924,0.028977774788672,0.142269307980704,0.0288513353936811,-1.0135967776007,-0.0109870598637384,-0.0189207765064012,-1.0135967776007
105.25,0.142109063566261,0.0289436197148644,0.142143494271719,0.028817329349497,-1.00172127891905,-0.0111300561362769,-0.01855067326639,-1.00172127891905
105.5,0.141982848717652,0.0289089135962587,0.142017830139279,0.0287827746649014,-0.989652336022932,-0.0112822889141585,-0.0181218975797569,-0.989652336022932
105.75,0.141856786504048,0.0288736570936094,0.141892317975847,0.0287476719977656,-0.977390366892385,-0.0114435670943432,-0.0176314650296662,-0.977390366892385
106,0.14173087932549,0.0288378508781496,0.141766960170994,0.0287120220163939,-0.964935848019905,-0.0116136445640436,-0.0170763900734125,-0.964935848019905
106.25,0.14160512957907,0.0288014956315779,0.141641759111351,0.0286758253995104,-0.952289314470012,-0.0117922201367953,-0.016453686954291,-0.952289314470012
106.5,0.141479539658882,0.0287645920460458,0.141516717180567,0.0286390828362467,-0.939503604427644,-0.0117833045087544,-0.0146736659243941,-0.939503604427644
106.75,0.141354111955977,0.0287271408241444,0.141391836759259,0.0286017950261281,-0.926558573176347,-0.0117216549545107,-0.0126026104816841,-0.926558573176347
107,0.141228848858318,0.0286891426788911,0.141267120224971,0.0285639626790608,-0.913450034070016,-0.0116330831020996,-0.0104002108012818,-0.913450034070016
107.25,0.141103752750733,0.0286505983337156,0.141142569952126,0.0285255865153182,-0.900180225850712,-0.0115156014634264,-0.0080640188889302,-0.900180225850712
107.5,0.140978826014872,0.0286115085224468,0.141018188311981,0.028486667265527,-0.890338543705959,-0.00822813412601542,-0.00323069121297992,-0.890338543705959
107.75,0.14085407102916,0.0285718739892983,0.140893977672583,0.0284472056706538,-0.881951958666837,-0.00349099732184592,0.00269751564506265,-0.881951958666837
108,0.140729490168752,0.0285316954888546,0.140769940398725,0.0284072024819904,-0.87351033505643,0.00135945822446197,0.00860920276460655,-0.87351033505643
108.25,0.140605085805488,0.0284909737860563,0.140646078851897,0.0283666584611398,-0.860351650475988,0.00116886955004666,0.00509823341021072,-0.860351650475988
108.5,0.140480860307847,0.028449709656186,0.140522395390244,0.0283255743800018,-0.847000803707671,0.000956872462342799,0.00171382721831538,-0.847000803707671
108.75,0.140356816040905,0.0284079038848532,0.140398892368521,0.028283951020758,-0.833459841216218,0.000725263281338808,-0.00154174096853623,-0.833459841216218
109,0.140232955366285,0.0283655572679795,0.140275572138047,0.0282417891758572,-0.819730849983854,0.000475875598353418,-0.00466622354450422,-0.819730849983854
109.25,0.140109280642116,0.0283226706117835,0.140152437046663,0.0281990896480002,-0.805815957132761,0.000210579903347558,-0.0076574007349027,-0.805815957132761
109.5,0.139985794222987,0.0282792447327653,0.140029489438682,0.0281558532501243,-0.791717329538995,-6.87167962731671e-05,-0.0105130811855538,-0.791717329538995
109.75,0.1398624984599,0.0282352804576911,0.13990673165485,0.0281120808053884,-0.777437173437911,-0.000360071365301708,-0.0132311025469374,-0.777437173437911
110,0.13973939570023,0.0281907786235773,0.139784166032299,0.0280677731471567,-0.762977734021111,-0.000661504938744269,-0.0158093320530132,-0.762977734021111
110.25,0.139616488287675,0.0281457400776745,0.1396617949045,0.028022931118983,-0.748341295025084,-0.000971003328138527,-0.0182456670945982,-0.748341295025084
110.5,0.139493778562216,0.0281001656774519,0.139539620601224,0.0279775555745951,-0.733530178311513,-0.00128651743609917,-0.0205380357871896,-0.733530178311513
110.75,0.139371268860069,0.0280540562905803,0.139417645448494,0.0279316473778777,-0.718546743439385,-0.00160596367901821,-0.0226843975331102,-0.718546743439385
111,0.139248961513641,0.0280074127949161,0.13929587176854,0.0278852074028569,-0.703393387228958,-0.00192722441784234,-0.0246827435778718,-0.703393387228958
111.25,0.139126858851489,0.027960236078484,0.139174301879758,0.0278382365336828,-0.688072543317673,-0.00224814839684906,-0.0265310975606339,-0.688072543317673
111.5,0.139004963198271,0.0279125270394607,0.139052938096663,0.0277907356646131,-0.672586681708076,-0.0025665511903447,-0.0282275160586569,-0.672586681708076
111.75,0.138883276874705,0.0278642865861577,0.138931782729847,0.0277427056999958,-0.65693830830785,-0.00288021565720022,-0.0297700891256299,-0.65693830830785
112,0.138761802197523,0.0278155156370036,0.138810838085934,0.0276941475542522,-0.641129964462019,-0.00318689240314435,-0.0311569408237698,-0.641129964462019
112.25,0.138640541479427,0.027766215120527,0.138690106467534,0.0276450621518594,-0.625164226477428,-0.00348430025072911,-0.0323862297495797,-0.625164226477428
112.5,0.138519497029047,0.0277163859753386,0.138569590173204,0.0275954504273328,-0.609043705139567,-0.0037701267168839,-0.0334561495531631,-0.609043705139567
112.75,0.138398671150895,0.0276660291501136,0.138449291497401,0.027545313325208,-0.592689867036708,-0.00402474506262374,-0.0339744634336073,-0.592689867036708
113,0.138278066145322,0.0276151456035732,0.138329212730438,0.0274946518000232,-0.576111107025367,-0.00423435597449046,-0.033915989266229,-0.576111107025367
113.25,0.138157684308472,0.0275637363044669,0.138209356158441,0.0274434668163008,-0.559433642305513,-0.00442224615413539,-0.0338707918209845,-0.559433642305513
113.5,0.138037527932243,0.0275118022315537,0.138089724063308,0.0273917593485292,-0.542655548516925,-0.00459065389951427,-0.0338376861812963,-0.542655548516925
113.75,0.137917599304238,0.0274593443735834,0.137970318722659,0.0273395303811439,-0.52577492556948,-0.00474179552522472,-0.033815439987162,-0.52577492556948
114,0.137797900707726,0.027406363729278,0.137851142409802,0.0272867809085093,-0.508789898451992,-0.00487786454766482,-0.0338027738138984,-0.508789898451992
114.25,0.137678434421596,0.0273528613073127,0.137732197393682,0.0272335119348992,-0.491698618035308,-0.00500103087586126,-0.033798361563269,-0.491698618035308
114.5,0.137559202720313,0.0272988381262963,0.137613485938839,0.0271797244744781,-0.474499261869536,-0.00511344000814051,-0.0338008308668018,-0.474499261869536
114.75,0.137440207873877,0.0272442952147524,0.137495010305369,0.0271254195512817,-0.457190034975197,-0.00521721223482238,-0.0338087635013416,-0.457190034975197
115,0.137321452147779,0.0271892336110995,0.137376772748877,0.0270705981991976,-0.439769170628145,-0.00531444184710809,-0.033820695816675,-0.439769170628145
115.25,0.137202937802956,0.027133654363631,0.137258775520436,0.0270152614619452,-0.422234931138073,-0.00540719635233756,-0.0338351191751669,-0.422234931138073
115.5,0.137084667095751,0.0270775585304958,0.137141020866544,0.0269594103930562,-0.404519534484125,-0.00541439757548185,-0.0332569177187317,-0.404519534484125
115.75,0.136966642277867,0.0270209471796776,0.137023511029078,0.0269030460558544,-0.386639173778137,-0.00532590050610211,-0.0321075138089582,-0.386639173778137
116,0.136848865596328,0.026963821388975,0.136906248245257,0.0268461695234357,-0.368643912966345,-0.00519044491958877,-0.030777407092735,-0.368643912966345
116.25,0.13673133929343,0.0269061822459806,0.136789234747595,0.0267887818786471,-0.350536817110793,-0.00500531093660522,-0.029265374643961,-0.350536817110793
116.5,0.136614065606706,0.0268480308480607,0.13667247276386,0.0267308842140668,-0.332320977056516,-0.00476775596980194,-0.0275702359396131,-0.332320977056516
116.75,0.136497046768877,0.0267893683023341,0.136555964517033,0.0266724776319828,-0.313999508832794,-0.00447501531594414,-0.0256908532542514,-0.313999508832794
117,0.136380285007814,0.026730195725651,0.136439712225263,0.0266135632443723,-0.295575553048505,-0.00412430275385382,-0.0236261320463596,-0.295575553048505
117.25,0.136263782546491,0.0266705142445721,0.136323718101825,0.0265541421728801,-0.277052274281746,-0.00371281114806231,-0.0213750213364442,-0.277052274281746
117.5,0.136147541602949,0.0266103249953467,0.13620798435508,0.026494215548798,-0.258432860463762,-0.00323771305805438,-0.0189365140768041,-0.258432860463762
117.75,0.136031564390247,0.0265496291238913,0.136092513188432,0.0264337845130424,-0.239720522257366,-0.00269616135299945,-0.0163096475128989,-0.239720522257366
118,0.135915853116423,0.0264884277857678,0.135977306800287,0.0263728502161332,-0.220918492429919,-0.00208528983184987,-0.0134935035362327,-0.220918492429919
118.25,0.135800409984455,0.0264267221461616,0.135862367384006,0.0263114138181715,-0.202030025220985,-0.00140221384869513,-0.0104872090286776,-0.202030025220985
118.5,0.135685237192212,0.026364513379859,0.135747697127871,0.0262494764888178,-0.18305839570482,-0.000644030943255397,-0.00728993619816665,-0.18305839570482
118.75,0.135570336932418,0.0263018026712252,0.135633298215039,0.0261870394072696,-0.164006899147744,0.000192178523602482,-0.00390090290567525,-0.164006899147744
119,0.13545571139261,0.0262385912141819,0.1355191728235,0.0261241037622388,-0.144878850360575,0.00110935072944304,-0.000319372983426222,-0.144878850360575
119.25,0.135341362755091,0.0261748802121839,0.135405323126036,0.0260606707519295,-0.136524280543459,0.00546604084828168,-0.00230797931931841,-0.136524280543459
119.5,0.135227293196896,0.026110670878197,0.135291751290182,0.0259967415840147,-0.136837532272264,0.00766332205436325,-0.00287617976362795,-0.136837532272264
119.75,0.135113504889744,0.0260459644346743,0.135178459478183,0.0259323174756137,-0.13608962650004,0.00836922679392518,-0.0022963633877601,-0.13608962650004
120,0.135,0.0259807621135332,0.13506544984695,0.0258673996532685,-0.119068016134717,0.0191914827341361,-0.019229163644353,-0.119068016134717
120.25,0.134886780688634,0.0259150651561319,0.134952724548024,0.025801989352921,-0.098398951098884,0.0225231176931751,-0.0277038534676098,-0.098398951098884
120.5,0.134773849111179,0.0258488748132458,0.134840285727533,0.025736087819889,-0.0751262622103564,0.0203325937351883,-0.0296366716582721,-0.0751262622103564
120.75,0.134661207417688,0.0257821923450436,0.134728135526149,0.0256696963088427,-0.0519550041011957,0.0182408075602706,-0.0314446864992728,-0.0519550041011957
121,0.134548857752698,0.0257150190210634,0.134616276079051,0.0256028160837807,-0.0288859755619521,0.0162481566362131,-0.03313088419609,-0.0288859755619521
121.25,0.134436802255184,0.0256473561201884,0.134504709515881,0.0255354484180062,-0.0059199191848037,0.0143549822913363,-0.0346982466368215,-0.0059199191848037
121.5,0.134325043058522,0.0255792049306228,0.134393437960706,0.0254675945941023,0.016942478462042,0.0125615698965637,-0.0361497504981306,0.016942478462042
121.75,0.134213582290444,0.0255105667498669,0.134282463531976,0.0253992559039082,0.0397005866466883,0.0108681490606647,-0.0374883663547109,0.0397005866466883
122,0.134102422073004,0.0254414428846928,0.134171788342483,0.0253304336484938,0.0623538302730276,0.00927489383848053,-0.0387170577923785,0.0623538302730276
122.25,0.133991564522532,0.0253718346511192,0.134061414499325,0.0252611291381358,0.0849016896670181,0.00778192295222899,-0.0398387805250682,0.0849016896670181
122.5,0.133881011749595,0.0253017433743866,0.13395134410386,0.0251913436922921,0.107343700350105,0.00638930002572259,-0.040856481515856,0.107343700350105
122.75,0.13377076585896,0.0252311703889318,0.13384157925167,0.0251210786395771,0.129629600719951,0.00512631526740278,-0.0417483988211068,0.129629600719951
123,0.133660828949549,0.0251601170383627,0.133732122032518,0.0250503353177361,0.150215069376717,0.0049027843166424,-0.0417677970880167,0.150215069376717
123.25,0.133551203114403,0.0250885846754328,0.133622974530314,0.0249791150736199,0.170836859528842,0.00470049961858996,-0.0417898073800364,0.170836859528842
123.5,0.133441890440638,0.025016574662015,0.133514138823067,0.0249074192631593,0.19149700264895,0.00451704094267525,-0.041814246634893,0.19149700264895
123.75,0.133332893009412,0.0249440883690764,0.133405616982854,0.0248352492513392,0.212197526218149,0.00434999096123663,-0.0418408792606778,0.212197526218149
124,0.133224212895878,0.0248711271766513,0.133297411075773,0.0247626064121726,0.232940452819513,0.00419693616346025,-0.0418694171940581,0.232940452819513
124.25,0.133115852169148,0.0247976924738157,0.133189523161908,0.0246894921286744,0.253727799232499,0.00405546776841254,-0.0418995199724864,0.253727799232499
124.5,0.133007812892255,0.0247237856586605,0.133081955295291,0.0246159077928352,0.274561575528483,0.00392318263695165,-0.0419307948202879,0.274561575528483
124.75,0.132900097122111,0.0246494081382649,0.132974709523859,0.0245418548055948,0.295443784167677,0.00379768418232523,-0.0419627967486669,0.295443784167677
125,0.132792706909469,0.0245745613286698,0.132867787889415,0.0244673345768151,0.316376419097512,0.00367658327925489,-0.0419950286696214,0.316376419097512
125.25,0.132685644298883,0.0244992466548504,0.132761192427594,0.024392348525254,0.337361464852818,0.00355749917130151,-0.0420269415236941,0.337361464852818
125.5,0.132578911328672,0.0244234655506896,0.132654925167821,0.0243168980785378,0.358400895657914,0.00343806037631703,-0.042057934421557,0.358400895657914
125.75,0.132472510030877,0.0243472194589504,0.13254898813327,0.0242409846731343,0.379496674530825,0.00331590558978343,-0.0420873547994285,0.379496674530825
126,0.132366442431226,0.0242705098312484,0.13244338334083,0.0241646097543252,0.400650752389838,0.00318868458583972,-0.0421144985882842,0.400650752389838
126.25,0.132260710549093,0.0241933381280245,0.132338112801063,0.0240877747761789,0.421865067162603,0.00305405911579404,-0.0421386103967278,0.421865067162603
126.5,0.13215531639746,0.0241157058185165,0.13223317851817,0.0240104812015227,0.443141542897939,0.00290970380393335,-0.0421588837076885,0.443141542897939
126.75,0.13205026198288,0.0240376143807318,0.132128582489948,0.0239327305019147,0.464482088880559,0.00275330704042366,-0.0421744610887172,0.464482088880559
127,0.131945549305439,0.0239590653014188,0.132024326707753,0.0238545241576163,0.485888598748962,0.00258257187110857,-0.0421844344158985,0.485888598748962
127.25,0.131841180358713,0.0238800600760387,0.131920413156467,0.0237758636575634,0.507362949616581,0.00239521688401093,-0.0421878451114079,0.507362949616581
127.5,0.131737157129738,0.0238006002087371,0.131816843814453,0.0236967504993387,0.528907001196494,0.00218897709233941,-0.042183684394563,0.528907001196494
127.75,0.131633481598967,0.0237206872123153,0.131713620653523,0.0236171861891427,0.550522594929807,0.00196160481380739,-0.0421708935463569,0.550522594929807
128,0.13153015574023,0.0236403226082017,0.131610745638896,0.023537172241765,0.572211553117961,0.00171087054606769,-0.0421483641874706,0.572211553117961
128.25,0.131427181520705,0.0235595079264223,0.131508220729165,0.0234567101805559,0.593975678059122,0.00143456383807442,-0.0421149385695951,0.593975678059122
128.5,0.131324560900871,0.0234782447055724,0.131406047876255,0.0233758015373971,0.613930107983809,0.00229820404668013,-0.041499205860639,0.613930107983809
128.75,0.131222295834478,0.0233965344927865,0.131304229025392,0.0232944478526726,0.633730258778685,0.00328008445363927,-0.0408311184388989,0.633730258778685
129,0.131120388268505,0.0233143788437091,0.131202766115058,0.0232126506752391,0.653430818893409,0.00434569159328268,-0.040129800436677,0.653430818893409
129.25,0.131018840143125,0.0232317793224656,0.131101661076962,0.0231304115623971,0.673032683281455,0.00549373515424247,-0.0393976498749771,0.673032683281455
129.5,0.130917653391667,0.0231487375016316,0.131000915835998,0.0230477320798608,0.692536790817907,0.0067228812130984,-0.0386370337594981,0.692536790817907
129.75,0.130816829940582,0.0230652549622038,0.130900532310209,0.0229646138017282,0.711944123734955,0.00803175280640109,-0.0378502873931055,0.711944123734955
130,0.130716371709404,0.0229813332935693,0.130800512410754,0.0228810583104516,0.731255707047422,0.009418930512659,-0.0370397136971956,0.731255707047422
130.25,0.130616280610711,0.0228969740934759,0.130700858041868,0.0227970671968071,0.750472607968351,0.010882953044243,-0.0362075825422025,0.750472607968351
130.5,0.130516558550094,0.0228121789680009,0.130601571100825,0.0227126420598645,0.769595935314963,0.0124223178489789,-0.0353561300872511,0.769595935314963
130.75,0.130417207426118,0.0227269495315215,0.130502653477906,0.0226277845069566,0.788626838904822,0.0140354817214116,-0.0344875581292663,0.788626838904822
131,0.130318229130285,0.0226412874066832,0.13040410705636,0.0225424961536489,0.807566508942723,0.0157208614234693,-0.0336040334614683,0.807566508942723
131.25,0.130219625546998,0.0225551942243693,0.130305933712368,0.0224567786237088,0.826416175398078,0.0174768343145198,-0.0327076872415827,0.826416175398078
131.5,0.130121398553528,0.0224686716236701,0.130208135315011,0.0223706335490744,0.845177107373188,0.0193017389905916,-0.031800614369767,0.845177107373188
131.75,0.130023550019975,0.022381721251851,0.130110713726228,0.0222840625698239,0.863850612462449,0.0211938759326349,-0.0308848728764031,0.863850612462449
132,0.129926081809234,0.0222943447643218,0.130013670800785,0.0221970673341438,0.882438036102605,0.0231515081637183,-0.0299624833199489,0.882438036102605
132.25,0.12982899577696,0.022206543824605,0.129917008386241,0.022109649498298,0.900940760914315,0.0251728619149469,-0.0290354281948553,0.900940760914315
132.5,0.12973229377153,0.0221183201043037,0.129820728322909,0.0220218107265962,0.922578354675088,0.0252567927371881,-0.0297184313160502,0.922578354675088
132.75,0.129635977634012,0.0220296752830706,0.129724832443821,0.0219335526913619,0.946723375350048,0.0237773898104137,-0.0316149255180901,0.946723375350048
133,0.129540049198125,0.0219406110485751,0.129629322574697,0.0218448770729008,0.970744866601309,0.0223646810522927,-0.0333854845580782,0.970744866601309
133.25,0.129444510290209,0.021851129096472,0.129534200533908,0.0217557855594691,0.994642003912458,0.0210190605406111,-0.0350332105977416,0.994642003912458
133.5,0.129349362729187,0.0217612311303686,0.12943946813244,0.0216662798472405,1.01841402357599,0.0197408626345184,-0.0365612015513492,1.01841402357599
133.75,0.129254608326532,0.0216709188617927,0.129345127173861,0.021576361640275,1.04206022251882,0.0185303621571306,-0.0379725501112399,1.04206022251882
134,0.12916024888623,0.0215801940101595,0.129251179454288,0.0214860326504854,1.06557995811355,0.0173877745925008,-0.0392703427768377,1.06557995811355
134.25,0.12906628620475,0.0214890583027396,0.129157626762349,0.0213952945976057,1.08897264797521,0.0163132562969713,-0.0404576588873908,1.08897264797521
134.5,0.128972722071004,0.0213975134746254,0.129064470879153,0.0213041492091574,1.11223776974364,0.015306904724865,-0.0415375696586498,1.11223776974364
134.75,0.128879558266321,0.0213055612686986,0.128971713578253,0.0212125982204175,1.1353431551072,0.0143878666691422,-0.0424886216926471,1.1353431551072
135,0.128786796564404,0.0212132034355964,0.128879356625615,0.0211206433743848,1.15730384450553,0.0141523444008705,-0.0425656891497082,1.15730384450553
135.25,0.128694438731301,0.021120441733679,0.128787401779582,0.021028286421747,1.17922229017877,0.0139377566632966,-0.0426344457012034,1.17922229017877
135.5,0.128602486525375,0.0210272779289955,0.128695850790843,0.0209355291208473,1.20110037887823,0.0137418034949595,-0.0426959930619302,1.20110037887823
135.75,0.12851094169726,0.0209337137952504,0.128604705402394,0.0208423732376511,1.22294001952752,0.0135621631756321,-0.0427513818511372,1.22294001952752
136,0.12841980598984,0.0208397511137699,0.128513967349515,0.0207488205457121,1.24474314233045,0.0133964931263104,-0.0428016112349943,1.24474314233045
136.25,0.128329081138207,0.0207453916734681,0.128423638359725,0.0206548728261386,1.26651169787362,0.0132424308144965,-0.0428476285829341,1.26651169787362
136.5,0.128238768869631,0.0206506372708126,0.128333720152759,0.0205605318675599,1.28824765622388,0.0130975946645459,-0.0428903291378532,1.28824765622388
136.75,0.128148870903528,0.0205554897097908,0.128244214440531,0.0204657994660919,1.30995300602096,0.0129595849728817,-0.0429305557002549,1.30995300602096
137,0.128059388951425,0.020459950801875,0.128155122927099,0.0203706774253028,1.33162975356539,0.0128259848278993,-0.0429690983264791,1.33162975356539
137.25,0.127970324716929,0.0203640223659883,0.128066447308638,0.0202751675561792,1.353279921902,0.0126943610343149,-0.0430066940409418,1.353279921902
137.5,0.127881679895696,0.0202677062284698,0.127978189273404,0.0201792716770914,1.37490554989903,0.0125622650418021,-0.0430440265626071,1.37490554989903
137.75,0.127793456175395,0.0201710042230401,0.127890350501702,0.0200829916137586,1.39650869132331,0.0124272338776697,-0.0430817260456051,1.39650869132331
138,0.127705655235678,0.0200739181907658,0.127802932665856,0.0199863291992145,1.41809141391147,0.0122867910834074,-0.0431203688341655,1.41809141391147
138.25,0.127618278748149,0.019976449980025,0.127715937430176,0.0198892862737722,1.43965579843756,0.0121384476548806,-0.0431604772318657,1.43965579843756
138.5,0.12753132837633,0.0198786014464721,0.127629366450926,0.019791864684989,1.46120393777714,0.0119797029859618,-0.0432025192852408,1.46120393777714
138.75,0.127444805775631,0.0197803744530021,0.127543221376291,0.0196940662876315,1.48273793596822,0.01180804581541,-0.0432469085818558,1.48273793596822
139,0.127358712593317,0.0196817708697152,0.127457503846351,0.0195958929436403,1.50425990726908,0.0116209551767635,-0.0432940040627931,1.50425990726908
139.25,0.127273050468479,0.0195827925738817,0.127372215493043,0.0194973465220943,1.52577197521329,0.0114159013510633,-0.0433441098496973,1.52577197521329
139.5,0.127187821031999,0.0194834414499055,0.127287357940136,0.0193984288991754,1.54727627166216,0.0111903468221828,-0.0433974750863533,1.54727627166216
139.75,0.127103025906524,0.0193837193892889,0.127202932803193,0.0192991419581325,1.56877493585469,0.0109417472345574,-0.0434542937948526,1.56877493585469
140,0.127018666706431,0.0192836282905962,0.127118941689548,0.0191994875892458,1.59027011345532,0.0106675523531137,-0.0435147047464195,1.59027011345532
140.25,0.126934745037796,0.0191831700594175,0.127035386198272,0.0190994676897908,1.61176395559984,0.0103652070251616,-0.0435787913468141,1.61176395559984
140.5,0.126851262498368,0.0190823466083329,0.126952267920139,0.0189990841640024,1.63199752518329,0.0108529603008584,-0.0429840072355381,1.63199752518329
140.75,0.126768220677534,0.0189811598568755,0.126869588437603,0.018898338923038,1.65207313821815,0.0114164365567994,-0.0423340266467419,1.65207313821815
141,0.126685621156291,0.0188796117314951,0.126787349324761,0.0187972338849419,1.67202762825937,0.0120310070433355,-0.0416506061960926,1.67202762825937
141.25,0.126603465507214,0.0187777041655218,0.126705552147327,0.0186957709746083,1.69186196115972,0.01269531430243,-0.0409362533048309,1.69186196115972
141.5,0.126521755294428,0.0186754390991286,0.126624198462603,0.0185939521237447,1.71157715121906,0.0134079537696521,-0.0401934426754714,1.71157715121906
141.75,0.126440492073578,0.018572818479295,0.126543289819444,0.0184917792708353,1.73117426058951,0.0141674743764579,-0.0394246155250417,1.73117426058951
142,0.126359677391798,0.0184698442597698,0.126462827758235,0.0183892543611039,1.75065439866929,0.0149723791637386,-0.0386321788277237,1.75065439866929
142.25,0.126279312787685,0.0183665184010335,0.126382813810857,0.0182863793464769,1.77001872148539,0.0158211259065321,-0.0378185045670982,1.77001872148539
142.5,0.126199399791263,0.0182628428702616,0.126303249500661,0.0181831561855465,1.78926843106522,0.0167121277497115,-0.0369859289980891,1.78926843106522
142.75,0.126119939923961,0.0181588196412868,0.126224136342437,0.0180795868435328,1.80840477479738,0.0176437538545693,-0.0361367519188382,1.80840477479738
143,0.126040934698581,0.0180544506945614,0.126145475842384,0.0179756732922467,1.82742904478167,0.0186143300560969,-0.0352732359525948,1.82742904478167
143.25,0.125962385619268,0.0179497380171198,0.126067269498085,0.0178714175100525,1.84634257716847,0.0196221395308408,-0.0343976058398072,1.84634257716847
143.5,0.125884294181483,0.0178446836025402,0.125989518798477,0.01776682148183,1.86514675148778,0.0206654234751877,-0.0335120477405589,1.86514675148778
143.75,0.125806661871976,0.0177392894509075,0.125912225223821,0.0176618871989368,1.8838429899678,0.0217423817939257,-0.0326187085475048,1.8838429899678
144,0.125729490168752,0.0176335575687742,0.125835390245675,0.0175566166591704,1.90243275684354,0.022851173798903,-0.0317196952094021,1.90243275684354
144.25,0.12565278054105,0.017527489969123,0.125759015326866,0.0174510118667302,1.92091755765523,0.0239899189176968,-0.0308170740654894,1.92091755765523
144.5,0.12557653444931,0.0174210886713282,0.125683101921462,0.0173450748321791,1.93929893853713,0.025156697412041,-0.0299128701906985,1.93929893853713
144.75,0.12550075334515,0.017314355701117,0.125607651474746,0.0172388075724055,1.95757848549645,0.0263495511059428,-0.029009066751986,1.95757848549645
145,0.12542543867133,0.0172072930905314,0.125532665423185,0.017132212110585,1.97649454953215,0.0270891514565601,-0.0286520343923819,1.97649454953215
145.25,0.125350591861735,0.0170999028778891,0.125458145194405,0.0170252904761415,1.9976615461597,0.0263199633136434,-0.0299900378424751,1.9976615461597
145.5,0.12527621434134,0.016992187107745,0.125384092207165,0.0169180447047087,2.01868388327391,0.0255884340189961,-0.0312275412046344,2.01868388327391
145.75,0.125202307526184,0.0168841478308521,0.125310507871326,0.0168104768380916,2.03956104044067,0.0248946976989974,-0.032367688657277,2.03956104044067
146,0.125128872823349,0.0167757871041224,0.125237393587827,0.0167025889242273,2.06029256071898,0.0242388270313982,-0.0334136171385639,2.06029256071898
146.25,0.125055911630924,0.0166671069905881,0.125164750748661,0.0165943830171461,2.08087805045404,0.0236208334595832,-0.0343684553248898,2.08087805045404
146.5,0.124983425337985,0.0165581095593617,0.125092580736841,0.0164858611769325,2.10131717905495,0.0230406674221022,-0.0352353226132747,2.10131717905495
146.75,0.124911415324567,0.0164487968855974,0.12502088492638,0.016377025469686,2.12159315986185,0.0225085417611794,-0.035999134363183,2.12159315986185
147,0.124839882961637,0.0163391710504508,0.124949664682264,0.0162678779674816,2.14119122749618,0.0223478578906946,-0.0361061379819633,2.14119122749618
147.25,0.124768829611068,0.0162292341410398,0.124878921360423,0.0161584207483303,2.16068459416119,0.0222015711480272,-0.0361983929756791,2.16068459416119
147.5,0.124698256625613,0.0161189882504047,0.124808656307708,0.0160486558961398,2.18007475550012,0.0220678175494156,-0.0362779862890453,2.18007475550012
147.75,0.124628165348881,0.0160084354774684,0.124738870861864,0.0159385855006746,2.19936324994191,0.0219446920516685,-0.0363469625666312,2.19936324994191
148,0.124558557115307,0.0158975779269961,0.124669566351506,0.0158282116575165,2.2185516579546,0.0218302493057437,-0.0364073234649045,2.2185516579546
148.25,0.124489433250133,0.0157864177095561,0.124600744096092,0.0157175364680244,2.2376416012885,0.0217225044205403,-0.0364610269758915,2.2376416012885
148.5,0.124420795069377,0.0156749569414785,0.124532405405898,0.0156065620392942,2.25663474220918,0.0216194337367778,-0.0365099867626615,2.25663474220918
148.75,0.124352643879812,0.0155631977448157,0.124464551581994,0.0154952904841192,2.27553278272068,0.0215189756107291,-0.0365560715066832,2.27553278272068
149,0.124284980978937,0.0154511422473016,0.124397183916219,0.0153837239209493,2.2943374637788,0.0214190312076958,-0.036601104267289,2.2943374637788
149.25,0.124217807654956,0.0153387925823116,0.124330303691157,0.0152718644738511,2.31305056449501,0.0213174653050031,-0.0366468618533034,2.31305056449501
149.5,0.124151125186754,0.0152261508888211,0.124263912180111,0.0151597142724673,2.33167390133077,0.0212121071043863,-0.0366950742070573,2.33167390133077
149.75,0.124084934843868,0.0151132193113658,0.124198010647079,0.015047275451976,2.35020932728279,0.0211007510535257,-0.0367474238008109,2.35020932728279
150,0.124019237886467,0.015,0.124132600346731,0.0149345501530502,2.36865873105912,0.0209811576766262,-0.0368055450458425,2.36865873105912
150.25,0.123954035565326,0.0148864951102562,0.124067682524386,0.0148215405218172,2.3870240362465,0.0208510544137827,-0.0368710237141991,2.3870240362465
150.5,0.123889329121803,0.014772706803104,0.124003258415985,0.0147082487098175,2.40530720046896,0.0207081364690137,-0.036945396373357,2.40530720046896
150.75,0.123825119787816,0.0146586372449086,0.123939329248071,0.0145946768739639,2.42351021453794,0.0205500676667269,-0.0370301498338136,2.42351021453794
151,0.123761408785818,0.0145442886073901,0.123875896237761,0.0144808271765003,2.44163510159416,0.0203744813164663,-0.0371267206098054,2.44163510159416
151.25,0.123698197328775,0.0144296630675816,0.12381296059273,0.0143667017849609,2.45968391624131,0.0201789810857273,-0.0372364943932255,2.45968391624131
151.5,0.123635486620141,0.0143147628077883,0.123750523511182,0.0142523028721288,2.47765874367187,0.0199611418806535,-0.0373608055408489,2.47765874367187
151.75,0.123573277853838,0.0141995900155453,0.123688586181828,0.0141376326159942,2.49556169878518,0.0197185107344463,-0.037500936575045,2.49556169878518
152,0.123511572214232,0.0140841468835767,0.123627149783867,0.0140226931997135,2.51339492529799,0.0194486077032512,-0.037658117697984,2.51339492529799
152.25,0.123450370876109,0.0139684356097533,0.123566215486958,0.0139074868115676,2.53116059484762,0.019148926769373,-0.0378335263195472,2.53116059484762
152.5,0.123389675004653,0.013852458397051,0.123505784451202,0.01379201564492,2.54816622527475,0.0192950799645289,-0.0374987049211859,2.54816622527475
152.75,0.123329485755428,0.0137362174535087,0.12344585782712,0.0136762818981753,2.56501702842579,0.0194725169671743,-0.0371327108554927,2.56501702842579
153,0.123269804274349,0.0136197149921864,0.123386436755628,0.0135602877747372,2.58173393110059,0.0196661825159463,-0.036753381350649,2.58173393110059
153.25,0.123210631697666,0.0135029532311231,0.123327522368017,0.0134440354829666,2.59831816785225,0.0198745201048933,-0.0363632204814277,2.59831816785225
153.5,0.123151969151939,0.0133859343932943,0.123269115785933,0.0133275272361395,2.61477102421713,0.0200959244912549,-0.035964696964201,2.61477102421713
153.75,0.123093817754019,0.01326866070657,0.123211218121353,0.0132107652524051,2.63109383608894,0.0203287423274235,-0.0355602433404532,2.63109383608894
154,0.123036178611025,0.0131511344036723,0.123153830476564,0.0130937517547432,2.64728798908072,0.0205712728050348,-0.0351522551700619,2.64728798908072
154.25,0.122979052820322,0.0130333577221325,0.123096953944146,0.0129764889709222,2.66335491787471,0.020821768311078,-0.0347430902345601,2.66335491787471
154.5,0.122922441469504,0.0129153329042489,0.123040589606944,0.0128589791334563,2.67929610556043,0.021078435095822,-0.0343350677504854,2.67929610556043
154.75,0.122866345636369,0.0127970621970437,0.122984738538055,0.0127412244795635,2.69511308296084,0.0213394339524816,-0.0339304675930557,2.69511308296084
155,0.1228107663889,0.012678547852221,0.122929401800802,0.0126232272511228,2.7108074279471,0.0216028809084143,-0.0335315295302797,2.7108074279471
155.25,0.122755704785248,0.0125597921261228,0.122874580448718,0.0125049896946311,2.72638076474175,0.021866847927724,-0.0331404524676909,2.72638076474175
155.5,0.122701161873704,0.0124407972796872,0.122820275525522,0.0123865140611613,2.74183476321065,0.0221293636251203,-0.0327593937038699,2.74183476321065
155.75,0.122647138692687,0.0123215655784043,0.122766488065101,0.0122678026063184,2.75717113814374,0.0223884139908711,-0.0323904681969122,2.75717113814374
156,0.122593636270722,0.012202099292274,0.122713219091491,0.0121488575901977,2.77239164852493,0.0226419431266718,-0.032035747841972,2.77239164852493
156.25,0.122540655626417,0.0120824006957621,0.122660469618856,0.0120296812773405,2.78749809679101,0.0228878539923173,-0.0316972607600925,2.78749809679101
156.5,0.122488197768446,0.0119624720677574,0.122608240651471,0.0119102759366923,2.80249232808002,0.0231240091629676,-0.0313769905984263,2.80249232808002
156.75,0.122436263695533,0.011842315691528,0.122556533183699,0.0117906438415586,2.81737622946913,0.0233482315968641,-0.0310768758420155,2.81737622946913
157,0.122384854396427,0.0117219338546782,0.122505348199977,0.0116707872695619,2.83215172920212,0.0235583054133161,-0.0307988091372618,2.83215172920212
157.25,0.122333970849886,0.0116013288491046,0.122454686674792,0.0115507085025988,2.84682079590678,0.023751976680821,-0.0305446366272817,2.84682079590678
157.5,0.122283614024661,0.0114805029709527,0.122404549572667,0.0114304098267957,2.86138543780227,0.0239269542151091,-0.0303161572992352,2.86138543780227
157.75,0.122233784879473,0.011359458520573,0.122354937848141,0.0113098935324661,2.8758477018967,0.0240809103869611,-0.0301151223437976,2.8758477018967
158,0.122184484362996,0.0112381978024774,0.122305852445748,0.0111891619140665,2.89020967317508,0.0242114819396122,-0.0299432345268936,2.89020967317508
158.25,0.122135713413842,0.0111167231252951,0.122257294300004,0.0110682172701528,2.90447347377775,0.0243162708155894,-0.0298021475738735,2.90447347377775
158.5,0.122087472960539,0.0109950368017289,0.122209264335387,0.0109470619033369,2.9186412621696,0.0243928449927657,-0.0296934655661982,2.9186412621696
158.75,0.122039763921516,0.0108731411485111,0.122161763466317,0.0108256981202422,2.93271523230017,0.0244387393294893,-0.0296187423508307,2.93271523230017
159,0.121992587205084,0.010751038486359,0.122114792597143,0.0107041282314601,2.94669761275475,0.0244514564185821,-0.029579480962422,2.94669761275475
159.25,0.12194594370942,0.0106287311399315,0.122068352622122,0.0105823545515062,2.96059066589688,0.0244284674500323,-0.029577133058435,2.96059066589688
159.5,0.121899834322548,0.010506221437784,0.122022444425405,0.0104603793987758,2.97439668700218,0.0243672130821868,-0.0296130983673104,2.97439668700218
159.75,0.121854259922325,0.0103835117123248,0.121977068881017,0.0103382050954999,2.98811800338388,0.024265104321274,-0.0296887241498338,2.98811800338388
160,0.121809221376423,0.0102606042997701,0.121932226852843,0.0102158339677012,3.00175697351014,0.0241195234090476,-0.0298053046737818,3.00175697351014
160.25,0.121764719542309,0.0101375015400998,0.121887919194612,0.0100932683451496,3.01531598611342,0.0239278247183724,-0.0299640807019829,3.01531598611342
160.5,0.121720755267235,0.0100142057770131,0.121844146749876,0.00997051056131786,3.028797459292,0.023687335656569,-0.0301662389939317,3.028797459292
160.75,0.121677329388216,0.00989071935788362,0.121800910352,0.00984756295333717,3.042203839604,0.0233953575762804,-0.0304129118209717,3.042203839604
161,0.12163444273202,0.00976704463371471,0.121758210824143,0.00972442786195282,3.05553760115387,0.0230491666937387,-0.0307051764953108,3.05553760115387
161.25,0.121592096115147,0.00964318395909485,0.121716048979242,0.00960110763147943,3.06880124467175,0.0226460150141705,-0.0310440549128414,3.06880124467175
161.5,0.121550290343814,0.00951913969215276,0.121674425619998,0.00947760460975643,3.08199729658586,0.0221831312641525,-0.0314305131098806,3.08199729658586
161.75,0.121509026213944,0.00939491419451248,0.12163334153886,0.00935392114810333,3.09512830808791,0.0216577218307715,-0.0318654608340566,3.09512830808791
162,0.121468304511145,0.00927050983124843,0.12159279751801,0.00923005960127498,3.10819685419217,0.0210669717072969,-0.0323497511292286,3.10819685419217
162.25,0.121428126010702,0.00914592897084032,0.121552794329346,0.00910602232741665,3.12120553278784,0.0204080454452613,-0.0328841799347661,3.12120553278784
162.5,0.121388491477553,0.0090211739851282,0.121513332734473,0.00898181168801926,3.13415696368544,0.0196780881126636,-0.0334694856990747,3.13415696368544
162.75,0.121349401666284,0.00889624724926713,0.121474413484682,0.00885743004787433,3.1470537876571,0.0188742262581419,-0.0341063490076022,3.1470537876571
163,0.121310857321109,0.00877115114168211,0.121436037320939,0.00873287977502901,3.15989866547106,0.0179935688808834,-0.0347953922253184,3.15989866547106
163.25,0.121272859175856,0.00864588804402267,0.121398204973872,0.00860816324074092,3.17577494647888,0.0148012952663329,-0.0357877192925542,3.17577494647888
163.5,0.121235407953954,0.00852046034111768,0.121360917163753,0.00848328281943315,3.1926602657267,0.0107602743024065,-0.0368644579405496,3.1926602657267
163.75,0.121198504368422,0.00839487042092977,0.12132417460049,0.00835824088864889,3.2122792372805,0.00488675110314503,-0.0366516725797436,3.2122792372805
164,0.12116214912185,0.00826912067450999,0.121287977983606,0.00823303982900626,3.22754729667735,0.0016017243042889,-0.0303766925003078,3.22754729667735
164.25,0.121126342906391,0.00814321349595222,0.121252328002234,0.00810768202415292,3.23263004208828,0.00459546533282403,-0.0183737404612614,3.23263004208828
164.5,0.121091086403741,0.00801715128234771,0.121217225335099,0.00798216986072085,3.23745864200191,0.00770534134690163,-0.00638140797042218,3.23745864200191
164.75,0.121056380285136,0.00789093643373926,0.121182670650503,0.00785650572828067,3.2420335137234,0.0109307839042322,0.00559717110210034,3.2420335137234
165,0.121022225211328,0.00776457135307563,0.121148664606319,0.00773069201929633,3.24635512508963,0.0142711766611774,0.0175588731717674,3.24635512508963
165.25,0.120988621832582,0.00763805844616583,0.121115207849972,0.00760473112907949,3.24654677504194,0.0233179214621622,0.0113612218064503,3.24654677504194
165.5,0.120955570788657,0.00751140012163324,0.121082301018432,0.00747862545574394,3.25283638998787,0.0264377860808788,0.00680308935832773,3.25283638998787
165.75,0.120923072708797,0.0073845987908698,0.121049944738196,0.00735237740015993,3.26094750163588,0.0276414145867701,0.0032099432404444,3.26094750163588
166,0.12089112821172,0.00725765686799003,0.121018139625282,0.00722598936590843,3.26899311895188,0.0287506686244491,-0.000227106722568152,3.26899311895188
166.25,0.120859737905602,0.00713057676978519,0.120986886285212,0.00709946375923544,3.27696981069059,0.029768805143627,-0.00350925280935236,3.27696981069059
166.5,0.12082890238807,0.00700336091567717,0.120956185313007,0.00697280298900615,3.28487417973362,0.0306990500141412,-0.00663774371364656,3.28487417973362
166.75,0.120798622246187,0.00687601172767244,0.120926037293167,0.00684600946665903,3.29355437780719,0.0307081916711943,-0.00797590941540113,3.29355437780719
167,0.120768898056443,0.00674853163031594,0.120896442799668,0.00671908560615994,3.30290560335249,0.0306737321074885,-0.0084275708585691,3.30290560335249
167.25,0.120739730384745,0.00662092305064503,0.120867402395946,0.0065920338239563,3.31205876449225,0.0306370349058323,-0.00881715310678037,3.31205876449225
167.5,0.120711119786402,0.0064931884181431,0.120838916634889,0.00646485653893086,3.32101315260539,0.0305986351229615,-0.009148126100678,3.32101315260539
167.75,0.12068306680612,0.0063653301646934,0.120810986058825,0.0063375561723558,3.32976813108064,0.0305589996225931,-0.00942396513465656,3.32976813108064
168,0.120655571977986,0.00623735072453278,0.12078361119951,0.00621013514784659,3.33832313535592,0.03051852703923,-0.00964814969961976,3.33832313535592
168.25,0.120628635825462,0.00610925253420533,0.120756792578124,0.00608259589131591,3.34667767294042,0.0304775477592776,-0.00982416232559972,3.34667767294042
168.5,0.120602258861375,0.00598103803251593,0.120730530705255,0.00595494083092733,3.35483132341927,0.0304363239194353,-0.00995548742447263,3.35483132341927
168.75,0.120576441587903,0.00585270966048384,0.120704826080889,0.00582717239704916,3.36278373844083,0.0303950494224398,-0.0100456101330373,3.36278373844083
169,0.12055118449657,0.00572426986129635,0.120679679194407,0.00569929302220827,3.37053464168662,0.0303538499700496,-0.0100980151566828,3.37053464168662
169.25,0.120526488068235,0.00559572108026204,0.120655090524568,0.00557130514104358,3.3780838288239,0.0303127831133557,-0.0101161856139068,3.3780838288239
169.5,0.120502352773081,0.00546706576476443,0.120631060539507,0.00544321119025988,3.38543116744098,0.0302718383202863,-0.0101036018819163,3.38543116744098
169.75,0.120478779070611,0.00533830636421526,0.120607589696718,0.00531501360858132,3.39257659696502,0.030230937060449,-0.0100637404435762,3.39257659696502
170,0.120455767409634,0.00520944533000791,0.120584678443053,0.00518671483670509,3.39952012856278,0.0301899329071062,-0.0100000727359265,3.39952012856278
170.25,0.120433318228258,0.00508048511547074,0.120562327214709,0.00505831731725486,3.40626184502397,0.0301486116563984,-0.00991606400053585,3.40626184502397
170.5,0.120411431953883,0.00495142817582034,0.120540536437222,0.00492982349473432,3.4128019006273,0.030106691463728,-0.00981517213592445,3.4128019006273
170.75,0.120390109003193,0.00482227696811478,0.120519306525456,0.0048012358154806,3.41914052098948,0.0300638229972559,-0.00970084655230008,3.41914052098948
171,0.120369349782146,0.00469303395120693,0.120498637883598,0.00467255672761782,3.42527800289695,0.030019589608511,-0.00957652702885555,3.42527800289695
171.25,0.120349154685967,0.00456370158569751,0.12047853090515,0.00454378868101029,3.43121471412046,0.0299735075200669,-0.00944564257387214,3.43121471412046
171.5,0.120329524099142,0.00443428233388831,0.120458985972918,0.00441493412721597,3.43695109321262,0.0299250260302221,-0.00931161028786551,3.43695109321262
171.75,0.12031045839541,0.00430477865973538,0.120440003459012,0.00428599551943989,3.44248764928841,0.0298735277346437,-0.00917783423001783,3.44248764928841
172,0.120291957937753,0.00417519302880197,0.12042158372483,0.00415697531248724,3.44782496178857,0.0298183287649673,-0.00904770428815075,3.44782496178857
172.25,0.120274023078394,0.00404552790821171,0.120403727121057,0.0040278759627168,3.45296368022629,0.0297586790442063,-0.0089245950524475,3.45296368022629
172.5,0.120256654158786,0.00391578576660155,0.120386433987658,0.00389869992799407,3.45790452391673,0.0296937625590378,-0.00881186469320973,3.45790452391673
172.75,0.120239851509609,0.0037859690740749,0.120369704653868,0.00376944966764458,3.46264828168993,0.0296226976488016,-0.00871285384284763,3.46264828168993
173,0.12022361545076,0.00365608030215443,0.120353539438191,0.00364012764240695,3.46719581158685,0.0295445373111983,-0.00863088448236162,3.46719581158685
173.25,0.120207946291352,0.00352612192373514,0.120337938648389,0.00351073631438616,3.47154804053874,0.0294582695246201,-0.00856925883255426,3.47154804053874
173.5,0.120192844329702,0.00339609641303721,0.120322902581478,0.00338127814700654,3.4757059640299,0.0293628175870271,-0.00853125825019532,3.4757059640299
173.75,0.12017830985333,0.00326600624555894,0.120308431523723,0.00325175560496501,3.47967064574381,0.0292570404713204,-0.00852014212939599,3.47967064574381
174,0.120164343138952,0.00313585389802961,0.120294525750632,0.00312217115418408,3.48344321719289,0.0291397331971075,-0.00853914680840293,3.48344321719289
174.25,0.120150944452473,0.00300564184836228,0.120281185526951,0.00299252726176487,3.48702487733177,0.0290096272188114,-0.00859148448206842,3.48702487733177
174.5,0.120138114048985,0.00287537257560672,0.12026841110666,0.00286282639594025,3.49041689215424,0.0288653908300094,-0.00868034212020742,3.49041689215424
174.75,0.12012585217276,0.00274504855990208,0.120256202732963,0.00273307102602772,3.49362059427401,0.0287056295839705,-0.00880888039210425,3.49362059427401
175,0.120114159057248,0.00261467228242976,0.120244560638292,0.0026032636223825,3.49663738248932,0.0285288867302087,-0.00898023259734739,3.49663738248932
175.25,0.120103034925067,0.00248424622536613,0.120233485044295,0.00247340665635041,3.49946872133146,0.0283336436670744,-0.00919750360328312,3.49946872133146
175.5,0.120092479988006,0.00235377287183535,0.120222976161835,0.00234350260022094,3.50211614059734,0.028118320410194,-0.00946376878926227,3.50211614059734
175.75,0.120082494447015,0.00222325470586199,0.120213034190986,0.00221355392718005,3.50458123486618,0.0278812760767286,-0.00978207299794677,3.50458123486618
176,0.120073078492205,0.00209269421232377,0.12020365932103,0.00208356311126315,3.50686566300051,0.027620809385302,-0.0101554294938715,3.50686566300051
176.25,0.120064232302842,0.00196209387690429,0.120194851730449,0.00195353262730799,3.50897114763144,0.0273351591715,-0.0105868189294865,3.50897114763144
176.5,0.120055956047344,0.00183145618604572,0.120186611586928,0.00182346495090759,3.51089947462835,0.0270225049189078,-0.0110791883189524,3.51089947462835
176.75,0.12004824988328,0.00170078362690133,0.120178939047347,0.00169336255836297,3.51265249255326,0.0266809673054278,-0.01163545001981,3.51265249255326
177,0.120041113957363,0.00157007868728831,0.120171834257781,0.00156322792663617,3.51423211209976,0.0263086087649206,-0.0122584807228484,3.51423211209976
177.25,0.120034548405451,0.00143934385564033,0.120165297353494,0.00143306353330301,3.51564030551678,0.0259034340639497,-0.0129511204503187,3.51564030551678
177.5,0.120028553352544,0.00130858162096008,0.12015932845894,0.00130287185650587,3.51739279621536,0.0257905577586201,-0.0129929631601015,3.51739279621536
177.75,0.120023128912778,0.00117779447277207,0.120153927687758,0.00117265537490665,3.51906803324657,0.0257208184620298,-0.0129618972415489,3.51906803324657
178,0.120018275189427,0.00104698490107502,0.12014909514277,0.00104241656763941,3.52058960031598,0.0256452410831584,-0.0129684320646699,3.52058960031598
178.25,0.120013992274899,0.00091615539629468,0.120144830915981,0.000912157914263366,3.52195866543866,0.0255626300773781,-0.0130153596099612,3.52195866543866
178.5,0.120010280250733,0.000785308449236203,0.120141135088577,0.000781881894715477,3.52318316136,0.0254517220605811,-0.0128966094774479,3.52318316136
178.75,0.120007139187603,0.000654446551036823,0.12013800773092,0.000651590989263345,3.52429640171597,0.0251769974491964,-0.0110099847181506,3.52429640171597
179,0.120004569145308,0.000523572193118503,0.12013544890255,0.000521287678458052,3.52522689226492,0.0249201869800911,-0.00908795498475823,3.52522689226492
179.25,0.12000257017278,0.000392687867140339,0.120133458652185,0.000390974443086781,3.52597385963268,0.024682051201564,-0.00713362684876925,3.52597385963268
179.5,0.120001142308075,0.000261796064951232,0.120132037017715,0.000260653764125691,3.52653659330819,0.0244632909372471,-0.00515011966561913,3.52653659330819
179.75,0.120000285578378,0.000130899278542393,0.120131184026207,0.00013032812269263,3.52691444583268,0.0242645470971356,-0.00314056457018349,3.52691444583268
180,0.12,3.67394039744206e-18,0.1201308996939,3.65790980832771e-18,3.5271068329739,0.0240864005035408,-0.00110810346967106,3.5271068329739
180.25,0.120000285578378,-0.000130899278542385,0.120131184026207,-0.000130328122692623,3.52711323388501,0.0239293717321534,0.000944111965913331,3.52711323388501
180.5,0.120001142308075,-0.000261796064951211,0.120132037017715,-0.00026065376412567,3.52693319124866,0.0237939209680774,0.00301292131548392,3.52693319124866
180.75,0.12000257017278,-0.000392687867140332,0.120133458652185,-0.000390974443086774,3.52656631140567,0.023680447877012,0.00509515642058258,3.52656631140567
181,0.120004569145308,-0.000523572193118496,0.12013544890255,-0.000521287678458044,3.5260122644688,0.0235892914914596,0.00718764240084513,3.5260122644688
181.25,0.120007139187603,-0.000654446551036829,0.12013800773092,-0.000651590989263351,3.52527078442103,0.0235207301121539,0.00928719867103081,3.52527078442103
181.5,0.120010280250733,-0.000785308449236195,0.120141135088577,-0.00078188189471547,3.5243416691989,0.023474981224579,0.0113906399593805,3.5243416691989
181.75,0.120013992274899,-0.000916155396294686,0.120144830915981,-0.000912157914263372,3.5232247807605,0.0234522014306677,0.0134947773270998,3.5232247807605
182,0.120018275189427,-0.00104698490107503,0.12014909514277,-0.00104241656763942,3.52192004513816,0.0234524863957027,0.0155964191887492,3.52192004513816
182.25,0.120023128912778,-0.00117779447277205,0.120153927687758,-0.00117265537490663,3.52060616371497,0.0237659026902316,0.0161366473846021,3.52060616371497
182.5,0.120028553352544,-0.00130858162096009,0.12015932845894,-0.00130287185650588,3.51931587331155,0.0243401129396016,0.0151761521803601,3.51931587331155
182.75,0.120034548405451,-0.00143934385564032,0.120165297353494,-0.001433063533303,3.51787794722977,0.0248673358884708,0.0143018574980077,3.51787794722977
183,0.120041113957363,-0.00157007868728831,0.120171834257781,-0.00156322792663616,3.51628997030292,0.0253500040420323,0.0135113601180912,3.51628997030292
183.25,0.12004824988328,-0.00170078362690131,0.120178939047347,-0.00169336255836295,3.51454958125959,0.0257904997151848,0.0128022120962821,3.51454958125959
183.5,0.120055956047344,-0.00183145618604571,0.120186611586928,-0.00182346495090758,3.51265447342725,0.0261911543285629,0.0121719216493409,3.51265447342725
183.75,0.120064232302842,-0.00196209387690429,0.120194851730449,-0.00195353262730799,3.51060239542226,0.0265542477180296,0.0116179540513034,3.51060239542226
184,0.120073078492205,-0.00209269421232374,0.120203659321029,-0.00208356311126313,3.50839115182623,0.0268820074578027,0.011137732539721,3.50839115182623
184.25,0.120082494447015,-0.00222325470586198,0.120213034190986,-0.00221355392718004,3.50601860384855,0.0271766081973267,0.0107286392317339,3.50601860384855
184.5,0.120092479988006,-0.00235377287183534,0.120222976161835,-0.00234350260022093,3.50348266997486,0.0274401710120689,0.0103880160498137,3.50348266997486
184.75,0.120103034925067,-0.00248424622536613,0.120233485044295,-0.00247340665635041,3.50078132660154,0.0276747627683165,0.0101131656569282,3.50078132660154
185,0.120114159057248,-0.00261467228242974,0.120244560638292,-0.00260326362238248,3.49791260865591,0.0278823955021577,0.00990135240096707,3.49791260865591
185.25,0.12012585217276,-0.00274504855990207,0.120256202732963,-0.00273307102602771,3.49487461020203,0.0280650258127545,0.00974980326820929,3.49487461020203
185.5,0.120138114048985,-0.00287537257560672,0.12026841110666,-0.00286282639594025,3.49166548503206,0.0282245542700222,0.00965570884561704,3.49166548503206
185.75,0.120150944452473,-0.00300564184836228,0.120281185526951,-0.00299252726176487,3.48828344724306,0.0283628248368553,0.00961622429176434,3.48828344724306
186,0.120164343138952,-0.00313585389802959,0.120294525750632,-0.00312217115418406,3.48472677179889,0.028481624306023,0.00962847031618895,3.48472677179889
186.25,0.12017830985333,-0.00326600624555894,0.120308431523723,-0.00325175560496502,3.48099379507745,0.0285826817518405,0.00968953416695393,3.48099379507745
186.5,0.120192844329702,-0.0033960964130372,0.120322902581478,-0.00338127814700653,3.47708291540284,0.0286676679967125,0.00979647062619036,3.47708291540284
186.75,0.120207946291352,-0.00352612192373512,0.120337938648389,-0.00351073631438614,3.47299259356247,0.0287381950927285,0.00994630301345734,3.47299259356247
187,0.12022361545076,-0.00365608030215443,0.120353539438191,-0.00364012764240696,3.46872135330901,0.0287958158183106,0.0101360241966301,3.46872135330901
187.25,0.120239851509609,-0.00378596907407489,0.120369704653868,-0.00376944966764457,3.46426778184703,0.0288420231901369,0.0103625976101764,3.46426778184703
187.5,0.120256654158786,-0.00391578576660154,0.120386433987658,-0.00389869992799406,3.45963053030424,0.028878249990344,0.0106229582805417,3.45963053030424
187.75,0.120274023078394,-0.00404552790821167,0.120403727121057,-0.00402787596271677,3.45480831418729,0.028905868309175,0.0109140138584649,3.45480831418729
188,0.120291957937753,-0.00417519302880197,0.12042158372483,-0.00415697531248724,3.44979991382189,0.0289261891031409,0.0112326456579819,3.44979991382189
188.25,0.12031045839541,-0.00430477865973537,0.120440003459012,-0.00428599551943988,3.44460417477736,0.0289404617687699,0.0115757097018941,3.44460417477736
188.5,0.120329524099142,-0.00443428233388832,0.120458985972918,-0.00441493412721598,3.43922000827531,0.0289498737321062,0.0119400377735073,3.43922000827531
188.75,0.120349154685967,-0.00456370158569749,0.12047853090515,-0.00454378868101027,3.43364639158253,0.0289555500539318,0.0123224384743624,3.43364639158253
189,0.120369349782146,-0.00469303395120692,0.120498637883598,-0.00467255672761781,3.42788236838791,0.0289585530509232,0.0127196982877969,3.42788236838791
189.25,0.120390109003193,-0.00482227696811478,0.120519306525456,-0.00480123581548061,3.42192704916333,0.028959881932718,0.0131285826480531,3.42192704916333
189.5,0.120411431953883,-0.00495142817582032,0.120540536437222,-0.0049298234947343,3.41577961150846,0.0289604724550346,0.0135458370147464,3.41577961150846
189.75,0.120433318228258,-0.00508048511547074,0.120562327214709,-0.00505831731725485,3.4094393004794,0.0289611965888905,0.0139681879524364,3.4094393004794
190,0.120455767409634,-0.00520944533000791,0.120584678443053,-0.00518671483670509,3.40290542890102,0.0289628622059966,0.01439234421509,3.40290542890102
190.25,0.120478779070611,-0.00533830636421525,0.120607589696718,-0.00531501360858132,3.39617737766309,0.0289662127803944,0.0148149978351906,3.39617737766309
190.5,0.120502352773081,-0.00546706576476441,0.120631060539507,-0.00544321119025986,3.38925459599986,0.02897192710642,0.0152328252172788,3.38925459599986
190.75,0.120526488068235,-0.00559572108026204,0.120655090524568,-0.00557130514104359,3.38213660175337,0.0289806190330227,0.0156424882356716,3.38213660175337
191,0.12055118449657,-0.00572426986129634,0.120679679194407,-0.00569929302220827,3.3748229816202,0.0289928372145144,0.0160406353361394,3.3748229816202
191.25,0.120576441587903,-0.00585270966048384,0.120704826080889,-0.00582717239704916,3.36731339138154,0.0290090648778408,0.0164239026413127,3.36731339138154
191.5,0.120602258861375,-0.0059810380325159,0.120730530705255,-0.0059549408309273,3.35960755611693,0.0290297196063212,0.0167889150595524,3.35960755611693
191.75,0.120628635825462,-0.00610925253420532,0.120756792578124,-0.0060825958913159,3.35170527040098,0.0290551531400695,0.0171322873970978,3.35170527040098
192,0.120655571977986,-0.00623735072453277,0.12078361119951,-0.00621013514784658,3.34360639848375,0.029085651192956,0.0174506254731995,3.34360639848375
192.25,0.12068306680612,-0.00636533016469338,0.120810986058825,-0.00633755617235578,3.33531087445409,0.0291214332863315,0.0177405272380519,3.33531087445409
192.5,0.120711119786402,-0.00649318841814309,0.120838916634889,-0.00646485653893085,3.3268187023864,0.029162652599383,0.0179985838932421,3.3268187023864
192.75,0.120739730384745,-0.00662092305064503,0.120867402395946,-0.00659203382395629,3.31812995647042,0.0292093958363302,0.0182213810145179,3.31812995647042
193,0.120768898056443,-0.00674853163031595,0.120896442799668,-0.00671908560615995,3.30924478112427,0.0292616831103196,0.0184054996766001,3.30924478112427
193.25,0.120798622246187,-0.00687601172767242,0.120926037293167,-0.00684600946665901,3.30016339109056,0.0293194678442079,0.0185475175798283,3.30016339109056
193.5,0.12082890238807,-0.00700336091567717,0.120956185313007,-0.00697280298900616,3.29088607151557,0.0293826366881324,0.0186440101783794,3.29088607151557
193.75,0.120859737905602,-0.00713057676978519,0.120986886285212,-0.00709946375923545,3.2814131780116,0.0294510094539572,0.0186915518098339,3.2814131780116
194,0.12089112821172,-0.00725765686799002,0.121018139625282,-0.00722598936590842,3.27174513670222,0.029524339066634,0.0186867168258428,3.27174513670222
194.25,0.120923072708797,-0.00738459879086978,0.121049944738196,-0.00735237740015991,3.26188244425065,0.0296023115324152,0.0186260807236539,3.26188244425065
194.5,0.120955570788657,-0.00751140012163325,0.121082301018432,-0.00747862545574395,3.25182566787115,0.0296845459240061,0.0185062212782578,3.25182566787115
194.75,0.120988621832582,-0.00763805844616582,0.121115207849972,-0.00760473112907948,3.24157544532341,0.0297705943826264,0.0183237196749172,3.24157544532341
195,0.121022225211328,-0.00776457135307561,0.121148664606319,-0.00773069201929631,3.23113248488991,0.0298599421370117,0.0180751616418289,3.23113248488991
195.25,0.121056380285136,-0.00789093643373925,0.121182670650503,-0.00785650572828067,3.22049756533634,0.0299520075393241,0.017757138582687,3.22049756533634
195.5,0.121091086403741,-0.0080171512823477,0.121217225335099,-0.00798216986072084,3.209671535855,0.0300461421180224,0.0173662487089022,3.209671535855
195.75,0.121126342906391,-0.00814321349595222,0.121252328002234,-0.00810768202415292,3.19865531599119,0.0301416306476115,0.016899098171231,3.19865531599119
196,0.12116214912185,-0.00826912067450997,0.121287977983606,-0.00823303982900624,3.18744989555261,0.0302376912353743,0.0163523021905857,3.18744989555261
196.25,0.121198504368422,-0.00839487042092976,0.12132417460049,-0.00835824088864888,3.17605633450183,0.0303334754249461,0.0157224861877704,3.17605633450183
196.5,0.121235407953954,-0.00852046034111767,0.121360917163753,-0.00848328281943315,3.16447576283171,0.0304280683168376,0.0150062869119132,3.16447576283171
196.75,0.121272859175856,-0.00864588804402268,0.121398204973872,-0.00860816324074093,3.15270938042399,0.0305204887057956,0.0142003535673465,3.15270938042399
197,0.121310857321109,-0.00877115114168209,0.121436037320939,-0.00873287977502899,3.14075845689087,0.0306096892350397,0.0133013489387005,3.14075845689087
197.25,0.121349401666284,-0.00889624724926713,0.121474413484682,-0.00885743004787433,3.12862433139966,0.030694556567341,0.0123059505139628,3.12862433139966
197.5,0.121388491477553,-0.00902117398512819,0.121513332734473,-0.00898181168801926,3.11630841248073,0.0307739115728711,0.0112108516052761,3.11630841248073
197.75,0.121428126010702,-0.00914592897084031,0.121552794329346,-0.00910602232741664,3.10381217781834,0.0308465095338791,0.0100127624672169,3.10381217781834
198,0.121468304511145,-0.00927050983124843,0.12159279751801,-0.00923005960127498,3.0921588742509,0.0303683617267036,0.00732313114613949,3.0921588742509
198.25,0.121509026213944,-0.00939491419451249,0.12163334153886,-0.00935392114810334,3.08142861448861,0.0292792060079102,0.00310291091763208,3.08142861448861
198.5,0.121550290343814,-0.00951913969215276,0.121674425619998,-0.00947760460975642,3.07063701052319,0.0280949122916695,-0.00128696262047952,3.07063701052319
198.75,0.121592096115147,-0.00964318395909483,0.121716048979242,-0.00960110763147941,3.0597998248708,0.0268648981159188,-0.00382816485527683,3.0597998248708
199,0.12163444273202,-0.0097670446337147,0.121758210824143,-0.00972442786195281,3.04885483882974,0.0258066432041358,0.000297060832188598,3.04885483882974
199.25,0.121677329388216,-0.00989071935788361,0.121800910352,-0.00984756295333716,3.03770326678288,0.0248032807819591,0.00437280684685862,3.03770326678288
199.5,0.121720755267235,-0.0100142057770131,0.121844146749876,-0.00997051056131784,3.02634550176694,0.0238546492250992,0.0083957553192511,3.02634550176694
199.75,0.121764719542309,-0.0101375015400998,0.121887919194612,-0.0100932683451496,3.01478199982731,0.0229605267842261,0.0123625879506697,3.01478199982731
200,0.121809221376423,-0.0102606042997701,0.121932226852843,-0.0102158339677012,3.00301328005798,0.0221206315405402,0.0162699869956299,3.00301328005798
200.25,0.121854259922325,-0.0103835117123248,0.121977068881017,-0.0103382050954999,2.9910399246271,0.021334621375764,0.0201146362451292,2.9910399246271
200.5,0.121899834322548,-0.010506221437784,0.122022444425405,-0.0104603793987758,2.97886257878785,0.0206020939566469,0.023893222010569,2.97886257878785
200.75,0.12194594370942,-0.0106287311399315,0.122068352622122,-0.0105823545515062,2.96648195087487,0.0199225867339211,0.0276024341081047,2.96648195087487
201,0.121992587205084,-0.010751038486359,0.122114792597143,-0.0107041282314601,2.95389881228614,0.0192955769557471,0.0312389668432376,2.95389881228614
201.25,0.122039763921516,-0.010873141148511,0.122161763466317,-0.0108256981202421,2.94111399745031,0.0187204816956665,0.0347995199954329,2.94111399745031
201.5,0.122087472960539,-0.0109950368017289,0.122209264335387,-0.0109470619033369,2.92721055890041,0.0186899046938325,0.0363131379541918,2.92721055890041
201.75,0.122135713413842,-0.0111167231252951,0.122257294300004,-0.0110682172701528,2.91236090354178,0.0190881995140764,0.0360209436653488,2.91236090354178
202,0.122184484362996,-0.0112381978024774,0.122305852445748,-0.0111891619140665,2.89744133909773,0.0194383783428007,0.0357652875341504,2.89744133909773
202.25,0.122233784879473,-0.011359458520573,0.122354937848141,-0.0113098935324661,2.8824494807713,0.0197431033570601,0.0355450784982141,2.8824494807713
202.5,0.122283614024661,-0.0114805029709527,0.122404549572667,-0.0114304098267956,2.86738297123605,0.0200050115051517,0.0353591710046334,2.86738297123605
202.75,0.122333970849886,-0.0116013288491046,0.122454686674792,-0.0115507085025987,2.85223948154822,0.0202267135890976,0.0352063654792661,2.85223948154822
203,0.122384854396427,-0.0117219338546782,0.122505348199977,-0.0116707872695619,2.83701671205164,0.0204107933543984,0.0350854088097114,2.83701671205164
203.25,0.122436263695533,-0.011842315691528,0.122556533183699,-0.0117906438415586,2.82171239327501,0.020559806587328,0.0349949948420078,2.82171239327501
203.5,0.122488197768446,-0.0119624720677574,0.122608240651471,-0.0119102759366923,2.80632428682145,0.0206762802199378,0.0349337648908999,2.80632428682145
203.75,0.122540655626417,-0.0120824006957621,0.122660469618856,-0.0120296812773405,2.79085018625011,0.0207627114429526,0.034900308263527,2.79085018625011
204,0.122593636270722,-0.012202099292274,0.122713219091491,-0.0121488575901976,2.77528791794965,0.0208215668267617,0.0348931627964582,2.77528791794965
204.25,0.122647138692687,-0.0123215655784043,0.122766488065101,-0.0122678026063184,2.75963534200336,0.0208552814507079,0.0349108154059619,2.75963534200336
204.5,0.122701161873704,-0.0124407972796872,0.122820275525522,-0.0123865140611612,2.7438903530458,0.0208662580408296,0.0349517026513414,2.7438903530458
204.75,0.122755704785248,-0.0125597921261228,0.122874580448718,-0.0125049896946311,2.72805088111073,0.0208568661162828,0.0350142113112795,2.72805088111073
205,0.1228107663889,-0.012678547852221,0.122929401800802,-0.0126232272511228,2.71211489247017,0.0208294411445812,0.0350966789729848,2.71211489247017
205.25,0.122866345636369,-0.0127970621970437,0.122984738538055,-0.0127412244795635,2.69608039046433,0.0207862837058827,0.0351973946340933,2.69608039046433
205.5,0.122922441469504,-0.0129153329042489,0.123040589606944,-0.0128589791334563,2.67994541632239,0.0207296586664813,0.0353145993171498,2.67994541632239
205.75,0.122979052820322,-0.0130333577221325,0.123096953944146,-0.0129764889709221,2.66370804997375,0.0206617943616797,0.0354464866965345,2.66370804997375
206,0.123036178611025,-0.0131511344036723,0.123153830476564,-0.0130937517547432,2.64736641084975,0.0205848817882262,0.0355912037377082,2.64736641084975
206.25,0.123093817754019,-0.01326866070657,0.123211218121353,-0.0132107652524051,2.63091865867556,0.0205010738065079,0.0357468513486581,2.63091865867556
206.5,0.123151969151939,-0.0133859343932943,0.123269115785933,-0.0133275272361395,2.61436299425215,0.0204124843526344,0.035911485043351,2.61436299425215
206.75,0.123210631697666,-0.013502953231123,0.123327522368017,-0.0134440354829666,2.59769766022809,0.0203211876606282,0.0360831156171096,2.59769766022809
207,0.123269804274349,-0.0136197149921864,0.123386436755628,-0.0135602877747372,2.58092094186112,0.0202292174948558,0.0362597098337201,2.58092094186112
207.25,0.123329485755428,-0.0137362174535087,0.12344585782712,-0.0136762818981753,2.56403116776917,0.0201385663928941,0.0364391911241585,2.56403116776917
207.5,0.123389675004653,-0.013852458397051,0.123505784451202,-0.01379201564492,2.54702671067082,0.0200511849189858,0.0366194402967651,2.54702671067082
207.75,0.123450370876109,-0.0139684356097533,0.123566215486958,-0.0139074868115676,2.52990598811493,0.0199689809282409,0.0367982962587148,2.52990598811493
208,0.123511572214232,-0.0140841468835767,0.123627149783867,-0.0140226931997135,2.51266746319933,0.0198938188417451,0.0369735567486219,2.51266746319933
208.25,0.123573277853838,-0.0141995900155453,0.123688586181828,-0.0141376326159942,2.49530964527839,0.0198275189327761,0.037142979080173,2.49530964527839
208.5,0.123635486620141,-0.0143147628077883,0.123750523511182,-0.0142523028721288,2.47783109065933,0.0197718566242024,0.0373042808965348,2.47783109065933
208.75,0.123698197328775,-0.0144296630675816,0.12381296059273,-0.0143667017849609,2.46023040328708,0.0197285617973143,0.0374551409354806,2.46023040328708
209,0.123761408785818,-0.0145442886073901,0.123875896237761,-0.0144808271765003,2.44250623541757,0.0196993181121573,0.0375931998049822,2.44250623541757
209.25,0.123825119787816,-0.0146586372449086,0.123939329248071,-0.0145946768739639,2.42465728827931,0.0196857623395881,0.037716060769178,2.42465728827931
209.5,0.123889329121803,-0.014772706803104,0.124003258415985,-0.0147082487098175,2.40668231272311,0.0196894837051264,0.0378212905444653,2.40668231272311
209.75,0.123954035565326,-0.0148864951102562,0.124067682524386,-0.0148215405218172,2.38844595485083,0.0198051984041048,0.0378150439328913,2.38844595485083
210,0.124019237886467,-0.015,0.124132600346731,-0.0149345501530502,2.3699417396275,0.0200373495525251,0.0376864961491417,2.3699417396275
210.25,0.124084934843868,-0.0151132193113658,0.124198010647079,-0.015047275451976,2.35137200685903,0.0202460392220077,0.0375714599016897,2.35137200685903
210.5,0.124151125186754,-0.0152261508888211,0.124263912180111,-0.0151597142724673,2.33273464541801,0.0204337281077369,0.0374687472952577,2.33273464541801
210.75,0.124217807654956,-0.0153387925823116,0.124330303691157,-0.0152718644738511,2.31402757186818,0.0206028509011694,0.037377118204637,2.31402757186818
211,0.124284980978937,-0.0154511422473016,0.124397183916219,-0.0153837239209493,2.29524873135501,0.0207558153926714,0.0372952807417872,2.29524873135501
211.25,0.124352643879812,-0.0155631977448156,0.124464551581994,-0.0154952904841191,2.27639609848927,0.0208950015813257,0.0372218917364414,2.27639609848927
211.5,0.124420795069377,-0.0156749569414785,0.124532405405898,-0.0156065620392942,2.25746767822294,0.0210227607921844,0.0371555572302774,2.25746767822294
211.75,0.124489433250133,-0.0157864177095561,0.124600744096092,-0.0157175364680244,2.23846150671767,0.0211414148010909,0.0370948329844114,2.23846150671767
212,0.124558557115307,-0.0158975779269961,0.124669566351506,-0.0158282116575165,2.21937565220529,0.0212532549673163,0.037038225000199,2.21937565220529
212.25,0.124628165348881,-0.0160084354774683,0.124738870861864,-0.0159385855006746,2.20020821584041,0.0213605413741487,0.0369841900531465,2.20020821584041
212.5,0.124698256625613,-0.0161189882504047,0.124808656307708,-0.0160486558961397,2.1807681198454,0.0215926206732308,0.0367768100873311,2.1807681198454
212.75,0.124768829611068,-0.0162292341410398,0.124878921360423,-0.0161584207483303,2.16106478671865,0.0219428129690176,0.0364162850517503,2.16106478671865
213,0.124839882961637,-0.0163391710504508,0.124949664682264,-0.0162678779674816,2.14122348177771,0.0223272012494154,0.0360006938910985,2.14122348177771
213.25,0.124911415324567,-0.0164487968855974,0.12502088492638,-0.016377025469686,2.12124376966854,0.0227465913001345,0.0355271570211266,2.12124376966854
213.5,0.124983425337985,-0.0165581095593618,0.125092580736841,-0.0164858611769325,2.10112527332762,0.0232017325850017,0.0349927722867736,2.10112527332762
213.75,0.125055911630924,-0.0166671069905881,0.125164750748661,-0.0165943830171461,2.08086767440951,0.0236933178114096,0.0343946159037298,2.08086767440951
214,0.125128872823349,-0.0167757871041224,0.125237393587827,-0.0167025889242273,2.0604707137002,0.0242219825097852,0.0337297434067817,2.0604707137002
214.25,0.125202307526184,-0.016884147830852,0.125310507871326,-0.0168104768380916,2.0399341915162,0.024788304627314,0.0329951906048522,2.0399341915162
214.5,0.12527621434134,-0.016992187107745,0.125384092207165,-0.0169180447047087,2.01925796808948,0.0253928041358575,0.032187974542413,2.01925796808948
214.75,0.125350591861735,-0.0170999028778891,0.125458145194405,-0.0170252904761415,1.99847415284195,0.0256047089735567,0.029354276208111,1.99847415284195
215,0.12542543867133,-0.0172072930905314,0.125532665423185,-0.017132212110585,1.97764073728563,0.0253099241023124,0.0242215117150223,1.97764073728563
215.25,0.12550075334515,-0.017314355701117,0.125607651474746,-0.0172388075724055,1.95674547087415,0.0249457003992306,0.0188659818328207,1.95674547087415
215.5,0.12557653444931,-0.0174210886713282,0.125683101921462,-0.0173450748321791,1.9357922681212,0.0245085281006449,0.0132862288042481,1.9357922681212
215.75,0.12565278054105,-0.017527489969123,0.125759015326866,-0.0174510118667302,1.91478508106858,0.0239948624066891,0.00748085069020312,1.91478508106858
216,0.125729490168752,-0.0176335575687742,0.125835390245675,-0.0175566166591704,1.89499065791511,0.0222489786440084,0.00138250283781321,1.89499065791511
216.25,0.125806661871976,-0.0177392894509075,0.125912225223821,-0.0176618871989368,1.89492770265385,0.00237359376487835,-0.00579122979283872,1.89492770265385
216.5,0.125884294181483,-0.0178446836025402,0.125989518798477,-0.01776682148183,1.90126507808872,0.00244938048929564,0.00357727961639158,1.90126507808872
216.75,0.125962385619268,-0.0179497380171198,0.126067269498085,-0.0178714175100525,1.88753652379119,0.00344934422001585,0.0124113642303701,1.88753652379119
217,0.126040934698581,-0.0180544506945614,0.126145475842384,-0.0179756732922467,1.86387387304635,0.00293152391151102,0.0194945195594814,1.86387387304635
217.25,0.126119939923961,-0.0181588196412868,0.126224136342437,-0.0180795868435328,1.84019947433088,0.00248066193106573,0.0263969971280485,1.84019947433088
217.5,0.126199399791263,-0.0182628428702616,0.126303249500661,-0.0181831561855465,1.81651586738414,0.00209467784950658,0.0331187815884335,1.81651586738414
217.75,0.126279312787685,-0.0183665184010335,0.126382813810857,-0.0182863793464769,1.79282558708325,0.00177149504003409,0.039659885970732,1.79282558708325
218,0.126359677391798,-0.0184698442597697,0.126462827758235,-0.0183892543611038,1.76978811140316,0.00230656531990898,0.042657799650358,1.76978811140316
218.25,0.126440492073578,-0.018572818479295,0.126543289819444,-0.0184917792708353,1.7473593695224,0.00345908567114477,0.0427708771258985,1.7473593695224
218.5,0.126521755294428,-0.0186754390991286,0.126624198462603,-0.0185939521237447,1.72500328278703,0.00452708476197206,0.0428633028231918,1.72500328278703
218.75,0.126603465507214,-0.0187777041655218,0.126705552147327,-0.0186957709746083,1.70271814171268,0.00551267737127113,0.0429366969017804,1.70271814171268
219,0.126685621156291,-0.0188796117314951,0.126787349324761,-0.0187972338849419,1.68050221124201,0.00641800406907542,0.0429926309556541,1.68050221124201
219.25,0.126768220677534,-0.0189811598568755,0.126869588437603,-0.018898338923038,1.65835373160227,0.00724523035130467,0.0430326276435208,1.65835373160227
219.5,0.126851262498368,-0.0190823466083329,0.126952267920139,-0.0189990841640024,1.63627091916795,0.00799654576941881,0.0430581603324711,1.63627091916795
219.75,0.126934745037796,-0.0191831700594175,0.127035386198272,-0.0190994676897908,1.61425196732822,0.00867416305518309,0.0430706527550482,1.61425196732822
220,0.127018666706431,-0.0192836282905962,0.127118941689548,-0.0191994875892458,1.59229504735919,0.00928031724074595,0.0430714786797265,1.59229504735919
220.25,0.127103025906524,-0.0193837193892889,0.127202932803193,-0.0192991419581325,1.57039830930054,0.00981726477421456,0.0430619615950422,1.57039830930054
220.5,0.127187821031999,-0.0194834414499055,0.127287357940136,-0.0193984288991754,1.54855988283657,0.0102872826309365,0.043043374407178,1.54855988283657
220.75,0.127273050468479,-0.0195827925738817,0.127372215493043,-0.0194973465220943,1.52677787818121,0.010692667420668,0.0430169391513652,1.52677787818121
221,0.127358712593317,-0.0196817708697152,0.127457503846351,-0.0195958929436403,1.50505038696705,0.011035734490844,0.0429838267168384,1.50505038696705
221.25,0.127444805775631,-0.0197803744530021,0.127543221376291,-0.0196940662876315,1.48337548313804,0.0113188170261328,0.0429451565856836,1.48337548313804
221.5,0.12753132837633,-0.0198786014464721,0.127629366450926,-0.019791864684989,1.46175122384566,0.0115442651444848,0.0429019965853981,1.46175122384566
221.75,0.127618278748149,-0.019976449980025,0.127715937430176,-0.0198892862737722,1.44017565034847,0.0117144449898678,0.0428553626553751,1.44017565034847
222,0.127705655235678,-0.0200739181907657,0.127802932665856,-0.0199863291992145,1.41864678891469,0.0118317378218937,0.0428062186272132,1.41864678891469
222.25,0.127793456175395,-0.02017100422304,0.127890350501702,-0.0200829916137586,1.39716265172777,0.0118985391025338,0.0427554760190659,1.39716265172777
222.5,0.127881679895696,-0.0202677062284698,0.127978189273404,-0.0201792716770914,1.37572123779456,0.0119172575801254,0.0427039938438725,1.37572123779456
222.75,0.127970324716929,-0.0203640223659883,0.128066447308638,-0.0202751675561792,1.35432053385609,0.011890314370871,0.0426525784316628,1.35432053385609
223,0.128059388951425,-0.0204599508018749,0.128155122927099,-0.0203706774253028,1.33295851530063,0.0118201420380333,0.0426019832658822,1.33295851530063
223.25,0.128148870903528,-0.0205554897097908,0.128244214440531,-0.0204657994660918,1.31163314707878,0.0117091836690234,0.042552908833767,1.31163314707878
223.5,0.128238768869631,-0.0206506372708126,0.128333720152759,-0.0205605318675599,1.29034238462055,0.0115598919505951,0.0425060024909019,1.29034238462055
223.75,0.128329081138207,-0.0207453916734681,0.128423638359725,-0.0206548728261386,1.26908417475407,0.0113747282423347,0.0424618583397808,1.26908417475407
224,0.12841980598984,-0.0208397511137699,0.128513967349515,-0.0207488205457121,1.24785645662586,0.0111561616486637,0.0424210171226344,1.24785645662586
224.25,0.12851094169726,-0.0209337137952504,0.128604705402394,-0.0208423732376511,1.22665716262229,0.0109066680895482,0.0423839661283321,1.22665716262229
224.5,0.128602486525375,-0.0210272779289955,0.128695850790843,-0.0209355291208473,1.20548421929221,0.0106287293701214,0.0423511391135085,1.20548421929221
224.75,0.128694438731301,-0.0211204417336791,0.128787401779582,-0.021028286421747,1.18433554827048,0.0103248322494264,0.0423229162378451,1.18433554827048
225,0.128786796564404,-0.0212132034355964,0.128879356625615,-0.0211206433743848,1.16320906720203,0.00999746750847966,0.0422996240135971,1.16320906720203
225.25,0.128879558266321,-0.0213055612686986,0.128971713578253,-0.0212125982204175,1.1421026906666,0.00964912901786223,0.042281535269296,1.1421026906666
225.5,0.128972722071004,-0.0213975134746255,0.129064470879153,-0.0213041492091574,1.12101433110356,0.00928231280503913,0.0422688691276577,1.12101433110356
225.75,0.12906628620475,-0.0214890583027396,0.129157626762349,-0.0213952945976057,1.09994189973692,0.00889951612161925,0.0422617909977384,1.09994189973692
226,0.12916024888623,-0.0215801940101595,0.129251179454288,-0.0214860326504854,1.07888330750015,0.00850323651074618,0.042260412581245,1.07888330750015
226.25,0.129254608326532,-0.0216709188617927,0.129345127173861,-0.0215763616402749,1.05783646596068,0.00809597087484136,0.0422647918931039,1.05783646596068
226.5,0.129349362729187,-0.0217612311303686,0.12943946813244,-0.0216662798472405,1.03679928824378,0.00768021454389101,0.0422749332961972,1.03679928824378
226.75,0.129444510290209,-0.021851129096472,0.129534200533908,-0.0217557855594691,1.0157696899558,0.00725846034448786,0.0422907875503047,1.0157696899558
227,0.129540049198125,-0.0219406110485751,0.129629322574697,-0.0218448770729008,0.99474559010639,0.00683319766982494,0.0423122518751984,0.99474559010639
227.25,0.129635977634012,-0.0220296752830706,0.129724832443821,-0.0219335526913619,0.973724912029531,0.00640691155085043,0.0423391700279053,0.973724912029531
227.5,0.12973229377153,-0.0221183201043037,0.129820728322909,-0.0220218107265962,0.952705584303286,0.00598208172879192,0.0423713323941295,0.952705584303286
227.75,0.12982899577696,-0.022206543824605,0.129917008386241,-0.022109649498298,0.931685541667913,0.00556118172923714,0.0424084760937583,0.931685541667913
228,0.129926081809234,-0.0222943447643218,0.130013670800785,-0.0221970673341438,0.910662725942252,0.00514667793799008,0.042450285100481,0.910662725942252
228.25,0.130023550019975,-0.022381721251851,0.130110713726228,-0.0222840625698239,0.889635086938113,0.00474102867889941,0.0424963903754811,0.889635086938113
228.5,0.130121398553528,-0.0224686716236701,0.130208135315011,-0.0223706335490744,0.868600583372516,0.00434668329385849,0.0425463700151489,0.868600583372516
228.75,0.130219625546998,-0.0225551942243693,0.130305933712368,-0.0224567786237088,0.847557183777548,0.00396608122517901,0.0425997494127979,0.847557183777548
229,0.130318229130285,-0.0226412874066831,0.13040410705636,-0.0225424961536489,0.82650286740763,0.0036016511005479,0.0426560014343711,0.82650286740763
229.25,0.130417207426118,-0.0227269495315215,0.130502653477906,-0.0226277845069566,0.805435625144033,0.00325580982075237,0.0427145466080384,0.805435625144033
229.5,0.130516558550094,-0.0228121789680009,0.130601571100825,-0.0227126420598645,0.784353460396403,0.00293096165039438,0.0427747533277343,0.784353460396403
229.75,0.130616280610711,-0.0228969740934759,0.130700858041868,-0.0227970671968071,0.763228208080034,0.00264709055533726,0.0428348657379271,0.763228208080034
230,0.130716371709404,-0.0229813332935693,0.130800512410754,-0.0228810583104516,0.741251167236865,0.00294855267200411,0.0428546337686068,0.741251167236865
230.25,0.130816829940582,-0.0230652549622038,0.130900532310209,-0.0229646138017282,0.71933581163534,0.00322245671950435,0.0428658707881863,0.71933581163534
230.5,0.130917653391667,-0.0231487375016316,0.131000915835998,-0.0230477320798608,0.697480255763622,0.00347110023172637,0.0428695387852115,0.697480255763622
230.75,0.131018840143125,-0.0232317793224656,0.131101661076962,-0.0231304115623971,0.67568259817402,0.00369679602082179,0.0428665487193092,0.67568259817402
231,0.131120388268505,-0.0233143788437091,0.131202766115058,-0.0232126506752391,0.653940922373206,0.00390187127917107,0.0428577602943809,0.653940922373206
231.25,0.131222295834478,-0.0233965344927865,0.131304229025392,-0.0232944478526726,0.632253297715556,0.0040886666782375,0.042843981745583,0.632253297715556
231.5,0.131324560900871,-0.0234782447055724,0.131406047876255,-0.0233758015373971,0.610617780299372,0.00425953546451092,0.0428259696401159,0.610617780299372
231.75,0.131427181520705,-0.0235595079264223,0.131508220729165,-0.0234567101805559,0.589032413865881,0.00441684255273563,0.0428044286918392,0.589032413865881
232,0.13153015574023,-0.0236403226082017,0.131610745638896,-0.023537172241765,0.567495230700718,0.00456296361662953,0.0427800115898375,0.567495230700718
232.25,0.131633481598967,-0.0237206872123153,0.131713620653523,-0.0236171861891426,0.546004252537792,0.00470028417728446,0.0427533188407999,0.546004252537792
232.5,0.131737157129738,-0.023800600208737,0.131816843814453,-0.0236967504993387,0.524557491465195,0.00483119868946048,0.0427248986254531,0.524557491465195
232.75,0.131841180358713,-0.0238800600760387,0.131920413156467,-0.0237758636575634,0.503152950833113,0.00495810962596428,0.0426952466688911,0.503152950833113
233,0.131945549305439,-0.0239590653014188,0.132024326707753,-0.0238545241576163,0.481788626163421,0.0050834265603237,0.0426648061249805,0.481788626163421
233.25,0.13205026198288,-0.0240376143807318,0.132128582489948,-0.0239327305019147,0.460462506060798,0.00520956524794858,0.0426339674747166,0.460462506060798
233.5,0.13215531639746,-0.0241157058185165,0.13223317851817,-0.0240104812015226,0.439172573125183,0.00533894670599015,0.0426030684386641,0.439172573125183
233.75,0.132260710549093,-0.0241933381280245,0.132338112801063,-0.0240877747761789,0.417916804865316,0.00547399629209752,0.0425723939034668,0.417916804865316
234,0.132366442431226,-0.0242705098312484,0.13244338334083,-0.0241646097543252,0.396693174613248,0.00561714278226841,0.0425421758623763,0.396693174613248
234.25,0.132472510030877,-0.0243472194589504,0.13254898813327,-0.0242409846731343,0.375499652439496,0.00577081744800794,0.0425125933699233,0.375499652439496
234.5,0.132578911328672,-0.0244234655506896,0.132654925167821,-0.0243168980785378,0.354334206068749,0.00593745313299147,0.0424837725106641,0.354334206068749
234.75,0.132685644298883,-0.0244992466548504,0.132761192427594,-0.024392348525254,0.33319480179588,0.00611948332942867,0.0424557863819862,0.33319480179588
235,0.132792706909469,-0.0245745613286697,0.132867787889415,-0.0244673345768151,0.312079405402071,0.00631934125434541,0.0424286550910612,0.312079405402071
235.25,0.132900097122111,-0.0246494081382649,0.132974709523858,-0.0245418548055947,0.290985983070773,0.00653945892598002,0.042402345765893,0.290985983070773
235.5,0.133007812892255,-0.0247237856586605,0.133081955295291,-0.0246159077928352,0.269020286362456,0.00737431236570998,0.0421875390647022,0.269020286362456
235.75,0.133115852169148,-0.0247976924738157,0.133189523161908,-0.0246894921286744,0.246970801683661,0.00830056988829211,0.0419373042565042,0.246970801683661
236,0.133224212895878,-0.0248711271766512,0.133297411075773,-0.0247626064121725,0.224861735400743,0.00930301596066871,0.0416549987853136,0.224861735400743
236.25,0.133332893009412,-0.0249440883690763,0.133405616982854,-0.0248352492513391,0.202691753741837,0.0103833861943276,0.0413387095020221,0.202691753741837
236.5,0.133441890440638,-0.025016574662015,0.133514138823067,-0.0249074192631593,0.180459558711137,0.011543380100872,0.0409864822074521,0.180459558711137
236.75,0.133551203114403,-0.0250885846754328,0.133622974530314,-0.0249791150736199,0.158163888820962,0.0127846603523276,0.0405963222286106,0.158163888820962
237,0.133660828949549,-0.0251601170383627,0.133732122032518,-0.0250503353177361,0.135803519815253,0.0141088520499766,0.0401661950063249,0.135803519815253
237.25,0.13377076585896,-0.0252311703889318,0.13384157925167,-0.0251210786395771,0.115732005859124,0.0144012565814968,0.0374160474152907,0.115732005859124
237.5,0.133881011749595,-0.0253017433743866,0.13395134410386,-0.0251913436922921,0.0985546170502825,0.0133422826677344,0.031868237291272,0.0985546170502825
237.75,0.133991564522532,-0.0253718346511192,0.134061414499325,-0.0252611291381358,0.0815305325799836,0.0122186257009956,0.0262174200468929,0.0815305325799836
238,0.134102422073004,-0.0254414428846928,0.134171788342483,-0.0253304336484938,0.0646609496813799,0.0110294339549715,0.0204652599467729,0.0646609496813799
238.25,0.134213582290444,-0.0255105667498669,0.134282463531976,-0.0253992559039081,0.0479470412472171,0.00977387834995374,0.0146134304806777,0.0479470412472171
238.5,0.134325043058522,-0.0255792049306228,0.134393437960706,-0.0254675945941023,0.0313899557487805,0.00845115252734499,0.00866361404281156,0.0313899557487805
238.75,0.134436802255184,-0.0256473561201884,0.134504709515881,-0.0255354484180062,0.0207178347885438,0.00422377929299734,0.00404517664558847,0.0207178347885438
239,0.134548857752698,-0.0257150190210634,0.134616276079051,-0.0256028160837807,0.0138682993340848,-0.00218596644719399,0.00298347359616123,0.0138682993340848
239.25,0.134661207417688,-0.0257821923450436,0.134728135526149,-0.0256696963088427,-0.006526178879591,-0.00288576244306584,0.00723722211042617,-0.006526178879591
239.5,0.134773849111179,-0.0258488748132458,0.134840285727533,-0.025736087819889,-0.0268359620008312,-0.00351553386258465,0.0112917307497271,-0.0268359620008312
239.75,0.134886780688634,-0.0259150651561319,0.134952724548024,-0.025801989352921,-0.0470577047909215,-0.0040782272855366,0.0151480852758759,-0.0470577047909215
240,0.135,-0.0259807621135332,0.13506544984695,-0.0258673996532685,-0.0671880883425867,-0.00457676591349235,0.0188074168908301,-0.0671880883425867
240.25,0.135113504889744,-0.0260459644346743,0.135178459478183,-0.0259323174756137,-0.0872238207126709,-0.00501404894466668,0.0222709018086412,-0.0872238207126709
240.5,0.135227293196896,-0.026110670878197,0.135291751290182,-0.0259967415840147,-0.107161637548216,-0.00539295095530922,0.0255397608188991,-0.107161637548216
240.75,0.135341362755091,-0.0261748802121839,0.135405323126036,-0.0260606707519295,-0.126998302705873,-0.00571632128773493,0.0286152588417736,-0.126998302705873
241,0.13545571139261,-0.0262385912141819,0.1355191728235,-0.0261241037622388,-0.14673060886446,-0.00598698344510737,0.0314987044747382,-0.14673060886446
241.25,0.135570336932418,-0.0263018026712252,0.135633298215039,-0.0261870394072696,-0.166355378130633,-0.00620773449308672,0.0341914495310841,-0.166355378130633
241.5,0.135685237192212,-0.026364513379859,0.135747697127871,-0.0262494764888178,-0.18579461568023,-0.00592218404548692,0.0346758338017583,-0.18579461568023
241.75,0.135800409984455,-0.0264267221461616,0.135862367384006,-0.0263114138181715,-0.205080971876754,-0.00560922026479959,0.0348855463187895,-0.205080971876754
242,0.135915853116423,-0.0264884277857678,0.135977306800286,-0.0263728502161332,-0.224222172403273,-0.00532398988932434,0.03506183183791,-0.224222172403273
242.25,0.136031564390247,-0.0265496291238913,0.136092513188432,-0.0264337845130424,-0.243219210083151,-0.00506514110519299,0.0352070273114861,-0.243219210083151
242.5,0.136147541602949,-0.0266103249953466,0.13620798435508,-0.026494215548798,-0.262073121675009,-0.00483128040568536,0.0353234367474285,-0.262073121675009
242.75,0.136263782546491,-0.0266705142445721,0.136323718101825,-0.0265541421728801,-0.280784987274179,-0.0046209731965431,0.0354133305364749,-0.280784987274179
243,0.136380285007814,-0.026730195725651,0.136439712225263,-0.0266135632443723,-0.299355929704364,-0.00443274441105384,0.035478944788951,-0.299355929704364
243.25,0.136497046768877,-0.0267893683023341,0.136555964517033,-0.0266724776319828,-0.317787113899654,-0.00426507913476327,0.0355224806811348,-0.317787113899654
243.5,0.136614065606706,-0.0268480308480607,0.13667247276386,-0.0267308842140668,-0.336079746276975,-0.00411642323966941,0.0355461038113269,-0.336079746276975
243.75,0.13673133929343,-0.0269061822459806,0.136789234747595,-0.0267887818786471,-0.354235074099175,-0.00398518402776915,0.0355519435658172,-0.354235074099175
244,0.136848865596328,-0.026963821388975,0.136906248245257,-0.0268461695234357,-0.37225438482884,-0.00386973088380546,0.0355420924948455,-0.37225438482884
244.25,0.136966642277867,-0.0270209471796776,0.137023511029078,-0.0269030460558544,-0.390139005473046,-0.00376839593706372,0.0355186056986519,-0.390139005473046
244.5,0.137084667095751,-0.0270775585304958,0.137141020866544,-0.0269594103930562,-0.407890301919128,-0.00367947473208661,0.0354835002238281,-0.407890301919128
244.75,0.137202937802956,-0.027133654363631,0.137258775520436,-0.0270152614619452,-0.425509678261647,-0.00360122690814192,0.0354387544700102,-0.425509678261647
245,0.137321452147779,-0.0271892336110995,0.137376772748877,-0.0270705981991976,-0.442998576120732,-0.00353187688730341,0.0353863076070962,-0.442998576120732
245.25,0.137440207873877,-0.0272442952147524,0.137495010305369,-0.0271254195512817,-0.460358473951893,-0.00346961457098188,0.0353280590030431,-0.460358473951893
245.5,0.137559202720313,-0.0272988381262963,0.137613485938839,-0.0271797244744781,-0.477590886347489,-0.00341259604476626,0.0352658676624499,-0.477590886347489
245.75,0.137678434421596,-0.0273528613073127,0.137732197393682,-0.0272335119348992,-0.494697363330038,-0.00335894429140298,0.0352015516759408,-0.494697363330038
246,0.137797900707726,-0.027406363729278,0.137851142409802,-0.0272867809085093,-0.51167948963744,-0.00330674991177372,0.0351368876805737,-0.51167948963744
246.25,0.137917599304238,-0.0274593443735834,0.137970318722659,-0.0273395303811439,-0.528538884000381,-0.00325407185369645,0.0350736103312852,-0.528538884000381
246.5,0.138037527932243,-0.0275118022315537,0.138089724063308,-0.0273917593485292,-0.545277198411988,-0.00319893814839531,0.0350134117834998,-0.545277198411988
246.75,0.138157684308472,-0.027563736304467,0.138209356158441,-0.0274434668163008,-0.561896117389924,-0.00313934665448885,0.0349579411871252,-0.561896117389924
247,0.138278066145322,-0.0276151456035732,0.138329212730438,-0.0274946518000232,-0.578397357231132,-0.00307326580931148,0.0349088041918428,-0.578397357231132
247.25,0.138398671150895,-0.0276660291501135,0.138449291497401,-0.027545313325208,-0.594782665259317,-0.0029986353874215,0.0348675624639524,-0.594782665259317
247.5,0.138519497029047,-0.0277163859753386,0.138569590173204,-0.0275954504273328,-0.611053819065388,-0.0029133672661233,0.0348357332148235,-0.611053819065388
247.75,0.138640541479427,-0.027766215120527,0.138690106467534,-0.0276450621518594,-0.627212625740988,-0.0028153461978355,0.0348147887410416,-0.627212625740988
248,0.138761802197523,-0.0278155156370036,0.138810838085934,-0.0276941475542522,-0.643260921105336,-0.00270243058913525,0.0348061559763164,-0.643260921105336
248.25,0.138883276874705,-0.0278642865861577,0.138931782729847,-0.0277427056999958,-0.659200568925482,-0.00257245328631355,0.034811216055327,-0.659200568925482
248.5,0.139004963198271,-0.0279125270394607,0.139052938096663,-0.0277907356646131,-0.675033460130191,-0.00242322236726572,0.0348313038895204,-0.675033460130191
248.75,0.139126858851489,-0.027960236078484,0.139174301879758,-0.0278382365336828,-0.69069206271132,-0.00225873759844764,0.0346305427805254,-0.69069206271132
249,0.139248961513641,-0.028007412794916,0.13929587176854,-0.0278852074028569,-0.705593151898078,-0.00215002558039815,0.0322939907728546,-0.705593151898078
249.25,0.139371268860069,-0.0280540562905803,0.139417645448494,-0.0279316473778777,-0.720303773002123,-0.00206376675616579,0.0298296625237749,-0.720303773002123
249.5,0.139493778562216,-0.0281001656774519,0.139539620601224,-0.0279775555745951,-0.734822007838718,-0.00200160088370953,0.0272400296522984,-0.734822007838718
249.75,0.139616488287675,-0.0281457400776745,0.1396617949045,-0.028022931118983,-0.749145983432324,-0.00196512571585524,0.0245275871998288,-0.749145983432324
250,0.13973939570023,-0.0281907786235772,0.139784166032299,-0.0280677731471567,-0.76327387232196,-0.00195589670016641,0.0216948529526732,-0.76327387232196
250.25,0.1398624984599,-0.0282352804576911,0.13990673165485,-0.0281120808053884,-0.777203892856717,-0.00197542668862701,0.0187443667606659,-0.777203892856717
250.5,0.139985794222987,-0.0282792447327653,0.140029489438682,-0.0281558532501243,-0.790934309481306,-0.00202518565718516,0.0156786898520434,-0.790934309481306
250.75,0.140109280642116,-0.0283226706117835,0.140152437046663,-0.0281990896480002,-0.804463433011687,-0.00210660043520357,0.0125004041447009,-0.804463433011687
251,0.140232955366285,-0.0283655572679795,0.140275572138047,-0.0282417891758572,-0.817789620900647,-0.00222105444486678,0.00921211155398258,-0.817789620900647
251.25,0.140356816040905,-0.0284079038848532,0.140398892368521,-0.028283951020758,-0.830911277493325,-0.00236988745058497,0.00581643329713616,-0.830911277493325
251.5,0.140480860307847,-0.028449709656186,0.140522395390244,-0.0283255743800018,-0.843826854272648,-0.00255439531844076,0.00231600919456943,-0.843826854272648
251.75,0.140605085805487,-0.0284909737860563,0.140646078851897,-0.0283666584611398,-0.856534850094605,-0.00277582978571524,-0.00128650303194166,-0.856534850094605
252,0.140729490168752,-0.0285316954888546,0.140769940398725,-0.0284072024819904,-0.869033811413359,-0.00303539824053463,-0.0049884284639606,-0.869033811413359
252.25,0.14085407102916,-0.0285718739892983,0.140893977672583,-0.0284472056706538,-0.878929150887904,-0.00624977001090694,-0.00226486787067285,-0.878929150887904
252.5,0.140978826014872,-0.0286115085224468,0.141018188311981,-0.028486667265527,-0.887437701266327,-0.010993792401156,0.00418533344111225,-0.887437701266327
252.75,0.141103752750733,-0.0286505983337156,0.141142569952126,-0.0285255865153182,-0.900613663869912,-0.0114129497022267,0.00718657714772513,-0.900613663869912
253,0.141228848858318,-0.0286891426788911,0.141267120224971,-0.0285639626790608,-0.913648063913051,-0.0117831457421962,0.0100391065632516,-0.913648063913051
253.25,0.141354111955977,-0.0287271408241444,0.141391836759259,-0.0286017950261281,-0.926538229183629,-0.0121067975289971,0.0127449878432455,-0.926538229183629
253.5,0.141479539658882,-0.0287645920460458,0.141516717180567,-0.0286390828362467,-0.939281532268922,-0.0123862809033162,0.0153063256324388,-0.939281532268922
253.75,0.14160512957907,-0.0288014956315779,0.141641759111351,-0.0286758253995104,-0.952104747190185,-0.0122338308828787,0.0162232989716091,-0.952104747190185
254,0.14173087932549,-0.0288378508781496,0.141766960170994,-0.0287120220163939,-0.964765563255445,-0.0120404975973896,0.016884688412689,-0.964765563255445
254.25,0.141856786504048,-0.0288736570936094,0.141892317975847,-0.0287476719977656,-0.977234023445967,-0.011855400453594,0.017474422480799,-0.977234023445967
254.5,0.141982848717652,-0.0289089135962587,0.142017830139279,-0.0287827746649014,-0.989509490513275,-0.0116789428424429,0.0179954964214467,-0.989509490513275
254.75,0.142109063566261,-0.0289436197148644,0.142143494271719,-0.028817329349497,-1.00159138601317,-0.0115114728604316,0.0184509071044814,-1.00159138601317
255,0.142235428646924,-0.028977774788672,0.142269307980704,-0.0288513353936811,-1.01347919027492,-0.0113532833448099,0.018843652108196,-1.01347919027492
255.25,0.142361941553834,-0.0290113781674183,0.14239526887092,-0.0288847921500276,-1.02517244235688,-0.0112046119222693,0.0191767288043869,-1.02517244235688
255.5,0.142488599878367,-0.0290444292113432,0.142521374544256,-0.0289176989815681,-1.03667073998857,-0.0110656410711007,0.0194531334445782,-1.03667073998857
255.75,0.14261540120913,-0.0290769272912026,0.14264762259984,-0.028950055261804,-1.0479737394993,-0.0109364981968018,0.0196758602476058,-1.0479737394993
256,0.14274234313201,-0.0291088717882799,0.142774010634092,-0.0289818603747183,-1.05908115573321,-0.010817255721104,0.0198479004887352,-1.05908115573321
256.25,0.142869423230215,-0.0291402620943978,0.142900536240765,-0.0290131137147875,-1.0699927619509,-0.0107079311844045,0.0199722415905304,-1.0699927619509
256.5,0.142996639084323,-0.0291710976119303,0.143027197010994,-0.0290438146869931,-1.08070838971767,-0.010608487361556,0.0200518662156182,-1.08070838971767
256.75,0.143123988272328,-0.0292013777538135,0.143153990533341,-0.0290739627068328,-1.09122792877821,-0.0105188323910105,0.0200897513615926,-1.09122792877821
257,0.143251468369684,-0.0292311019435571,0.14328091439384,-0.0291035572003318,-1.10155132691809,-0.010438819917252,0.0200888674581936,-1.10155132691809
257.25,0.143379076949355,-0.0292602696152554,0.143407966176044,-0.0291325976040535,-1.11167858981177,-0.0103682492465074,0.0200521774669874,-1.11167858981177
257.5,0.143506811581857,-0.029288880213598,0.143535143461069,-0.0291610833651106,-1.12160978085744,-0.010306865515685,0.0199826359837186,-1.12160978085744
257.75,0.143634669835307,-0.0293169331938804,0.143662443827644,-0.0291890139411753,-1.13134502099846,-0.0102543598744968,0.0198831883435163,-1.13134502099846
258,0.143762649275467,-0.0293444280220142,0.143789864852153,-0.0292163888004895,-1.14088448853174,-0.0102103696807316,0.0197567697291595,-1.14088448853174
258.25,0.143890747465795,-0.0293713641745375,0.143917404108684,-0.0292432074218755,-1.15022841890286,-0.0101744787086189,0.0196063042825594,-1.15022841890286
258.5,0.144018961967484,-0.0293977411386249,0.144045059169073,-0.0292694692947454,-1.15937710448808,-0.0101462173702455,0.0194347042196736,-1.15937710448808
258.75,0.144147290339516,-0.0294235584120969,0.144172827602951,-0.0292951739191109,-1.1683308943633,-0.0101250629499658,0.0192448689490065,-1.1683308943633
259,0.144275730138704,-0.0294488155034299,0.144300706977792,-0.0293203208055931,-1.17709019406005,-0.0101104398517573,0.0190396841939081,-1.17709019406005
259.25,0.144404278919738,-0.0294735119317653,0.144428694858956,-0.0293449094754315,-1.18565546530846,-0.0101017198594602,0.0188220211188266,-1.18565546530846
259.5,0.144532934235236,-0.0294976472269186,0.14455678880974,-0.0293689394604933,-1.19402722576734,-0.0100982224098451,0.018594735459722,-1.19402722576734
259.75,0.144661693635785,-0.0295212209293887,0.144684986391419,-0.0293924103032821,-1.2022060487415,-0.0100992148784445,0.0183606666587965,-1.2022060487415
260,0.144790554669992,-0.0295442325903662,0.144813285163295,-0.029415321556947,-1.21019256288622,-0.0101039128780867,0.0181226370037441,-1.21019256288622
260.25,0.144919514884529,-0.0295666817717423,0.144941682682745,-0.0294376727852908,-1.21798745189905,-0.0101114805700626,0.0178834507716798,-1.21798745189905
260.5,0.14504857182418,-0.0295885680461169,0.145070176505266,-0.0294594635627782,-1.22559145419897,-0.0101210309878598,0.0176458933779423,-1.22559145419897
260.75,0.145177723031885,-0.029609890996807,0.145198764184519,-0.0294806934745442,-1.23300536259299,-0.0101316263733904,0.0174127305299362,-1.23300536259299
261,0.145306966048793,-0.0296306502178541,0.145327443272382,-0.029501362116402,-1.24023002393029,-0.0101422785256367,0.0171867073861935,-1.24023002393029
261.25,0.145436298414302,-0.0296508453140328,0.14545621131899,-0.0295214690948505,-1.24726633874389,-0.0101519491616458,0.0169705477208359,-1.24726633874389
261.5,0.145565717666112,-0.0296704759008575,0.145585065872784,-0.0295410140270816,-1.25411526088,-0.0101595502897841,0.0167669530935963,-1.25411526088
261.75,0.145695221340265,-0.0296895416045901,0.14571400448056,-0.0295599965409881,-1.26077779711518,-0.0101639445951773,0.0165786020255814,-1.26077779711518
262,0.145824806971198,-0.0297080420622471,0.145843024687513,-0.0295784162751703,-1.26725500676126,-0.0101639458372559,0.0164081491809645,-1.26725500676126
262.25,0.145954472091788,-0.0297259769216065,0.145972124037283,-0.029596272878943,-1.27354800125819,-0.0101583192593087,0.0162582245547416,-1.27354800125819
262.5,0.146084214233398,-0.0297433458412143,0.146101300072006,-0.0296135660123422,-1.27965794375491,-0.0101457820099669,0.0161314326667475,-1.27965794375491
262.75,0.146214030925925,-0.0297601484903914,0.146230550332355,-0.0296302953461315,-1.28558604867832,-0.010125003576526,0.0160303517620989,-1.28558604867832
263,0.146343919697846,-0.0297763845492397,0.146359872357593,-0.0296464605618086,-1.29133358129042,-0.0100946062300102,0.0159575330182279,-1.29133358129042
263.25,0.146473878076265,-0.0297920537086478,0.146489263685614,-0.0296620613516111,-1.29690185723372,-0.0100531654818821,0.0159154997586506,-1.29690185723372
263.5,0.146603903586963,-0.0298071556702976,0.146618721852993,-0.0296770974185223,-1.3022922420651,-0.0099992105523107,0.0159067466736743,-1.3022922420651
263.75,0.146733993754441,-0.0298216901466696,0.146748244395035,-0.0296915684762773,-1.30750615077801,-0.00993122484988588,0.0159337390481764,-1.30750615077801
264,0.14686414610197,-0.0298356568610482,0.146877828845816,-0.0297054742493681,-1.31254504731343,-0.00984764646268614,0.0159989119966288,-1.31254504731343
264.25,0.146994358151638,-0.0298490555475273,0.147007472738235,-0.0297188144730486,-1.31741044405937,-0.00974686866059218,0.0161046697055225,-1.31741044405937
264.5,0.147124627424393,-0.0298618859510154,0.14713717360406,-0.0297315888933403,-1.3221039013392,-0.00962724040874017,0.0162533846833581,-1.3221039013392
264.75,0.147254951440098,-0.0298741478272399,0.147266928973972,-0.0297437972670366,-1.32662702688895,-0.00948706689200648,0.016447397018346,-1.32662702688895
265,0.14738532771757,-0.0298858409427524,0.147396736377617,-0.0297554393617078,-1.33098147532349,-0.00932461005041633,0.016689013643991,-1.33098147532349
265.25,0.147515753774634,-0.0298969650749328,0.14752659334365,-0.029766514955705,-1.33516894759196,-0.00913808912535843,0.0169805076127006,-1.33516894759196
265.5,0.147646227128165,-0.0299075200119938,0.147656497399779,-0.029777023838165,-1.33914348980255,-0.00895398208538577,0.0171429774856421,-1.33914348980255
265.75,0.147776745294138,-0.0299175055529846,0.14778644607282,-0.0297869658090138,-1.34252371131788,-0.00900462673262909,0.0157911785448614,-1.34252371131788
266,0.147907305787676,-0.0299269215077947,0.147916436888737,-0.0297963406789705,-1.34569180909437,-0.00906850381785862,0.0144316957880582,-1.34569180909437
266.25,0.148037906123096,-0.0299357676971581,0.148046467372692,-0.0298051482695512,-1.348647907953,-0.00914542698794408,0.0130675252676914,-1.348647907953
266.5,0.148168543813954,-0.029944043952656,0.148176535049092,-0.0298133884130721,-1.35139219009591,-0.00923515629639459,0.01170165800019,-1.35139219009591
266.75,0.148299216373099,-0.0299517501167205,0.148306637441637,-0.0298210609526526,-1.35392489500932,-0.00933739830149413,0.0103370790848999,-1.35392489500932
267,0.148429921312712,-0.0299588860426372,0.148436772073364,-0.0298281657422188,-1.35624631935354,-0.0094518061773342,0.00897676682461551,-1.35624631935354
267.25,0.14856065614436,-0.0299654515945485,0.148566936466697,-0.0298347026465056,-1.35835681684003,-0.00957797983772493,0.00762369184792188,-1.35835681684003
267.5,0.14869141837904,-0.0299714466474557,0.148697128143494,-0.0298406715410598,-1.36025679809551,-0.00971546607295063,0.006280816233488,-1.36025679809551
267.75,0.148822205527228,-0.0299768710872217,0.148827344625093,-0.0298460723122422,-1.3619467305132,-0.00986375869934562,0.00495109263651474,-1.3619467305132
268,0.148953015098925,-0.0299817248105729,0.148957583432361,-0.02985090485723,-1.3634271380912,-0.0100222987216548,0.00363746341750709,-1.3634271380912
268.25,0.149083844603705,-0.0299860077251014,0.149087842085737,-0.0298551690840185,-1.36469860125805,-0.0101904745081478,0.00234285977356017,-1.36469860125805
268.5,0.149214691550764,-0.0299897197492667,0.149218118105285,-0.0298588649114229,-1.36576175668546,-0.01036762197845,0.00107020087233237,-1.36576175668546
268.75,0.149345553448963,-0.0299928608123973,0.149348409010737,-0.0298619922690801,-1.36661729708837,-0.0105530248040443,-0.000177607011121353,-1.36661729708837
269,0.149476427806882,-0.0299954308546917,0.149478712321542,-0.0298645510974496,-1.36726597101225,-0.0107459146214142,-0.00139767135445586,-1.36726597101225
269.25,0.14960731213286,-0.0299974298272202,0.149609025556913,-0.029866541347815,-1.36770858260772,-0.0109454712577724,-0.00258711424493203,-1.36770858260772
269.5,0.149738203935049,-0.0299988576919251,0.149739346235874,-0.0298679629822848,-1.3679459913926,-0.0111508229693333,-0.00374307323290587,-1.3679459913926
269.75,0.149869100721458,-0.029999714421622,0.149869671877307,-0.0298688159737932,-1.36797911200139,-0.0113610466920854,-0.00486270218173349,-1.36797911200139
270,0.15,-0.03,0.15,-0.0298691003061004,-1.36780891392219,-0.0115751683049987,-0.00594317211393712,-1.36780891392219
270.25,0.150130899278542,-0.029999714421622,0.150130328122693,-0.0298688159737932,-1.36743642122121,-0.0117921629056304,-0.00698167205342915,-1.36743642122121
270.5,0.150261796064951,-0.0299988576919251,0.150260653764126,-0.0298679629822848,-1.36701979155747,-0.011888190518773,-0.0068477485012141,-1.36701979155747
270.75,0.15039268786714,-0.0299974298272202,0.150390974443087,-0.029866541347815,-1.36642965439789,-0.0119597334491138,-0.00662221471821408,-1.36642965439789
271,0.150523572193118,-0.0299954308546917,0.150521287678458,-0.0298645510974496,-1.3656474492036,-0.012021298784581,-0.00643598667573988,-1.3656474492036
271.25,0.150654446551037,-0.0299928608123973,0.150651590989263,-0.0298619922690801,-1.36467210496656,-0.0120739712531654,-0.00628629009225231,-1.36467210496656
271.5,0.150785308449236,-0.0299897197492667,0.150781881894715,-0.0298588649114229,-1.36350260611573,-0.0121187839922373,-0.00617033105097967,-1.36350260611573
271.75,0.150916155396295,-0.0299860077251014,0.150912157914263,-0.0298551690840185,-1.36213799282266,-0.0121567182426653,-0.00608529686601488,-1.36213799282266
272,0.151046984901075,-0.0299817248105729,0.151042416567639,-0.02985090485723,-1.36057736129408,-0.0121887030557607,-0.00602835695280868,-1.36057736129408
272.25,0.151177794472772,-0.0299768710872217,0.151172655374907,-0.0298460723122422,-1.35881986405166,-0.0122156150130952,-0.00599666370288071,-1.35881986405166
272.5,0.15130858162096,-0.0299714466474557,0.151302871856506,-0.0298406715410598,-1.35686471019864,-0.0122382779592677,-0.0059873533625617,-1.35686471019864
272.75,0.15143934385564,-0.0299654515945485,0.151433063533303,-0.0298347026465056,-1.35471116567348,-0.0122574627476654,-0.00599754691561063,-1.35471116567348
273,0.151570078687288,-0.0299588860426372,0.151563227926636,-0.0298281657422188,-1.35235855349033,-0.0122738869992704,-0.00602435096947659,-1.35235855349033
273.25,0.151700783626901,-0.0299517501167205,0.151693362558363,-0.0298210609526526,-1.34980625396635,-0.012288214874573,-0.00606485864505744,-1.34980625396635
273.5,0.151831456186046,-0.029944043952656,0.151823464950908,-0.0298133884130721,-1.34705370493581,-0.0123010568586281,-0.0061161504697586,-1.34705370493581
273.75,0.151962093876904,-0.0299357676971581,0.151953532627308,-0.0298051482695512,-1.34410040195091,-0.0123129695593082,-0.00617529527365182,-1.34410040195091
274,0.152092694212324,-0.0299269215077947,0.152083563111263,-0.0297963406789705,-1.34094589846929,-0.0123244555187908,-0.00623935108856891,-1.34094589846929
274.25,0.152223254705862,-0.0299175055529846,0.15221355392718,-0.0297869658090138,-1.33758980602824,-0.0123359630383252,-0.00630536604992993,-1.33758980602824
274.5,0.152353772871835,-0.0299075200119938,0.152343502600221,-0.029777023838165,-1.33403179440543,-0.0123478860163118,-0.00637037930112308,-1.33403179440543
274.75,0.152484246225366,-0.0298969650749328,0.15247340665635,-0.029766514955705,-1.3302715917663,-0.0123605637997322,-0.00643142190023561,-1.3302715917663
275,0.15261467228243,-0.0298858409427524,0.152603263622382,-0.0297554393617078,-1.32630898479793,-0.0123742810489641,-0.00648551772896918,-1.32630898479793
275.25,0.152745048559902,-0.0298741478272399,0.152733071026028,-0.0297437972670366,-1.32214381882951,-0.0123892676160033,-0.006529684403522,-1.32214381882951
275.5,0.152875372575607,-0.0298618859510154,0.15286282639594,-0.0297315888933403,-1.31777599793917,-0.0124056984361323,-0.00656093418727786,-1.31777599793917
275.75,0.153005641848362,-0.0298490555475273,0.152992527261765,-0.0297188144730486,-1.31320548504743,-0.0124236934330479,-0.00657627490508782,-1.31320548504743
276,0.15313585389803,-0.0298356568610482,0.153122171154184,-0.0297054742493681,-1.30843230199692,-0.01244331743748,-0.0065727108589622,-1.30843230199692
276.25,0.153266006245559,-0.0298216901466696,0.153251755604965,-0.0296915684762774,-1.30345652961868,-0.0124645801193137,-0.00654724374498857,-1.30345652961868
276.5,0.153396096413037,-0.0298071556702976,0.153381278147007,-0.0296770974185223,-1.29827830778474,-0.0124874359332371,-0.00649687357127059,-1.29827830778474
276.75,0.153526121923735,-0.0297920537086478,0.153510736314386,-0.0296620613516111,-1.29289783544715,-0.0125117840779259,-0.00641859957671158,-1.29289783544715
277,0.153656080302154,-0.0297763845492397,0.153640127642407,-0.0296464605618086,-1.28731537066342,-0.0125374684687759,-0.00630942115043475,-1.28731537066342
277.25,0.153785969074075,-0.0297601484903914,0.153769449667645,-0.0296302953461315,-1.28153123060822,-0.0125642777241972,-0.00616633875167326,-1.28153123060822
277.5,0.153915785766602,-0.0297433458412143,0.153898699927994,-0.0296135660123422,-1.27554579157154,-0.0125919451654717,-0.00598635482990071,-1.27554579157154
277.75,0.154045527908212,-0.0297259769216065,0.154027875962717,-0.029596272878943,-1.26941099479803,-0.0125727062995606,-0.00564134620048886,-1.26941099479803
278,0.154175193028802,-0.0297080420622471,0.154156975312487,-0.0295784162751703,-1.26355639009914,-0.0121100228111846,-0.00412019899326196,-1.26355639009914
278.25,0.154304778659735,-0.0296895416045901,0.15428599551944,-0.0295599965409881,-1.25755880269807,-0.0115928750258377,-0.00248140544753765,-1.25755880269807
278.5,0.154434282333888,-0.0296704759008575,0.154414934127216,-0.0295410140270816,-1.25142082579923,-0.0110187937702797,-0.000723185482761339,-1.25142082579923
278.75,0.154563701585697,-0.0296508453140328,0.15454378868101,-0.0295214690948505,-1.24514509093998,-0.0103852752950592,0.00115619787049334,-1.24514509093998
279,0.154693033951207,-0.0296306502178541,0.154672556727618,-0.0295013621164021,-1.23873426733064,-0.00968978193208874,0.00315843786834608,-1.23873426733064
279.25,0.154822276968115,-0.029609890996807,0.154801235815481,-0.0294806934745442,-1.23219106118541,-0.00892974276118553,0.00528518346092831,-1.23219106118541
279.5,0.15495142817582,-0.0295885680461169,0.154929823494734,-0.0294594635627782,-1.22551821504447,-0.00810255428543941,0.00753803870933148,-1.22551821504447
279.75,0.155080485115471,-0.0295666817717423,0.155058317317255,-0.0294376727852908,-1.21888712476636,-0.00756977556220978,0.00430795375939611,-1.21888712476636
280,0.155209445330008,-0.0295442325903662,0.155186714836705,-0.029415321556947,-1.2120382052569,-0.00707673520397327,0.0010153692011578,-1.2120382052569
280.25,0.155338306364215,-0.0295212209293887,0.155315013608581,-0.0293924103032821,-1.20496811235093,-0.00661825026502634,-0.00224547979563445,-1.20496811235093
280.5,0.155467065764764,-0.0294976472269186,0.15544321119026,-0.0293689394604933,-1.19767709531316,-0.00619421481391572,-0.00547163133885973,-1.19767709531316
280.75,0.155595721080262,-0.0294735119317653,0.155571305141044,-0.0293449094754315,-1.19016545760749,-0.00580447227024191,-0.0086601232850948,-1.19016545760749
281,0.155724269861296,-0.0294488155034299,0.155699293022208,-0.0293203208055931,-1.18243355692156,-0.00544881537722299,-0.0118079940556923,-1.18243355692156
281.25,0.155852709660484,-0.0294235584120969,0.155827172397049,-0.0292951739191109,-1.17448180517961,-0.00512698618608789,-0.0149122834533765,-1.17448180517961
281.5,0.155981038032516,-0.0293977411386249,0.155954940830927,-0.0292694692947454,-1.1663106685432,-0.0048386760523104,-0.0179700334791921,-1.1663106685432
281.75,0.156109252534205,-0.0293713641745375,0.156082595891316,-0.0292432074218755,-1.15792066740022,-0.00458352564368381,-0.0209782891496367,-1.15792066740022
282,0.156237350724533,-0.0293444280220142,0.156210135147847,-0.0292163888004895,-1.14931237634185,-0.00436112496024503,-0.0239340993138127,-1.14931237634185
282.25,0.156365330164693,-0.0293169331938804,0.156337556172356,-0.0291890139411753,-1.14048642412769,-0.00417101336604832,-0.0268345174704338,-1.14048642412769
282.5,0.156493188418143,-0.029288880213598,0.156464856538931,-0.0291610833651106,-1.13045213692253,-0.00454606778609789,-0.0278618086783043,-1.13045213692253
282.75,0.156620923050645,-0.0292602696152554,0.156592033823956,-0.0291325976040535,-1.11938766251243,-0.00536925965003992,-0.0272356661984243,-1.11938766251243
283,0.156748531630316,-0.0292311019435571,0.15671908560616,-0.0291035572003318,-1.10823722700541,-0.00612696477500452,-0.0266547013923499,-1.10823722700541
283.25,0.156876011727672,-0.0292013777538135,0.156846009466659,-0.0290739627068328,-1.09699852206237,-0.0068216893626877,-0.0261182168801187,-1.09699852206237
283.5,0.157003360915677,-0.0291710976119303,0.156972802989006,-0.0290438146869931,-1.08628667729445,-0.00704781136756296,-0.0259685306207105,-1.08628667729445
283.75,0.157130576769785,-0.0291402620943978,0.157099463759235,-0.0290131137147875,-1.07550139344034,-0.00720518670895382,-0.025885080428861,-1.07550139344034
284,0.15725765686799,-0.0291088717882799,0.157225989365908,-0.0289818603747183,-1.06456751689941,-0.0073443865879307,-0.0258258052096901,-1.06456751689941
284.25,0.15738459879087,-0.0290769272912026,0.15735237740016,-0.028950055261804,-1.05348339709432,-0.00746726709691225,-0.0257886974663435,-1.05348339709432
284.5,0.157511400121633,-0.0290444292113432,0.157478625455744,-0.0289176989815681,-1.04224742404109,-0.00757564690607157,-0.0257717117269825,-1.04224742404109
284.75,0.157638058446166,-0.0290113781674183,0.157604731129079,-0.0288847921500276,-1.03085802898454,-0.00767130662393004,-0.0257727651798113,-1.03085802898454
285,0.157764571353076,-0.028977774788672,0.157730692019296,-0.0288513353936811,-1.0193136850242,-0.00775598816740095,-0.0257897383177094,-1.0193136850242
285.25,0.157890936433739,-0.0289436197148644,0.157856505728281,-0.028817329349497,-1.0076129077306,-0.0078313941414099,-0.0258204755922793,-1.0076129077306
285.5,0.158017151282348,-0.0289089135962587,0.157982169860721,-0.0287827746649014,-0.99575425575176,-0.00789918722823994,-0.0258627860772567,-0.99575425575176
285.75,0.158143213495952,-0.0288736570936094,0.158107682024153,-0.0287476719977656,-0.983736331409808,-0.00796098958672179,-0.0259144441410642,-0.983736331409808
286,0.15826912067451,-0.0288378508781496,0.158233039829006,-0.0287120220163938,-0.971557781287526,-0.00801838226140648,-0.0259731901284191,-0.971557781287526
286.25,0.15839487042093,-0.0288014956315779,0.158358240888649,-0.0286758253995104,-0.959217296804724,-0.00807290460184824,-0.0260367310508378,-0.959217296804724
286.5,0.158520460341118,-0.0287645920460458,0.158483282819433,-0.0286390828362467,-0.946713614784335,-0.00812605369212289,-0.0261027412858898,-0.946713614784335
286.75,0.158645888044023,-0.0287271408241444,0.158608163240741,-0.0286017950261281,-0.93404551800808,-0.00817928379070497,-0.0261688632850506,-0.93404551800808
287,0.158771151141682,-0.0286891426788911,0.158732879775029,-0.0285639626790608,-0.921211835761608,-0.00823400578083082,-0.0262327082900251,-0.921211835761608
287.25,0.158896247249267,-0.0286505983337156,0.158857430047874,-0.0285255865153182,-0.908211444368933,-0.00829158663146649,-0.026291857057383,-0.908211444368933
287.5,0.159021173985128,-0.0286115085224468,0.158981811688019,-0.028486667265527,-0.895043267716125,-0.00835334886899601,-0.0263438605913422,-0.895043267716125
287.75,0.15914592897084,-0.0285718739892983,0.159106022327417,-0.0284472056706538,-0.881706277764094,-0.00842057005974642,-0.0263862408845535,-0.881706277764094
288,0.159270509831248,-0.0285316954888546,0.159230059601275,-0.0284072024819904,-0.868199495050356,-0.00849448230347542,-0.0264164916667708,-0.868199495050356
288.25,0.159394914194512,-0.0284909737860563,0.159353921148103,-0.0283666584611398,-0.854521989179666,-0.00857627173791567,-0.0264320791611829,-0.854521989179666
288.5,0.159519139692153,-0.028449709656186,0.159477604609756,-0.0283255743800018,-0.840672879303432,-0.00866707805450033,-0.0264304428483059,-0.840672879303432
288.75,0.159643183959095,-0.0284079038848532,0.159601107631479,-0.028283951020758,-0.826651334587788,-0.00876799402536908,-0.0264089962372446,-0.826651334587788
289,0.159767044633715,-0.0283655572679795,0.159724427861953,-0.0282417891758572,-0.812456574670189,-0.00888006504176818,-0.026365127644189,-0.812456574670189
289.25,0.159890719357884,-0.0283226706117835,0.159847562953337,-0.0281990896480002,-0.798087870104488,-0.00900428866394279,-0.0262962009779667,-0.798087870104488
289.5,0.160014205777013,-0.0282792447327654,0.159970510561318,-0.0281558532501243,-0.783544542794335,-0.00914161418262257,-0.0261995565324875,-0.783544542794335
289.75,0.1601375015401,-0.0282352804576911,0.16009326834515,-0.0281120808053884,-0.768825966414855,-0.00929294219219841,-0.0260725117859128,-0.768825966414855
290,0.16026060429977,-0.0281907786235773,0.160215833967701,-0.0280677731471567,-0.753931566822423,-0.00945912417570067,-0.0259123622064223,-0.753931566822423
290.25,0.160383511712325,-0.0281457400776745,0.1603382050955,-0.028022931118983,-0.738860822452552,-0.00964096210165082,-0.0257163820643465,-0.738860822452552
290.5,0.160506221437784,-0.0281001656774519,0.160460379398776,-0.0279775555745951,-0.723613264705708,-0.00983920803289813,-0.0254818252505502,-0.723613264705708
290.75,0.160628731139931,-0.0280540562905804,0.160582354551506,-0.0279316473778777,-0.70824948383747,-0.0100183429706873,-0.0252604584521806,-0.70824948383747
291,0.160751038486359,-0.0280074127949161,0.16070412823146,-0.0278852074028569,-0.693257682042825,-0.00989109678884293,-0.0254956426479792,-0.693257682042825
291.25,0.160873141148511,-0.027960236078484,0.160825698120242,-0.0278382365336828,-0.678117302773882,-0.00976900705670295,-0.0257283372221062,-0.678117302773882
291.5,0.160995036801729,-0.0279125270394607,0.160947061903337,-0.0277907356646131,-0.662827024722442,-0.00965368565788309,-0.0259563907777223,-0.662827024722442
291.75,0.161116723125295,-0.0278642865861577,0.161068217270153,-0.0277427056999958,-0.647385568437361,-0.0095467053439274,-0.0261776168410648,-0.647385568437361
292,0.161238197802477,-0.0278155156370036,0.161189161914066,-0.0276941475542522,-0.631791696930102,-0.00944959912320279,-0.0263897945111146,-0.631791696930102
292.25,0.161359458520573,-0.027766215120527,0.161309893532466,-0.0276450621518594,-0.616044216270591,-0.00936385965937358,-0.0265906691184925,-0.616044216270591
292.5,0.161480502970953,-0.0277163859753386,0.161430409826796,-0.0275954504273328,-0.600141976173339,-0.00929093867961501,-0.0267779528935622,-0.600141976173339
292.75,0.161601328849105,-0.0276660291501136,0.161550708502599,-0.027545313325208,-0.584083870573638,-0.00923224639268166,-0.0269493256435327,-0.584083870573638
293,0.161721933854678,-0.0276151456035732,0.161670787269562,-0.0274946518000232,-0.567868838193701,-0.00918915091695766,-0.027102435438415,-0.567868838193701
293.25,0.161842315691528,-0.0275637363044669,0.161790643841559,-0.0274434668163008,-0.551495863098649,-0.00916297771863533,-0.0272348993057652,-0.551495863098649
293.5,0.161962472067757,-0.0275118022315537,0.161910275936692,-0.0273917593485292,-0.534963975242226,-0.0091550090601218,-0.0273443039339679,-0.534963975242226
293.75,0.162082400695762,-0.0274593443735834,0.162029681277341,-0.0273395303811439,-0.518272251002059,-0.00916648345881524,-0.027428206383991,-0.518272251002059
294,0.162202099292274,-0.027406363729278,0.162148857590198,-0.0272867809085093,-0.501419813704408,-0.00919859515636602,-0.0274841348094338,-0.501419813704408
294.25,0.162321565578404,-0.0273528613073127,0.162267802606318,-0.0272335119348992,-0.484405834138257,-0.00925249359854673,-0.0275095891847392,-0.484405834138257
294.5,0.162440797279687,-0.0272988381262963,0.162386514061161,-0.0271797244744781,-0.467229531058621,-0.00932928292583811,-0.0275020420413853,-0.467229531058621
294.75,0.162559792126123,-0.0272442952147524,0.162504989694631,-0.0271254195512818,-0.449890171678978,-0.00943002147485524,-0.0274589392119341,-0.449890171678978
295,0.162678547852221,-0.0271892336110995,0.162623227251123,-0.0270705981991976,-0.432387072152686,-0.00955572129072895,-0.0273777005817868,-0.432387072152686
295.25,0.162797062197044,-0.027133654363631,0.162741224479564,-0.0270152614619452,-0.414719598043303,-0.00970734765054792,-0.0272557208484753,-0.414719598043303
295.5,0.162915332904249,-0.0270775585304958,0.162858979133456,-0.0269594103930562,-0.396887164783671,-0.00988581859796388,-0.0270903702883127,-0.396887164783671
295.75,0.163033357722132,-0.0270209471796776,0.162976488970922,-0.0269030460558544,-0.378793846162941,-0.00975698950392534,-0.0250329207690518,-0.378793846162941
296,0.163151134403672,-0.026963821388975,0.163093751754743,-0.0268461695234357,-0.36047625092225,-0.00922366323289517,-0.0208228766671352,-0.36047625092225
296.25,0.16326866070657,-0.0269061822459807,0.163210765252405,-0.0267887818786472,-0.342056276409669,-0.0086222698942267,-0.0164241051375597,-0.342056276409669
296.5,0.163385934393294,-0.0268480308480608,0.163327527236139,-0.0267308842140668,-0.323537206705154,-0.00794988754738666,-0.0118351910319682,-0.323537206705154
296.75,0.163502953231123,-0.0267893683023341,0.163444035482967,-0.0266724776319828,-0.30492235876933,-0.00720356460932859,-0.00705476547370764,-0.30492235876933
297,0.163619714992186,-0.026730195725651,0.163560287774737,-0.0266135632443723,-0.290284775771252,-0.00262508146910808,-0.000449308758639061,-0.290284775771252
297.25,0.163736217453509,-0.0266705142445721,0.163676281898175,-0.0265541421728801,-0.287021332617617,0.00497602260587965,-0.00210469542234634,-0.287021332617617
297.5,0.163852458397051,-0.0266103249953467,0.16379201564492,-0.026494215548798,-0.28501988850993,0.0115659827909518,-0.00709130939489958,-0.28501988850993
297.75,0.163968435609753,-0.0265496291238913,0.163907486811568,-0.0264337845130424,-0.282915196208527,0.0181314019928016,-0.0121463429778916,-0.282915196208527
298,0.164084146883577,-0.0264884277857678,0.164022693199713,-0.0263728502161332,-0.275014838165285,0.0223144912363943,-0.0162196674143681,-0.275014838165285
298.25,0.164199590015545,-0.0264267221461616,0.164137632615994,-0.0263114138181715,-0.253802444135793,0.0210258811167839,-0.0177655904451389,-0.253802444135793
298.5,0.164314762807788,-0.026364513379859,0.164252302872129,-0.0262494764888178,-0.232690998256821,0.0198320334798644,-0.0191732944728566,-0.232690998256821
298.75,0.164429663067582,-0.0263018026712252,0.164366701784961,-0.0261870394072696,-0.211681945555737,0.0187340141506402,-0.0204455870359,-0.211681945555737
299,0.16454428860739,-0.0262385912141819,0.1644808271765,-0.0261241037622388,-0.190776678795101,0.0177328368142975,-0.0215852850322104,-0.190776678795101
299.25,0.164658637244909,-0.0261748802121839,0.164594676873964,-0.0260606707519295,-0.169976538420055,0.0168294629708088,-0.0225952138921904,-0.169976538420055
299.5,0.164772706803104,-0.026110670878197,0.164708248709818,-0.0259967415840147,-0.149282812517825,0.0160248019016397,-0.0234782067516679,-0.149282812517825
299.75,0.164886495110256,-0.0260459644346743,0.164821540521817,-0.0259323174756137,-0.128696736789305,0.015319710648564,-0.0242371036251093,-0.128696736789305
300,0.165,-0.0259807621135332,0.16493455015305,-0.0258673996532685,-0.108219494532774,0.0147149940045818,-0.0248747505792496,-0.108219494532774
300.25,0.165113219311366,-0.0259150651561319,0.165047275451976,-0.025801989352921,-0.0878522166397263,0.0142114045169289,-0.0253939989073114,-0.0878522166397263
300.5,0.165226150888821,-0.0258488748132458,0.165159714272467,-0.025736087819889,-0.0675959816026624,0.0138096425021254,-0.0257977043039625,-0.0675959816026624
300.75,0.165338792582312,-0.0257821923450436,0.165271864473851,-0.0256696963088427,-0.0474518155350781,0.0135103560731121,-0.0260887260412149,-0.0474518155350781
301,0.165451142247302,-0.0257150190210634,0.165383723920949,-0.0256028160837807,-0.0274206922033918,0.0133141411784063,-0.0262699261454105,-0.0274206922033918
301.25,0.165563197744816,-0.0256473561201884,0.165495290484119,-0.0255354484180062,-0.0075035330709199,0.013221541653259,-0.0263441685754609,-0.0075035330709199
301.5,0.165674956941478,-0.0255792049306228,0.165606562039294,-0.0254675945941023,0.0122987926461694,0.0132330492828101,-0.0263143184025221,0.0122987926461694
301.75,0.165786417709556,-0.0255105667498669,0.165717536468024,-0.0253992559039081,0.0319854679108791,0.0133491038772118,-0.0261832409912726,0.0319854679108791
302,0.165897577926996,-0.0254414428846928,0.165828211657517,-0.0253304336484938,0.0515557277856048,0.0135700933586528,-0.0259538011829335,0.0515557277856048
302.25,0.166008435477468,-0.0253718346511192,0.165938585500675,-0.0252611291381358,0.0710088593402959,0.0138963538603241,-0.0256288624802478,0.0710088593402959
302.5,0.166118988250405,-0.0253017433743866,0.16604865589614,-0.0251913436922921,0.090344201548828,0.0143281698372244,-0.0252112862345385,0.090344201548828
302.75,0.16622923414104,-0.0252311703889318,0.16615842074833,-0.0251210786395771,0.109561145173557,0.0148657741888033,-0.0247039308350323,0.109561145173557
303,0.166339171050451,-0.0251601170383627,0.166267877967482,-0.0250503353177361,0.128659132638048,0.015509348393389,-0.0241096509006054,0.128659132638048
303.25,0.166448796885597,-0.0250885846754328,0.166377025469686,-0.0249791150736199,0.147637657887985,0.0162590226544126,-0.0234312964741551,0.147637657887985
303.5,0.166558109559362,-0.025016574662015,0.166485861176933,-0.0249074192631593,0.166496266240477,0.0171148760582801,-0.0226717122196799,0.166496266240477
303.75,0.166667106990588,-0.0249440883690764,0.166594383017146,-0.0248352492513392,0.185234554221621,0.0180769367439611,-0.0218337366223178,0.185234554221621
304,0.166775787104122,-0.0248711271766513,0.166702588924227,-0.0247626064121726,0.203852169392477,0.0191451820841672,-0.0209202011914451,0.203852169392477
304.25,0.166884147830852,-0.0247976924738157,0.166810476838092,-0.0246894921286744,0.222348810163378,0.0203195388781428,-0.0199339296670549,0.222348810163378
304.5,0.166992187107745,-0.0247237856586605,0.166918044704709,-0.0246159077928352,0.240724225596872,0.0215998835559066,-0.0188777372294856,0.240724225596872
304.75,0.167099902877889,-0.0246494081382649,0.167025290476141,-0.0245418548055948,0.258978215199037,0.0229860423940405,-0.0177544297127833,0.258978215199037
305,0.167207293090531,-0.0245745613286698,0.167132212110585,-0.0244673345768151,0.277297325956454,0.0243811182940473,-0.0167011184060076,0.277297325956454
305.25,0.167314355701117,-0.0244992466548504,0.167238807572406,-0.024392348525254,0.301683802788289,0.0226571198857338,-0.0199661646537601,0.301683802788289
305.5,0.167421088671328,-0.0244234655506896,0.167345074832179,-0.0243168980785378,0.325970482135145,0.0209892778598977,-0.0230480938824984,0.325970482135145
305.75,0.167527489969123,-0.0243472194589504,0.16745101186673,-0.0242409846731343,0.350155098118985,0.0193794274645141,-0.0259496927367708,0.350155098118985
306,0.167633557568774,-0.0242705098312484,0.16755661665917,-0.0241646097543252,0.374235440270865,0.0178293493775313,-0.0286737695085201,0.374235440270865
306.25,0.167739289450907,-0.0241933381280245,0.167661887198937,-0.0240877747761789,0.398209353761309,0.0163407694846734,-0.0312231532421913,0.398209353761309
306.5,0.16784468360254,-0.0241157058185165,0.16776682148183,-0.0240104812015227,0.422074739617363,0.0149153586705547,-0.0336006928374605,0.422074739617363
306.75,0.16794973801712,-0.0240376143807318,0.167871417510052,-0.0239327305019147,0.445829554926334,0.0135547326230916,-0.0358092561497604,0.445829554926334
307,0.168054450694561,-0.0239590653014188,0.167975673292247,-0.0238545241576163,0.46947181302616,0.0122604516512619,-0.0378517290887996,0.46947181302616
307.25,0.168158819641287,-0.0238800600760387,0.168079586843533,-0.0237758636575634,0.492999583682395,0.0110340205162395,-0.039731014715267,0.492999583682395
307.5,0.168262842870262,-0.0238006002087371,0.168183156185546,-0.0236967504993387,0.516410993251817,0.00987688827589187,-0.0414500323359006,0.516410993251817
307.75,0.168366518401033,-0.0237206872123153,0.168286379346477,-0.0236171861891427,0.539660860468884,0.00881232316812573,-0.0429701141289666,0.539660860468884
308,0.16846984425977,-0.0236403226082017,0.168389254361104,-0.023537172241765,0.561398448863026,0.00852821433076822,-0.0430214650183309,0.561398448863026
308.25,0.168572818479295,-0.0235595079264223,0.168491779270835,-0.0234567101805559,0.58312855021324,0.00827040274751581,-0.0430685793113123,0.58312855021324
308.5,0.168675439099129,-0.0234782447055724,0.168593952123745,-0.0233758015373971,0.604853137690667,0.00803650644578633,-0.0431120211638306,0.604853137690667
308.75,0.168777704165522,-0.0233965344927864,0.168695770974608,-0.0232944478526726,0.626574195270729,0.00782413229838025,-0.0431523022834132,0.626574195270729
309,0.168879611731495,-0.0233143788437091,0.168797233884942,-0.0232126506752391,0.64829371682162,0.00763087694277084,-0.0431898817541061,0.64829371682162
309.25,0.168981159856875,-0.0232317793224656,0.168898338923038,-0.0231304115623971,0.670013705190281,0.00745432770293671,-0.0432251658754728,0.670013705190281
309.5,0.169082346608333,-0.0231487375016316,0.168999084164002,-0.0230477320798608,0.691736171286055,0.00729206351351474,-0.0432585080156475,0.691736171286055
309.75,0.169183170059418,-0.0230652549622038,0.169099467689791,-0.0229646138017282,0.713463133162173,0.00714165584609843,-0.0432902084785806,0.713463133162173
310,0.169283628290596,-0.0229813332935693,0.169199487589246,-0.0228810583104516,0.735196615095384,0.00700066963745545,-0.0433205143854197,0.735196615095384
310.25,0.169383719389289,-0.0228969740934759,0.169299141958132,-0.0227970671968071,0.756938646663802,0.00686666421947208,-0.0433496195701055,0.756938646663802
310.5,0.169483441449906,-0.0228121789680009,0.169398428899175,-0.0227126420598645,0.778691261823309,0.00673719425060943,-0.0433776644891494,0.778691261823309
310.75,0.169582792573882,-0.0227269495315215,0.169497346522094,-0.0226277845069566,0.800456497982554,0.00660981064868688,-0.0434047361457158,0.800456497982554
311,0.169681770869715,-0.0226412874066832,0.16959589294364,-0.0225424961536489,0.822236395076969,0.00648206152475497,-0.0434308680278737,0.822236395076969
311.25,0.169780374453002,-0.0225551942243693,0.169694066287631,-0.0224567786237088,0.844032994641803,0.00635149311788483,-0.0434560400611724,0.844032994641803
311.5,0.169878601446472,-0.0224686716236701,0.169791864684989,-0.0223706335490744,0.865848338884475,0.00621565073065387,-0.0434801785755139,0.865848338884475
311.75,0.169976449980025,-0.022381721251851,0.169889286273772,-0.0222840625698239,0.887684469756455,0.00607207966511713,-0.0435031562862698,0.887684469756455
312,0.170073918190766,-0.0222943447643218,0.169986329199215,-0.0221970673341438,0.909543428024889,0.00591832615906662,-0.0435247922897107,0.909543428024889
312.25,0.17017100422304,-0.022206543824605,0.170082991613759,-0.022109649498298,0.931427252344098,0.00575193832237371,-0.0435448520727649,0.931427252344098
312.5,0.17026770622847,-0.0221183201043037,0.170179271677091,-0.0220218107265962,0.953337978327221,0.00557046707320227,-0.043563047537049,0.953337978327221
312.75,0.170364022365988,-0.0220296752830706,0.170275167556179,-0.0219335526913619,0.975277637618245,0.00537146707388844,-0.0435790370371919,0.975277637618245
313,0.170459950801875,-0.0219406110485751,0.170370677425303,-0.0218448770729009,0.997248256964488,0.00515249766628967,-0.0435924254335144,0.997248256964488
313.25,0.170555489709791,-0.021851129096472,0.170465799466092,-0.0217557855594691,1.01925185728993,0.00491112380637813,-0.0436027641588907,1.01925185728993
313.5,0.170650637270813,-0.0217612311303686,0.17056053186756,-0.0216662798472405,1.03950789954283,0.00567642901843478,-0.0424120435215439,1.03950789954283
313.75,0.170745391673468,-0.0216709188617927,0.170654872826139,-0.021576361640275,1.05956863226557,0.00655818950048973,-0.0411020456986088,1.05956863226557
314,0.17083975111377,-0.0215801940101596,0.170748820545712,-0.0214860326504854,1.07948436984401,0.00752718149009427,-0.0397104078966077,1.07948436984401
314.25,0.17093371379525,-0.0214890583027396,0.170842373237651,-0.0213952945976057,1.09925477944144,0.00858334020881026,-0.0382401452264048,1.09925477944144
314.5,0.171027277928995,-0.0213975134746255,0.170935529120847,-0.0213041492091574,1.1188795839636,0.00972654624303086,-0.0366942638115533,1.1188795839636
314.75,0.171120441733679,-0.0213055612686986,0.171028286421747,-0.0212125982204175,1.13835856183778,0.0109566257725012,-0.0350757599179314,1.13835856183778
315,0.171213203435596,-0.0212132034355964,0.171120643374385,-0.0211206433743848,1.15769154677901,0.0122733508115886,-0.0333876190873796,1.15769154677901
315.25,0.171305561268699,-0.0211204417336791,0.171212598220418,-0.021028286421747,1.1768784275437,0.0136764394631676,-0.0316328152754434,1.1768784275437
315.5,0.171397513474625,-0.0210272779289955,0.171304149209157,-0.0209355291208473,1.19591914767066,0.015165556185094,-0.0298143099934429,1.19591914767066
315.75,0.17148905830274,-0.0209337137952504,0.171395294597606,-0.0208423732376511,1.21481370520955,0.0167403120692039,-0.0279350514550411,1.21481370520955
316,0.17158019401016,-0.0208397511137699,0.171486032650485,-0.0207488205457121,1.23356215243689,0.0184002651327575,-0.0259979737274701,1.23356215243689
316.25,0.171670918861793,-0.0207453916734681,0.171576361640275,-0.0206548728261386,1.25216459555964,0.0201449206222646,-0.0240059958876125,1.25216459555964
316.5,0.171761231130369,-0.0206506372708126,0.171666279847241,-0.0205605318675599,1.27062119440652,0.0219737313295913,-0.0219620211830759,1.27062119440652
316.75,0.171851129096472,-0.0205554897097908,0.171755785559469,-0.0204657994660919,1.28893216210697,0.023886097920327,-0.0198689361984773,1.28893216210697
317,0.171940611048575,-0.0204599508018749,0.171844877072901,-0.0203706774253028,1.30709776475805,0.0258813692742895,-0.0177296100270854,1.30709776475805
317.25,0.172029675283071,-0.0203640223659882,0.171933552691362,-0.0202751675561792,1.32730011432424,0.0267851587488763,-0.0176402776004005,1.32730011432424
317.5,0.172118320104304,-0.0202677062284698,0.172021810726596,-0.0201792716770914,1.35114257250186,0.0257032385137239,-0.0210225914724333,1.35114257250186
317.75,0.172206543824605,-0.02017100422304,0.172109649498298,-0.0200829916137586,1.37486692403548,0.0246433349096387,-0.0242200445675913,1.37486692403548
318,0.172294344764322,-0.0200739181907657,0.172197067334144,-0.0199863291992145,1.39847073489854,0.023607450464775,-0.0272355033421859,1.39847073489854
318.25,0.172381721251851,-0.019976449980025,0.172284062569824,-0.0198892862737722,1.42195163067639,0.0225975299330069,-0.0300718596042083,1.42195163067639
318.5,0.17246867162367,-0.0198786014464721,0.172370633549074,-0.019791864684989,1.4453072968591,0.0216154600092675,-0.0327320295419729,1.4453072968591
318.75,0.172555194224369,-0.0197803744530021,0.172456778623709,-0.0196940662876315,1.46853547911973,0.0206630690594929,-0.0352189527494333,1.46853547911973
319,0.172641287406683,-0.0196817708697152,0.172542496153649,-0.0195958929436403,1.49163398357789,0.0197421268651012,-0.0375355912483791,1.49163398357789
319.25,0.172726949531521,-0.0195827925738817,0.172627784506957,-0.0194973465220943,1.51460067704871,0.0188543443821497,-0.0396849285077319,1.51460067704871
319.5,0.172812178968001,-0.0194834414499055,0.172712642059864,-0.0193984288991754,1.53635015003645,0.0185121947056178,-0.040047048988341,1.53635015003645
319.75,0.172896974093476,-0.0193837193892889,0.172797067196807,-0.0192991419581325,1.55789005773514,0.0182564329399748,-0.0401950742945584,1.55789005773514
320,0.172981333293569,-0.0192836282905962,0.172881058310452,-0.0191994875892458,1.57934853255364,0.0180263150480998,-0.0403238326530196,1.57934853255364
320.25,0.173065254962204,-0.0191831700594176,0.172964613801728,-0.0190994676897908,1.60072714258536,0.0178198687792652,-0.0404351159998919,1.60072714258536
320.5,0.173148737501632,-0.0190823466083329,0.173047732079861,-0.0189990841640024,1.62202749188192,0.0176350869943819,-0.0405306711946191,1.62202749188192
320.75,0.173231779322466,-0.0189811598568755,0.173130411562397,-0.018898338923038,1.64325121965565,0.0174699284711533,-0.0406121994435507,1.64325121965565
321,0.173314378843709,-0.0188796117314951,0.173212650675239,-0.0187972338849419,1.66439999947363,0.0173223187176808,-0.0406813557358693,1.66439999947363
321.25,0.173396534492786,-0.0187777041655218,0.173294447852673,-0.0186957709746083,1.68547553844335,0.0171901507944858,-0.0407397482922056,1.68547553844335
321.5,0.173478244705572,-0.0186754390991286,0.173375801537397,-0.0185939521237447,1.70647957639013,0.0170712861446542,-0.0407889380258503,1.70647957639013
321.75,0.173559507926422,-0.018572818479295,0.173456710180556,-0.0184917792708353,1.72741388502657,0.0169635554319683,-0.0408304380167705,1.72741388502657
322,0.173640322608202,-0.0184698442597698,0.173537172241765,-0.0183892543611039,1.74828026711426,0.0168647593868443,-0.0408657129985457,1.74828026711426
322.25,0.173720687212315,-0.0183665184010335,0.173617186189143,-0.0182863793464769,1.76908055561768,0.0167726696598784,-0.0408961788583218,1.76908055561768
322.5,0.173800600208737,-0.0182628428702616,0.173696750499339,-0.0181831561855465,1.78981661285087,0.0166850296827858,-0.0409232021498286,1.78981661285087
322.75,0.173880060076039,-0.0181588196412868,0.173775863657563,-0.0180795868435328,1.81049032961668,0.0165995555366147,-0.0409480996197121,1.81049032961668
323,0.173959065301419,-0.0180544506945614,0.173854524157616,-0.0179756732922467,1.83110362433906,0.0165139368269592,-0.0409721377471154,1.83110362433906
323.25,0.174037614380732,-0.0179497380171198,0.173932730501915,-0.0178714175100525,1.85165844218842,0.0164258375660331,-0.0409965322967148,1.85165844218842
323.5,0.174115705818517,-0.0178446836025402,0.174010481201523,-0.01776682148183,1.87215675420039,0.0163328970614016,-0.0410224478852873,1.87215675420039
323.75,0.174193338128024,-0.0177392894509075,0.174087774776179,-0.0176618871989368,1.89260055638801,0.0162327308111592,-0.0410509975618801,1.89260055638801
324,0.174270509831248,-0.0176335575687742,0.174164609754325,-0.0175566166591704,1.9129918688477,0.0161229314053746,-0.0410832424016969,1.9129918688477
324.25,0.17434721945895,-0.017527489969123,0.174240984673134,-0.0174510118667302,1.93333273485915,0.0160010694335921,-0.0411201911137718,1.93333273485915
324.5,0.17442346555069,-0.0174210886713282,0.174316898078538,-0.017345074832179,1.95362521997929,0.0158646943981954,-0.0411627996625195,1.95362521997929
324.75,0.17449924665485,-0.017314355701117,0.174392348525254,-0.0172388075724055,1.97387141113056,0.0157113356334453,-0.041211970903283,1.97387141113056
325,0.17457456132867,-0.0172072930905314,0.174467334576815,-0.017132212110585,1.99407341568379,0.0155385032299644,-0.0412685542318906,1.99407341568379
325.25,0.174649408138265,-0.0170999028778891,0.174541854805595,-0.0170252904761415,2.01423336053568,0.0153436889644805,-0.0413333452483267,2.01423336053568
325.5,0.17472378565866,-0.016992187107745,0.174615907792835,-0.0169180447047087,2.03435339118127,0.0151243672346438,-0.04140708543466,2.03435339118127
325.75,0.174797692473816,-0.0168841478308521,0.174689492128674,-0.0168104768380916,2.05443567078154,0.0148779959986662,-0.0414904618471569,2.05443567078154
326,0.174871127176651,-0.0167757871041224,0.174762606412173,-0.0167025889242273,2.07448237922629,0.0146020177196385,-0.0415841068228247,2.07448237922629
326.25,0.174944088369076,-0.0166671069905881,0.174835249251339,-0.0165943830171461,2.09449571219264,0.0142938603142509,-0.0416885977002584,2.09449571219264
326.5,0.175016574662015,-0.0165581095593617,0.174907419263159,-0.0164858611769325,2.11447788019918,0.0139509381057691,-0.041804456555023,2.11447788019918
326.75,0.175088584675433,-0.0164487968855974,0.17497911507362,-0.0163770254696861,2.13425771546099,0.01367625138494,-0.0417697278130411,2.13425771546099
327,0.175160117038363,-0.0163391710504508,0.175050335317736,-0.0162678779674816,2.15241810779635,0.0143377211205525,-0.0402835245083413,2.15241810779635
327.25,0.175231170388932,-0.0162292341410398,0.175121078639577,-0.0161584207483303,2.17041118951469,0.0150553727121565,-0.0387308730690217,2.17041118951469
327.5,0.175301743374387,-0.0161189882504047,0.175191343692292,-0.0160486558961398,2.18823687320803,0.0158289373423483,-0.037114907831919,2.18823687320803
327.75,0.175371834651119,-0.0160084354774683,0.175261129138136,-0.0159385855006746,2.20589513183691,0.0166580879476931,-0.035438751000125,2.20589513183691
328,0.175441442884693,-0.0158975779269962,0.175330433648494,-0.0158282116575166,2.2233859984659,0.0175424394900078,-0.0337055116920229,2.2233859984659
328.25,0.175510566749867,-0.0157864177095561,0.175399255903908,-0.0157175364680244,2.24070956598495,0.01848154924168,-0.0319182849948922,2.24070956598495
328.5,0.175579204930623,-0.0156749569414785,0.175467594594102,-0.0156065620392942,2.25786598681682,0.0194749170848913,-0.0300801510232431,2.25786598681682
328.75,0.175647356120188,-0.0155631977448157,0.175535448418006,-0.0154952904841192,2.2748554726106,0.0205219858247408,-0.0281941739821117,2.2748554726106
329,0.175715019021063,-0.0154511422473016,0.175602816083781,-0.0153837239209493,2.29167829392139,0.0216221415161327,-0.0262634012354719,2.29167829392139
329.25,0.175782192345044,-0.0153387925823116,0.175669696308843,-0.0152718644738511,2.30833477987625,0.0227747138043579,-0.0242908623799766,2.30833477987625
329.5,0.175848874813246,-0.0152261508888211,0.175736087819889,-0.0151597142724673,2.32482531782642,0.0239789762793645,-0.0222795683242548,2.32482531782642
329.75,0.175915065156132,-0.0151132193113658,0.175801989352921,-0.015047275451976,2.34115035298607,0.0252341468435116,-0.0202325103738752,2.34115035298607
330,0.175980762113533,-0.015,0.175867399653269,-0.0149345501530502,2.35731038805737,0.0265393880928393,-0.0181526593222718,2.35731038805737
330.25,0.176045964434674,-0.0148864951102563,0.175932317475614,-0.0148215405218173,2.37330598284231,0.0278938077116795,-0.0160429645477209,2.37330598284231
330.5,0.176110670878197,-0.014772706803104,0.175996741584015,-0.0147082487098175,2.38918563235828,0.0292687392498456,-0.0139598338823637,2.38918563235828
330.75,0.176174880212184,-0.0146586372449087,0.176060670751929,-0.0145946768739639,2.40782067941498,0.0289889712604216,-0.0150596391739831,2.40782067941498
331,0.176238591214182,-0.0145442886073901,0.176124103762239,-0.0144808271765003,2.42629505600002,0.0287309198892339,-0.0160375966153855,2.42629505600002
331.25,0.176301802671225,-0.0144296630675816,0.17618703940727,-0.014366701784961,2.44460739438864,0.0284956060484872,-0.0168969094593219,2.44460739438864
331.5,0.176364513379859,-0.0143147628077883,0.176249476488818,-0.0142523028721288,2.46275639237414,0.0282839877843771,-0.0176407911841067,2.46275639237414
331.75,0.176426722146162,-0.0141995900155453,0.176311413818172,-0.0141376326159942,2.48074081334681,0.0280969602047631,-0.0182724644386763,2.48074081334681
332,0.176488427785768,-0.0140841468835767,0.176372850216133,-0.0140226931997135,2.49855948635693,0.0279353554226533,-0.0187951599872571,2.49855948635693
332.25,0.176549629123891,-0.0139684356097533,0.176433784513042,-0.0139074868115676,2.51621130616199,0.0277999425154201,-0.0192121156538593,2.51621130616199
332.5,0.176610324995347,-0.013852458397051,0.176494215548798,-0.01379201564492,2.53369523325822,0.0276914274997035,-0.0195265752668089,2.53369523325822
332.75,0.176670514244572,-0.0137362174535087,0.17655414217288,-0.0136762818981753,2.55101029389619,0.0276104533221328,-0.0197417876035684,2.55101029389619
333,0.176730195725651,-0.0136197149921864,0.176613563244372,-0.0135602877747372,2.56815558008074,0.027557599865706,-0.019861005336047,2.56815558008074
333.25,0.176789368302334,-0.013502953231123,0.176672477631983,-0.0134440354829666,2.58513024955511,0.0275333839718927,-0.0198874839766247,2.58513024955511
333.5,0.176848030848061,-0.0133859343932943,0.176730884214067,-0.0133275272361396,2.60193352576935,0.0275382594784463,-0.0198244808251292,2.60193352576935
333.75,0.176906182245981,-0.01326866070657,0.176788781878647,-0.0132107652524051,2.618564697833,0.0275726172728603,-0.0196752539169703,2.618564697833
334,0.176963821388975,-0.0131511344036723,0.176846169523436,-0.0130937517547432,2.63502312045198,0.0276367853615235,-0.0194430609726744,2.63502312045198
334.25,0.177020947179678,-0.0130333577221325,0.176903046055854,-0.0129764889709222,2.65130821385,0.0277310289544357,-0.01913115834901,2.65130821385
334.5,0.177077558530496,-0.0129153329042489,0.176959410393056,-0.0128589791334563,2.66741946367409,0.0278555505655852,-0.0187427999919685,2.66741946367409
334.75,0.177133654363631,-0.0127970621970437,0.177015261461945,-0.0127412244795635,2.68335642088472,0.0280104901288369,-0.0182812363917763,2.68335642088472
335,0.177189233611099,-0.012678547852221,0.177070598199198,-0.0126232272511228,2.69911870163013,0.0281959251294103,-0.0177497135402024,2.69911870163013
335.25,0.177244295214752,-0.0125597921261228,0.177125419551282,-0.0125049896946311,2.71470598710536,0.0284118707507681,-0.0171514718903329,2.71470598710536
335.5,0.177298838126296,-0.0124407972796872,0.177179724474478,-0.0123865140611613,2.73011802339547,0.0286582800370778,-0.0164897453191004,2.73011802339547
335.75,0.177352861307313,-0.0123215655784043,0.177233511934899,-0.0122678026063184,2.74535462130367,0.0289350440709384,-0.0157677600926958,2.74535462130367
336,0.177406363729278,-0.012202099292274,0.177286780908509,-0.0121488575901976,2.76041565616361,0.0292419921666198,-0.0149887338351859,2.76041565616361
336.25,0.177459344373583,-0.0120824006957621,0.177339530381144,-0.0120296812773406,2.77530106763669,0.0295788920784853,-0.0141558745004549,2.77530106763669
336.5,0.177511802231554,-0.0119624720677574,0.177391759348529,-0.0119102759366923,2.79001085949385,0.029945450224745,-0.01327237934775,2.79001085949385
336.75,0.177563736304467,-0.011842315691528,0.177443466816301,-0.0117906438415586,2.80454509938207,0.0303413119264242,-0.0123414339210489,2.80454509938207
337,0.177615145603573,-0.0117219338546782,0.177494651800023,-0.011670787269562,2.81953015130533,0.0302818985569999,-0.0147503258806544,2.81953015130533
337.25,0.177666029150114,-0.0116013288491046,0.177545313325208,-0.0115507085025988,2.83567840992331,0.0301806771214396,-0.0169906980224336,2.83567840992331
337.5,0.177716385975339,-0.0114805029709527,0.177595450427333,-0.0114304098267957,2.85179169671039,0.0300755145230388,-0.0189991320554918,2.85179169671039
337.75,0.177766215120527,-0.011359458520573,0.177645062151859,-0.0113098935324661,2.86759061406686,0.0299557278329783,-0.0206686856815413,2.86759061406686
338,0.177815515637004,-0.0112381978024774,0.177694147554252,-0.0111891619140665,2.88234217723573,0.0298263893591016,-0.0209053553087984,2.88234217723573
338.25,0.177864286586158,-0.0111167231252951,0.177742705699996,-0.0110682172701529,2.89693230086065,0.0297135418622498,-0.021097892869118,2.89693230086065
338.5,0.177912527039461,-0.0109950368017289,0.177790735664613,-0.0109470619033369,2.91136126118584,0.0296166334717276,-0.0212493752788464,2.91136126118584
338.75,0.177960236078484,-0.0108731411485111,0.177838236533683,-0.0108256981202422,2.92562939754687,0.0295350519903622,-0.0213628628497421,2.92562939754687
339,0.178007412794916,-0.010751038486359,0.177885207402857,-0.0107041282314601,2.93973711204455,0.0294681252257777,-0.0214413982745825,2.93973711204455
339.25,0.17805405629058,-0.0106287311399315,0.177931647377878,-0.0105823545515062,2.95368486920372,0.0294151213367886,-0.0214880056181371,2.95368486920372
339.5,0.178100165677452,-0.010506221437784,0.177977555574595,-0.0104603793987758,2.96747319561689,0.0293752491948086,-0.0215056893136977,2.96747319561689
339.75,0.178145740077675,-0.0103835117123248,0.178022931118983,-0.0103382050954999,2.98110267957283,0.0293476587603009,-0.021497433165451,2.98110267957283
340,0.178190778623577,-0.0102606042997701,0.178067773147157,-0.0102158339677012,2.99457397067039,0.0293314414739915,-0.0214661993567896,2.99457397067039
340.25,0.178235280457691,-0.0101375015400998,0.178112080805388,-0.0100932683451496,3.00788777941722,0.029325630663006,-0.0214149274649213,3.00788777941722
340.5,0.178279244732765,-0.0100142057770131,0.178155853250124,-0.00997051056131786,3.021044876814,0.0293292019615744,-0.0213465334818318,3.021044876814
340.75,0.178322670611784,-0.00989071935788361,0.178199089648,-0.00984756295333716,3.03404609392383,0.0293410737464317,-0.0212639088419364,3.03404609392383
341,0.178365557267979,-0.00976704463371473,0.178241789175857,-0.00972442786195283,3.04689232142716,0.0293601075866659,-0.0211699194565483,3.04689232142716
341.25,0.178407903884853,-0.00964318395909486,0.178283951020758,-0.00960110763147943,3.05958450916226,0.0293851087079935,-0.0210674047554075,3.05958450916226
341.5,0.178449709656186,-0.00951913969215276,0.178325574380002,-0.00947760460975642,3.07212366565126,0.0294148264713375,-0.0209591767354701,3.07212366565126
341.75,0.178490973786056,-0.00939491419451251,0.17836665846114,-0.00935392114810336,3.08451085761201,0.0294479548655757,-0.0208480190171383,3.08451085761201
342,0.178531695488855,-0.00927050983124843,0.17840720248199,-0.00923005960127498,3.09674720945586,0.0294831330143889,-0.020736685908162,3.09674720945586
342.25,0.178571873989298,-0.00914592897084031,0.178447205670654,-0.00910602232741664,3.10883390277123,0.0295189456970931,-0.0206279014754098,3.10883390277123
342.5,0.178611508522447,-0.00902117398512822,0.178486667265527,-0.00898181168801928,3.12077217579349,0.0295539238832952,-0.0205243586246722,3.12077217579349
342.75,0.178650598333716,-0.00889624724926713,0.178525586515318,-0.00885743004787433,3.13256332286089,0.0295865452813081,-0.0204287181887356,3.13256332286089
343,0.178689142678891,-0.00877115114168209,0.178563962679061,-0.00873287977502898,3.14420869385682,0.0296152349002102,-0.020343608023925,3.14420869385682
343.25,0.178727140824144,-0.0086458880440227,0.178601795026128,-0.00860816324074095,3.15570969363867,0.0296383656253446,-0.0202716221152473,3.15570969363867
343.5,0.178764592046046,-0.00852046034111768,0.178639082836247,-0.00848328281943315,3.16706778145306,0.0296542588072419,-0.0202153196904104,3.16706778145306
343.75,0.178801495631578,-0.0083948704209298,0.17867582539951,-0.00835824088864892,3.17833714868465,0.0296216276809451,-0.0202471405488096,3.17833714868465
344,0.17883785087815,-0.00826912067450999,0.178712022016394,-0.00823303982900626,3.18952427637952,0.0295345383217808,-0.020372386903836,3.18952427637952
344.25,0.178873657093609,-0.00814321349595223,0.178747671997766,-0.00810768202415293,3.20055103196598,0.0294510303575304,-0.0204874836771575,3.20055103196598
344.5,0.178908913596259,-0.00801715128234774,0.178782774664901,-0.00798216986072088,3.21141823740028,0.0293700734882548,-0.020595378078435,3.21141823740028
344.75,0.178943619714864,-0.00789093643373926,0.178817329349497,-0.00785650572828068,3.2221267759533,0.0292905790884859,-0.0206989935272462,3.2221267759533
345,0.178977774788672,-0.00776457135307562,0.178851335393681,-0.00773069201929632,3.23267759178584,0.0292114006357046,-0.0208012286646631,3.23267759178584
345.25,0.179011378167418,-0.00763805844616583,0.178884792150028,-0.00760473112907949,3.24307168950952,0.0291313341534307,-0.0209049563714134,3.24307168950952
345.5,0.179044429211343,-0.00751140012163326,0.178917698981568,-0.00747862545574396,3.25331013373257,0.0290491186691311,-0.0210130227930081,3.25331013373257
345.75,0.179076927291203,-0.00738459879086979,0.178950055261804,-0.00735237740015992,3.26339404859124,0.0289634366866116,-0.0211282463719083,3.26339404859124
346,0.17910887178828,-0.00725765686799004,0.178981860374718,-0.00722598936590843,3.27332461726657,0.0288729146729107,-0.0212534168870089,3.27332461726657
346.25,0.179140262094398,-0.0071305767697852,0.179013113714787,-0.00709946375923546,3.28310308148662,0.0287761235596162,-0.0213912945006708,3.28310308148662
346.5,0.17917109761193,-0.00700336091567718,0.179043814686993,-0.00697280298900617,3.29282039308626,0.0286018088020132,-0.021643362785145,3.29282039308626
346.75,0.179201377753813,-0.00687601172767243,0.179073962706833,-0.00684600946665902,3.30247701916595,0.0283485605620299,-0.0220064664309039,3.30247701916595
347,0.179231101943557,-0.00674853163031596,0.179103557200332,-0.00671908560615996,3.31201651538025,0.0280595229944534,-0.0224169596971088,3.31201651538025
347.25,0.179260269615255,-0.00662092305064505,0.179132597604054,-0.00659203382395631,3.32144107793851,0.0277323237745486,-0.0228767807064006,3.32144107793851
347.5,0.179288880213598,-0.00649318841814309,0.179161083365111,-0.00646485653893085,3.3307529463709,0.0273645501714449,-0.023387819999213,3.3307529463709
347.75,0.17931693319388,-0.0063653301646934,0.179189013941175,-0.00633755617235579,3.33995440273723,0.0269537498426755,-0.023951919825465,3.33995440273723
348,0.179344428022014,-0.0062373507245328,0.17921638880049,-0.00621013514784661,3.34904777082486,0.0264974316394611,-0.0245708734482873,3.34904777082486
348.25,0.179371364174538,-0.00610925253420532,0.179243207421875,-0.0060825958913159,3.35803541533612,0.0259930664224655,-0.0252464244597941,3.35803541533612
348.5,0.179397741138625,-0.00598103803251589,0.179269469294745,-0.00595494083092729,3.36554624274917,0.0258993504135777,-0.0248564300209712,3.36554624274917
348.75,0.179423558412097,-0.00585270966048386,0.179295173919111,-0.00582717239704918,3.37265672552618,0.0258672838806289,-0.0243166689094917,3.37265672552618
349,0.17944881550343,-0.00572426986129634,0.179320320805593,-0.00569929302220826,3.37957137400648,0.0258282241776659,-0.0237990865112107,3.37957137400648
349.25,0.179473511931765,-0.00559572108026207,0.179344909475431,-0.00557130514104361,3.38629146125012,0.0257807673433159,-0.0233068639652426,3.38629146125012
349.5,0.179497647226919,-0.00546706576476444,0.179368939460493,-0.00544321119025988,3.39281832591494,0.025723447682501,-0.022843153554363,3.39281832591494
349.75,0.179521220929389,-0.00533830636421525,0.179392410303282,-0.00531501360858132,3.3991533717687,0.025654738256641,-0.0224110776587395,3.3991533717687
350,0.179544232590366,-0.00520944533000794,0.179415321556947,-0.00518671483670512,3.40529806718573,0.0255730513893807,-0.0220137277170754,3.40529806718573
350.25,0.179566681771742,-0.00508048511547075,0.179437672785291,-0.00505831731725487,3.41125394462798,0.0254767391878442,-0.0216541631954625,3.41125394462798
350.5,0.179588568046117,-0.00495142817582032,0.179459463562778,-0.0049298234947343,3.41702260011059,0.025364094079226,-0.0213354105641084,3.41702260011059
350.75,0.179609890996807,-0.00482227696811481,0.179480693474544,-0.00480123581548064,3.42260569265206,0.0252333493626957,-0.0210604622822227,3.42260569265206
351,0.179630650217854,-0.00469303395120693,0.179501362116402,-0.00467255672761782,3.42800494370951,0.0250826797763502,-0.0208322757911638,3.42800494370951
351.25,0.179650845314033,-0.00456370158569749,0.17952146909485,-0.00454378868101026,3.43322213659833,0.0249102020793217,-0.0206537725162415,3.43322213659833
351.5,0.179670475900857,-0.00443428233388834,0.179541014027082,-0.004414934127216,3.43825911589741,0.0247139756486405,-0.0205278368771671,3.43825911589741
351.75,0.17968954160459,-0.00430477865973538,0.179559996540988,-0.00428599551943989,3.44311778683911,0.0244920030909955,-0.0204573153075803,3.44311778683911
352,0.179708042062247,-0.00417519302880198,0.17957841627517,-0.00415697531248725,3.44780011468468,0.0242422308690666,-0.0204450152836996,3.44780011468468
352.25,0.179725976921606,-0.00404552790821171,0.179596272878943,-0.00402787596271681,3.45230812408511,0.0239625499424003,-0.0204937043623918,3.45230812408511
352.5,0.179743345841214,-0.00391578576660155,0.179613566012342,-0.00389869992799407,3.45664389842747,0.0236507964226487,-0.0206061092288296,3.45664389842747
352.75,0.179760148490391,-0.0037859690740749,0.179630295346132,-0.00376944966764458,3.46080957916694,0.0233047522430765,-0.0207849147539724,3.46080957916694
353,0.17977638454924,-0.00365608030215444,0.179646460561809,-0.00364012764240697,3.46480736514469,0.0229221458421383,-0.0210327630620314,3.46480736514469
353.25,0.179792053708648,-0.00352612192373513,0.179662061351611,-0.00351073631438615,3.46863951189168,0.022500652861055,-0.0213522526081746,3.46863951189168
353.5,0.179807155670298,-0.00339609641303721,0.179677097418522,-0.00338127814700654,3.47230833091866,0.0220378968551681,-0.0217459372666092,3.47230833091866
353.75,0.17982169014667,-0.00326600624555895,0.179691568476277,-0.00325175560496503,3.4758161889923,0.0215314500189794,-0.0222163254292831,3.4758161889923
354,0.179835656861048,-0.0031358538980296,0.179705474249368,-0.00312217115418407,3.47924411600622,0.0210539986169907,-0.0226491898998949,3.47924411600622
354.25,0.179849055547527,-0.00300564184836229,0.179718814473049,-0.00299252726176488,3.48316069675174,0.0211649116961544,-0.0221908600143267,3.48316069675174
354.5,0.179861885951015,-0.00287537257560673,0.17973158889334,-0.00286282639594026,3.48692528240268,0.0212642900255988,-0.0217851248277933,3.48692528240268
354.75,0.17987414782724,-0.00274504855990207,0.179743797267037,-0.00273307102602771,3.49053961999333,0.0213503130067257,-0.0214345780395084,3.49053961999333
355,0.179885840942752,-0.00261467228242975,0.179755439361708,-0.00260326362238249,3.49400551141786,0.0214211082958549,-0.0211417784030726,3.49400551141786
355.25,0.179896965074933,-0.00248424622536612,0.179766514955705,-0.0024734066563504,3.49732481286097,0.0214747523748381,-0.0209092488406673,3.49732481286097
355.5,0.179907520011994,-0.00235377287183537,0.179777023838165,-0.00234350260022096,3.50049943421548,0.0215092711348504,-0.0207394755657017,3.50049943421548
355.75,0.179917505552985,-0.00222325470586198,0.179786965809014,-0.00221355392718004,3.50353133848645,0.0215226404734431,-0.0206349072142457,3.50353133848645
356,0.179926921507795,-0.00209269421232374,0.17979634067897,-0.00208356311126312,3.50642254118228,0.0215127869045575,-0.0205979539853127,3.50642254118228
356.25,0.179935767697158,-0.00196209387690431,0.179805148269551,-0.00195353262730801,3.50917510969304,0.0214775881814308,-0.0206309867902125,3.50917510969304
356.5,0.179944043952656,-0.00183145618604571,0.179813388413072,-0.00182346495090758,3.51179116265563,0.0214148739323392,-0.0207363364112251,3.51179116265563
356.75,0.17995175011672,-0.00170078362690131,0.179821060952653,-0.00169336255836295,3.51427286930655,0.0213224263089052,-0.0209162926696575,3.51427286930655
357,0.179958886042637,-0.00157007868728833,0.179828165742219,-0.00156322792663619,3.51662244882189,0.0211979806469724,-0.0211731036035823,3.51662244882189
357.25,0.179965451594549,-0.00143934385564032,0.179834702646506,-0.001433063533303,3.51944822501195,0.0204651668717112,-0.0220073126566106,3.51944822501195
357.5,0.179971446647456,-0.00130858162096006,0.17984067154106,-0.00130287185650585,3.52494644245446,0.0170420261105218,-0.0251677178445646,3.52494644245446
357.75,0.179976871087222,-0.00117779447277207,0.179846072312242,-0.00117265537490666,3.5350944967488,0.0100483560409853,-0.028435623832125,3.5350944967488
358,0.179981724810573,-0.00104698490107502,0.17985090485723,-0.00104241656763942,3.55031011166811,-0.000380031443357634,-0.0293786484830862,3.55031011166811
358.25,0.179986007725101,-0.00091615539629471,0.179855169084018,-0.000912157914263396,3.56990860455304,-0.0034505950294984,-0.016166435932733,3.56990860455304
358.5,0.179989719749267,-0.000785308449236206,0.179858864911423,-0.000781881894715481,3.58204131901234,-0.000849871186170039,-0.00766763405877195,3.58204131901234
358.75,0.179992860812397,-0.000654446551036827,0.17986199226908,-0.000651590989263348,3.58153795014646,-0.000249501873650711,-0.00742750402025847,3.58153795014646
359,0.179995430854692,-0.000523572193118533,0.17986455109745,-0.000521287678458082,3.58114099650511,0.000226772931676815,-0.00722929931377495,3.58114099650511
359.25,0.17999742982722,-0.000392687867140343,0.179866541347815,-0.000390974443086784,3.58085143137413,0.00057797843383082,-0.00707084073021841,3.58085143137413
359.5,0.179998857691925,-0.000261796064951209,0.179867962982285,-0.000260653764125668,3.58067019536288,0.000803172849905005,-0.00694993212438125,3.58067019536288
359.75,0.179999714421622,-0.000130899278542423,0.179868815973793,-0.00013032812269266,3.58059819614476,0.000901447669590339,-0.00686436087648165,3.58059819614476
