phi_deg,x_boundary,y_boundary,x_query,y_query,sig_tt,sig_nn,sig_nt,sig_tt_eff
0,0.18,0,0.1798691003061,0,3.6069950337533,0.00512801691288193,-0.00670616851511334,3.6069950337533
0.25,0.179999714421622,0.000130899278542397,0.179868815973793,0.000130328122692635,3.6071162443212,0.00501044625211926,-0.00670052800969282,3.6071162443212
0.5,0.179998857691925,0.000261796064951218,0.179867962982285,0.000260653764125677,3.60735002203652,0.00476231799228336,-0.00672423664129928,3.60735002203652
0.75,0.17999742982722,0.000392687867140333,0.179866541347815,0.000390974443086775,3.60769715257743,0.00438284672840339,-0.00677500423902039,3.60769715257743
1,0.179995430854692,0.000523572193118505,0.17986455109745,0.000521287678458054,3.60815838725212,0.00387128176801042,-0.00685052633531117,3.60815838725212
1.25,0.179992860812397,0.000654446551036834,0.17986199226908,0.000651590989263355,3.60873444277521,0.00322690735470355,-0.00694848465178914,3.60873444277521
1.5,0.179989719749267,0.000785308449236194,0.179858864911423,0.000781881894715469,3.60743039820362,0.00207252612240166,-0.0014127448353483,3.60743039820362
1.75,0.179986007725101,0.00091615539629468,0.179855169084018,0.000912157914263366,3.59620374078696,0.00157982005966358,0.0152114159971112,3.59620374078696
2,0.179981724810573,0.00104698490107503,0.17985090485723,0.00104241656763942,3.57677920133626,0.00359739524202348,0.0294066082762675,3.57677920133626
2.25,0.179976871087222,0.00117779447277206,0.179846072312242,0.00117265537490664,3.56068258748568,0.0144400838300697,0.0285419727638486,3.56068258748568
2.5,0.179971446647456,0.00130858162096008,0.17984067154106,0.00130287185650587,3.55247040263124,0.019573054752544,0.0256330014890564,3.55247040263124
2.75,0.179965451594549,0.00143934385564032,0.179834702646506,0.001433063533303,3.54546025871262,0.0236998877169498,0.0224946210505865,3.54546025871262
3,0.179958886042637,0.00157007868728831,0.179828165742219,0.00156322792663617,3.54101901138,0.02560535216883,0.020914997414136,3.54101901138
3.25,0.17995175011672,0.00170078362690133,0.179821060952653,0.00169336255836297,3.5386095640019,0.0257293417079997,0.0206599655553617,3.5386095640019
3.5,0.179944043952656,0.00183145618604571,0.179813388413072,0.00182346495090758,3.53605951280343,0.0258221500126627,0.0204801565469744,3.53605951280343
3.75,0.179935767697158,0.00196209387690429,0.179805148269551,0.00195353262730799,3.53336667630741,0.0258860053423674,0.0203731962497431,3.53336667630741
4,0.179926921507795,0.00209269421232376,0.17979634067897,0.00208356311126314,3.53052892537635,0.0259230868866093,0.0203366693918288,3.53052892537635
4.25,0.179917505552985,0.00222325470586198,0.179786965809014,0.00221355392718004,3.52754418386223,0.0259355241141211,0.0203681204278586,3.52754418386223
4.5,0.179907520011994,0.00235377287183535,0.179777023838165,0.00234350260022094,3.52441042924307,0.025925396135262,0.0204650544075232,3.52441042924307
4.75,0.179896965074933,0.00248424622536613,0.179766514955705,0.00247340665635041,3.52112569324639,0.0258947310775106,0.0206249378534085,3.52112569324639
5,0.179885840942752,0.00261467228242974,0.179755439361708,0.00260326362238249,3.51768806245919,0.0258455054743311,0.0208451996479813,3.51768806245919
5.25,0.17987414782724,0.00274504855990207,0.179743797267037,0.00273307102602772,3.51409567892445,0.025779643667453,0.0211232319294686,3.51409567892445
5.5,0.179861885951015,0.00287537257560672,0.17973158889334,0.00286282639594025,3.51034674072411,0.025699017222651,0.0214563909964132,3.51034674072411
5.75,0.179849055547527,0.00300564184836229,0.179718814473049,0.00299252726176488,3.5064395025482,0.0256054443593024,0.0218419982208228,3.5064395025482
6,0.179835656861048,0.0031358538980296,0.179705474249368,0.00312217115418407,3.50237227625014,0.0255006893936541,0.0222773409695821,3.50237227625014
6.25,0.17982169014667,0.00326600624555894,0.179691568476277,0.00325175560496501,3.49789142620834,0.0256032183118791,0.0222755962879021,3.49789142620834
6.5,0.179807155670298,0.0033960964130372,0.179677097418522,0.00338127814700653,3.49301845533929,0.0258930869309214,0.021848261147638,3.49301845533929
6.75,0.179792053708648,0.00352612192373513,0.179662061351611,0.00351073631438615,3.48801299117498,0.0261467769699782,0.0214857329127305,3.48801299117498
7,0.17977638454924,0.00365608030215442,0.179646460561809,0.00364012764240695,3.48287287145619,0.0263665411552006,0.0211857824621557,3.48287287145619
7.25,0.179760148490391,0.00378596907407489,0.179630295346132,0.00376944966764457,3.47759598373601,0.0265545856099707,0.0209461379401687,3.47759598373601
7.5,0.179743345841214,0.00391578576660155,0.179613566012342,0.00389869992799407,3.47218026606545,0.0267130691675129,0.0207644855772621,3.47218026606545
7.75,0.179725976921606,0.00404552790821169,0.179596272878943,0.00402787596271679,3.46662370766649,0.0268441026960183,0.020638470521232,3.46662370766649
8,0.179708042062247,0.00417519302880196,0.17957841627517,0.00415697531248724,3.46092434959241,0.0269497484363698,0.0205656976781254,3.46092434959241
8.25,0.17968954160459,0.00430477865973538,0.179559996540988,0.00428599551943989,3.4550802853753,0.0270320193526908,0.0205437325629592,3.4550802853753
8.5,0.179670475900857,0.00443428233388832,0.179541014027082,0.00441493412721598,3.44908966166063,0.0270928784957702,0.0205701021599535,3.44908966166063
8.75,0.179650845314033,0.0045637015856975,0.17952146909485,0.00454378868101027,3.44295067882861,0.0271342383795608,0.0206422957921503,3.44295067882861
9,0.179630650217854,0.00469303395120693,0.179501362116402,0.00467255672761782,3.4366615916024,0.0271579603708508,0.0207577660001989,3.4366615916024
9.25,0.179609890996807,0.00482227696811478,0.179480693474544,0.00480123581548061,3.43022070964291,0.0271658540922532,0.0209139294301336,3.43022070964291
9.5,0.179588568046117,0.00495142817582033,0.179459463562778,0.00492982349473431,3.42362639813014,0.0271596768385957,0.0211081677299185,3.42362639813014
9.75,0.179566681771742,0.00508048511547074,0.179437672785291,0.00505831731725485,3.41687707833082,0.0271411330069209,0.0213378284546324,3.41687707833082
10,0.179544232590366,0.00520944533000791,0.179415321556947,0.00518671483670509,3.40997122815247,0.0271118735401044,0.0216002259800139,3.40997122815247
10.25,0.179521220929389,0.00533830636421525,0.179392410303282,0.00531501360858132,3.40290738268337,0.0270734953843447,0.021892642424271,3.40290738268337
10.5,0.179497647226919,0.00546706576476442,0.179368939460493,0.00544321119025987,3.39568413471876,0.0270275409604973,0.0222123285778506,3.39568413471876
10.75,0.179473511931765,0.00559572108026204,0.179344909475431,0.00557130514104358,3.38830013527287,0.0269754976494714,0.0225565048410466,3.38830013527287
11,0.17944881550343,0.00572426986129634,0.179320320805593,0.00569929302220827,3.38075409407677,0.0269187972917364,0.0229223621692055,3.38075409407677
11.25,0.179423558412097,0.00585270966048385,0.179295173919111,0.00582717239704917,3.37304478006186,0.0268588157011189,0.0233070630253648,3.37304478006186
11.5,0.179397741138625,0.00598103803251591,0.179269469294745,0.00595494083092731,3.36517102182912,0.0267968721928553,0.023707742340044,3.36517102182912
11.75,0.179371364174538,0.00610925253420532,0.179243207421875,0.0060825958913159,3.35713170810357,0.0267342291262112,0.0241215084781032,3.35713170810357
12,0.179344428022014,0.00623735072453278,0.17921638880049,0.00621013514784659,3.34880409371134,0.02675837627048,0.0243665460422207,3.34880409371134
12.25,0.17931693319388,0.00636533016469339,0.179189013941175,0.00633755617235578,3.33975855758069,0.0271713635396862,0.0237886466542008,3.33975855758069
12.5,0.179288880213598,0.00649318841814309,0.179161083365111,0.00646485653893085,3.33060006323324,0.0275428515953629,0.0232628668899389,3.33060006323324
12.75,0.179260269615255,0.00662092305064503,0.179132597604054,0.0065920338239563,3.32132636837829,0.0278752500201318,0.0227873063139865,3.32132636837829
13,0.179231101943557,0.00674853163031595,0.179103557200332,0.00671908560615995,3.31193527435119,0.0281709277080427,0.0223600170489501,3.31193527435119
13.25,0.179201377753813,0.00687601172767242,0.179073962706833,0.00684600946665902,3.30242462689057,0.0284322120840949,0.0219790045009758,3.30242462689057
13.5,0.17917109761193,0.00700336091567716,0.179043814686993,0.00697280298900615,3.29279231690431,0.0286613883349161,0.0216422280968799,3.29279231690431
13.75,0.179140262094398,0.00713057676978519,0.179013113714788,0.00709946375923545,3.28309745907416,0.0288167480290733,0.0214238096088432,3.28309745907416
14,0.17910887178828,0.00725765686799003,0.178981860374718,0.00722598936590843,3.2733395444021,0.0288999809951277,0.0213274313310328,3.2733395444021
14.25,0.179076927291203,0.00738459879086979,0.178950055261804,0.00735237740015992,3.26342378864991,0.0289799524056948,0.0212354822649515,3.26342378864991
14.5,0.179044429211343,0.00751140012163324,0.178917698981568,0.00747862545574394,3.25334917084661,0.029057870490899,0.0211450976289352,3.25334917084661
14.75,0.179011378167418,0.00763805844616583,0.178884792150028,0.00760473112907949,3.2431147304255,0.029134886140209,0.0210533870686378,3.2431147304255
15,0.178977774788672,0.00776457135307562,0.178851335393681,0.00773069201929632,3.23271956765795,0.0292120924649515,0.0209574356380697,3.23271956765795
15.25,0.178943619714864,0.00789093643373924,0.178817329349497,0.00785650572828066,3.22216284407249,0.0292905243756331,0.0208543047872319,3.22216284407249
15.5,0.178908913596259,0.0080171512823477,0.178782774664901,0.00798216986072084,3.21144378285879,0.0293711581741459,0.0207410333561262,3.21144378285879
15.75,0.178873657093609,0.00814321349595223,0.178747671997766,0.00810768202415293,3.2005616692568,0.0294549111608697,0.0206146385748804,3.2005616692568
16,0.17883785087815,0.00826912067450998,0.178712022016394,0.00823303982900624,3.18951585093068,0.0295426412568729,0.020472117069845,3.18951585093068
16.25,0.178801495631578,0.00839487042092976,0.17867582539951,0.00835824088864888,3.17830573832757,0.0296351466411922,0.0203104458753812,3.17830573832757
16.5,0.178764592046046,0.00852046034111768,0.178639082836247,0.00848328281943315,3.16701206949376,0.029678004188403,0.020249157874227,3.16701206949376
16.75,0.178727140824144,0.00864588804402268,0.178601795026128,0.00860816324074093,3.15562809349313,0.0296771798215708,0.0202822487521701,3.15562809349313
17,0.178689142678891,0.0087711511416821,0.178563962679061,0.008732879775029,3.14409807151291,0.0296714018754644,0.0203266188554657,3.14409807151291
17.25,0.178650598333716,0.00889624724926713,0.178525586515318,0.00885743004787433,3.13242065585405,0.0296622376741639,0.0203796337419527,3.13242065585405
17.5,0.178611508522447,0.00902117398512819,0.178486667265527,0.00898181168801926,3.1205945545988,0.02965120163104,0.0204386262218977,3.1205945545988
17.75,0.178571873989298,0.00914592897084032,0.178447205670654,0.00910602232741665,3.10861853216394,0.029639754691338,0.0205008972657207,3.10861853216394
18,0.178531695488855,0.00927050983124842,0.17840720248199,0.00923005960127497,3.09649140984018,0.0296293037884974,0.0205637169201331,3.09649140984018
18.25,0.178490973786056,0.00939491419451248,0.17836665846114,0.00935392114810334,3.08421206631766,0.0296212013142706,0.0206243252324505,3.08421206631766
18.5,0.178449709656186,0.00951913969215276,0.178325574380002,0.00947760460975643,3.07177943819756,0.0296167446027395,0.0206799331828678,3.07177943819756
18.75,0.178407903884853,0.00964318395909485,0.178283951020758,0.00960110763147942,3.05919252048952,0.0296171754284256,0.0207277236245552,3.05919252048952
19,0.17836555726798,0.0097670446337147,0.178241789175857,0.00972442786195281,3.04645036709498,0.0296236795184668,0.020764852231281,3.04645036709498
19.25,0.178322670611784,0.00989071935788362,0.178199089648,0.00984756295333717,3.03355209127607,0.0296373860791299,0.0207884484524669,3.03355209127607
19.5,0.178279244732765,0.0100142057770131,0.178155853250124,0.00997051056131785,3.02049686611022,0.0296593673366123,0.020795616475366,3.02049686611022
19.75,0.178235280457691,0.0101375015400998,0.178112080805388,0.0100932683451496,3.00728392493015,0.0296906380923664,0.0207834361942582,3.00728392493015
20,0.178190778623577,0.0102606042997701,0.178067773147157,0.0102158339677012,2.99391256174933,0.0297321552929427,0.0207489641863675,2.99391256174933
20.25,0.178145740077675,0.0103835117123248,0.178022931118983,0.0103382050954999,2.98038213167261,0.0297848176145225,0.0206892346943609,2.98038213167261
20.5,0.178100165677452,0.010506221437784,0.177977555574595,0.0104603793987758,2.96669205129221,0.0298494650621736,0.0206012606151685,2.96669205129221
20.75,0.17805405629058,0.0106287311399315,0.177931647377878,0.0105823545515062,2.95284179906864,0.0299268785839765,0.0204820344949556,2.95284179906864
21,0.178007412794916,0.010751038486359,0.177885207402857,0.0107041282314601,2.93883091569678,0.0300177797000516,0.0203285295299965,2.93883091569678
21.25,0.177960236078484,0.010873141148511,0.177838236533683,0.0108256981202421,2.92436558076576,0.0302417940058209,0.0191392654216149,2.92436558076576
21.5,0.177912527039461,0.0109950368017289,0.177790735664613,0.0109470619033369,2.90968007087836,0.0304926452764531,0.0176381998486864,2.90968007087836
21.75,0.177864286586158,0.0111167231252951,0.177742705699996,0.0110682172701528,2.8948371989473,0.0307432050685127,0.0160245019334246,2.8948371989473
22,0.177815515637004,0.0112381978024774,0.177694147554252,0.0111891619140665,2.8798747614358,0.0309199327398518,0.0137481372522433,2.8798747614358
22.25,0.177766215120527,0.011359458520573,0.177645062151859,0.0113098935324661,2.86575916411451,0.0304773822504226,0.012987171165123,2.86575916411451
22.5,0.177716385975339,0.0114805029709527,0.177595450427333,0.0114304098267957,2.85261855661931,0.0294201815037136,0.0148023302676759,2.85261855661931
22.75,0.177666029150114,0.0116013288491046,0.177545313325208,0.0115507085025987,2.83931509234548,0.0283906596472077,0.0166123536619928,2.83931509234548
23,0.177615145603573,0.0117219338546782,0.177494651800023,0.0116707872695619,2.8258478017709,0.0273900590824259,0.0184144096061729,2.8258478017709
23.25,0.177563736304467,0.011842315691528,0.177443466816301,0.0117906438415586,2.81221577186359,0.0264195682891353,0.0202056395397357,2.81221577186359
23.5,0.177511802231554,0.0119624720677574,0.177391759348529,0.0119102759366923,2.79841814654468,0.0254803213571427,0.0219831589847039,2.79841814654468
23.75,0.177459344373583,0.0120824006957621,0.177339530381144,0.0120296812773405,2.78445412713797,0.0245733975314603,0.0237440584537408,2.78445412713797
24,0.177406363729278,0.012202099292274,0.177286780908509,0.0121488575901976,2.77032297280579,0.023699820771075,0.0254854043652441,2.77032297280579
24.25,0.177352861307313,0.0123215655784043,0.177233511934899,0.0122678026063184,2.75602400097128,0.0228605593213236,0.0272042399651309,2.75602400097128
24.5,0.177298838126296,0.0124407972796872,0.177179724474478,0.0123865140611612,2.74155658772675,0.0220565252999983,0.0288975862551441,2.74155658772675
24.75,0.177244295214752,0.0125597921261228,0.177125419551282,0.0125049896946311,2.72692016822843,0.0212885742972388,0.0305624429274567,2.72692016822843
25,0.1771892336111,0.012678547852221,0.177070598199198,0.0126232272511228,2.71211423707695,0.0205575049894022,0.0321957893054466,2.71211423707695
25.25,0.177133654363631,0.0127970621970437,0.177015261461945,0.0127412244795635,2.69713834868405,0.0198640587668664,0.0337945852903581,2.69713834868405
25.5,0.177077558530496,0.0129153329042489,0.176959410393056,0.0128589791334563,2.68199211762491,0.0192089193759763,0.0353557723137253,2.68199211762491
25.75,0.177020947179678,0.0130333577221325,0.176903046055854,0.0129764889709222,2.6666752189765,0.0185927125750901,0.0368762742952867,2.6666752189765
26,0.176963821388975,0.0131511344036723,0.176846169523436,0.0130937517547432,2.65087487280315,0.0182254671580039,0.0380416840240432,2.65087487280315
26.25,0.176906182245981,0.01326866070657,0.176788781878647,0.0132107652524051,2.63348159436636,0.0188452388730605,0.0377109596314483,2.63348159436636
26.5,0.176848030848061,0.0133859343932943,0.176730884214067,0.0133275272361395,2.61604606167339,0.0194094082188662,0.0374061224209157,2.61604606167339
26.75,0.176789368302334,0.013502953231123,0.176672477631983,0.0134440354829666,2.59856589884999,0.0199206722761073,0.0371266006687701,2.59856589884999
27,0.176730195725651,0.0136197149921864,0.176613563244372,0.0135602877747372,2.58103874737825,0.0203817126260624,0.0368717662449065,2.58103874737825
27.25,0.176670514244572,0.0137362174535087,0.17655414217288,0.0136762818981753,2.56346226705094,0.0207951943901113,0.0366409349224362,2.56346226705094
27.5,0.176610324995347,0.013852458397051,0.176494215548798,0.01379201564492,2.54583413692088,0.0211637652742129,0.0364333667018393,2.54583413692088
27.75,0.176549629123891,0.0139684356097533,0.176433784513042,0.0139074868115676,2.52822777450206,0.0214344364829584,0.0362816698928735,2.52822777450206
28,0.176488427785768,0.0140841468835767,0.176372850216133,0.0140226931997135,2.51064439151182,0.0216074921912272,0.0361886793315756,2.51064439151182
28.25,0.176426722146162,0.0141995900155453,0.176311413818172,0.0141376326159942,2.49296693133382,0.0217698641236291,0.036102943983001,2.49296693133382
28.5,0.176364513379859,0.0143147628077883,0.176249476488818,0.0142523028721288,2.47519354354967,0.0219237361606009,0.0360227096780029,2.47519354354967
28.75,0.176301802671225,0.0144296630675816,0.17618703940727,0.0143667017849609,2.45732241607649,0.0220712558352292,0.0359461755337092,2.45732241607649
29,0.176238591214182,0.0145442886073901,0.176124103762239,0.0144808271765003,2.43935177596603,0.0222145335276763,0.0358714945867911,2.43935177596603
29.25,0.176174880212184,0.0146586372449086,0.176060670751929,0.0145946768739639,2.42127989019432,0.0223556416692178,0.0357967744389034,2.42127989019432
29.5,0.176110670878197,0.014772706803104,0.175996741584015,0.0147082487098175,2.4031050664412,0.0224966139561484,0.0357200779142641,2.4031050664412
29.75,0.176045964434674,0.0148864951102562,0.175932317475614,0.0148215405218172,2.38482565386008,0.0226394445736182,0.0356394237290817,2.38482565386008
30,0.175980762113533,0.015,0.175867399653269,0.0149345501530502,2.36644004383727,0.0227860874296766,0.0355527871728325,2.36644004383727
30.25,0.175915065156132,0.0151132193113658,0.175801989352921,0.015047275451976,2.34794667074115,0.0229384553996106,0.035458100801126,2.34794667074115
30.5,0.175848874813246,0.0152261508888211,0.175736087819889,0.0151597142724673,2.32945343416238,0.0230194544382608,0.035413173462635,2.32945343416238
30.75,0.175782192345044,0.0153387925823116,0.175669696308843,0.0152718644738511,2.31095310675042,0.0230354965930358,0.0354159873089608,2.31095310675042
31,0.175715019021063,0.0154511422473016,0.175602816083781,0.0153837239209493,2.29237117655085,0.0230413456110047,0.0354260634957946,2.29237117655085
31.25,0.175647356120188,0.0155631977448156,0.175535448418006,0.0154952904841191,2.27370572141292,0.023039277304733,0.0354418739442593,2.27370572141292
31.5,0.175579204930623,0.0156749569414785,0.175467594594102,0.0156065620392942,2.25495485278979,0.0230315356237927,0.035461841892707,2.25495485278979
31.75,0.175510566749867,0.0157864177095561,0.175399255903908,0.0157175364680244,2.23611671657215,0.0230203318143941,0.0354843424538414,2.23611671657215
32,0.175441442884693,0.0158975779269961,0.175330433648494,0.0158282116575165,2.21718949391333,0.0230078435874812,0.0355077031845161,2.21718949391333
32.25,0.175371834651119,0.0160084354774683,0.175261129138136,0.0159385855006746,2.19817140204563,0.0229962142955488,0.0355302046682191,2.19817140204563
32.5,0.175301743374387,0.0161189882504047,0.175191343692292,0.0160486558961398,2.17906069508778,0.0229875521183087,0.0355500811100204,2.17906069508778
32.75,0.175231170388932,0.0162292341410398,0.175121078639577,0.0161584207483303,2.1598556648434,0.0229839292573837,0.0355655209438676,2.1598556648434
33,0.175160117038363,0.0163391710504508,0.175050335317736,0.0162678779674816,2.14055464159006,0.0229873811402595,0.0355746674521672,2.14055464159006
33.25,0.175088584675433,0.0164487968855974,0.17497911507362,0.016377025469686,2.12115599485905,0.0229999056336037,0.0355756193974322,2.12115599485905
33.5,0.175016574662015,0.0165581095593617,0.174907419263159,0.0164858611769325,2.10165813420543,0.0230234622661789,0.0355664316659265,2.10165813420543
33.75,0.174944088369076,0.0166671069905881,0.174835249251339,0.0165943830171461,2.08205950996836,0.023059971461481,0.0355451159231166,2.08205950996836
34,0.174871127176651,0.0167757871041224,0.174762606412173,0.0167025889242273,2.06235861402155,0.0231113137802924,0.0355096412808224,2.06235861402155
34.25,0.174797692473816,0.0168841478308521,0.174689492128674,0.0168104768380916,2.04255398051345,0.0231793291733258,0.0354579349759266,2.04255398051345
34.5,0.17472378565866,0.016992187107745,0.174615907792835,0.0169180447047087,2.02264418659731,0.0232658162441075,0.0353878830604807,2.02264418659731
34.75,0.174649408138265,0.0170999028778891,0.174541854805595,0.0170252904761415,2.00262785315067,0.0233725315222691,0.0352973311030653,2.00262785315067
35,0.17457456132867,0.0172072930905314,0.174467334576815,0.017132212110585,1.98250364548437,0.0235011887474062,0.0351840849012536,1.98250364548437
35.25,0.17449924665485,0.017314355701117,0.174392348525254,0.0172388075724055,1.96128367540821,0.0241323176337166,0.0331833464538217,1.96128367540821
35.5,0.17442346555069,0.0174210886713282,0.174316898078538,0.0173450748321791,1.93972597169102,0.0248800181919982,0.030642200037705,1.93972597169102
35.75,0.17434721945895,0.017527489969123,0.174240984673134,0.0174510118667302,1.91803627722145,0.025641998211304,0.0279344200708624,1.91803627722145
36,0.174270509831248,0.0176335575687742,0.174164609754325,0.0175566166591704,1.89621685573949,0.0264163923851675,0.025057077237459,1.89621685573949
36.25,0.174193338128024,0.0177392894509075,0.174087774776179,0.0176618871989368,1.87427003219213,0.0272012764335885,0.022007267160801,1.87427003219213
36.5,0.174115705818517,0.0178446836025402,0.174010481201523,0.01776682148183,1.85219819242327,0.0279946674054672,0.0187821113991808,1.85219819242327
36.75,0.174037614380732,0.0179497380171198,0.173932730501915,0.0178714175100525,1.8308142489372,0.0283282754689441,0.0161982395275014,1.8308142489372
37,0.173959065301419,0.0180544506945614,0.173854524157616,0.0179756732922467,1.81471719101029,0.0255823790922965,0.0190123782677525,1.81471719101029
37.25,0.173880060076039,0.0181588196412868,0.173775863657563,0.0180795868435328,1.798476599411,0.0229018981757458,0.0218171921262581,1.798476599411
37.5,0.173800600208737,0.0182628428702616,0.173696750499339,0.0181831561855465,1.78209152268719,0.0202881444013771,0.0246100742115871,1.78209152268719
37.75,0.173720687212315,0.0183665184010335,0.173617186189143,0.0182863793464769,1.7655610580239,0.0177423822944908,0.0273883895402395,1.7655610580239
38,0.173640322608202,0.0184698442597697,0.173537172241765,0.0183892543611039,1.74888435173191,0.0152658287281897,0.0301494757981271,1.74888435173191
38.25,0.173559507926422,0.018572818479295,0.173456710180556,0.0184917792708353,1.73206059972489,0.0128596524392186,0.0328906441096373,1.73206059972489
38.5,0.173478244705572,0.0186754390991286,0.173375801537397,0.0185939521237447,1.71508904798553,0.0105249735550428,0.0356091798139934,1.71508904798553
38.75,0.173396534492786,0.0187777041655218,0.173294447852673,0.0186957709746083,1.69796899301984,0.00826286313243656,0.0383023432489335,1.69796899301984
39,0.173314378843709,0.0188796117314951,0.173212650675239,0.0187972338849419,1.68069978230018,0.00607434270753029,0.0409673705413692,1.68069978230018
39.25,0.173231779322466,0.0189811598568755,0.173130411562397,0.018898338923038,1.66304505921214,0.00410730111556331,0.0434819649544082,1.66304505921214
39.5,0.173148737501632,0.0190823466083329,0.173047732079861,0.0189990841640024,1.64057097068669,0.00511672239683569,0.0435478504679657,1.64057097068669
39.75,0.173065254962204,0.0191831700594175,0.172964613801728,0.0190994676897908,1.61816111826298,0.00605229371416973,0.0435975997839162,1.61816111826298
40,0.172981333293569,0.0192836282905962,0.172881058310452,0.0191994875892458,1.59581368767182,0.00691623817611189,0.0436325998410777,1.59581368767182
40.25,0.172896974093476,0.0193837193892889,0.172797067196807,0.0192991419581325,1.5735268431383,0.00771080057218413,0.0436541871561118,1.5735268431383
40.5,0.172812178968001,0.0194834414499055,0.172712642059864,0.0193984288991754,1.55129872826769,0.00843824647918517,0.0436636475168574,1.55129872826769
40.75,0.172726949531521,0.0195827925738817,0.172627784506957,0.0194973465220943,1.52912746693553,0.00910086136332368,0.0436622156893443,1.52912746693553
41,0.172641287406683,0.0196817708697152,0.172542496153649,0.0195958929436403,1.50701116418166,0.00970094967838136,0.0436510751387343,1.50701116418166
41.25,0.172555194224369,0.0197803744530021,0.172456778623709,0.0196940662876315,1.48494790710804,0.0102408339601044,0.0436313577640015,1.48494790710804
41.5,0.17246867162367,0.0198786014464721,0.172370633549074,0.019791864684989,1.46293576578013,0.0107228539170296,0.0436041436465976,1.46293576578013
41.75,0.172381721251851,0.019976449980025,0.172284062569824,0.0198892862737722,1.44110083077972,0.0110637110313237,0.0435637629865418,1.44110083077972
42,0.172294344764322,0.0200739181907657,0.172197067334144,0.0199863291992145,1.41944873104479,0.0112606438279462,0.0435136551902408,1.41944873104479
42.25,0.172206543824605,0.02017100422304,0.172109649498298,0.0200829916137586,1.39778345052601,0.0114458579991796,0.0434650283371495,1.39778345052601
42.5,0.172118320104304,0.0202677062284698,0.172021810726596,0.0201792716770914,1.37610289376674,0.0116218579511806,0.0434174747502604,1.37610289376674
42.75,0.172029675283071,0.0203640223659882,0.171933552691362,0.0202751675561792,1.35440497627039,0.0117911375962728,0.043370532348906,1.35440497627039
43,0.171940611048575,0.020459950801875,0.171844877072901,0.0203706774253028,1.33268762543937,0.0119561794063033,0.0433236848472275,1.33268762543937
43.25,0.171851129096472,0.0205554897097908,0.171755785559469,0.0204657994660919,1.31094878151064,0.0121194534691901,0.0432763619671015,1.31094878151064
43.5,0.171761231130369,0.0206506372708126,0.171666279847241,0.0205605318675599,1.28918639848804,0.012283416548859,0.0432279396654483,1.28918639848804
43.75,0.171670918861793,0.0207453916734681,0.171576361640275,0.0206548728261386,1.2673984450709,0.0124505111487658,0.0431777403758396,1.2673984450709
44,0.17158019401016,0.0208397511137699,0.171486032650485,0.0207488205457121,1.24558290557886,0.0126231645792317,0.0431250332644164,1.24558290557886
44.25,0.17148905830274,0.0209337137952504,0.171395294597606,0.0208423732376511,1.22373778087278,0.0128037880287752,0.0430690344999924,1.22373778087278
44.5,0.171397513474625,0.0210272779289955,0.171304149209157,0.0209355291208473,1.20205532195318,0.0128647617902309,0.0430143225292836,1.20205532195318
44.75,0.171305561268699,0.021120441733679,0.171212598220418,0.021028286421747,1.18052596849997,0.012813599578927,0.0429639905379226,1.18052596849997
45,0.171213203435596,0.0212132034355964,0.171120643374385,0.0211206433743848,1.15901943440596,0.0127386162024837,0.0429157347845608,1.15901943440596
45.25,0.171120441733679,0.0213055612686986,0.171028286421747,0.0212125982204175,1.13753364416089,0.0126422980521441,0.0428698374993139,1.13753364416089
45.5,0.171027277928996,0.0213975134746254,0.170935529120847,0.0213041492091574,1.11606651995976,0.0125271338251454,0.0428265269937764,1.11606651995976
45.75,0.17093371379525,0.0214890583027396,0.170842373237651,0.0213952945976057,1.09461598263372,0.0123956135859844,0.0427859776509512,1.09461598263372
46,0.17083975111377,0.0215801940101595,0.170748820545712,0.0214860326504854,1.07317995258092,0.0122502278277851,0.0427483099294557,1.07317995258092
46.25,0.170745391673468,0.0216709188617927,0.170654872826139,0.021576361640275,1.05175635069697,0.0120934665339851,0.0427135903820759,1.05175635069697
46.5,0.170650637270813,0.0217612311303686,0.17056053186756,0.0216662798472405,1.03034309930492,0.0119278182405435,0.042681831688613,1.03034309930492
46.75,0.170555489709791,0.021851129096472,0.170465799466092,0.0217557855594691,1.0089381230845,0.0117557690988721,0.0426529927030206,1.0089381230845
47,0.170459950801875,0.0219406110485751,0.170370677425303,0.0218448770729008,0.987539350000455,0.0115798019396988,0.0426269785148227,0.987539350000455
47.25,0.170364022365988,0.0220296752830706,0.170275167556179,0.0219335526913619,0.966144712229673,0.011402395338075,0.0426036405248339,0.966144712229673
47.5,0.17026770622847,0.0221183201043037,0.170179271677091,0.0220218107265962,0.94475214708707,0.0112260226797162,0.0425827765350785,0.94475214708707
47.75,0.17017100422304,0.022206543824605,0.170082991613759,0.022109649498298,0.923359597949871,0.0110531512288921,0.0425641308529517,0.923359597949871
48,0.170073918190766,0.0222943447643218,0.169986329199215,0.0221970673341438,0.901965015180108,0.0108862411980813,0.0425473944096387,0.901965015180108
48.25,0.169976449980025,0.022381721251851,0.169889286273772,0.0222840625698239,0.880566357045258,0.010727744819559,0.0425322048926093,0.880566357045258
48.5,0.169878601446472,0.0224686716236701,0.169791864684989,0.0223706335490744,0.859161590636613,0.0105801054191719,0.0425181468923732,0.859161590636613
48.75,0.169780374453002,0.0225551942243693,0.169694066287632,0.0224567786237088,0.83774869278539,0.0104457564924492,0.0425047520632393,0.83774869278539
49,0.169681770869715,0.0226412874066832,0.16959589294364,0.0225424961536489,0.816325650976187,0.010327120783305,0.0424914992982515,0.816325650976187
49.25,0.169582792573882,0.0227269495315215,0.169497346522094,0.0226277845069566,0.79489046425776,0.0102266093654847,0.042477814918073,0.79489046425776
49.5,0.169483441449906,0.0228121789680009,0.169398428899175,0.0227126420598645,0.773441144150724,0.0101466207270113,0.0424630728739751,0.773441144150724
49.75,0.169383719389289,0.0228969740934759,0.169299141958132,0.0227970671968071,0.751975715552193,0.0100895398577777,0.0424465949646897,0.751975715552193
50,0.169283628290596,0.0229813332935693,0.169199487589246,0.0228810583104516,0.730492217636991,0.0100577373405181,0.0424276510671969,0.730492217636991
50.25,0.169183170059418,0.0230652549622038,0.169099467689791,0.0229646138017282,0.70898870475529,0.0100535684453627,0.0424054593814043,0.70898870475529
50.5,0.169082346608333,0.0231487375016316,0.168999084164002,0.0230477320798608,0.687463247326521,0.0100793722281473,0.0423791866885841,0.687463247326521
50.75,0.168981159856875,0.0232317793224656,0.168898338923038,0.0231304115623971,0.665913932729252,0.0101374706327123,0.0423479486236189,0.665913932729252
51,0.168879611731495,0.0233143788437091,0.168797233884942,0.0232126506752391,0.64433886618697,0.0102301675973494,0.0423108099608818,0.64433886618697
51.25,0.168777704165522,0.0233965344927865,0.168695770974608,0.0232944478526726,0.62273617164945,0.0103597481656294,0.0422667849137985,0.62273617164945
51.5,0.168675439099129,0.0234782447055724,0.168593952123745,0.0233758015373971,0.601103992669613,0.0105284776017757,0.0422148374479371,0.601103992669613
51.75,0.168572818479295,0.0235595079264223,0.168491779270835,0.0234567101805559,0.579440493275577,0.01073860051081,0.0421538816076493,0.579440493275577
52,0.16846984425977,0.0236403226082017,0.168389254361104,0.023537172241765,0.557743858837794,0.01099233996364,0.0420827818561201,0.557743858837794
52.25,0.168366518401033,0.0237206872123153,0.168286379346477,0.0236171861891426,0.536012296931057,0.0112918966272867,0.0420003534287784,0.536012296931057
52.5,0.168262842870262,0.0238006002087371,0.168183156185546,0.0236967504993387,0.514244038191144,0.011639447900455,0.0419053627000115,0.514244038191144
52.75,0.168158819641287,0.0238800600760387,0.168079586843533,0.0237758636575634,0.492437337165974,0.0120371470546236,0.0417965275630793,0.492437337165974
53,0.168054450694561,0.0239590653014188,0.167975673292247,0.0238545241576163,0.470590473161009,0.0124871223808638,0.0416725178231886,0.470590473161009
53.25,0.16794973801712,0.0240376143807318,0.167871417510052,0.0239327305019147,0.448701751078787,0.012991476342554,0.0415319556035952,0.448701751078787
53.5,0.16784468360254,0.0241157058185165,0.16776682148183,0.0240104812015226,0.426769502252361,0.0135522847341903,0.0413734157646787,0.426769502252361
53.75,0.167739289450907,0.0241933381280245,0.167661887198937,0.0240877747761789,0.404792085272422,0.0141715958464896,0.0411954263359224,0.404792085272422
54,0.167633557568774,0.0242705098312484,0.16755661665917,0.0241646097543252,0.379629800146531,0.0161566362538009,0.0369065670188323,0.379629800146531
54.25,0.167527489969123,0.0243472194589504,0.16745101186673,0.0242409846731343,0.354230713746136,0.0182390229448478,0.0322123508390432,0.354230713746136
54.5,0.167421088671328,0.0244234655506896,0.167345074832179,0.0243168980785378,0.328751494645661,0.0203513694878732,0.0273075190220901,0.328751494645661
54.75,0.167314355701117,0.0244992466548504,0.167238807572406,0.024392348525254,0.303195037866688,0.0224912257328851,0.0221895577985918,0.303195037866688
55,0.167207293090531,0.0245745613286698,0.167132212110585,0.0244673345768151,0.277564290820379,0.0246560900870369,0.0168559863030902,0.277564290820379
55.25,0.167099902877889,0.0246494081382649,0.167025290476141,0.0245418548055948,0.273158551051348,0.0178113975386845,0.012877676874294,0.273158551051348
55.5,0.166992187107745,0.0247237856586605,0.166918044704709,0.0246159077928352,0.269487000853327,0.010663037589513,0.0090100406879257,0.269487000853327
55.75,0.166884147830852,0.0247976924738157,0.166810476838092,0.0246894921286744,0.265907071581398,0.00348471344726988,0.00521045148636078,0.265907071581398
56,0.166775787104122,0.0248711271766513,0.166702588924227,0.0247626064121726,0.259699813085932,-0.00589583746089347,0.00750144610546155,0.259699813085932
56.25,0.166667106990588,0.0249440883690764,0.166594383017146,0.0248352492513392,0.238691202516658,-0.00826598159005535,0.0164007615951833,0.238691202516658
56.5,0.166558109559362,0.025016574662015,0.166485861176933,0.0249074192631593,0.217540632626143,-0.0103471691461601,0.0250506607263084,0.217540632626143
56.75,0.166448796885597,0.0250885846754328,0.166377025469686,0.0249791150736199,0.195530546739633,-0.00986357828447874,0.0276202951994697,0.195530546739633
57,0.166339171050451,0.0251601170383627,0.166267877967482,0.0250503353177361,0.173526077602091,-0.00900219919160494,0.0290838225148597,0.173526077602091
57.25,0.16622923414104,0.0252311703889318,0.16615842074833,0.0251210786395771,0.151685854258536,-0.00818382546013803,0.0304354425963129,0.151685854258536
57.5,0.166118988250405,0.0253017433743866,0.16604865589614,0.0251913436922921,0.130010609996315,-0.00740879015170743,0.0316781159032101,0.130010609996315
57.75,0.166008435477468,0.0253718346511192,0.165938585500675,0.0252611291381358,0.10850102194906,-0.00667737249009649,0.032814798937888,0.10850102194906
58,0.165897577926996,0.0254414428846928,0.165828211657517,0.0253304336484938,0.0871577112544834,-0.00598979802660429,0.0338484433750477,0.0871577112544834
58.25,0.165786417709556,0.0255105667498669,0.165717536468024,0.0253992559039081,0.0659812432249224,-0.00534623881812132,0.0347819951943185,0.0659812432249224
58.5,0.165674956941478,0.0255792049306228,0.165606562039294,0.0254675945941023,0.0449721275306026,-0.0047468136178884,0.0356183938161889,0.0449721275306026
58.75,0.165563197744816,0.0256473561201884,0.165495290484119,0.0255354484180062,0.0241308183955631,-0.00419158807886058,0.0363605712414429,0.0241308183955631
59,0.165451142247302,0.0257150190210634,0.165383723920949,0.0256028160837807,0.0034577148061767,-0.00368057496961749,0.0370114511942723,0.0034577148061767
59.25,0.165338792582312,0.0257821923450436,0.165271864473851,0.0256696963088427,-0.0170468392677931,-0.00321373440278572,0.0375739482692853,-0.0170468392677931
59.5,0.165226150888821,0.0258488748132458,0.165159714272467,0.025736087819889,-0.0373825546396342,-0.00279097407589256,0.038050967082549,-0.0373825546396342
59.75,0.165113219311366,0.0259150651561319,0.165047275451976,0.025801989352921,-0.0574381470367815,-0.0024599173862845,0.038320350325347,-0.0574381470367815
60,0.165,0.0259807621135332,0.16493455015305,0.0258673996532685,-0.0772036692944924,-0.00222646550841892,0.0383798629342622,-0.0772036692944924
60.25,0.164886495110256,0.0260459644346743,0.164821540521817,0.0259323174756137,-0.0968471379087761,-0.00201811667110056,0.0384220051185556,-0.0968471379087761
60.5,0.164772706803104,0.026110670878197,0.164708248709818,0.0259967415840147,-0.116369998150513,-0.00183305558678163,0.0384487119100985,-0.116369998150513
60.75,0.164658637244909,0.0261748802121839,0.164594676873964,0.0260606707519295,-0.135773731250485,-0.00166943286085939,0.0384618768961395,-0.135773731250485
61,0.16454428860739,0.0262385912141819,0.1644808271765,0.0261241037622388,-0.155059853666651,-0.00152536573140635,0.0384633516728339,-0.155059853666651
61.25,0.164429663067582,0.0263018026712252,0.164366701784961,0.0261870394072696,-0.174229916343497,-0.00139893881679782,0.0384549453102398,-0.174229916343497
61.5,0.164314762807788,0.026364513379859,0.164252302872129,0.0262494764888178,-0.193285503963625,-0.00128820487105824,0.0384384238288156,-0.193285503963625
61.75,0.164199590015545,0.0264267221461616,0.164137632615994,0.0263114138181715,-0.21222823419175,-0.0011911855467665,0.0384155096875718,-0.21222823419175
62,0.164084146883577,0.0264884277857678,0.164022693199713,0.0263728502161332,-0.231059756911276,-0.00110587216534865,0.0383878812839648,-0.231059756911276
62.25,0.163968435609753,0.0265496291238913,0.163907486811568,0.0264337845130424,-0.249781753453612,-0.00103022649459002,0.0383571724656508,-0.249781753453612
62.5,0.163852458397051,0.0266103249953466,0.16379201564492,0.026494215548798,-0.268210062756636,-0.00105216800969585,0.0381478953056171,-0.268210062756636
62.75,0.163736217453509,0.0266705142445721,0.163676281898175,0.0265541421728801,-0.286348984257929,-0.00117071647046176,0.0377719596845634,-0.286348984257929
63,0.163619714992186,0.026730195725651,0.163560287774737,0.0266135632443723,-0.304320610756699,-0.00132671324302854,0.0373496983695557,-0.304320610756699
63.25,0.163502953231123,0.0267893683023341,0.163444035482967,0.0266724776319828,-0.322125438512406,-0.00151931694411882,0.0368837677000436,-0.322125438512406
63.5,0.163385934393294,0.0268480308480608,0.163327527236139,0.0267308842140668,-0.339764013192027,-0.00174763926160645,0.0363768011430623,-0.339764013192027
63.75,0.16326866070657,0.0269061822459806,0.163210765252405,0.0267887818786471,-0.357236929435887,-0.00201074539519813,0.0358314085388521,-0.357236929435887
64,0.163151134403672,0.026963821388975,0.163093751754743,0.0268461695234357,-0.374544830412499,-0.0023076545080837,0.0352501753535574,-0.374544830412499
64.25,0.163033357722133,0.0270209471796776,0.162976488970922,0.0269030460558544,-0.391688407362514,-0.00263734018940202,0.0346356619390289,-0.391688407362514
64.5,0.162915332904249,0.0270775585304958,0.162858979133456,0.0269594103930562,-0.408668399131892,-0.00299873092746202,0.0339904028000022,-0.408668399131892
64.75,0.162797062197044,0.027133654363631,0.162741224479564,0.0270152614619452,-0.425485591694393,-0.00339071059357712,0.0333169058687098,-0.425485591694393
65,0.162678547852221,0.0271892336110995,0.162623227251123,0.0270705981991976,-0.442140817663504,-0.00381211893643071,0.0326176517871559,-0.442140817663504
65.25,0.162559792126123,0.0272442952147524,0.162504989694631,0.0271254195512817,-0.458634955793914,-0.00426175208682605,0.0318950931970956,-0.458634955793914
65.5,0.162440797279687,0.0272988381262963,0.162386514061161,0.0271797244744781,-0.47496893047266,-0.00473836307274937,0.0311516540379939,-0.47496893047266
65.75,0.162321565578404,0.0273528613073127,0.162267802606318,0.0272335119348992,-0.491143711200033,-0.00524066234458981,0.0303897288529874,-0.491143711200033
66,0.162202099292274,0.027406363729278,0.162148857590198,0.0272867809085093,-0.507160312060386,-0.00576731831042778,0.0296116821030779,-0.507160312060386
66.25,0.162082400695762,0.0274593443735834,0.162029681277341,0.0273395303811439,-0.523019791182963,-0.00631695788125784,0.0288198474896599,-0.523019791182963
66.5,0.161962472067757,0.0275118022315537,0.161910275936692,0.0273917593485292,-0.538723250192862,-0.00688816702601704,0.028016527285488,-0.538723250192862
66.75,0.161842315691528,0.0275637363044669,0.161790643841559,0.0274434668163008,-0.55427183365224,-0.00747949133632279,0.0272039916743267,-0.55427183365224
67,0.161721933854678,0.0276151456035732,0.161670787269562,0.0274946518000232,-0.569666728491936,-0.00808943660076096,0.0263844780992901,-0.569666728491936
67.25,0.161601328849105,0.0276660291501136,0.161550708502599,0.027545313325208,-0.584909163433576,-0.00871646938861775,0.0255601906200839,-0.584909163433576
67.5,0.161480502970953,0.0277163859753386,0.161430409826796,0.0275954504273328,-0.600000408402339,-0.00935901764292499,0.0247332992792802,-0.600000408402339
67.75,0.161359458520573,0.027766215120527,0.161309893532466,0.0276450621518594,-0.614941773930485,-0.0100154712826792,0.0239059394777178,-0.614941773930485
68,0.161238197802477,0.0278155156370036,0.161189161914066,0.0276941475542522,-0.629734610551796,-0.0106841828141058,0.0230802113591741,-0.629734610551796
68.25,0.161116723125295,0.0278642865861577,0.161068217270153,0.0277427056999958,-0.644380308187047,-0.0113634679508386,0.0222581792044529,-0.644380308187047
68.5,0.160995036801729,0.0279125270394607,0.160947061903337,0.0277907356646131,-0.659833608357484,-0.0114906114939125,0.0223306056473328,-0.659833608357484
68.75,0.160873141148511,0.027960236078484,0.160825698120242,0.0278382365336828,-0.675991268046118,-0.0111163596818118,0.0231621735920746,-0.675991268046118
69,0.160751038486359,0.0280074127949161,0.16070412823146,0.0278852074028569,-0.691964117458802,-0.0107608743458017,0.0239144540840178,-0.691964117458802
69.25,0.160628731139931,0.0280540562905803,0.160582354551506,0.0279316473778777,-0.707751669435038,-0.0104243453142788,0.024590441820477,-0.707751669435038
69.5,0.160506221437784,0.0281001656774519,0.160460379398776,0.0279775555745951,-0.723353495008005,-0.0101069073888582,0.0251931276853989,-0.723353495008005
69.75,0.160383511712325,0.0281457400776745,0.1603382050955,0.028022931118983,-0.738769223273925,-0.00980864048061178,0.0257254978443976,-0.738769223273925
70,0.16026060429977,0.0281907786235772,0.160215833967701,0.0280677731471567,-0.753998541248059,-0.00952956975960336,0.0261905328423578,-0.753998541248059
70.25,0.1601375015401,0.0282352804576911,0.16009326834515,0.0281120808053884,-0.76904119370742,-0.00926966581766459,0.0265912067037619,-0.76904119370742
70.5,0.160014205777013,0.0282792447327653,0.159970510561318,0.0281558532501243,-0.783896983020193,-0.00902884484438438,0.026930486035957,-0.783896983020193
70.75,0.159890719357884,0.0283226706117835,0.159847562953337,0.0281990896480002,-0.798507859983923,-0.00883854681333876,0.0271246853074107,-0.798507859983923
71,0.159767044633715,0.0283655572679795,0.159724427861953,0.0282417891758572,-0.812868076922964,-0.00870271760572414,0.0271729338502752,-0.812868076922964
71.25,0.159643183959095,0.0284079038848532,0.159601107631479,0.028283951020758,-0.827065263620882,-0.00857335418671442,0.0272095466852575,-0.827065263620882
71.5,0.159519139692153,0.028449709656186,0.159477604609756,0.0283255743800018,-0.841100499823387,-0.00844910897952083,0.0272369366273661,-0.841100499823387
71.75,0.159394914194512,0.0284909737860563,0.159353921148103,0.0283666584611398,-0.854974912026242,-0.00832859064316487,0.0272574857419628,-0.854974912026242
72,0.159270509831248,0.0285316954888546,0.159230059601275,0.0284072024819904,-0.86868967293095,-0.00821036462182997,0.0272735446246107,-0.86868967293095
72.25,0.15914592897084,0.0285718739892983,0.159106022327417,0.0284472056706538,-0.882246000889867,-0.00809295370473424,0.0272874316893844,-0.882246000889867
72.5,0.159021173985128,0.0286115085224468,0.158981811688019,0.028486667265527,-0.895645159340838,-0.00797483859642263,0.0273014324658869,-0.895645159340838
72.75,0.158896247249267,0.0286505983337156,0.158857430047874,0.0285255865153182,-0.908888456231512,-0.00785445849733017,0.0273177989050163,-0.908888456231512
73,0.158771151141682,0.0286891426788911,0.158732879775029,0.0285639626790608,-0.921977243433417,-0.00773021169450445,0.0273387486937,-0.921977243433417
73.25,0.158645888044023,0.0287271408241444,0.158608163240741,0.0286017950261281,-0.934912916145993,-0.00760045616234759,0.0273664645786959,-0.934912916145993
73.5,0.158520460341118,0.0287645920460458,0.158483282819433,0.0286390828362467,-0.947596895680025,-0.00752362922329293,0.0272789105942603,-0.947596895680025
73.75,0.15839487042093,0.0288014956315779,0.158358240888649,0.0286758253995104,-0.960031291992911,-0.00749890814534106,0.0270850370008614,-0.960031291992911
74,0.15826912067451,0.0288378508781496,0.158233039829006,0.0287120220163939,-0.972281978738998,-0.00748651399276895,0.0268700289563394,-0.972281978738998
74.25,0.158143213495952,0.0288736570936094,0.158107682024153,0.0287476719977656,-0.984349592828009,-0.00748557685640487,0.0266366367560126,-0.984349592828009
74.5,0.158017151282348,0.0289089135962587,0.157982169860721,0.0287827746649014,-0.996234824272948,-0.00749517699110771,0.0263875894778635,-0.996234824272948
74.75,0.157890936433739,0.0289436197148644,0.157856505728281,0.028817329349497,-1.00793841580313,-0.00751434520711284,0.0261255941633536,-1.00793841580313
75,0.157764571353076,0.028977774788672,0.157730692019296,0.0288513353936811,-1.01946116246516,-0.00754206327338422,0.0258533350044239,-1.01946116246516
75.25,0.157638058446166,0.0290113781674183,0.157604731129079,0.0288847921500276,-1.03080391121187,-0.00757726433285867,0.0255734725367825,-1.03080391121187
75.5,0.157511400121633,0.0290444292113432,0.157478625455744,0.0289176989815681,-1.04196756047956,-0.00761883332950306,0.0252886428396866,-1.04196756047956
75.75,0.15738459879087,0.0290769272912026,0.15735237740016,0.028950055261804,-1.05295305975325,-0.00766560744708455,0.0250014567423624,-1.05295305975325
76,0.15725765686799,0.0291088717882799,0.157225989365908,0.0289818603747183,-1.06376140912039,-0.00771637655956068,0.0247144990372548,-1.06376140912039
76.25,0.157130576769785,0.0291402620943978,0.157099463759235,0.0290131137147875,-1.07439365881298,-0.00776988369298128,0.0244303277002281,-1.07439365881298
76.5,0.157003360915677,0.0291710976119303,0.156972802989006,0.0290438146869931,-1.08485090873815,-0.00782482549880881,0.0241514731179134,-1.08485090873815
76.75,0.156876011727672,0.0292013777538135,0.156846009466659,0.0290739627068328,-1.0951343079974,-0.00787985273855624,0.0238804373223748,-1.0951343079974
77,0.156748531630316,0.0292311019435571,0.15671908560616,0.0291035572003318,-1.1052450543946,-0.00793357077962181,0.0236196932331983,-1.1052450543946
77.25,0.156620923050645,0.0292602696152554,0.156592033823956,0.0291325976040535,-1.11518439393278,-0.00798454010222504,0.0233716839072084,-1.11518439393278
77.5,0.156493188418143,0.029288880213598,0.156464856538931,0.0291610833651106,-1.12495362029989,-0.00803127681733595,0.0231388217959802,-1.12495362029989
77.75,0.156365330164693,0.0293169331938804,0.156337556172356,0.0291890139411753,-1.13455407434362,-0.00807225319546761,0.0229234880112248,-1.13455407434362
78,0.156237350724533,0.0293444280220142,0.156210135147847,0.0292163888004895,-1.14398714353542,-0.0081058982062417,0.0227280315983136,-1.14398714353542
78.25,0.156109252534205,0.0293713641745375,0.156082595891316,0.0292432074218755,-1.15325426142378,-0.0081305980685867,0.0225547688179764,-1.15325426142378
78.5,0.155981038032516,0.0293977411386249,0.155954940830927,0.0292694692947454,-1.16235690707689,-0.00814469681147032,0.0224059824364289,-1.16235690707689
78.75,0.155852709660484,0.0294235584120969,0.155827172397049,0.0292951739191109,-1.17129660451496,-0.00814649684502827,0.0222839210239864,-1.17129660451496
79,0.155724269861296,0.0294488155034299,0.155699293022208,0.0293203208055931,-1.18007492213205,-0.00813425954197839,0.0221907982623746,-1.18007492213205
79.25,0.155595721080262,0.0294735119317653,0.155571305141044,0.0293449094754315,-1.18869347210775,-0.00810620582919104,0.0221287922608541,-1.18869347210775
79.5,0.155467065764764,0.0294976472269186,0.15544321119026,0.0293689394604933,-1.19715390980877,-0.00806051678928937,0.0221000448813163,-1.19715390980877
79.75,0.155338306364215,0.0295212209293887,0.155315013608581,0.0293924103032821,-1.20545793318056,-0.00799533427214686,0.0221066610724516,-1.20545793318056
80,0.155209445330008,0.0295442325903662,0.155186714836705,0.029415321556947,-1.21360728212906,-0.00790876151616085,0.0221507082132033,-1.21360728212906
80.25,0.155080485115471,0.0295666817717423,0.155058317317255,0.0294376727852908,-1.22160373789281,-0.0077988637791589,0.0222342154655661,-1.22160373789281
80.5,0.15495142817582,0.0295885680461169,0.154929823494734,0.0294594635627782,-1.22944912240544,-0.0076636689788111,0.0223591731369208,-1.22944912240544
80.75,0.154822276968115,0.029609890996807,0.154801235815481,0.0294806934745442,-1.23714529764877,-0.00750116834240752,0.0225275320520062,-1.23714529764877
81,0.154693033951207,0.0296306502178541,0.154672556727618,0.0295013621164021,-1.24469416499657,-0.00730931706586612,0.0227412029346874,-1.24469416499657
81.25,0.154563701585697,0.0296508453140328,0.15454378868101,0.0295214690948505,-1.25209766454922,-0.00708603498182817,0.0230020557996229,-1.25209766454922
81.5,0.154434282333888,0.0296704759008575,0.154414934127216,0.0295410140270816,-1.25935777445932,-0.00682920723670052,0.0233119193539727,-1.25935777445932
81.75,0.154304778659735,0.0296895416045901,0.15428599551944,0.0295599965409881,-1.26767037333545,-0.00571152935904953,0.0241025648059241,-1.26767037333545
82,0.154175193028802,0.0297080420622471,0.154156975312487,0.0295784162751703,-1.27721818029857,-0.00360234539632434,0.0254088767603048,-1.27721818029857
82.25,0.154045527908212,0.0297259769216065,0.154027875962717,0.029596272878943,-1.2867373227502,-0.0013730682384642,0.0267634051781733,-1.2867373227502
82.5,0.153915785766602,0.0297433458412143,0.153898699927994,0.0296135660123422,-1.29549581617895,0.000507023473199297,0.0273274253361035,-1.29549581617895
82.75,0.153785969074075,0.0297601484903914,0.153769449667645,0.0296302953461315,-1.29973916946115,-0.000394163155095006,0.0229222278809678,-1.29973916946115
83,0.153656080302154,0.0297763845492397,0.153640127642407,0.0296464605618086,-1.3037605955634,-0.00133355826096735,0.0185297872578997,-1.3037605955634
83.25,0.153526121923735,0.0297920537086478,0.153510736314386,0.0296620613516111,-1.30756073033507,-0.00231043154816018,0.0141529041627766,-1.30756073033507
83.5,0.153396096413037,0.0298071556702976,0.153381278147007,0.0296770974185223,-1.31114025959884,-0.00332400624664687,0.00979436477062094,-1.31114025959884
83.75,0.153266006245559,0.0298216901466696,0.153251755604965,0.0296915684762774,-1.31449991890642,-0.00437345935865048,0.00545693999546869,-1.31449991890642
84,0.15313585389803,0.0298356568610482,0.153122171154184,0.0297054742493681,-1.31764049328352,-0.00545792191529483,0.00114338475397703,-1.31764049328352
84.25,0.153005641848362,0.0298490555475273,0.152992527261765,0.0297188144730486,-1.32056281696429,-0.00657647924383245,-0.00314356276707913,-1.32056281696429
84.5,0.152875372575607,0.0298618859510154,0.15286282639594,0.0297315888933403,-1.32326777311504,-0.00772817124539508,-0.00740118183928057,-1.32326777311504
84.75,0.152745048559902,0.0298741478272399,0.152733071026028,0.0297437972670366,-1.32612022031354,-0.00872925735162698,-0.00998691277177769,-1.32612022031354
85,0.15261467228243,0.0298858409427524,0.152603263622382,0.0297554393617078,-1.32969133506808,-0.0092610953919998,-0.00862265472825485,-1.32969133506808
85.25,0.152484246225366,0.0298969650749328,0.15247340665635,0.029766514955705,-1.3331153502922,-0.00974193872654743,-0.00736177929046803,-1.3331153502922
85.5,0.152353772871835,0.0299075200119938,0.152343502600221,0.029777023838165,-1.33638985894607,-0.0101741200522286,-0.00620240381584416,-1.33638985894607
85.75,0.152223254705862,0.0299175055529846,0.15221355392718,0.0297869658090138,-1.33951249453972,-0.0105599352889759,-0.00514260465847079,-1.33951249453972
86,0.152092694212324,0.0299269215077947,0.152083563111263,0.0297963406789705,-1.34248093176069,-0.0109016429533956,-0.00418041781240279,-1.34248093176069
86.25,0.151962093876904,0.0299357676971581,0.151953532627308,0.0298051482695512,-1.34529288709196,-0.0112014635421278,-0.00331383956393762,-1.34529288709196
86.5,0.151831456186046,0.029944043952656,0.151823464950908,0.0298133884130721,-1.34794611941999,-0.0114615789249961,-0.00254082715276304,-1.34794611941999
86.75,0.151700783626901,0.0299517501167205,0.151693362558363,0.0298210609526526,-1.35043843063275,-0.0116841317480691,-0.00185929944179178,-1.35043843063275
87,0.151570078687288,0.0299588860426372,0.151563227926636,0.0298281657422188,-1.35276766620774,-0.0118712248467504,-0.0012671375955832,-1.35276766620774
87.25,0.15143934385564,0.0299654515945485,0.151433063533303,0.0298347026465056,-1.35493171578973,-0.01202492066902,-0.000762185767171355,-1.35493171578973
87.5,0.15130858162096,0.0299714466474557,0.151302871856506,0.0298406715410598,-1.3569285137581,-0.01214724070894,-0.000342251793171224,-1.3569285137581
87.75,0.151177794472772,0.0299768710872217,0.151172655374907,0.0298460723122422,-1.35875603978389,-0.0122401649505414,-5.10789702835108e-06,-1.35875603978389
88,0.151046984901075,0.0299817248105729,0.151042416567639,0.02985090485723,-1.3604123193761,-0.0123056313221998,0.000251508599761761,-1.3604123193761
88.25,0.150916155396295,0.0299860077251014,0.150912157914263,0.0298551690840185,-1.36189542441748,-0.0123455351616185,0.000429894558600246,-1.36189542441748
88.5,0.150785308449236,0.0299897197492667,0.150781881894715,0.0298588649114229,-1.3632034736894,-0.012361728691518,0.000532380297046185,-1.3632034736894
88.75,0.150654446551037,0.0299928608123973,0.150651590989263,0.0298619922690801,-1.36433463338597,-0.0123560205061428,0.000561328854549418,-1.36433463338597
89,0.150523572193118,0.0299954308546917,0.150521287678458,0.0298645510974496,-1.36528711761698,-0.0123301750686919,0.000519135250817553,-1.36528711761698
89.25,0.15039268786714,0.0299974298272202,0.150390974443087,0.029866541347815,-1.36605918889999,-0.0122859122197669,0.000408225736958699,-1.36605918889999
89.5,0.150261796064951,0.0299988576919251,0.150260653764126,0.0298679629822848,-1.36664915864099,-0.0122249066969442,0.000231057039564755,-1.36664915864099
89.75,0.150130899278542,0.029999714421622,0.150130328122693,0.0298688159737932,-1.36705538760391,-0.0121487876655704,-9.88440211167994e-06,-1.36705538760391
90,0.15,0.03,0.15,0.0298691003061004,-1.36727628636872,-0.0120591382608644,-0.000312083205712695,-1.36727628636872
90.25,0.149869100721458,0.029999714421622,0.149869671877307,0.0298688159737932,-1.36731031577801,-0.0119574951414371,-0.000672995821926605,-1.36731031577801
90.5,0.149738203935049,0.0299988576919251,0.149739346235874,0.0298679629822848,-1.36715598737204,-0.0118453480543013,-0.00109005131704653,-1.36715598737204
90.75,0.14960731213286,0.0299974298272202,0.149609025556913,0.029866541347815,-1.3668118638121,-0.0117241394114768,-0.00156065216179239,-1.3668118638121
91,0.149476427806882,0.0299954308546917,0.149478712321542,0.0298645510974496,-1.36627655929214,-0.0115952638782622,-0.00208217502621915,-1.36627655929214
91.25,0.149345553448963,0.0299928608123973,0.149348409010737,0.0298619922690801,-1.36554873993857,-0.0114600679732723,-0.00265197158055909,-1.36554873993857
91.5,0.149214691550764,0.0299897197492667,0.149218118105285,0.0298588649114229,-1.36462712419816,-0.0113198496803094,-0.00326736930181127,-1.36462712419816
91.75,0.149083844603705,0.0299860077251014,0.149087842085737,0.0298551690840185,-1.36351048321393,-0.011175858072156,-0.00392567228592931,-1.36351048321393
92,0.148953015098925,0.0299817248105729,0.148957583432361,0.02985090485723,-1.36219764118893,-0.0110292929463685,-0.00462416206543443,-1.36219764118893
92.25,0.148822205527228,0.0299768710872217,0.148827344625093,0.0298460723122422,-1.36068747573799,-0.0108813044731355,-0.00536009843226391,-1.36068747573799
92.5,0.14869141837904,0.0299714466474557,0.148697128143494,0.0298406715410598,-1.35897891822714,-0.0107329928552855,-0.00613072026571365,-1.35897891822714
92.75,0.14856065614436,0.0299654515945485,0.148566936466697,0.0298347026465056,-1.35707095410081,-0.0105854080005089,-0.00693324636528713,-1.35707095410081
93,0.148429921312712,0.0299588860426372,0.148436772073364,0.0298281657422188,-1.35496262319662,-0.0104395492058593,-0.00776487628827375,-1.35496262319662
93.25,0.148299216373099,0.0299517501167205,0.148306637441637,0.0298210609526526,-1.35265302004783,-0.010296364854606,-0.00862279119188828,-1.35265302004783
93.5,0.148168543813954,0.029944043952656,0.148176535049092,0.0298133884130721,-1.35014129417324,-0.0101567521254968,-0.00950415467980194,-1.35014129417324
93.75,0.148037906123096,0.0299357676971581,0.148046467372692,0.0298051482695512,-1.34742665035454,-0.0100215567144909,-0.0104061136528771,-1.34742665035454
94,0.147907305787676,0.0299269215077947,0.147916436888737,0.0297963406789705,-1.34450834890114,-0.00989157256902405,-0.0113257991639367,-1.34450834890114
94.25,0.147776745294138,0.0299175055529846,0.14778644607282,0.0297869658090138,-1.34138570590223,-0.00976754163485682,-0.0122603272763881,-1.34138570590223
94.5,0.147646227128165,0.0299075200119938,0.147656497399779,0.029777023838165,-1.33805809346624,-0.00965015361556687,-0.0132067999265395,-1.33805809346624
94.75,0.147515753774634,0.0298969650749328,0.14752659334365,0.029766514955705,-1.33452493994743,-0.00954004574472328,-0.0141623057893851,-1.33452493994743
95,0.14738532771757,0.0298858409427524,0.147396736377617,0.0297554393617078,-1.33078573015976,-0.0094378025708099,-0.0151239211477414,-1.33078573015976
95.25,0.147254951440098,0.0298741478272399,0.147266928973972,0.0297437972670366,-1.32684000557787,-0.00934395575492415,-0.0160887107645012,-1.32684000557787
95.5,0.147124627424393,0.0298618859510154,0.14713717360406,0.0297315888933403,-1.32268736452513,-0.00925898388130996,-0.0170537287578575,-1.32268736452513
95.75,0.146994358151638,0.0298490555475273,0.147007472738235,0.0297188144730486,-1.31827504996311,-0.00921498008982353,-0.017859620056725,-1.31827504996311
96,0.14686414610197,0.0298356568610482,0.146877828845816,0.0297054742493681,-1.31333377848919,-0.00937032901802635,-0.0176636716858751,-1.31333377848919
96.25,0.146733993754441,0.0298216901466696,0.146748244395035,0.0296915684762774,-1.3082226300286,-0.00950518600095111,-0.0175101308764326,-1.3082226300286
96.5,0.146603903586963,0.0298071556702976,0.146618721852993,0.0296770974185223,-1.30294003161277,-0.00962121874859993,-0.0173966643650978,-1.30294003161277
96.75,0.146473878076265,0.0297920537086478,0.146489263685614,0.0296620613516111,-1.29748445754343,-0.00972005132318637,-0.0173209067804708,-1.29748445754343
97,0.146343919697846,0.0297763845492397,0.146359872357593,0.0296464605618086,-1.29185442991223,-0.00980326361770767,-0.0172804613830865,-1.29185442991223
97.25,0.146214030925925,0.0297601484903914,0.146230550332355,0.0296302953461315,-1.28604851910919,-0.00987239084551115,-0.0172729008131283,-1.28604851910919
97.5,0.146084214233398,0.0297433458412143,0.146101300072006,0.0296135660123422,-1.28006534432002,-0.00992892304097005,-0.0172957678456665,-1.28006534432002
97.75,0.145954472091788,0.0297259769216065,0.145972124037283,0.029596272878943,-1.27390357401217,-0.00997430457136996,-0.0173465761532835,-1.27390357401217
98,0.145824806971198,0.0297080420622471,0.145843024687513,0.0295784162751703,-1.26756192640948,-0.010009933660109,-0.0174228110758949,-1.26756192640948
98.25,0.145695221340265,0.0296895416045901,0.14571400448056,0.0295599965409881,-1.2610391699553,-0.0100371619213201,-0.0175219303976365,-1.2610391699553
98.5,0.145565717666112,0.0296704759008575,0.145585065872784,0.0295410140270816,-1.25433412376414,-0.0100572939060029,-0.0176413651306279,-1.25433412376414
98.75,0.145436298414303,0.0296508453140328,0.14545621131899,0.0295214690948505,-1.2474456580615,-0.0100715866597716,-0.0177785203054629,-1.2474456580615
99,0.145306966048793,0.0296306502178541,0.145327443272382,0.029501362116402,-1.24037269461205,-0.0100812492923135,-0.0179307757682711,-1.24037269461205
99.25,0.145177723031885,0.029609890996807,0.145198764184519,0.0294806934745442,-1.23311420713584,-0.0100874425586432,-0.0180954869841615,-1.23311420713584
99.5,0.14504857182418,0.0295885680461169,0.145070176505266,0.0294594635627782,-1.22566922171261,-0.0100912784522474,-0.0182699858468882,-1.22566922171261
99.75,0.144919514884529,0.0295666817717423,0.144941682682745,0.0294376727852908,-1.21803681717403,-0.0100938198102138,-0.0184515814945942,-1.21803681717403
100,0.144790554669992,0.0295442325903662,0.144813285163295,0.029415321556947,-1.21021612548382,-0.0100960799304146,-0.0186375611314166,-1.21021612548382
100.25,0.144661693635785,0.0295212209293887,0.144684986391419,0.0293924103032821,-1.20220633210567,-0.0100990222008437,-0.0188251908548208,-1.20220633210567
100.5,0.144532934235236,0.0294976472269186,0.14455678880974,0.0293689394604933,-1.19400667635879,-0.0101035597411789,-0.0190117164884784,-1.19400667635879
100.75,0.144404278919738,0.0294735119317653,0.144428694858956,0.0293449094754315,-1.18561645176119,-0.0101105550566509,-0.0191943644205133,-1.18561645176119
101,0.144275730138704,0.0294488155034299,0.144300706977792,0.0293203208055931,-1.17703500636044,-0.0101208197042934,-0.0193703424469394,-1.17703500636044
101.25,0.144147290339516,0.0294235584120969,0.144172827602951,0.0292951739191109,-1.16826174305193,-0.0101351139716479,-0.019536840620117,-1.16826174305193
101.5,0.144018961967484,0.0293977411386249,0.144045059169073,0.0292694692947454,-1.15929611988451,-0.0101541465680014,-0.0196910321020703,-1.15929611988451
101.75,0.143890747465795,0.0293713641745375,0.143917404108684,0.0292432074218755,-1.15013765035351,-0.0101785743282099,-0.0198300740224357,-1.15013765035351
102,0.143762649275467,0.0293444280220142,0.143789864852153,0.0292163888004895,-1.140785903681,-0.0102090019291946,-0.0199511083409385,-1.140785903681
102.25,0.143634669835307,0.0293169331938804,0.143662443827644,0.0291890139411753,-1.13124050508327,-0.0102459816191545,-0.0200512627141368,-1.13124050508327
102.5,0.143506811581857,0.029288880213598,0.143535143461069,0.0291610833651106,-1.12150113602541,-0.0102900129595744,-0.0201276513663277,-1.12150113602541
102.75,0.143379076949355,0.0292602696152554,0.143407966176044,0.0291325976040535,-1.11156753446307,-0.0103415425800722,-0.0201773759643696,-1.11156753446307
103,0.143251468369684,0.0292311019435571,0.14328091439384,0.0291035572003318,-1.10143949507114,-0.0104009639461579,-0.0201975264962993,-1.10143949507114
103.25,0.143123988272328,0.0292013777538135,0.143153990533341,0.0290739627068328,-1.09111686945948,-0.0104686171399359,-0.0201851821534933,-1.09111686945948
103.5,0.142996639084323,0.0291710976119303,0.143027197010994,0.0290438146869931,-1.08059956637558,-0.0105447886538319,-0.0201374122162681,-1.08059956637558
103.75,0.142869423230215,0.0291402620943978,0.142900536240765,0.0290131137147875,-1.06988755189399,-0.0106297111973639,-0.0200512769426624,-1.06988755189399
104,0.14274234313201,0.0291088717882799,0.142774010634092,0.0289818603747183,-1.05898084959275,-0.010723563517019,-0.0199238284602548,-1.05898084959275
104.25,0.14261540120913,0.0290769272912026,0.14264762259984,0.028950055261804,-1.04787954071644,-0.0108264702292892,-0.0197521116608496,-1.04787954071644
104.5,0.142488599878367,0.0290444292113432,0.142521374544256,0.0289176989815681,-1.03658376432608,-0.0109385016668759,-0.0195331650977768,-1.03658376432608
104.75,0.142361941553834,0.0290113781674183,0.14239526887092,0.0288847921500276,-1.0250937174357,-0.0110596737381396,-0.0192640218857029,-1.0250937174357
105,0.142235428646924,0.028977774788672,0.142269307980704,0.0288513353936811,-1.01340965513556,-0.0111899477998057,-0.0189417106027047,-1.01340965513556
105.25,0.142109063566261,0.0289436197148644,0.142143494271719,0.028817329349497,-1.00153189070204,-0.0113292305429651,-0.0185632561944367,-1.00153189070204
105.5,0.141982848717652,0.0289089135962587,0.142017830139279,0.0287827746649014,-0.989460795694119,-0.0114773738924073,-0.0181256808802168,-0.989460795694119
105.75,0.141856786504048,0.0288736570936094,0.141892317975847,0.0287476719977656,-0.977196800036441,-0.011634174919311,-0.0176260050608294,-0.977196800036441
106,0.14173087932549,0.0288378508781496,0.141766960170994,0.0287120220163939,-0.964740392088894,-0.011799375767315,-0.0170612482278541,-0.964740392088894
106.25,0.14160512957907,0.0288014956315779,0.141641759111351,0.0286758253995104,-0.952092118702774,-0.011972663591991,-0.0164284298743286,-0.952092118702774
106.5,0.141479539658882,0.0287645920460458,0.141516717180567,0.0286390828362467,-0.939305128068226,-0.0119619835657318,-0.0146451700143655,-0.939305128068226
106.75,0.141354111955977,0.0287271408241444,0.141391836759259,0.0286017950261281,-0.926358908919204,-0.0118990742107302,-0.0125718959925063,-0.926358908919204
107,0.141228848858318,0.0286891426788911,0.141267120224971,0.0285639626790608,-0.913249222484873,-0.011809166549484,-0.0103672078082543,-0.913249222484873
107.25,0.141103752750733,0.0286505983337156,0.141142569952126,0.0285255865153182,-0.899978309350275,-0.0116902712981953,-0.00802865863191261,-0.899978309350275
107.5,0.140978826014872,0.0286115085224468,0.141018188311981,0.028486667265527,-0.890133559312903,-0.00840268919414071,-0.00319693691215072,-0.890133559312903
107.75,0.14085407102916,0.0285718739892983,0.140893977672583,0.0284472056706538,-0.881742992946239,-0.00366604198102424,0.00272801161686463,-0.881742992946239
108,0.140729490168752,0.0285316954888546,0.140769940398725,0.0284072024819904,-0.873297430600526,0.00118385038065074,0.00863647044701661,-0.873297430600526
108.25,0.140605085805488,0.0284909737860563,0.140646078851897,0.0283666584611398,-0.860145383276086,0.000991833177730841,0.0051250937332525,-0.860145383276086
108.5,0.140480860307847,0.028449709656186,0.140522395390244,0.0283255743800018,-0.846801203003888,0.000778387364342337,0.00174020802914845,-0.846801203003888
108.75,0.140356816040905,0.0284079038848532,0.140398892368521,0.028283951020758,-0.833266934811616,0.000545307977919586,-0.0015159121186399,-0.833266934811616
109,0.140232955366285,0.0283655572679795,0.140275572138047,0.0282417891758572,-0.819544664237426,0.000294427321154072,-0.004641019378346,-0.819544664237426
109.25,0.140109280642116,0.0283226706117835,0.140152437046663,0.0281990896480002,-0.805636516952747,2.76145896279541e-05,-0.00763289422743117,-0.805636516952747
109.5,0.139985794222987,0.0282792447327653,0.140029489438682,0.0281558532501243,-0.791544658376518,-0.000253224509060769,-0.0104893455418326,-0.791544658376518
109.75,0.1398624984599,0.0282352804576911,0.13990673165485,0.0281120808053884,-0.777271293280945,-0.000546148144617198,-0.0132082111800113,-0.777271293280945
110,0.13973939570023,0.0281907786235773,0.139784166032299,0.0280677731471567,-0.762818665388776,-0.000849178761738153,-0.0157873585616771,-0.762818665388776
110.25,0.139616488287675,0.0281457400776745,0.1396617949045,0.028022931118983,-0.74818905696227,-0.00116030348610328,-0.0182246852410739,-0.74818905696227
110.5,0.139493778562216,0.0281001656774519,0.139539620601224,0.0279775555745951,-0.73338478838384,-0.00147747453859127,-0.0205181194747137,-0.73338478838384
110.75,0.139371268860069,0.0280540562905803,0.139417645448494,0.0279316473778777,-0.718408217728492,-0.00179860965765056,-0.0226656207834402,-0.718408217728492
111,0.139248961513641,0.0280074127949161,0.13929587176854,0.0278852074028569,-0.703261740328127,-0.00212159252974477,-0.0246651805087125,-0.703261740328127
111.25,0.139126858851489,0.027960236078484,0.139174301879758,0.0278382365336828,-0.687947788327793,-0.00244427322779638,-0.0265148223629906,-0.687947788327793
111.5,0.139004963198271,0.0279125270394607,0.139052938096663,0.0277907356646131,-0.672468830233938,-0.00276446865755108,-0.0282126029741196,-0.672468830233938
111.75,0.138883276874705,0.0278642865861577,0.138931782729847,0.0277427056999958,-0.656827370454785,-0.0030799630117784,-0.0297566124235927,-0.656827370454785
112,0.138761802197523,0.0278155156370036,0.138810838085934,0.0276941475542522,-0.641025948832874,-0.00338850823222896,-0.0311449747785911,-0.641025948832874
112.25,0.138640541479427,0.027766215120527,0.138690106467534,0.0276450621518594,-0.625067140169875,-0.00368782447926321,-0.0323758486176873,-0.625067140169875
112.5,0.138519497029047,0.0277163859753386,0.138569590173204,0.0275954504273328,-0.608953553743767,-0.00397560060906777,-0.03344742755011,-0.608953553743767
112.75,0.138398671150895,0.0276660291501136,0.138449291497401,0.027545313325208,-0.592603415461579,-0.00423081636125886,-0.0339680788481362,-0.592603415461579
113,0.138278066145322,0.0276151456035732,0.138329212730438,0.0274946518000232,-0.576024914837761,-0.00443960889979706,-0.0339126306511934,-0.576024914837761
113.25,0.138157684308472,0.0275637363044669,0.138209356158441,0.0274434668163008,-0.559349175363299,-0.00462738028454966,-0.0338702308186671,-0.559349175363299
113.5,0.138037527932243,0.0275118022315537,0.138089724063308,0.0273917593485292,-0.542574278692574,-0.00479636276828378,-0.0338397052023999,-0.542574278692574
113.75,0.137917599304238,0.0274593443735834,0.137970318722659,0.0273395303811439,-0.525698330528944,-0.00494876680030898,-0.0338198323199274,-0.525698330528944
114,0.137797900707726,0.027406363729278,0.137851142409802,0.0272867809085093,-0.508719461431871,-0.00508678021333627,-0.0338093437300341,-0.508719461431871
114.25,0.137678434421596,0.0273528613073127,0.137732197393682,0.0272335119348992,-0.491635827618377,-0.00521256741596067,-0.0338069244206657,-0.491635827618377
114.5,0.137559202720313,0.0272988381262963,0.137613485938839,0.0271797244744781,-0.474445611758662,-0.00532826859093926,-0.03381121320901,-0.474445611758662
114.75,0.137440207873877,0.0272442952147524,0.137495010305369,0.0271254195512817,-0.457147023765697,-0.00543599889944502,-0.033820803153788,-0.457147023765697
115,0.137321452147779,0.0271892336110995,0.137376772748877,0.0270705981991976,-0.439738301578646,-0.00553784769146759,-0.0338342419795959,-0.439738301578646
115.25,0.137202937802956,0.027133654363631,0.137258775520436,0.0270152614619452,-0.422217711939899,-0.00563587772253497,-0.0338500325132352,-0.422217711939899
115.5,0.137084667095751,0.0270775585304958,0.137141020866544,0.0269594103930562,-0.404512487625522,-0.0056469740217978,-0.0332738477178736,-0.404512487625522
115.75,0.136966642277867,0.0270209471796776,0.137023511029078,0.0269030460558544,-0.386638996877999,-0.00556108496317662,-0.032127053518431,-0.386638996877999
116,0.136848865596328,0.026963821388975,0.136906248245257,0.0268461695234357,-0.368650590456051,-0.0054282973626221,-0.0307996277301199,-0.368650590456051
116.25,0.13673133929343,0.0269061822459806,0.136789234747595,0.0267887818786471,-0.35055033192038,-0.0052458926608477,-0.0292903470390784,-0.35055033192038
116.5,0.136614065606706,0.0268480308480607,0.13667247276386,0.0267308842140668,-0.33234131061786,-0.00501112958653086,-0.0275980305114365,-0.33234131061786
116.75,0.136497046768877,0.0267893683023341,0.136555964517033,0.0266724776319828,-0.314026641083137,-0.0047212447480981,-0.0257215399878543,-0.314026641083137
117,0.136380285007814,0.026730195725651,0.136439712225263,0.0266135632443723,-0.295609462434328,-0.00437345323132449,-0.0236597804698995,-0.295609462434328
117.25,0.136263782546491,0.0266705142445721,0.136323718101825,0.0265541421728801,-0.277092937762986,-0.00396494920264415,-0.0214117004981893,-0.277092937762986
117.5,0.136147541602949,0.0266103249953467,0.13620798435508,0.026494215548798,-0.25848025351838,-0.00349290651805268,-0.0189762925222072,-0.25848025351838
117.75,0.136031564390247,0.0265496291238913,0.136092513188432,0.0264337845130424,-0.239774618886252,-0.00295447933749747,-0.0163525932617235,-0.239774618886252
118,0.135915853116423,0.0264884277857678,0.135977306800287,0.0263728502161332,-0.220979265162147,-0.00234680274463504,-0.0135396840597363,-0.220979265162147
118.25,0.135800409984455,0.0264267221461616,0.135862367384006,0.0263114138181715,-0.202097445119407,-0.00166699337184576,-0.0105366912268564,-0.202097445119407
118.5,0.135685237192212,0.026364513379859,0.135747697127871,0.0262494764888178,-0.183132432372006,-0.000912150030387937,-0.00734278637706762,-0.183132432372006
118.75,0.135570336932418,0.0263018026712252,0.135633298215039,0.0261870394072696,-0.164087520732264,-7.93543455755792e-05,-0.00395718675477955,-0.164087520732264
119,0.13545571139261,0.0262385912141819,0.1355191728235,0.0261241037622388,-0.144966023563617,0.000834328603137345,-0.000379155553109102,-0.144966023563617
119.25,0.135341362755091,0.0261748802121839,0.135405323126036,0.0260606707519295,-0.136599461332739,0.00522595297982095,-0.0023841073657833,-0.136599461332739
119.5,0.135227293196896,0.026110670878197,0.135291751290182,0.0259967415840147,-0.136913698410201,0.00742128467427227,-0.00295117063103655,-0.136913698410201
119.75,0.135113504889744,0.0260459644346743,0.135178459478183,0.0259323174756137,-0.136181781088601,0.00808928039821826,-0.00235458195219986,-0.136181781088601
120,0.135,0.0259807621135332,0.13506544984695,0.0258673996532685,-0.119159019784686,0.0189143742058229,-0.0192858249835912,-0.119159019784686
120.25,0.134886780688634,0.0259150651561319,0.134952724548024,0.025801989352921,-0.0984913460325446,0.0222451795730792,-0.0277587272277125,-0.0984913460325446
120.5,0.134773849111179,0.0258488748132458,0.134840285727533,0.025736087819889,-0.0752219780355993,0.0200510667901053,-0.0296895755298211,-0.0752219780355993
120.75,0.134661207417688,0.0257821923450436,0.134728135526149,0.0256696963088427,-0.0520540224884577,0.017955778907486,-0.0314956295596035,-0.0520540224884577
121,0.134548857752698,0.0257150190210634,0.134616276079051,0.0256028160837807,-0.0289882778772917,0.0159597132181761,-0.0331798760555462,-0.0289882778772917
121.25,0.134436802255184,0.0256473561201884,0.134504709515881,0.0255354484180062,-0.00602548648318392,0.0140632108669357,-0.0347452974344357,-0.00602548648318392
121.5,0.134325043058522,0.0255792049306228,0.134393437960706,0.0254675945941023,0.0168336654433986,0.0122665570324683,-0.0361948708971956,0.0168336654433986
121.75,0.134213582290444,0.0255105667498669,0.134282463531976,0.0253992559039082,0.0395885474948754,0.0105699811227336,-0.0375315675382457,0.0395885474948754
122,0.134102422073004,0.0254414428846928,0.134171788342483,0.0253304336484938,0.0622385849059591,0.00897365698324046,-0.0387583514584882,0.0622385849059591
122.25,0.133991564522532,0.0253718346511192,0.134061414499325,0.0252611291381358,0.0847832583398609,0.00747770311842424,-0.0398781788821995,0.0847832583398609
122.5,0.133881011749595,0.0253017433743866,0.13395134410386,0.0251913436922921,0.107222103661634,0.00608218292593629,-0.0408939972779496,0.107222103661634
122.75,0.13377076585896,0.0252311703889318,0.13384157925167,0.0251210786395771,0.12950507776198,0.00481668097057912,-0.0417840039698653,0.12950507776198
123,0.133660828949549,0.0251601170383627,0.133732122032518,0.0250503353177361,0.150094571897097,0.00460010574832423,-0.0418002044060785,0.150094571897097
123.25,0.133551203114403,0.0250885846754328,0.133622974530314,0.0249791150736199,0.170719706532429,0.00440396245228735,-0.0418191799999805,0.170719706532429
123.5,0.133441890440638,0.025016574662015,0.133514138823067,0.0249074192631593,0.191382516981801,0.00422582683009694,-0.0418407453019021,0.191382516981801
123.75,0.133332893009412,0.0249440883690764,0.133405616982854,0.0248352492513392,0.212085034534608,0.00406327759368064,-0.0418646622632104,0.212085034534608
124,0.133224212895878,0.0248711271766513,0.133297411075773,0.0247626064121726,0.232829285548219,0.00391389733427703,-0.0418906402952898,0.232829285548219
124.25,0.133115852169148,0.0247976924738157,0.133189523161908,0.0246894921286744,0.253617290541345,0.00377527343652885,-0.0419183363425381,0.253617290541345
124.5,0.133007812892255,0.0247237856586605,0.133081955295291,0.0246159077928352,0.274451063288517,0.00364499899144296,-0.0419473549692542,0.274451063288517
124.75,0.132900097122111,0.0246494081382649,0.132974709523859,0.0245418548055948,0.295332609915979,0.00352067370802485,-0.0419772484604606,0.295332609915979
125,0.132792706909469,0.0245745613286698,0.132867787889415,0.0244673345768151,0.316263927999036,0.00339990482338681,-0.0420075169366496,0.316263927999036
125.25,0.132685644298883,0.0244992466548504,0.132761192427594,0.024392348525254,0.337247005661235,0.00328030801112496,-0.0420376084823793,0.337247005661235
125.5,0.132578911328672,0.0244234655506896,0.132654925167821,0.0243168980785378,0.358283820675447,0.00315950828776972,-0.0420669192887194,0.358283820675447
125.75,0.132472510030877,0.0243472194589504,0.13254898813327,0.0242409846731343,0.3793763395671,0.00303514091710998,-0.0420947938095431,0.3793763395671
126,0.132366442431226,0.0242705098312484,0.13244338334083,0.0241646097543252,0.400526516719764,0.0029048523121927,-0.0421205249316261,0.400526516719764
126.25,0.132260710549093,0.0241933381280245,0.132338112801063,0.0240877747761789,0.421736293483288,0.00276630093479398,-0.0421433541584218,0.421736293483288
126.5,0.13215531639746,0.0241157058185165,0.13223317851817,0.0240104812015227,0.443007597284657,0.00261715819217379,-0.0421624718076753,0.443007597284657
126.75,0.13205026198288,0.0240376143807318,0.132128582489948,0.0239327305019147,0.464342340741787,0.00245510933090777,-0.0421770172226503,0.464342340741787
127,0.131945549305439,0.0239590653014188,0.132024326707753,0.0238545241576163,0.485742420780493,0.00227785432760337,-0.0421860789969853,0.485742420780493
127.25,0.131841180358713,0.0238800600760387,0.131920413156467,0.0237758636575634,0.50720971775473,0.00208310877630459,-0.0421886952132085,0.50720971775473
127.5,0.131737157129738,0.0238006002087371,0.131816843814453,0.0236967504993387,0.52874609457041,0.00186860477238753,-0.0421838536947597,0.52874609457041
127.75,0.131633481598967,0.0237206872123153,0.131713620653523,0.0236171861891427,0.550353395812906,0.00163209179275323,-0.042170492271507,0.550353395812906
128,0.13153015574023,0.0236403226082017,0.131610745638896,0.023537172241765,0.572033446878494,0.00137133757212275,-0.0421474990587555,0.572033446878494
128.25,0.131427181520705,0.0235595079264223,0.131508220729165,0.0234567101805559,0.593788053109892,0.0010841289752426,-0.0421137127495787,0.593788053109892
128.5,0.131324560900871,0.0234782447055724,0.131406047876255,0.0233758015373971,0.613739719237363,0.00194653903396627,-0.0414965731028036,0.613739719237363
128.75,0.131222295834478,0.0233965344927865,0.131304229025392,0.0232944478526726,0.633537348222924,0.00292756862172717,-0.0408270690583685,0.633537348222924
129,0.131120388268505,0.0233143788437091,0.131202766115058,0.0232126506752391,0.653235418016904,0.0039924021024245,-0.0401243582773534,0.653235418016904
129.25,0.131018840143125,0.0232317793224656,0.131101661076962,0.0231304115623971,0.672834824055159,0.00513974874444652,-0.0393908391205915,0.672834824055159
129.5,0.130917653391667,0.0231487375016316,0.131000915835998,0.0230477320798608,0.692336505698928,0.00636827419829326,-0.0386288789263649,0.692336505698928
129.75,0.130816829940582,0.0230652549622038,0.130900532310209,0.0229646138017282,0.711741445670212,0.00767660106870436,-0.0378408133228086,0.711741445670212
130,0.130716371709404,0.0229813332935693,0.130800512410754,0.0228810583104516,0.731050669477196,0.00906330949675431,-0.0370289455492106,0.731050669477196
130.25,0.130616280610711,0.0228969740934759,0.130700858041868,0.0227970671968071,0.750265244829727,0.0105269377518651,-0.0361955457864573,0.750265244829727
130.5,0.130516558550094,0.0228121789680009,0.130601571100825,0.0227126420598645,0.769386281045164,0.012065982833509,-0.0353428504966252,0.769386281045164
130.75,0.130417207426118,0.0227269495315215,0.130502653477906,0.0226277845069566,0.788414928444426,0.0136789010825813,-0.0344730617720294,0.788414928444426
131,0.130318229130285,0.0226412874066832,0.13040410705636,0.0225424961536489,0.807352377738771,0.0153641088021771,-0.0335883466936625,0.807352377738771
131.25,0.130219625546998,0.0225551942243693,0.130305933712368,0.0224567786237088,0.826199859407074,0.0171199828877582,-0.032690836699347,0.826199859407074
131.5,0.130121398553528,0.0224686716236701,0.130208135315011,0.0223706335490744,0.844958643063977,0.0189448614664869,-0.0317826269616066,0.844958643063977
131.75,0.130023550019975,0.022381721251851,0.130110713726228,0.0222840625698239,0.863630036818985,0.0208370445456004,-0.0308657757754075,0.863630036818985
132,0.129926081809234,0.0222943447643218,0.130013670800785,0.0221970673341438,0.882215386626608,0.022794794669722,-0.0299423039559556,0.882215386626608
132.25,0.12982899577696,0.022206543824605,0.129917008386241,0.022109649498298,0.900716075627807,0.0248163375868929,-0.0290141942465653,0.900716075627807
132.5,0.12973229377153,0.0221183201043037,0.129820728322909,0.0220218107265962,0.922356409932066,0.0249075354408373,-0.0296964495224656,0.922356409932066
132.75,0.129635977634012,0.0220296752830706,0.129724832443821,0.0219335526913619,0.946507971621394,0.0234410156985017,-0.031592472602382,0.946507971621394
133,0.129540049198125,0.0219406110485751,0.129629322574697,0.0218448770729008,0.970535917777293,0.0220410513741601,-0.0333626157571575,0.970535917777293
133.25,0.129444510290209,0.021851129096472,0.129534200533908,0.0217557855594691,0.994439424489513,0.0207080355739054,-0.0350099803913472,0.994439424489513
133.5,0.129349362729187,0.0217612311303686,0.12943946813244,0.0216662798472405,1.01821772864476,0.01944230170143,-0.0365376636514273,1.01821772864476
133.75,0.129254608326532,0.0216709188617927,0.129345127173861,0.021576361640275,1.04187012775211,0.0182441236407708,-0.0379487574515454,1.04187012775211
134,0.12916024888623,0.0215801940101595,0.129251179454288,0.0214860326504854,1.06539597975405,0.0171137159534208,-0.0392463475027627,1.06539597975405
134.25,0.12906628620475,0.0214890583027396,0.129157626762349,0.0213952945976057,1.08879470282319,0.0160512340898177,-0.0404335123460188,1.08879470282319
134.5,0.128972722071004,0.0213975134746254,0.129064470879153,0.0213041492091574,1.11206577514448,0.0150567746151675,-0.04151332238904,1.11206577514448
134.75,0.128879558266321,0.0213055612686986,0.128971713578253,0.0212125982204175,1.1351770156155,0.0141496189351566,-0.0424644136017704,1.1351770156155
135,0.128786796564404,0.0212132034355964,0.128879356625615,0.0211206433743848,1.15714308121355,0.0139301181705386,-0.042544461195793,1.15714308121355
135.25,0.128694438731301,0.021120441733679,0.128787401779582,0.021028286421747,1.17906691089269,0.0137309344563763,-0.0426160020963521,1.17906691089269
135.5,0.128602486525375,0.0210272779289955,0.128695850790843,0.0209355291208473,1.20095038494265,0.0135497738969952,-0.042680130512014,1.20095038494265
135.75,0.12851094169726,0.0209337137952504,0.128604705402394,0.0208423732376511,1.22279540569919,0.0133843209758754,-0.0427378896765206,1.22279540569919
136,0.12841980598984,0.0208397511137699,0.128513967349515,0.0207488205457121,1.24460389665392,0.0132322394536928,-0.0427902714932942,1.24460389665392
136.25,0.128329081138207,0.0207453916734681,0.128423638359725,0.0206548728261386,1.26637780155883,0.0130911732716258,-0.0428382161937889,1.26637780155883
136.5,0.128238768869631,0.0206506372708126,0.128333720152759,0.0205605318675599,1.28811908352583,0.0129587474596962,-0.042882612009672,1.28811908352583
136.75,0.128148870903528,0.0205554897097908,0.128244214440531,0.0204657994660919,1.30982972412142,0.0128325690499492,-0.0429242948589151,1.30982972412142
137,0.128059388951425,0.020459950801875,0.128155122927099,0.0203706774253028,1.33151172245662,0.0127102279942959,-0.0429640480459439,1.33151172245662
137.25,0.127970324716929,0.0203640223659883,0.128066447308638,0.0202751675561792,1.35316709427262,0.0125892980867697,-0.0430026019757657,1.35316709427262
137.5,0.127881679895696,0.0202677062284698,0.127978189273404,0.0201792716770914,1.37479787102201,0.0124673378900465,-0.0430406338823004,1.37479787102201
137.75,0.127793456175395,0.0201710042230401,0.127890350501702,0.0200829916137586,1.39640609894605,0.0123418916659769,-0.0430787675708248,1.39640609894605
138,0.127705655235678,0.0200739181907658,0.127802932665856,0.0199863291992145,1.41799383814817,0.012210490309961,-0.0431175731746996,1.41799383814817
138.25,0.127618278748149,0.019976449980025,0.127715937430176,0.0198892862737722,1.43956316166367,0.012070652288945,-0.043157566926382,1.43956316166367
138.5,0.12753132837633,0.0198786014464721,0.127629366450926,0.019791864684989,1.46111615452615,0.011919884582831,-0.0431992109427649,1.46111615452615
138.75,0.127444805775631,0.0197803744530021,0.127543221376291,0.0196940662876315,1.48265491283058,0.0117556836291074,-0.0432429130249471,1.48265491283058
139,0.127358712593317,0.0196817708697152,0.127457503846351,0.0195958929436403,1.50418154279351,0.0115755362704691,-0.0432890264723852,1.50418154279351
139.25,0.127273050468479,0.0195827925738817,0.127372215493043,0.0194973465220943,1.52569815981036,0.0113769207052441,-0.043337849911569,1.52569815981036
139.5,0.127187821031999,0.0194834414499055,0.127287357940136,0.0193984288991754,1.54720688751014,0.0111573074404024,-0.0433896271391969,1.54720688751014
139.75,0.127103025906524,0.0193837193892889,0.127202932803193,0.0192991419581325,1.56870985680781,0.0109141602469425,-0.0434445469799056,1.56870985680781
140,0.127018666706431,0.0192836282905962,0.127118941689548,0.0191994875892458,1.59020920495439,0.0106449371174521,-0.0435027431586243,1.59020920495439
140.25,0.126934745037796,0.0191831700594175,0.127035386198272,0.0190994676897908,1.61170707458524,0.0103470912256141,-0.043564294187472,1.61170707458524
140.5,0.126851262498368,0.0190823466083329,0.126952267920139,0.0189990841640024,1.63194473496755,0.0108429345739701,-0.0429702560572607,1.63194473496755
140.75,0.126768220677534,0.0189811598568755,0.126869588437603,0.018898338923038,1.65202437067152,0.0114144570244623,-0.0423211520552597,1.65202437067152
141,0.126685621156291,0.0188796117314951,0.126787349324761,0.0187972338849419,1.67198281018774,0.0120369125003661,-0.0416386350959691,1.67198281018774
141.25,0.126603465507214,0.0187777041655218,0.126705552147327,0.0186957709746083,1.69182101954198,0.0127089431453346,-0.0409252116218368,1.69182101954198
141.5,0.126521755294428,0.0186754390991286,0.126624198462603,0.0185939521237447,1.71154001319249,0.0134291440157037,-0.0401833553537863,1.71154001319249
141.75,0.126440492073578,0.018572818479295,0.126543289819444,0.0184917792708353,1.73114085343514,0.0141960636828021,-0.0394155065247139,1.73114085343514
142,0.126359677391798,0.0184698442597698,0.126462827758235,0.0183892543611039,1.75062464979725,0.0150082048465234,-0.038624071122388,1.75062464979725
142.25,0.126279312787685,0.0183665184010335,0.126382813810857,0.0182863793464769,1.76999255842024,0.0158640249600572,-0.0378114201419514,1.76999255842024
142.5,0.126199399791263,0.0182628428702616,0.126303249500661,0.0181831561855465,1.78924578143127,0.0167619368655976,-0.0369798888481251,1.78924578143127
142.75,0.126119939923961,0.0181588196412868,0.126224136342437,0.0180795868435328,1.80838556630399,0.0177003094409384,-0.03613177604734,1.80838556630399
143,0.126040934698581,0.0180544506945614,0.126145475842384,0.0179756732922467,1.82741320520853,0.0186774682567628,-0.0352693433698873,1.82741320520853
143.25,0.125962385619268,0.0179497380171198,0.126067269498085,0.0178714175100525,1.84633003435095,0.0196916962445062,-0.0343948145622667,1.84633003435095
143.5,0.125884294181483,0.0178446836025402,0.125989518798477,0.01776682148183,1.86513743330217,0.0207412343746425,-0.0335103747898815,1.86513743330217
143.75,0.125806661871976,0.0177392894509075,0.125912225223821,0.0176618871989368,1.88383682431667,0.0218242823452442,-0.0326181699502333,1.88383682431667
144,0.125729490168752,0.0176335575687742,0.125835390245675,0.0175566166591704,1.902429671641,0.0229389992806344,-0.0317203059967117,1.902429671641
144.25,0.12565278054105,0.017527489969123,0.125759015326866,0.0174510118667302,1.92091748081231,0.0240835044400489,-0.0308188482732297,1.92091748081231
144.5,0.12557653444931,0.0174210886713282,0.125683101921462,0.0173450748321791,1.93930179794706,0.0252558779360479,-0.029915820859695,1.93930179794706
144.75,0.12550075334515,0.017314355701117,0.125607651474746,0.0172388075724055,1.95758420902009,0.0264541614626187,-0.0290132059285974,1.95758420902009
145,0.12542543867133,0.0172072930905314,0.125532665423185,0.017132212110585,1.97649935347051,0.0271967340644754,-0.0286571115724698,1.97649935347051
145.25,0.125350591861735,0.0170999028778891,0.125458145194405,0.0170252904761415,1.99765363313085,0.0264231299447948,-0.0299952695941467,1.99765363313085
145.5,0.12527621434134,0.016992187107745,0.125384092207165,0.0169180447047087,2.01866359440142,0.0256873032541802,-0.0312330172738881,2.01866359440142
145.75,0.125202307526184,0.0168841478308521,0.125310507871326,0.0168104768380916,2.03952871846977,0.0249893868147818,-0.0323734958801936,2.03952871846977
146,0.125128872823349,0.0167757871041224,0.125237393587827,0.0167025889242273,2.06024854995919,0.0243294520487407,-0.0334198394199004,2.06024854995919
146.25,0.125055911630924,0.0166671069905881,0.125164750748661,0.0165943830171461,2.08082269672148,0.0237075091927457,-0.0343751736175067,2.08082269672148
146.5,0.124983425337985,0.0165581095593617,0.125092580736841,0.0164858611769325,2.10125082961439,0.0231235075278446,-0.0352426148984012,2.10125082961439
146.75,0.124911415324567,0.0164487968855974,0.12502088492638,0.016377025469686,2.12151632388043,0.0225879413641036,-0.0360071949829762,2.12151632388043
147,0.124839882961637,0.0163391710504508,0.124949664682264,0.0162678779674816,2.14110939868025,0.0224328863559841,-0.0361188552274564,2.14110939868025
147.25,0.124768829611068,0.0162292341410398,0.124878921360423,0.0161584207483303,2.16059768456908,0.0222913937870993,-0.0362154936923758,2.16059768456908
147.5,0.124698256625613,0.0161189882504047,0.124808656307708,0.0160486558961398,2.17998266888468,0.0221616079846097,-0.0362991885310098,2.17998266888468
147.75,0.124628165348881,0.0160084354774684,0.124738870861864,0.0159385855006746,2.19926588160556,0.0220416323787876,-0.0363719757546008,2.19926588160556
148,0.124558557115307,0.0158975779269961,0.124669566351506,0.0158282116575165,2.21844889460688,0.0219295302540544,-0.0364358485467667,2.21844889460688
148.25,0.124489433250133,0.0157864177095561,0.124600744096092,0.0157175364680244,2.23753332090622,0.0218233255101983,-0.0364927565894869,2.23753332090622
148.5,0.124420795069377,0.0156749569414785,0.124532405405898,0.0156065620392942,2.25652081389916,0.0217210034336425,-0.0365446054008746,2.25652081389916
148.75,0.124352643879812,0.0155631977448157,0.124464551581994,0.0154952904841192,2.27541306658512,0.0216205114785369,-0.0365932556847845,2.27541306658512
149,0.124284980978937,0.0154511422473016,0.124397183916219,0.0153837239209493,2.29421181078338,0.0215197600575606,-0.0366405226924868,2.29421181078338
149.25,0.124217807654956,0.0153387925823116,0.124330303691157,0.0152718644738511,2.31291881633963,0.0214166233422071,-0.0366881755964675,2.31291881633963
149.5,0.124151125186754,0.0152261508888211,0.124263912180111,0.0151597142724673,2.33153589032305,0.0213089400724346,-0.0367379368765726,2.33153589032305
149.75,0.124084934843868,0.0151132193113658,0.124198010647079,0.015047275451976,2.35006487621434,0.0211945143754319,-0.036791481718525,2.35006487621434
150,0.124019237886467,0.015,0.124132600346731,0.0149345501530502,2.36850765308462,0.0210711165933986,-0.0368504374250613,2.36850765308462
150.25,0.123954035565326,0.0148864951102562,0.124067682524386,0.0148215405218172,2.38686613476557,0.0209364841200806,-0.0369163828396923,2.38686613476557
150.5,0.123889329121803,0.014772706803104,0.124003258415985,0.0147082487098175,2.4051422690109,0.0207883222459469,-0.0369908477833316,2.4051422690109
150.75,0.123825119787816,0.0146586372449086,0.123939329248071,0.0145946768739639,2.42333803664938,0.0206243050117678,-0.0370753125038121,2.42333803664938
151,0.123761408785818,0.0145442886073901,0.123875896237761,0.0144808271765003,2.44145545072957,0.0204420760704467,-0.0371712071384883,2.44145545072957
151.25,0.123698197328775,0.0144296630675816,0.12381296059273,0.0143667017849609,2.45949655565649,0.0202392495568957,-0.0372799111899936,2.45949655565649
151.5,0.123635486620141,0.0143147628077883,0.123750523511182,0.0142523028721288,2.47746342632038,0.0200134109657598,-0.0374027530152636,2.47746342632038
151.75,0.123573277853838,0.0141995900155453,0.123688586181828,0.0141376326159942,2.49535816721777,0.0197621180368349,-0.0375410093280015,2.49535816721777
152,0.123511572214232,0.0140841468835767,0.123627149783867,0.0140226931997135,2.51318291156503,0.0194829016479316,-0.0376959047145954,2.51318291156503
152.25,0.123450370876109,0.0139684356097533,0.123566215486958,0.0139074868115676,2.53093982040461,0.0191732667150446,-0.0378686111636928,2.53093982040461
152.5,0.123389675004653,0.013852458397051,0.123505784451202,0.01379201564492,2.54794288513943,0.019317837753614,-0.0375351787222345,2.54794288513943
152.75,0.123329485755428,0.0137362174535087,0.12344585782712,0.0136762818981753,2.56479167106282,0.0194940525595246,-0.0371707022067208,2.56479167106282
153,0.123269804274349,0.0136197149921864,0.123386436755628,0.0135602877747372,2.58150692044983,0.0196865973700155,-0.0367928868596367,2.58150692044983
153.25,0.123210631697666,0.0135029532311231,0.123327522368017,0.0134440354829666,2.59808986767448,0.0198939159110431,-0.0364042335778982,2.59808986767448
153.5,0.123151969151939,0.0133859343932943,0.123269115785933,0.0133275272361395,2.61454179803316,0.0201144032237749,-0.0360072079046649,2.61454179803316
153.75,0.123093817754019,0.01326866070657,0.123211218121353,0.0132107652524051,2.63086404711879,0.0203464062964657,-0.0356042392137277,2.63086404711879
154,0.123036178611025,0.0131511344036723,0.123153830476564,0.0130937517547432,2.64705800018294,0.0205882247084554,-0.0351977199036689,2.64705800018294
154.25,0.122979052820322,0.0130333577221325,0.123096953944146,0.0129764889709222,2.6631250914858,0.0208381112861693,-0.0347900046019976,2.6631250914858
154.5,0.122922441469504,0.0129153329042489,0.123040589606944,0.0128589791334563,2.6790668036343,0.0210942727709243,-0.0343834093793713,2.6790668036343
154.75,0.122866345636369,0.0127970621970437,0.122984738538055,0.0127412244795635,2.69488466690854,0.0213548704984624,-0.0339802109741442,2.69488466690854
155,0.1228107663889,0.012678547852221,0.122929401800802,0.0126232272511228,2.71058025857658,0.0216180210900014,-0.0335826460273466,2.71058025857658
155.25,0.122755704785248,0.0125597921261228,0.122874580448718,0.0125049896946311,2.72615520219783,0.0218817971546809,-0.0331929103282848,2.72615520219783
155.5,0.122701161873704,0.0124407972796872,0.122820275525522,0.0123865140611613,2.74161116691515,0.0221442280032493,-0.032813158070929,2.74161116691515
155.75,0.122647138692687,0.0123215655784043,0.122766488065101,0.0122678026063184,2.75694986673581,0.022403300372836,-0.032445501121244,2.75694986673581
156,0.122593636270722,0.012202099292274,0.122713219091491,0.0121488575901977,2.77217305980155,0.0226569591626223,-0.0320920082955898,2.77217305980155
156.25,0.122540655626417,0.0120824006957621,0.122660469618856,0.0120296812773405,2.7872825476477,0.0229031081803071,-0.0317547046504113,2.7872825476477
156.5,0.122488197768446,0.0119624720677574,0.122608240651471,0.0119102759366923,2.80228017445182,0.0231396108991508,-0.0314355707833094,2.80228017445182
156.75,0.122436263695533,0.011842315691528,0.122556533183699,0.0117906438415586,2.81716782627173,0.0233642912254614,-0.0311365421456741,2.81716782627173
157,0.122384854396427,0.0117219338546782,0.122505348199977,0.0116707872695619,2.83194743027332,0.0235749342763329,-0.0308595083669982,2.83194743027332
157.25,0.122333970849886,0.0116013288491046,0.122454686674792,0.0115507085025988,2.84662095394815,0.023769287167511,-0.0306063125910786,2.84662095394815
157.5,0.122283614024661,0.0114805029709527,0.122404549572667,0.0114304098267957,2.86119040432111,0.023945059811167,-0.030378750824182,2.86119040432111
157.75,0.122233784879473,0.011359458520573,0.122354937848141,0.0113098935324661,2.87565782714827,0.0240999257234362,-0.0301785712953546,2.87565782714827
158,0.122184484362996,0.0112381978024774,0.122305852445748,0.0111891619140665,2.89002530610512,0.0242315228415248,-0.0300074738289838,2.89002530610512
158.25,0.122135713413842,0.0111167231252951,0.122257294300004,0.0110682172701528,2.90429496196534,0.0243374543502463,-0.0298671092298063,2.90429496196534
158.5,0.122087472960539,0.0109950368017289,0.122209264335387,0.0109470619033369,2.91846895177032,0.0244152895177556,-0.0297590786804128,2.91846895177032
158.75,0.122039763921516,0.0108731411485111,0.122161763466317,0.0108256981202422,2.93254946798955,0.0244625645403488,-0.0296849331514569,2.93254946798955
159,0.121992587205084,0.010751038486359,0.122114792597143,0.0107041282314601,2.94653873767216,0.0244767833961227,-0.0296461728246566,2.94653873767216
159.25,0.12194594370942,0.0106287311399315,0.122068352622122,0.0105823545515062,2.96043902158968,0.0244554187073138,-0.0296442465287253,2.96043902158968
159.5,0.121899834322548,0.010506221437784,0.122022444425405,0.0104603793987758,2.97425261337029,0.0243959126111252,-0.0296805511883411,2.97425261337029
159.75,0.121854259922325,0.0103835117123248,0.121977068881017,0.0103382050954999,2.98798183862469,0.0242956776388751,-0.0297564312863114,2.98798183862469
160,0.121809221376423,0.0102606042997701,0.121932226852843,0.0102158339677012,3.00162905406388,0.0241520976032529,-0.029873178339013,3.00162905406388
160.25,0.121764719542309,0.0101375015400998,0.121887919194612,0.0100932683451496,3.01519664660887,0.0239625284935046,-0.0300320303852382,3.01519664660887
160.5,0.121720755267235,0.0100142057770131,0.121844146749876,0.00997051056131786,3.0286870324926,0.0237242993783689,-0.0302341714885912,3.0286870324926
160.75,0.121677329388216,0.00989071935788362,0.121800910352,0.00984756295333717,3.04210265635447,0.0234347133165215,-0.0304807312534457,3.04210265635447
161,0.12163444273202,0.00976704463371471,0.121758210824143,0.00972442786195282,3.05544599032718,0.0230910482744094,-0.0307727843547314,3.05544599032718
161.25,0.121592096115147,0.00964318395909485,0.121716048979242,0.00960110763147943,3.06871953311659,0.0226905580512116,-0.0311113500815139,3.06871953311659
161.5,0.121550290343814,0.00951913969215276,0.121674425619998,0.00947760460975643,3.08192580907454,0.0222304732107406,-0.0314973918944943,3.08192580907454
161.75,0.121509026213944,0.00939491419451248,0.12163334153886,0.00935392114810333,3.09506736726475,0.0217080020201362,-0.0319318169976446,3.09506736726475
162,0.121468304511145,0.00927050983124843,0.12159279751801,0.00923005960127498,3.10814678052237,0.0211203313950613,-0.032415475923871,3.10814678052237
162.25,0.121428126010702,0.00914592897084032,0.121552794329346,0.00910602232741665,3.12116664450682,0.0204646278512947,-0.0329491621350292,3.12116664450682
162.5,0.121388491477553,0.0090211739851282,0.121513332734473,0.00898181168801926,3.13412957674872,0.0197380384624368,-0.0335336116361816,3.13412957674872
162.75,0.121349401666284,0.00889624724926713,0.121474413484682,0.00885743004787433,3.14703821569065,0.0189376918235733,-0.0341695026043239,3.14703821569065
163,0.121310857321109,0.00877115114168211,0.121436037320939,0.00873287977502901,3.15989521972222,0.0180606990206653,-0.0348574550315801,3.15989521972222
163.25,0.121272859175856,0.00864588804402267,0.121398204973872,0.00860816324074092,3.17577173773602,0.0148647945093841,-0.0358492636648695,3.17577173773602
163.5,0.121235407953954,0.00852046034111768,0.121360917163753,0.00848328281943315,3.19265345431961,0.0108177419912713,-0.0369256456724907,3.19265345431961
163.75,0.121198504368422,0.00839487042092977,0.12132417460049,0.00835824088864889,3.21227330593786,0.00494310929347498,-0.0367133915188073,3.21227330593786
164,0.12116214912185,0.00826912067450999,0.121287977983606,0.00823303982900626,3.22754534285723,0.00166092357593807,-0.0304396162823591,3.22754534285723
164.25,0.121126342906391,0.00814321349595222,0.121252328002234,0.00810768202415292,3.23262874816945,0.00465460552736243,-0.0184372699538264,3.23262874816945
164.5,0.121091086403741,0.00801715128234771,0.121217225335099,0.00798216986072085,3.23745800902043,0.00776439917153267,-0.006445534850828,3.23745800902043
164.75,0.121056380285136,0.00789093643373926,0.121182670650503,0.00785650572828067,3.24203354253523,0.0109897362352264,0.00553245536257666,3.24203354253523
165,0.121022225211328,0.00776457135307563,0.121148664606319,0.00773069201929633,3.24635581636775,0.0143300005472232,0.0174935773048859,3.24635581636775
165.25,0.120988621832582,0.00763805844616583,0.121115207849972,0.00760473112907949,3.24654844702024,0.0233705256733684,0.0112986829233056,3.24654844702024
165.5,0.120955570788657,0.00751140012163324,0.121082301018432,0.00747862545574394,3.25335151873951,0.0266112376270127,0.00663645587903583,3.25335151873951
165.75,0.120923072708797,0.0073845987908698,0.121049944738196,0.00735237740015993,3.26212259043416,0.027969593028361,0.00291290720053558,3.26212259043416
166,0.12089112821172,0.00725765686799003,0.121018139625282,0.00722598936590843,3.27082063098776,0.0292289575351169,-0.000648189998499059,3.27082063098776
166.25,0.120859737905602,0.00713057676978519,0.120986886285212,0.00709946375923544,3.27944208841044,0.0303926935624735,-0.00404809396124335,3.27944208841044
166.5,0.12082890238807,0.00700336091567717,0.120956185313007,0.00697280298900615,3.28798344631528,0.0314641312013938,-0.00728812109697907,3.28798344631528
166.75,0.120798622246187,0.00687601172767244,0.120926037293167,0.00684600946665903,3.29729925841343,0.031587309393103,-0.0087493004501151,3.29729925841343
167,0.120768898056443,0.00674853163031594,0.120896442799668,0.00671908560615994,3.30658967713727,0.0315272298860573,-0.00917248339151517,3.30658967713727
167.25,0.120739730384745,0.00662092305064503,0.120867402395946,0.0065920338239563,3.31570548379315,0.0314706522568263,-0.00953844725823193,3.31570548379315
167.5,0.120711119786402,0.0064931884181431,0.120838916634889,0.00646485653893086,3.32464609224264,0.0314179901691989,-0.00985042427780205,3.32464609224264
167.75,0.12068306680612,0.0063653301646934,0.120810986058825,0.0063375561723558,3.33341098371813,0.0313695931770812,-0.0101116498620908,3.33341098371813
168,0.120655571977986,0.00623735072453278,0.12078361119951,0.00621013514784659,3.34199970682881,0.0313257467218123,-0.0103253615189322,3.34199970682881
168.25,0.120628635825462,0.00610925253420533,0.120756792578124,0.00608259589131591,3.35041187755012,0.0312866721457885,-0.0104947977641091,3.35041187755012
168.5,0.120602258861375,0.00598103803251593,0.120730530705255,0.00595494083092733,3.35864717919706,0.031252526722349,-0.0106231970339003,3.35864717919706
168.75,0.120576441587903,0.00585270966048384,0.120704826080889,0.00582717239704916,3.36670536238093,0.0312234037020005,-0.0107137965984434,3.36670536238093
169,0.12055118449657,0.00572426986129635,0.120679679194407,0.00569929302220827,3.37458624494988,0.0311993323748551,-0.0107698314761234,3.37458624494988
169.25,0.120526488068235,0.00559572108026204,0.120655090524568,0.00557130514104358,3.38228971191309,0.0311802781493682,-0.0107945333492403,3.38228971191309
169.5,0.120502352773081,0.00546706576476443,0.120631060539507,0.00544321119025988,3.38981571534873,0.0311661426472316,-0.0107911294811652,3.38981571534873
169.75,0.120478779070611,0.00533830636421526,0.120607589696718,0.00531501360858132,3.39716427429555,0.0311567638145678,-0.0107628416352434,3.39716427429555
170,0.120455767409634,0.00520944533000791,0.120584678443053,0.00518671483670509,3.4043354746283,0.0311519160492054,-0.0107128849956449,3.4043354746283
170.25,0.120433318228258,0.00508048511547074,0.120562327214709,0.00505831731725486,3.41132946891695,0.031151310344155,-0.0106444670904166,3.41132946891695
170.5,0.120411431953883,0.00495142817582034,0.120540536437222,0.00492982349473432,3.4181464762697,0.0311545944471865,-0.0105607867169578,3.4181464762697
170.75,0.120390109003193,0.00482227696811478,0.120519306525456,0.0048012358154806,3.42478678215986,0.0311613530364579,-0.0104650328701413,3.42478678215986
171,0.120369349782146,0.00469303395120693,0.120498637883598,0.00467255672761782,3.43125073823668,0.0311711079121901,-0.0103603836733202,3.43125073823668
171.25,0.120349154685967,0.00456370158569751,0.12047853090515,0.00454378868101029,3.4375387621201,0.0311833182043394,-0.0102500053124463,3.4375387621201
171.5,0.120329524099142,0.00443428233388831,0.120458985972918,0.00441493412721597,3.44365133717944,0.0311973805961975,-0.0101370509735218,3.44365133717944
171.75,0.12031045839541,0.00430477865973538,0.120440003459012,0.00428599551943989,3.44958901229624,0.031212629563875,-0.010024659783613,3.44958901229624
172,0.120291957937753,0.00417519302880197,0.12042158372483,0.00415697531248724,3.45535240161112,0.0312283376316602,-0.00991595575566721,3.45535240161112
172.25,0.120274023078394,0.00404552790821171,0.120403727121057,0.0040278759627168,3.46094218425485,0.0312437156430979,-0.00981404673732137,3.46094218425485
172.5,0.120256654158786,0.00391578576660155,0.120386433987658,0.00389869992799407,3.46635910406359,0.031257913047858,-0.00972202336397947,3.46635910406359
172.75,0.120239851509609,0.0037859690740749,0.120369704653868,0.00376944966764458,3.47160396927841,0.0312700182042211,-0.00964295801633601,3.47160396927841
173,0.12022361545076,0.00365608030215443,0.120353539438191,0.00364012764240695,3.47667765222918,0.0312790586971686,-0.00957990378259116,3.47667765222918
173.25,0.120207946291352,0.00352612192373514,0.120337938648389,0.00351073631438616,3.48158108900289,0.0312840016720057,-0.00953589342557923,3.48158108900289
173.5,0.120192844329702,0.00339609641303721,0.120322902581478,0.00338127814700654,3.48631527909635,0.0312837541834288,-0.0095139383550217,3.48631527909635
173.75,0.12017830985333,0.00326600624555894,0.120308431523723,0.00325175560496501,3.49088128505357,0.0312771635599855,-0.00951702760513967,3.49088128505357
174,0.120164343138952,0.00313585389802961,0.120294525750632,0.00312217115418408,3.49528023208772,0.03126301778382,-0.00954812681782529,3.49528023208772
174.25,0.120150944452473,0.00300564184836228,0.120281185526951,0.00299252726176487,3.49951330768777,0.0312400458856561,-0.00961017723161187,3.49951330768777
174.5,0.120138114048985,0.00287537257560672,0.12026841110666,0.00286282639594025,3.50358176121003,0.0312069183548974,-0.00970609467663552,3.50358176121003
174.75,0.12012585217276,0.00274504855990208,0.120256202732963,0.00273307102602772,3.50748690345441,0.0311622475648176,-0.00983876857583994,3.50748690345441
175,0.120114159057248,0.00261467228242976,0.120244560638292,0.0026032636223825,3.51123010622588,0.0311045882126512,-0.0100110609525824,3.51123010622588
175.25,0.120103034925067,0.00248424622536613,0.120233485044295,0.00247340665635041,3.51481280188079,0.0310324377746111,-0.010225805444919,3.51481280188079
175.5,0.120092479988006,0.00235377287183535,0.120222976161835,0.00234350260022094,3.51823648285848,0.0309442369756375,-0.0104858063267275,3.51823648285848
175.75,0.120082494447015,0.00222325470586199,0.120213034190986,0.00221355392718005,3.52150270119809,0.0308383702738535,-0.0107938375359177,3.52150270119809
176,0.120073078492205,0.00209269421232377,0.12020365932103,0.00208356311126315,3.52461306804076,0.0307131663595711,-0.0111526417099098,3.52461306804076
176.25,0.120064232302842,0.00196209387690429,0.120194851730449,0.00195353262730799,3.52756925311735,0.0305668986687539,-0.0115649292285906,3.52756925311735
176.5,0.120055956047344,0.00183145618604572,0.120186611586928,0.00182346495090759,3.53037298422156,0.0303977859109034,-0.0120333772650026,3.53037298422156
176.75,0.12004824988328,0.00170078362690133,0.120178939047347,0.00169336255836297,3.53302604666898,0.0302039926111073,-0.0125606288438753,3.53302604666898
177,0.120041113957363,0.00157007868728831,0.120171834257781,0.00156322792663617,3.53553028274173,0.0299836296662972,-0.013149291908303,3.53553028274173
177.25,0.120034548405451,0.00143934385564033,0.120165297353494,0.00143306353330301,3.53788759111915,0.0297347549154947,-0.0138019383947023,3.53788759111915
177.5,0.120028553352544,0.00130858162096008,0.12015932845894,0.00130287185650587,3.53984076883167,0.0296762739716254,-0.013758219540118,3.53984076883167
177.75,0.120023128912778,0.00117779447277207,0.120153927687758,0.00117265537490665,3.54158389693804,0.0296445842738232,-0.0136338125159734,3.54158389693804
178,0.120018275189427,0.00104698490107502,0.12014909514277,0.00104241656763941,3.54315569418291,0.0296066381458314,-0.0135457855427863,3.54315569418291
178.25,0.120013992274899,0.00091615539629468,0.120144830915981,0.000912157914263366,3.54455729955457,0.0295612673970326,-0.013497141517862,3.54455729955457
178.5,0.120010280250733,0.000785308449236203,0.120141135088577,0.000781881894715477,3.54581203608109,0.0294856637784293,-0.0132837700481991,3.54581203608109
178.75,0.120007139187603,0.000654446551036823,0.12013800773092,0.000651590989263345,3.54707173804976,0.0292321220979341,-0.0113163223337445,3.54707173804976
179,0.120004569145308,0.000523572193118503,0.12013544890255,0.000521287678458052,3.54813728997621,0.028995259366231,-0.00931228638526203,3.54813728997621
179.25,0.12000257017278,0.000392687867140339,0.120133458652185,0.000390974443086781,3.549007899535,0.0287758521317284,-0.00727488957544655,3.549007899535
179.5,0.120001142308075,0.000261796064951232,0.120132037017715,0.000260653764125691,3.54968283952293,0.0285746151996551,-0.00520737229536814,3.54968283952293
179.75,0.120000285578378,0.000130899278542393,0.120131184026207,0.00013032812269263,3.55016144805127,0.0283922014401251,-0.00311298691674336,3.55016144805127
180,0.12,3.67394039744206e-18,0.1201308996939,3.65790980832771e-18,3.55044312872244,0.028229201611607,-0.000994996751556746,3.55044312872244
180.25,0.120000285578378,-0.000130899278542385,0.120131184026207,-0.000130328122692623,3.55052735079103,0.028086144199983,0.00114332499077487,3.55052735079103
180.5,0.120001142308075,-0.000261796064951211,0.120132037017715,-0.00026065376412567,3.55041364930938,0.0279634952730602,0.00329869624844266,3.55041364930938
180.75,0.12000257017278,-0.000392687867140332,0.120133458652185,-0.000390974443086774,3.55010162525738,0.02786165835071,0.00546782715429304,3.55010162525738
181,0.120004569145308,-0.000523572193118496,0.12013544890255,-0.000521287678458044,3.54959094565678,0.0277809742905168,0.00764742108464525,3.54959094565678
181.25,0.120007139187603,-0.000654446551036829,0.12013800773092,-0.000651590989263351,3.54888134366964,0.0277217211891267,0.00983417570967463,3.54888134366964
181.5,0.120010280250733,-0.000785308449236195,0.120141135088577,-0.00078188189471547,3.54797261868121,0.0276841142991681,0.0120247840451196,3.54797261868121
181.75,0.120013992274899,-0.000916155396294686,0.120144830915981,-0.000912157914263372,3.54686463636711,0.0276683059618346,0.0142159355051057,3.54686463636711
182,0.120018275189427,-0.00104698490107503,0.12014909514277,-0.00104241656763942,3.54555732874466,0.0276743855551505,0.0164043169558579,3.54555732874466
182.25,0.120023128912778,-0.00117779447277205,0.120153927687758,-0.00117265537490663,3.54376808128842,0.0279135777867824,0.0170125474854542,3.54376808128842
182.5,0.120028553352544,-0.00130858162096009,0.12015932845894,-0.00130287185650588,3.54154945419883,0.0283363410793906,0.0160970293727679,3.54154945419883
182.75,0.120034548405451,-0.00143934385564032,0.120165297353494,-0.001433063533303,3.53920190027069,0.0287152373792838,0.0152619317267148,3.53920190027069
183,0.120041113957363,-0.00157007868728831,0.120171834257781,-0.00156322792663616,3.53672308375164,0.0290526399192184,0.0145050600595656,3.53672308375164
183.25,0.12004824988328,-0.00170078362690131,0.120178939047347,-0.00169336255836295,3.53411071876656,0.0293508753437635,0.0138241759452771,3.53411071876656
183.5,0.120055956047344,-0.00183145618604571,0.120186611586928,-0.00182346495090758,3.53136257001209,0.0296122230139515,0.0132169978455335,3.53136257001209
183.75,0.120064232302842,-0.00196209387690429,0.120194851730449,-0.00195353262730799,3.52847645343862,0.0298389143245205,0.01268120194591,3.52847645343862
184,0.120073078492205,-0.00209269421232374,0.120203659321029,-0.00208356311126313,3.52545023691931,0.0300331320339181,0.0122144230020038,3.52545023691931
184.25,0.120082494447015,-0.00222325470586198,0.120213034190986,-0.00221355392718004,3.5222818409063,0.0301970096071779,0.011814255195324,3.5222818409063
184.5,0.120092479988006,-0.00235377287183534,0.120222976161835,-0.00234350260022093,3.51896923907376,0.0303326305718466,0.0114782529987899,3.51896923907376
184.75,0.120103034925067,-0.00248424622536613,0.120233485044295,-0.00247340665635041,3.5155104589477,0.0304420278870373,0.0112039320516001,3.5155104589477
185,0.120114159057248,-0.00261467228242974,0.120244560638292,-0.00260326362238248,3.51190358252251,0.0305271833257918,0.010988770043327,3.51190358252251
185.25,0.12012585217276,-0.00274504855990207,0.120256202732963,-0.00273307102602771,3.50814674686392,0.0305900268708604,0.0108302076070269,3.50814674686392
185.5,0.120138114048985,-0.00287537257560672,0.12026841110666,-0.00286282639594025,3.50423814469844,0.0306324361240114,0.0107256492211645,3.50423814469844
185.75,0.120150944452473,-0.00300564184836228,0.120281185526951,-0.00299252726176487,3.50017602498906,0.0306562357290142,0.010672464120171,3.50017602498906
186,0.120164343138952,-0.00313585389802959,0.120294525750632,-0.00312217115418406,3.49595869349702,0.0306631968084145,0.0106679872134385,3.49595869349702
186.25,0.12017830985333,-0.00326600624555894,0.120308431523723,-0.00325175560496502,3.49158451332969,0.0306550364142134,0.0107095200125464,3.49158451332969
186.5,0.120192844329702,-0.0033960964130372,0.120322902581478,-0.00338127814700653,3.48705190547441,0.0306334169925422,0.0107943315665078,3.48705190547441
186.75,0.120207946291352,-0.00352612192373512,0.120337938648389,-0.00351073631438614,3.48235934931797,0.0305999458625182,0.0109196594048801,3.48235934931797
187,0.12022361545076,-0.00365608030215443,0.120353539438191,-0.00364012764240696,3.47750538315198,0.0305561747092783,0.0110827104884641,3.47750538315198
187.25,0.120239851509609,-0.00378596907407489,0.120369704653868,-0.00376944966764457,3.47248860466371,0.0305035990914189,0.0112806621674681,3.47248860466371
187.5,0.120256654158786,-0.00391578576660154,0.120386433987658,-0.00389869992799406,3.46730767141244,0.0304436579628441,0.0115106631468614,3.46730767141244
187.75,0.120274023078394,-0.00404552790821167,0.120403727121057,-0.00402787596271677,3.46196130129123,0.0303777332091909,0.0117698344587602,3.46196130129123
188,0.120291957937753,-0.00417519302880197,0.12042158372483,-0.00415697531248724,3.45644827297394,0.0303071491989007,0.0120552704416086,3.45644827297394
188.25,0.12031045839541,-0.00430477865973537,0.120440003459012,-0.00428599551943988,3.45076742634745,0.0302331723490131,0.0123640397259474,3.45076742634745
188.5,0.120329524099142,-0.00443428233388832,0.120458985972918,-0.00441493412721598,3.44491766292899,0.0301570107058475,0.0126931862265874,3.44491766292899
188.75,0.120349154685967,-0.00456370158569749,0.12047853090515,-0.00454378868101027,3.43889794626849,0.0300798135405434,0.0130397301409211,3.43889794626849
189,0.120369349782146,-0.00469303395120692,0.120498637883598,-0.00467255672761781,3.43270730233582,0.0300026709596799,0.0134006689532226,3.43270730233582
189.25,0.120390109003193,-0.00482227696811478,0.120519306525456,-0.00480123581548061,3.42634481989291,0.0299266135309456,0.0137729784446664,3.42634481989291
189.5,0.120411431953883,-0.00495142817582032,0.120540536437222,-0.0049298234947343,3.41980965085062,0.0298526119240097,0.0141536137088852,3.41980965085062
189.75,0.120433318228258,-0.00508048511547074,0.120562327214709,-0.00505831731725485,3.41310101061026,0.0297815765666388,0.0145395101728296,3.41310101061026
190,0.120455767409634,-0.00520944533000791,0.120584678443053,-0.00518671483670509,3.40621817838976,0.0297143573161417,0.014927584622721,3.40621817838976
190.25,0.120478779070611,-0.00533830636421525,0.120607589696718,-0.00531501360858132,3.39916049753441,0.0296517431462122,0.0153147362348742,3.39916049753441
190.5,0.120502352773081,-0.00546706576476441,0.120631060539507,-0.00544321119025986,3.39192737581194,0.0295944618492558,0.0156978476111767,3.39192737581194
190.75,0.120526488068235,-0.00559572108026204,0.120655090524568,-0.00557130514104359,3.38451828569216,0.0295431797542324,0.0160737858189901,3.38451828569216
191,0.12055118449657,-0.00572426986129634,0.120679679194407,-0.00569929302220827,3.37693276461085,0.0294985014600947,0.0164394034352656,3.37693276461085
191.25,0.120576441587903,-0.00585270966048384,0.120704826080889,-0.00582717239704916,3.36917041521794,0.0294609695849168,0.0167915395946487,3.36917041521794
191.5,0.120602258861375,-0.0059810380325159,0.120730530705255,-0.0059549408309273,3.36123090560995,0.0294310645306624,0.0171270210413305,3.36123090560995
191.75,0.120628635825462,-0.00610925253420532,0.120756792578124,-0.0060825958913159,3.35311396954657,0.0294092042638134,0.0174426631844615,3.35311396954657
192,0.120655571977986,-0.00623735072453277,0.12078361119951,-0.00621013514784658,3.34481940665141,0.0293957441117162,0.0177352711568509,3.34481940665141
192.25,0.12068306680612,-0.00636533016469338,0.120810986058825,-0.00633755617235578,3.33634708259674,0.0293909765748782,0.0180016408767797,3.33634708259674
192.5,0.120711119786402,-0.00649318841814309,0.120838916634889,-0.00646485653893085,3.32769692927239,0.0293951311550824,0.0182385601126484,3.32769692927239
192.75,0.120739730384745,-0.00662092305064503,0.120867402395946,-0.00659203382395629,3.31886894493849,0.0294083741995398,0.0184428095502835,3.31886894493849
193,0.120768898056443,-0.00674853163031595,0.120896442799668,-0.00671908560615995,3.30986319436234,0.0294308087609342,0.0186111638626295,3.30986319436234
193.25,0.120798622246187,-0.00687601172767242,0.120926037293167,-0.00684600946665901,3.30067980893901,0.0294624744735643,0.0187403927816347,3.30067980893901
193.5,0.12082890238807,-0.00700336091567717,0.120956185313007,-0.00697280298900616,3.291318986796,0.0295033474454788,0.0188272621720766,3.291318986796
193.75,0.120859737905602,-0.00713057676978519,0.120986886285212,-0.00709946375923545,3.28178099288171,0.0295533401667,0.0188685351071114,3.28178099288171
194,0.12089112821172,-0.00725765686799002,0.121018139625282,-0.00722598936590842,3.27206615903764,0.029612301433587,0.0188609729453202,3.27206615903764
194.25,0.120923072708797,-0.00738459879086978,0.121049944738196,-0.00735237740015991,3.26217488405454,0.029680016289269,0.0188013364090097,3.26217488405454
194.5,0.120955570788657,-0.00751140012163325,0.121082301018432,-0.00747862545574395,3.25210763371234,0.0297562059802545,0.0186863866635506,3.25210763371234
194.75,0.120988621832582,-0.00763805844616582,0.121115207849972,-0.00760473112907948,3.24186494080379,0.0298405279291818,0.0185128863975137,3.24186494080379
195,0.121022225211328,-0.00776457135307561,0.121148664606319,-0.00773069201929631,3.23144740514192,0.0299325757237558,0.0182776009033831,3.23144740514192
195.25,0.121056380285136,-0.00789093643373925,0.121182670650503,-0.00785650572828067,3.22085569355129,0.0300318791218395,0.0179772991586046,3.22085569355129
195.5,0.121091086403741,-0.0080171512823477,0.121217225335099,-0.00798216986072084,3.21009053984287,0.030137904072762,0.0176087549067509,3.21009053984287
195.75,0.121126342906391,-0.00814321349595222,0.121252328002234,-0.00810768202415292,3.19915274477289,0.0302500527547658,0.0171687477385596,3.19915274477289
196,0.12116214912185,-0.00826912067450997,0.121287977983606,-0.00823303982900624,3.18804317598518,0.0303676636287062,0.0166540641726278,3.18804317598518
196.25,0.121198504368422,-0.00839487042092976,0.12132417460049,-0.00835824088864888,3.17676276793751,0.0304900115078663,0.0160614987355194,3.17676276793751
196.5,0.121235407953954,-0.00852046034111767,0.121360917163753,-0.00848328281943315,3.16531252181149,0.0306163076440031,0.015387855041062,3.16531252181149
196.75,0.121272859175856,-0.00864588804402268,0.121398204973872,-0.00860816324074093,3.1536935054064,0.0307456998295194,0.0146299468686014,3.1536935054064
197,0.121310857321109,-0.00877115114168209,0.121436037320939,-0.00873287977502899,3.14190685301675,0.0308772725158077,0.0137845992399815,3.14190685301675
197.25,0.121349401666284,-0.00889624724926713,0.121474413484682,-0.00885743004787433,3.12995376529355,0.0310100469477384,0.0128486494950195,3.12995376529355
197.5,0.121388491477553,-0.00902117398512819,0.121513332734473,-0.00898181168801926,3.11783550908965,0.0311429813142298,0.0118189483652526,3.11783550908965
197.75,0.121428126010702,-0.00914592897084031,0.121552794329346,-0.00910602232741664,3.10555341728859,0.0312749709149636,0.0106923610457123,3.10555341728859
198,0.121468304511145,-0.00927050983124843,0.12159279751801,-0.00923005960127498,3.09369774220048,0.030743014209829,0.00796238998769791,3.09369774220048
198.25,0.121509026213944,-0.00939491419451249,0.12163334153886,-0.00935392114810334,3.08233387757342,0.0294789641810969,0.00358115502845195,3.08233387757342
198.5,0.121550290343814,-0.00951913969215276,0.121674425619998,-0.00947760460975642,3.0709021265496,0.0281141726951392,-0.000976235867325943,3.0709021265496
198.75,0.121592096115147,-0.00964318395909483,0.121716048979242,-0.00960110763147941,3.05956729707446,0.0267415480433089,-0.00365121750688191,3.05956729707446
199,0.12163444273202,-0.0097670446337147,0.121758210824143,-0.00972442786195281,3.0486208330274,0.0256844386717688,0.000472547032638748,3.0486208330274
199.25,0.121677329388216,-0.00989071935788361,0.121800910352,-0.00984756295333716,3.03746784075396,0.024682205901395,0.00454678315015101,3.03746784075396
199.5,0.121720755267235,-0.0100142057770131,0.121844146749876,-0.00997051056131784,3.02610871438099,0.0237346870233043,0.00856817366672287,3.02610871438099
199.75,0.121764719542309,-0.0101375015400998,0.121887919194612,-0.0100932683451496,3.01454391103246,0.0228416592143227,0.0125334009930919,3.01454391103246
200,0.121809221376423,-0.0102606042997701,0.121932226852843,-0.0102158339677012,3.00277395086911,0.022002839492848,0.0164391481119247,3.00277395086911
200.25,0.121854259922325,-0.0103835117123248,0.121977068881017,-0.0103382050954999,2.99079941711369,0.0212178846891289,0.0202820995609163,2.99079941711369
200.5,0.121899834322548,-0.010506221437784,0.122022444425405,-0.0104603793987758,2.97862095606157,0.020486391430056,0.0240589424165374,2.97862095606157
200.75,0.12194594370942,-0.0106287311399315,0.122068352622122,-0.0105823545515062,2.96623927707691,0.0198078961384014,0.027766367278207,2.96623927707691
201,0.121992587205084,-0.010751038486359,0.122114792597143,-0.0107041282314601,2.95365515257422,0.0191818750465435,0.031401069252699,2.95365515257422
201.25,0.122039763921516,-0.010873141148511,0.122161763466317,-0.0108256981202421,2.94086941798541,0.0186077442246995,0.0349597489385752,2.94086941798541
201.5,0.122087472960539,-0.0109950368017289,0.122209264335387,-0.0109470619033369,2.92697259229168,0.0185858620603232,0.036469479156974,2.92697259229168
201.75,0.122135713413842,-0.0111167231252951,0.122257294300004,-0.0110682172701528,2.91213613927265,0.0189994996982313,0.0361716427705587,2.91213613927265
202,0.122184484362996,-0.0112381978024774,0.122305852445748,-0.0111891619140665,2.89722936363905,0.0193643667387439,0.0359104446689459,2.89722936363905
202.25,0.122233784879473,-0.011359458520573,0.122354937848141,-0.0113098935324661,2.88224987755962,0.0196831278700841,0.0356847957827677,2.88224987755962
202.5,0.122283614024661,-0.0114805029709527,0.122404549572667,-0.0114304098267956,2.86719532065423,0.019958422591473,0.0354935525009816,2.86719532065423
202.75,0.122333970849886,-0.0116013288491046,0.122454686674792,-0.0115507085025987,2.85206336090681,0.0201928642948076,0.0353355171397455,2.85206336090681
203,0.122384854396427,-0.0117219338546782,0.122505348199977,-0.0116707872695619,2.83685169557113,0.0203890393536048,0.0352094384249908,2.83685169557113
203.25,0.122436263695533,-0.011842315691528,0.122556533183699,-0.0117906438415586,2.82155805206886,0.0205495062194802,0.0351140119887287,2.82155805206886
203.5,0.122488197768446,-0.0119624720677574,0.122608240651471,-0.0119102759366923,2.80618018887996,0.0206767945263309,0.0350478808789376,2.80618018887996
203.75,0.122540655626417,-0.0120824006957621,0.122660469618856,-0.0120296812773405,2.79071589642516,0.020773404202405,0.0350096360828853,2.79071589642516
204,0.122593636270722,-0.012202099292274,0.122713219091491,-0.0121488575901976,2.77516299794022,0.0208418045904599,0.0349978170638065,2.77516299794022
204.25,0.122647138692687,-0.0123215655784043,0.122766488065101,-0.0122678026063184,2.75951935034195,0.0208844335762166,0.0350109123108328,2.75951935034195
204.5,0.122701161873704,-0.0124407972796872,0.122820275525522,-0.0123865140611612,2.74378284508567,0.0209036967252577,0.0350473599019946,2.74378284508567
204.75,0.122755704785248,-0.0125597921261228,0.122874580448718,-0.0125049896946311,2.727951409014,0.0209019664286046,0.035105548080248,2.727951409014
205,0.1228107663889,-0.012678547852221,0.122929401800802,-0.0126232272511228,2.71202300519674,0.0208815810571071,0.0351838158423171,2.71202300519674
205.25,0.122866345636369,-0.0127970621970437,0.122984738538055,-0.0127412244795635,2.69599563376174,0.0208448441248739,0.0352804535402998,2.69599563376174
205.5,0.122922441469504,-0.0129153329042489,0.123040589606944,-0.0128589791334563,2.67986733271648,0.0207940234619059,0.0353937034958691,2.67986733271648
205.75,0.122979052820322,-0.0130333577221325,0.123096953944146,-0.0129764889709221,2.6636361787602,0.0207313503961051,0.0355217606269308,2.6636361787602
206,0.123036178611025,-0.0131511344036723,0.123153830476564,-0.0130937517547432,2.64730028808652,0.0206590189448448,0.0356627730866133,2.64730028808652
206.25,0.123093817754019,-0.01326866070657,0.123211218121353,-0.0132107652524051,2.63085781717616,0.0205791850162933,0.0358148429144707,2.63085781717616
206.5,0.123151969151939,-0.0133859343932943,0.123269115785933,-0.0133275272361395,2.61430696357981,0.0204939656206217,0.0359760266997048,2.61430696357981
206.75,0.123210631697666,-0.013502953231123,0.123327522368017,-0.0134440354829666,2.59764596669084,0.0204054380913186,0.0361443362563234,2.59764596669084
207,0.123269804274349,-0.0136197149921864,0.123386436755628,-0.0135602877747372,2.5808731085077,0.0203156393167404,0.0363177393100442,2.5808731085077
207.25,0.123329485755428,-0.0137362174535087,0.12344585782712,-0.0136762818981753,2.56398671438585,0.0202265649820947,0.0364941601968276,2.56398671438585
207.5,0.123389675004653,-0.013852458397051,0.123505784451202,-0.01379201564492,2.54698515377912,0.0201401688220094,0.0366714805728727,2.54698515377912
207.75,0.123450370876109,-0.0139684356097533,0.123566215486958,-0.0139074868115676,2.52986684097021,0.020058361883846,0.0368475401359211,2.52986684097021
208,0.123511572214232,-0.0140841468835767,0.123627149783867,-0.0140226931997135,2.5126302357903,0.0199830118019176,0.0370201373577085,2.5126302357903
208.25,0.123573277853838,-0.0141995900155453,0.123688586181828,-0.0141376326159942,2.49527384432747,0.0199159420828118,0.0371870302274566,2.49527384432747
208.5,0.123635486620141,-0.0143147628077883,0.123750523511182,-0.0142523028721288,2.47779621962394,0.0198589314018951,0.0373459370061538,2.47779621962394
208.75,0.123698197328775,-0.0144296630675816,0.12381296059273,-0.0143667017849609,2.46019596236181,0.0198137129112462,0.0374945369915672,2.46019596236181
209,0.123761408785818,-0.0145442886073901,0.123875896237761,-0.0144808271765003,2.44247172153729,0.0197819735590917,0.0376304712937317,2.44247172153729
209.25,0.123825119787816,-0.0146586372449086,0.123939329248071,-0.0145946768739639,2.4246221951231,0.0197653534209619,0.0377513436208316,2.4246221951231
209.5,0.123889329121803,-0.014772706803104,0.124003258415985,-0.0147082487098175,2.40664613071914,0.0197654450426424,0.0378547210752164,2.40664613071914
209.75,0.123954035565326,-0.0148864951102562,0.124067682524386,-0.0148215405218172,2.38841295696739,0.0198748037795809,0.0378473886706697,2.38841295696739
210,0.124019237886467,-0.015,0.124132600346731,-0.0149345501530502,2.36991645587459,0.0200977678248807,0.0377186510725235,2.36991645587459
210.25,0.124084934843868,-0.0151132193113658,0.124198010647079,-0.015047275451976,2.35135171021244,0.0202977239629122,0.0376033708662802,2.35135171021244
210.5,0.124151125186754,-0.0152261508888211,0.124263912180111,-0.0151597142724673,2.33271661230447,0.0204771295092844,0.0375003185336446,2.33271661230447
210.75,0.124217807654956,-0.0153387925823116,0.124330303691157,-0.0152718644738511,2.31400908294317,0.0206384150412679,0.037408212402626,2.31400908294317
211,0.124284980978937,-0.0154511422473016,0.124397183916219,-0.0153837239209493,2.29522707227939,0.020783983501766,0.0373257191265045,2.29522707227939
211.25,0.124352643879812,-0.0155631977448156,0.124464551581994,-0.0154952904841191,2.27636856070428,0.0209162093106303,0.0372514541762902,2.27636856070428
211.5,0.124420795069377,-0.0156749569414785,0.124532405405898,-0.0156065620392942,2.25743155972359,0.0210374374835932,0.0371839823467181,2.25743155972359
211.75,0.124489433250133,-0.0157864177095561,0.124600744096092,-0.0157175364680244,2.23841411282422,0.0211499827589403,0.0371218182755424,2.23841411282422
212,0.124558557115307,-0.0158975779269961,0.124669566351506,-0.0158282116575165,2.21931429633276,0.0212561287321708,0.0370634269761095,2.21931429633276
212.25,0.124628165348881,-0.0160084354774683,0.124738870861864,-0.0159385855006746,2.20013022026582,0.021358126998782,0.0370072243830116,2.20013022026582
212.5,0.124698256625613,-0.0161189882504047,0.124808656307708,-0.0160486558961397,2.1806779523324,0.0215821514907524,0.0367987064514398,2.1806779523324
212.75,0.124768829611068,-0.0162292341410398,0.124878921360423,-0.0161584207483303,2.16096661395131,0.0219216717187632,0.0364381098381349,2.16096661395131
213,0.124839882961637,-0.0163391710504508,0.124949664682264,-0.0162678779674816,2.1411167496882,0.022294870167871,0.0360225827083278,2.1411167496882
213.25,0.124911415324567,-0.0164487968855974,0.12502088492638,-0.016377025469686,2.12112792111927,0.0227025560694922,0.0355492449921549,2.12112792111927
213.5,0.124983425337985,-0.0165581095593618,0.125092580736841,-0.0164858611769325,2.10099974813058,0.0231454823343115,0.0350151939914184,2.10099974813058
213.75,0.125055911630924,-0.0166671069905881,0.125164750748661,-0.0165943830171461,2.08073190934634,0.0236243451168358,0.0344175053212935,2.08073190934634
214,0.125128872823349,-0.0167757871041224,0.125237393587827,-0.0167025889242273,2.06032414254324,0.024139783393969,0.0337532338588354,2.06032414254324
214.25,0.125202307526184,-0.016884147830852,0.125310507871326,-0.0168104768380916,2.03977624505037,0.0246923785578479,0.0330194146981887,2.03977624505037
214.5,0.12527621434134,-0.016992187107745,0.125384092207165,-0.0169180447047087,2.01908807413509,0.025282654022868,0.0322130641121865,2.01908807413509
214.75,0.125350591861735,-0.0170999028778891,0.125458145194405,-0.0170252904761415,1.99829959389198,0.0254862886079766,0.029378642477724,1.99829959389198
215,0.12542543867133,-0.0172072930905314,0.125532665423185,-0.017132212110585,1.97746995228034,0.0251900563273598,0.0242433411112984,1.97746995228034
215.25,0.12550075334515,-0.017314355701117,0.125607651474746,-0.0172388075724055,1.95657855388622,0.0248243317850805,0.0188852985853791,1.95657855388622
215.5,0.12557653444931,-0.0174210886713282,0.125683101921462,-0.0173450748321791,1.93562931312038,0.0243856052753567,0.0133030585583435,1.93562931312038
215.75,0.12565278054105,-0.017527489969123,0.125759015326866,-0.0174510118667302,1.91462618189836,0.0238703320787219,0.00749522050833665,1.91462618189836
216,0.125729490168752,-0.0176335575687742,0.125835390245675,-0.0175566166591704,1.89483547136577,0.022122853587031,0.00139460023245024,1.89483547136577
216.25,0.125806661871976,-0.0177392894509075,0.125912225223821,-0.0176618871989368,1.89476945833201,0.00224687786513639,-0.00577892418006698,1.89476945833201
216.5,0.125884294181483,-0.0178446836025402,0.125989518798477,-0.01776682148183,1.90114046921326,0.00234326514109329,0.00360736865305044,1.90114046921326
216.75,0.125962385619268,-0.0179497380171198,0.126067269498085,-0.0178714175100525,1.88741732164253,0.00335047207207559,0.0124452658479444,1.88741732164253
217,0.126040934698581,-0.0180544506945614,0.126145475842384,-0.0179756732922467,1.86374822890813,0.0028275691411844,0.0195211239983404,1.86374822890813
217.25,0.126119939923961,-0.0181588196412868,0.126224136342437,-0.0180795868435328,1.84006771219479,0.00237164654197928,0.0264164245770302,1.84006771219479
217.5,0.126199399791263,-0.0182628428702616,0.126303249500661,-0.0181831561855465,1.81637830807075,0.00198062722925636,0.0331311546491073,1.81637830807075
217.75,0.126279312787685,-0.0183665184010335,0.126382813810857,-0.0182863793464769,1.79268254820368,0.00165243799187625,0.0396653295970333,1.79268254820368
218,0.126359677391798,-0.0184698442597697,0.126462827758235,-0.0183892543611038,1.76964257167033,0.00218770110096518,0.0426625865254639,1.76964257167033
218.25,0.126440492073578,-0.018572818479295,0.126543289819444,-0.0184917792708353,1.7472136314587,0.00334475361239583,0.0427800453138668,1.7472136314587
218.5,0.126521755294428,-0.0186754390991286,0.126624198462603,-0.0185939521237447,1.72485733935802,0.00441726542187562,0.0428766495930702,1.72485733935802
218.75,0.126603465507214,-0.0187777041655218,0.126705552147327,-0.0186957709746083,1.7025719906477,0.00540734646247471,0.0429540206315058,1.7025719906477
219,0.126685621156291,-0.0188796117314951,0.126787349324761,-0.0187972338849419,1.68035585500866,0.00631713248446826,0.0430137312164573,1.68035585500866
219.25,0.126768220677534,-0.0189811598568755,0.126869588437603,-0.018898338923038,1.65820717737958,0.00714878419137425,0.0430573052838822,1.65820717737958
219.5,0.126851262498368,-0.0190823466083329,0.126952267920139,-0.0189990841640024,1.63612417881819,0.00790448637090292,0.0430862175616079,1.63612417881819
219.75,0.126934745037796,-0.0191831700594175,0.127035386198272,-0.0190994676897908,1.61410505736751,0.00858644702101316,0.0431018932259149,1.61410505736751
220,0.127018666706431,-0.0192836282905962,0.127118941689548,-0.0191994875892458,1.59214798892676,0.00919689647127222,0.0431057075715099,1.59214798892676
220.25,0.127103025906524,-0.0193837193892889,0.127202932803193,-0.0192991419581325,1.57025112812677,0.00973808649970582,0.0430989856951322,1.57025112812677
220.5,0.127187821031999,-0.0194834414499055,0.127287357940136,-0.0193984288991754,1.5484126092097,0.010212289445346,0.0430830021925968,1.5484126092097
220.75,0.127273050468479,-0.0195827925738817,0.127372215493043,-0.0194973465220943,1.52663054691285,0.0106217973166595,0.0430589808696353,1.52663054691285
221,0.127358712593317,-0.0196817708697152,0.127457503846351,-0.0195958929436403,1.50490303735644,0.0109689208960652,0.0430280944662715,1.50490303735644
221.25,0.127444805775631,-0.0197803744530021,0.127543221376291,-0.0196940662876315,1.48322815893503,0.0112559888407326,0.0429914643950742,1.48322815893503
221.5,0.12753132837633,-0.0198786014464721,0.127629366450926,-0.019791864684989,1.4616039732125,0.01148534677986,0.0429501604931006,1.4616039732125
221.75,0.127618278748149,-0.019976449980025,0.127715937430176,-0.0198892862737722,1.44002852582034,0.0116593564086356,0.0429052007877488,1.44002852582034
222,0.127705655235678,-0.0200739181907657,0.127802932665856,-0.0199863291992145,1.41849984735907,0.0117803945790744,0.0428575512764185,1.41849984735907
222.25,0.127793456175395,-0.02017100422304,0.127890350501702,-0.0200829916137586,1.39701595430253,0.01185085238794,0.0428081257201905,1.39701595430253
222.5,0.127881679895696,-0.0202677062284698,0.127978189273404,-0.0201792716770914,1.37557484990496,0.0118731342619433,0.0427577854513746,1.37557484990496
222.75,0.127970324716929,-0.0203640223659883,0.128066447308638,-0.0202751675561792,1.35417452511051,0.0118496570404257,0.0427073391951112,1.35417452511051
223,0.128059388951425,-0.0204599508018749,0.128155122927099,-0.0203706774253028,1.33281295946515,0.0117828490557263,0.0426575429049767,1.33281295946515
223.25,0.128148870903528,-0.0205554897097908,0.128244214440531,-0.0204657994660918,1.31148812203066,0.0116751492114335,0.0426090996126224,1.31148812203066
223.5,0.128238768869631,-0.0206506372708126,0.128333720152759,-0.0205605318675599,1.29019797230045,0.0115290060587295,0.0425626592915801,1.29019797230045
223.75,0.128329081138207,-0.0207453916734681,0.128423638359725,-0.0206548728261386,1.26894046111724,0.0113468768710213,0.0425188187350521,1.26894046111724
224,0.12841980598984,-0.0208397511137699,0.128513967349515,-0.0207488205457121,1.24771353159211,0.011131226717071,0.0424781214479523,1.24771353159211
224.25,0.12851094169726,-0.0209337137952504,0.128604705402394,-0.0208423732376511,1.22651512002494,0.0108845275328229,0.0424410575530062,1.22651512002494
224.5,0.128602486525375,-0.0210272779289955,0.128695850790843,-0.0209355291208473,1.20534315682585,0.0106092571921319,0.0424080637110588,1.20534315682585
224.75,0.128694438731301,-0.0211204417336791,0.128787401779582,-0.021028286421747,1.18419556743765,0.0103078985765974,0.0423795230555213,1.18419556743765
225,0.128786796564404,-0.0212132034355964,0.128879356625615,-0.0211206433743848,1.16307027325893,0.00998293864470978,0.0423557651410468,1.16307027325893
225.25,0.128879558266321,-0.0213055612686986,0.128971713578253,-0.0212125982204175,1.14196519256754,0.00963686750050881,0.0423370659063687,1.14196519256754
225.5,0.128972722071004,-0.0213975134746255,0.129064470879153,-0.0213041492091574,1.12087824144454,0.00927217746195845,0.0423236476513249,1.12087824144454
225.75,0.12906628620475,-0.0214890583027396,0.129157626762349,-0.0213952945976057,1.09980733469806,0.00889136212924977,0.0423156790281187,1.09980733469806
226,0.12916024888623,-0.0215801940101595,0.129251179454288,-0.0214860326504854,1.07875038678713,0.00849691545322117,0.0423132750467158,1.07875038678713
226.25,0.129254608326532,-0.0216709188617927,0.129345127173861,-0.0215763616402749,1.05770531274514,0.00809133080411728,0.0423164970944875,1.05770531274514
226.5,0.129349362729187,-0.0217612311303686,0.12943946813244,-0.0216662798472405,1.03667002910276,0.00767710004087864,0.0423253529700046,1.03667002910276
226.75,0.129444510290209,-0.021851129096472,0.129534200533908,-0.0217557855594691,1.01564245481017,0.00725671258117128,0.0423397969310231,1.01564245481017
227,0.129540049198125,-0.0219406110485751,0.129629322574697,-0.0218448770729008,0.994620512158285,0.00683265447235611,0.042359729756609,0.994620512158285
227.25,0.129635977634012,-0.0220296752830706,0.129724832443821,-0.0219335526913619,0.973602127698865,0.0064074074636038,0.0423849988234157,0.973602127698865
227.5,0.12973229377153,-0.0221183201043037,0.129820728322909,-0.0220218107265962,0.952585233163299,0.00598344807936492,0.0424153981961084,0.952585233163299
227.75,0.12982899577696,-0.022206543824605,0.129917008386241,-0.022109649498298,0.931567766379795,0.00556324669438184,0.0424506687318569,0.931567766379795
228,0.129926081809234,-0.0222943447643218,0.130013670800785,-0.0221970673341438,0.910547672188847,0.00514926661046265,0.04249049819893,0.910547672188847
228.25,0.130023550019975,-0.022381721251851,0.130110713726228,-0.0222840625698239,0.889522903356728,0.00474396313520974,0.0425345214093467,0.889522903356728
228.5,0.130121398553528,-0.0224686716236701,0.130208135315011,-0.0223706335490744,0.868491421486838,0.00434978266290729,0.0425823203655381,0.868491421486838
228.75,0.130219625546998,-0.0225551942243693,0.130305933712368,-0.0224567786237088,0.847451197928698,0.0039691617577661,0.0426334244209987,0.847451197928698
229,0.130318229130285,-0.0226412874066831,0.13040410705636,-0.0225424961536489,0.826400214684357,0.00360452623973583,0.0426873104549131,0.826400214684357
229.25,0.130417207426118,-0.0227269495315215,0.130502653477906,-0.0226277845069566,0.805336465312072,0.00325829027306952,0.0427434030606657,0.805336465312072
229.5,0.130516558550094,-0.0228121789680009,0.130601571100825,-0.0227126420598645,0.784257955827011,0.00293285545786332,0.0428010747482733,0.784257955827011
229.75,0.130616280610711,-0.0228969740934759,0.130700858041868,-0.0227970671968071,0.763136503719297,0.0026479441534615,0.0428585888227805,0.763136503719297
230,0.130716371709404,-0.0229813332935693,0.130800512410754,-0.0228810583104516,0.741162790678102,0.00293993023645974,0.0428761969156261,0.741162790678102
230.25,0.130816829940582,-0.0230652549622038,0.130900532310209,-0.0229646138017282,0.719250986366238,0.00320497661939917,0.0428852191757862,0.719250986366238
230.5,0.130917653391667,-0.0231487375016316,0.131000915835998,-0.0230477320798608,0.697399208140367,0.00344537806869845,0.0428866120138892,0.697399208140367
230.75,0.131018840143125,-0.0232317793224656,0.131101661076962,-0.0231304115623971,0.675605557516656,0.00366344451764546,0.0428812808710821,0.675605557516656
231,0.131120388268505,-0.0233143788437091,0.131202766115058,-0.0232126506752391,0.653868121060002,0.00386150016935905,0.0428700799938592,0.653868121060002
231.25,0.131222295834478,-0.0233965344927865,0.131304229025392,-0.0232944478526726,0.632184971276355,0.00404188259666401,0.0428538122226596,0.632184971276355
231.5,0.131324560900871,-0.0234782447055724,0.131406047876255,-0.0233758015373971,0.610554167507883,0.00420694183907857,0.0428332287942618,0.610554167507883
231.75,0.131427181520705,-0.0235595079264223,0.131508220729165,-0.0234567101805559,0.588973756830919,0.00435903949711026,0.0428090291579852,0.588973756830919
232,0.13153015574023,-0.0236403226082017,0.131610745638896,-0.023537172241765,0.567441774956334,0.00450054782406623,0.0427818608058277,0.567441774956334
232.25,0.131633481598967,-0.0237206872123153,0.131713620653523,-0.0236171861891426,0.545956247132304,0.00463384881556783,0.0427523191164012,0.545956247132304
232.5,0.131737157129738,-0.023800600208737,0.131816843814453,-0.0236967504993387,0.524515189049073,0.00476133329698251,0.0427209472129024,0.524515189049073
232.75,0.131841180358713,-0.0238800600760387,0.131920413156467,-0.0237758636575634,0.503116607745711,0.00488540000896167,0.0426882358349639,0.503116607745711
233,0.131945549305439,-0.0239590653014188,0.132024326707753,-0.0238545241576163,0.481758502518519,0.00500845469129737,0.0426546232245643,0.481758502518519
233.25,0.13205026198288,-0.0240376143807318,0.132128582489948,-0.0239327305019147,0.460438865830949,0.0051329091652884,0.0426204950258689,0.460438865830949
233.5,0.13215531639746,-0.0241157058185165,0.13223317851817,-0.0240104812015226,0.439155684224832,0.00526118041482482,0.0425861841991408,0.439155684224832
233.75,0.132260710549093,-0.0241933381280245,0.132338112801063,-0.0240877747761789,0.417906939232668,0.00539568966639397,0.0425519709486989,0.417906939232668
234,0.132366442431226,-0.0242705098312484,0.13244338334083,-0.0241646097543252,0.396690608290879,0.00553886146819938,0.0425180826648789,0.396690608290879
234.25,0.132472510030877,-0.0243472194589504,0.13254898813327,-0.0242409846731343,0.375504665653668,0.00569312276861076,0.0424846938801166,0.375504665653668
234.5,0.132578911328672,-0.0244234655506896,0.132654925167821,-0.0243168980785378,0.354347083307415,0.00586090199413821,0.0424519262390883,0.354347083307415
234.75,0.132685644298883,-0.0244992466548504,0.132761192427594,-0.024392348525254,0.333215831885365,0.0060446281271282,0.0424198484828892,0.333215831885365
235,0.132792706909469,-0.0245745613286697,0.132867787889415,-0.0244673345768151,0.312108881582404,0.00624672978339782,0.042388476447341,0.312108881582404
235.25,0.132900097122111,-0.0246494081382649,0.132974709523858,-0.0245418548055947,0.291024203069644,0.0064696342900037,0.0423577730753737,0.291024203069644
235.5,0.133007812892255,-0.0247237856586605,0.133081955295291,-0.0246159077928352,0.26906666658748,0.00729894879812592,0.0421397613148208,0.26906666658748
235.75,0.133115852169148,-0.0247976924738157,0.133189523161908,-0.0246894921286744,0.24702551933857,0.00821918033654355,0.041886392495479,0.24702551933857
236,0.133224212895878,-0.0248711271766512,0.133297411075773,-0.0247626064121725,0.22492499321909,0.00921536677163975,0.041600991552139,0.22492499321909
236.25,0.133332893009412,-0.0249440883690763,0.133405616982854,-0.0248352492513391,0.202763754884234,0.0102892432444251,0.0412816503701023,0.202763754884234
236.5,0.133441890440638,-0.025016574662015,0.133514138823067,-0.0249074192631593,0.180540506677794,0.0114425088840775,0.0409264198005847,0.180540506677794
236.75,0.133551203114403,-0.0250885846754328,0.133622974530314,-0.0249791150736199,0.158253987363921,0.012676826068552,0.0405333102356169,0.158253987363921
237,0.133660828949549,-0.0251601170383627,0.133732122032518,-0.0250503353177361,0.135902972850341,0.0139938196936976,0.0401002921943232,0.135902972850341
237.25,0.13377076585896,-0.0252311703889318,0.13384157925167,-0.0251210786395771,0.115840260200682,0.0142862164544904,0.0373507495326938,0.115840260200682
237.5,0.133881011749595,-0.0253017433743866,0.13395134410386,-0.0251913436922921,0.0986708488425468,0.0132362317350576,0.0318077199699512,0.0986708488425468
237.75,0.133991564522532,-0.0253718346511192,0.134061414499325,-0.0252611291381358,0.0816547688910631,0.0121218783248092,0.0261617838646215,0.0816547688910631
238,0.134102422073004,-0.0254414428846928,0.134171788342483,-0.0253304336484938,0.0647932146534154,0.0109423070938839,0.0204146026513558,0.0647932146534154
238.25,0.134213582290444,-0.0255105667498669,0.134282463531976,-0.0253992559039081,0.0480873561396862,0.00969669150922168,0.0145678469391003,0.0480873561396862
238.5,0.134325043058522,-0.0255792049306228,0.134393437960706,-0.0254675945941023,0.0315383389826072,0.00838422770827581,0.00862319619108915,0.0315383389826072
238.75,0.134436802255184,-0.0256473561201884,0.134504709515881,-0.0255354484180062,0.0208603924492277,0.00414064540897342,0.00399833172575976,0.0208603924492277
239,0.134548857752698,-0.0257150190210634,0.134616276079051,-0.0256028160837807,0.0139916492794809,-0.00230714865969885,0.00291994185577881,0.0139916492794809
239.25,0.134661207417688,-0.0257821923450436,0.134728135526149,-0.0256696963088427,-0.00640475991869382,-0.00299648896869784,0.00717480923595388,-0.00640475991869382
239.5,0.134773849111179,-0.0258488748132458,0.134840285727533,-0.025736087819889,-0.0267164781077779,-0.00361588434695607,0.0112303253845382,-0.0267164781077779
239.75,0.134886780688634,-0.0259150651561319,0.134952724548024,-0.025801989352921,-0.0469401585492504,-0.00416828303477042,0.0150875772278808,-0.0469401585492504
240,0.135,-0.0259807621135332,0.13506544984695,-0.0258673996532685,-0.067072480857277,-0.00465660987137727,0.0187476971535389,-0.067072480857277
240.25,0.135113504889744,-0.0260459644346743,0.135178459478183,-0.0259323174756137,-0.0871101516316647,-0.00508376566953544,0.0222118625818728,-0.0871101516316647
240.5,0.135227293196896,-0.026110670878197,0.135291751290182,-0.0259967415840147,-0.107049905084208,-0.00545262659664556,0.0254812955291356,-0.107049905084208
240.75,0.135341362755091,-0.0261748802121839,0.135405323126036,-0.0260606707519295,-0.126888503658363,-0.0057660435625143,0.0285572621621537,-0.126888503658363
241,0.13545571139261,-0.0262385912141819,0.1355191728235,-0.0261241037622388,-0.146622738642065,-0.00602684161387686,0.0314410723446888,-0.146622738642065
241.25,0.135570336932418,-0.0263018026712252,0.135633298215039,-0.0261870394072696,-0.166249430773649,-0.00623781933578936,0.0341340791755846,-0.166249430773649
241.5,0.135685237192212,-0.026364513379859,0.135747697127871,-0.0262494764888178,-0.185694968592893,-0.00595372320261233,0.034621055624472,-0.185694968592893
241.75,0.135800409984455,-0.0264267221461616,0.135862367384006,-0.0263114138181715,-0.204987841428494,-0.00564272461226617,0.0348334207279939,-0.204987841428494
242,0.135915853116423,-0.0264884277857678,0.135977306800286,-0.0263728502161332,-0.224135252729496,-0.00535865459022369,0.0350121286944018,-0.224135252729496
242.25,0.136031564390247,-0.0265496291238913,0.136092513188432,-0.0264337845130424,-0.243138189699655,-0.00510016680188633,0.035159510493226,-0.243138189699655
242.5,0.136147541602949,-0.0266103249953466,0.13620798435508,-0.026494215548798,-0.261997683383156,-0.00486587333578583,0.0352778642480787,-0.261997683383156
242.75,0.136263782546491,-0.0266705142445721,0.136323718101825,-0.0265541421728801,-0.280714808067594,-0.00465434530736357,0.0353694545655654,-0.280714808067594
243,0.136380285007814,-0.026730195725651,0.136439712225263,-0.0266135632443723,-0.299290680677201,-0.00446411347249593,0.0354365118736507,-0.299290680677201
243.25,0.136497046768877,-0.0267893683023341,0.136555964517033,-0.0266724776319828,-0.317726460156443,-0.0042936688506246,0.0354812317696043,-0.317726460156443
243.5,0.136614065606706,-0.0268480308480607,0.13667247276386,-0.0267308842140668,-0.336023346844074,-0.00414146335734587,0.0355057743776313,-0.336023346844074
243.75,0.13673133929343,-0.0269061822459806,0.136789234747595,-0.0267887818786471,-0.354182581837852,-0.00400591044632951,0.0355122637163744,-0.354182581837852
244,0.136848865596328,-0.026963821388975,0.136906248245257,-0.0268461695234357,-0.372205446350007,-0.00388538576041603,0.0355027870763867,-0.372205446350007
244.25,0.136966642277867,-0.0270209471796776,0.137023511029078,-0.0269030460558544,-0.39009326105366,-0.00377822779174082,0.0354793944076707,-0.39009326105366
244.5,0.137084667095751,-0.0270775585304958,0.137141020866544,-0.0269594103930562,-0.40784738542029,-0.00368273855075533,0.0354440977174935,-0.40784738542029
244.75,0.137202937802956,-0.027133654363631,0.137258775520436,-0.0270152614619452,-0.425469217048409,-0.00359718424397966,0.0353988704785189,-0.425469217048409
245,0.137321452147779,-0.0271892336110995,0.137376772748877,-0.0270705981991976,-0.442960190983649,-0.00351979596034717,0.0353456470474397,-0.442960190983649
245.25,0.137440207873877,-0.0272442952147524,0.137495010305369,-0.0271254195512817,-0.460321779030321,-0.0034487703659786,0.0352863220941638,-0.460321779030321
245.5,0.137559202720313,-0.0272988381262963,0.137613485938839,-0.0271797244744781,-0.477555489054661,-0.00338227040724597,0.0352227500417616,-0.477555489054661
245.75,0.137678434421596,-0.0273528613073127,0.137732197393682,-0.0272335119348992,-0.494662864279936,-0.003318426021955,0.0351567445171877,-0.494662864279936
246,0.137797900707726,-0.027406363729278,0.137851142409802,-0.0272867809085093,-0.51164548257348,-0.00325533485850534,0.0350900778130004,-0.51164548257348
246.25,0.137917599304238,-0.0274593443735834,0.137970318722659,-0.0273395303811439,-0.52850495572593,-0.00319106300285604,0.0350244803600942,-0.52850495572593
246.5,0.138037527932243,-0.0275118022315537,0.138089724063308,-0.0273917593485292,-0.545242928722733,-0.00312364571314037,0.0349616402115674,-0.545242928722733
246.75,0.138157684308472,-0.027563736304467,0.138209356158441,-0.0274434668163008,-0.56186107900811,-0.00305108816178033,0.0349032025379507,-0.56186107900811
247,0.138278066145322,-0.0276151456035732,0.138329212730438,-0.0274946518000232,-0.578361115741689,-0.00297136618491666,0.0348507691337028,-0.578361115741689
247.25,0.138398671150895,-0.0276660291501135,0.138449291497401,-0.027545313325208,-0.594744779047887,-0.00288242703900721,0.0348058979352338,-0.594744779047887
247.5,0.138519497029047,-0.0277163859753386,0.138569590173204,-0.0275954504273328,-0.611013839258278,-0.00278219016442246,0.0347701025505069,-0.611013839258278
247.75,0.138640541479427,-0.027766215120527,0.138690106467534,-0.0276450621518594,-0.627170096147058,-0.00266854795586976,0.034744851800308,-0.627170096147058
248,0.138761802197523,-0.0278155156370036,0.138810838085934,-0.0276941475542522,-0.643215378159844,-0.00253936653947719,0.0347315692712488,-0.643215378159844
248.25,0.138883276874705,-0.0278642865861577,0.138931782729847,-0.0277427056999958,-0.659151541635899,-0.00239248655637213,0.0347316328806784,-0.659151541635899
248.5,0.139004963198271,-0.0279125270394607,0.139052938096663,-0.0277907356646131,-0.674980470023993,-0.00222572395257933,0.0347463744535205,-0.674980470023993
248.75,0.139126858851489,-0.027960236078484,0.139174301879758,-0.0278382365336828,-0.690635227826256,-0.00204432017888296,0.034540293203788,-0.690635227826256
249,0.139248961513641,-0.028007412794916,0.13929587176854,-0.0278852074028569,-0.705537509462229,-0.00192926069253594,0.0322015417619267,-0.705537509462229
249.25,0.139371268860069,-0.0280540562905803,0.139417645448494,-0.0279316473778777,-0.7202492864022,-0.00183677980108262,0.0297349602749151,-0.7202492864022
249.5,0.139493778562216,-0.0281001656774519,0.139539620601224,-0.0279775555745951,-0.734768639942486,-0.00176851787787905,0.0271430220602315,-0.734768639942486
249.75,0.139616488287675,-0.0281457400776745,0.1396617949045,-0.028022931118983,-0.749093696616348,-0.00172607326171231,0.0244282238631266,-0.749093696616348
250,0.13973939570023,-0.0281907786235772,0.139784166032299,-0.0280677731471567,-0.763222628499399,-0.00171100195662183,0.0215930851787024,-0.763222628499399
250.25,0.1398624984599,-0.0282352804576911,0.13990673165485,-0.0281120808053884,-0.777153653505152,-0.00172481734154019,0.0186401475701018,-0.777153653505152
250.5,0.139985794222987,-0.0282792447327653,0.140029489438682,-0.0281558532501243,-0.790885035670606,-0.00176898988979977,0.0155719739829502,-0.790885035670606
250.75,0.140109280642116,-0.0283226706117835,0.140152437046663,-0.0281990896480002,-0.804415085431909,-0.00184494689855341,0.0123911480561781,-0.804415085431909
251,0.140232955366285,-0.0283655572679795,0.140275572138047,-0.0282417891758572,-0.817742159889948,-0.00195407222815756,0.00910027342937697,-0.817742159889948
251.25,0.140356816040905,-0.0284079038848532,0.140398892368521,-0.028283951020758,-0.830864663065897,-0.00209770605155828,0.00570197304681967,-0.830864663065897
251.5,0.140480860307847,-0.028449709656186,0.140522395390244,-0.0283255743800018,-0.843781046146664,-0.00227714461372639,0.00219888845828252,-0.843781046146664
251.75,0.140605085805487,-0.0284909737860563,0.140646078851897,-0.0283666584611398,-0.856489807720162,-0.0024936400011783,-0.00140632088318032,-0.856489807720162
252,0.140729490168752,-0.0285316954888546,0.140769940398725,-0.0284072024819904,-0.868989494000427,-0.00274839992162375,-0.00511097832637847,-0.868989494000427
252.25,0.14085407102916,-0.0285718739892983,0.140893977672583,-0.0284472056706538,-0.878881262735683,-0.00596567493422553,-0.00239006933438301,-0.878881262735683
252.5,0.140978826014872,-0.0286115085224468,0.141018188311981,-0.028486667265527,-0.887383739022107,-0.0107172140663721,0.0040576682412139,-0.887383739022107
252.75,0.141103752750733,-0.0286505983337156,0.141142569952126,-0.0285255865153182,-0.900555113157349,-0.0111469183519811,0.007057754319614,-0.900555113157349
253,0.141228848858318,-0.0286891426788911,0.141267120224971,-0.0285639626790608,-0.913584957239918,-0.011527578529567,0.00990924727428891,-0.913584957239918
253.25,0.141354111955977,-0.0287271408241444,0.141391836759259,-0.0286017950261281,-0.926470600643132,-0.011861609909149,0.0126142115619899,-0.926470600643132
253.5,0.141479539658882,-0.0287645920460458,0.141516717180567,-0.0286390828362467,-0.939209417508331,-0.0121513866658261,0.0151747501073749,-0.939209417508331
253.75,0.14160512957907,-0.0288014956315779,0.141641759111351,-0.0286758253995104,-0.95202384624364,-0.0120191220708364,0.0161008541933919,-0.95202384624364
254,0.14173087932549,-0.0288378508781496,0.141766960170994,-0.0287120220163939,-0.964675775610731,-0.0118464367400173,0.0167723353115327,-0.964675775610731
254.25,0.141856786504048,-0.0288736570936094,0.141892317975847,-0.0287476719977656,-0.97713577336123,-0.0116812440736291,0.0173719318822719,-0.97713577336123
254.5,0.141982848717652,-0.0289089135962587,0.142017830139279,-0.0287827746649014,-0.989403193049382,-0.0115239564420613,0.0179026260716423,-0.989403193049382
254.75,0.142109063566261,-0.0289436197148644,0.142143494271719,-0.028817329349497,-1.00147744681224,-0.0113749311488039,0.0183674018532397,-1.00147744681224
255,0.142235428646924,-0.028977774788672,0.142269307980704,-0.0288513353936811,-1.01335800534186,-0.0112344704626443,0.0187692440957468,-1.01335800534186
255.25,0.142361941553834,-0.0290113781674183,0.14239526887092,-0.0288847921500276,-1.02504439784398,-0.0111028216632923,0.0191111376513692,-1.02504439784398
255.5,0.142488599878367,-0.0290444292113432,0.142521374544256,-0.0289176989815681,-1.03653621198326,-0.0109801771004269,0.0193960664453909,-1.03653621198326
255.75,0.14261540120913,-0.0290769272912026,0.14264762259984,-0.028950055261804,-1.04783309381502,-0.0108666742661458,0.0196270125670426,-1.04783309381502
256,0.14274234313201,-0.0291088717882799,0.142774010634092,-0.0289818603747183,-1.05893474770349,-0.0107623958807859,0.0198069553618562,-1.05893474770349
256.25,0.142869423230215,-0.0291402620943978,0.142900536240765,-0.0290131137147875,-1.06984093622673,-0.0106673699921042,0.0199388705257236,-1.06984093622673
256.5,0.142996639084323,-0.0291710976119303,0.143027197010994,-0.0290438146869931,-1.08055148006814,-0.0105815700877694,0.0200257292008012,-1.08055148006814
256.75,0.143123988272328,-0.0292013777538135,0.143153990533341,-0.0290739627068328,-1.09106625789451,-0.010504915221163,0.0200704970735062,-1.09106625789451
257,0.143251468369684,-0.0292311019435571,0.14328091439384,-0.0291035572003318,-1.1013852062209,-0.010437270150425,0.0200761334747369,-1.1013852062209
257.25,0.143379076949355,-0.0292602696152554,0.143407966176044,-0.0291325976040535,-1.11150831926208,-0.0103784454907339,0.0200455904825454,-1.11150831926208
257.5,0.143506811581857,-0.029288880213598,0.143535143461069,-0.0291610833651106,-1.12143564877083,-0.0103281978797716,0.019981812027429,-1.12143564877083
257.75,0.143634669835307,-0.0293169331938804,0.143662443827644,-0.0291890139411753,-1.13116730386297,-0.0102862301563301,0.0198877330004266,-1.13116730386297
258,0.143762649275467,-0.0293444280220142,0.143789864852153,-0.0292163888004895,-1.14070345082918,-0.0102521915520267,0.0197662783642203,-1.14070345082918
258.25,0.143890747465795,-0.0293713641745375,0.143917404108684,-0.0292432074218755,-1.15004431293382,-0.01022567789607,0.0196203622674022,-1.15004431293382
258.5,0.144018961967484,-0.0293977411386249,0.144045059169073,-0.0292694692947454,-1.15919017020054,-0.0102062318330387,0.0194528871621196,-1.15919017020054
258.75,0.144147290339516,-0.0294235584120969,0.144172827602951,-0.0292951739191109,-1.16814135918494,-0.0101933430536145,0.0192667429252523,-1.16814135918494
259,0.144275730138704,-0.0294488155034299,0.144300706977792,-0.0293203208055931,-1.17689827273424,-0.010186448538221,0.0190648059833346,-1.17689827273424
259.25,0.144404278919738,-0.0294735119317653,0.144428694858956,-0.0293449094754315,-1.18546135973406,-0.0101849328135108,0.0188499384413754,-1.18546135973406
259.5,0.144532934235236,-0.0294976472269186,0.14455678880974,-0.0293689394604933,-1.19383112484225,-0.0101881282216423,0.0186249872157846,-1.19383112484225
259.75,0.144661693635785,-0.0295212209293887,0.144684986391419,-0.0293924103032821,-1.20200812821004,-0.0101953152022844,0.0183927831715603,-1.20200812821004
260,0.144790554669992,-0.0295442325903662,0.144813285163295,-0.029415321556947,-1.20999298519039,-0.0102057225872886,0.0181561402639377,-1.20999298519039
260.25,0.144919514884529,-0.0295666817717423,0.144941682682745,-0.0294376727852908,-1.2177863660337,-0.0102185279079592,0.0179178546846629,-1.2177863660337
260.5,0.14504857182418,-0.0295885680461169,0.145070176505266,-0.0294594635627782,-1.22538899557087,-0.0102328577148568,0.0176807040130803,-1.22538899557087
260.75,0.145177723031885,-0.029609890996807,0.145198764184519,-0.0294806934745442,-1.23280165288389,-0.0102477879100635,0.0174474463722039,-1.23280165288389
261,0.145306966048793,-0.0296306502178541,0.145327443272382,-0.029501362116402,-1.24002517096395,-0.0102623440918323,0.0172208195899478,-1.24002517096395
261.25,0.145436298414302,-0.0296508453140328,0.14545621131899,-0.0295214690948505,-1.24706043635715,-0.0102755019115553,0.0170035403656997,-1.24706043635715
261.5,0.145565717666112,-0.0296704759008575,0.145585065872784,-0.0295410140270816,-1.25390838879796,-0.010286187442961,0.0167983034423948,-1.25390838879796
261.75,0.145695221340265,-0.0296895416045901,0.14571400448056,-0.0295599965409881,-1.26057002083037,-0.0102932775634673,0.01660778078427,-1.26057002083037
262,0.145824806971198,-0.0297080420622471,0.145843024687513,-0.0295784162751703,-1.26704637741698,-0.0102956003476112,0.0164346207604891,-1.26704637741698
262.25,0.145954472091788,-0.0297259769216065,0.145972124037283,-0.029596272878943,-1.27333855553602,-0.0102919354724584,0.0162814473347711,-1.27333855553602
262.5,0.146084214233398,-0.0297433458412143,0.146101300072006,-0.0296135660123422,-1.27944770376635,-0.0102810146349169,0.0161508592612175,-1.27944770376635
262.75,0.146214030925925,-0.0297601484903914,0.146230550332355,-0.0296302953461315,-1.28537502186063,-0.0102615219808613,0.016045429286504,-1.28537502186063
263,0.146343919697846,-0.0297763845492397,0.146359872357593,-0.0296464605618086,-1.29112176030671,-0.0102320945459749,0.0159677033586041,-1.29112176030671
263.25,0.146473878076265,-0.0297920537086478,0.146489263685614,-0.0296620613516111,-1.29668921987726,-0.0101913227082121,0.0159201998421833,-1.29668921987726
263.5,0.146603903586963,-0.0298071556702976,0.146618721852993,-0.0296770974185223,-1.30207875116791,-0.0101377506517959,0.0159054087408708,-1.30207875116791
263.75,0.146733993754441,-0.0298216901466696,0.146748244395035,-0.0296915684762773,-1.30729175412375,-0.0100698768426383,0.0159257909265398,-1.30729175412375
264,0.14686414610197,-0.0298356568610482,0.146877828845816,-0.0297054742493681,-1.3123296775546,-0.00998615451509277,0.0159837773757711,-1.3123296775546
264.25,0.146994358151638,-0.0298490555475273,0.147007472738235,-0.0297188144730486,-1.31719401863884,-0.00988499216993121,0.0160817684136536,-1.31719401863884
264.5,0.147124627424393,-0.0298618859510154,0.14713717360406,-0.0297315888933403,-1.32188632241612,-0.00976475408344032,0.0162221329650865,-1.32188632241612
264.75,0.147254951440098,-0.0298741478272399,0.147266928973972,-0.0297437972670366,-1.326408181269,-0.00962376082753038,0.0164072078137286,-1.326408181269
265,0.14738532771757,-0.0298858409427524,0.147396736377617,-0.0297554393617078,-1.33076123439355,-0.00946028980074945,0.0166392968687665,-1.33076123439355
265.25,0.147515753774634,-0.0298969650749328,0.14752659334365,-0.029766514955705,-1.33494716725919,-0.00927257577008618,0.0169206704396447,-1.33494716725919
265.5,0.147646227128165,-0.0299075200119938,0.147656497399779,-0.029777023838165,-1.33892003094366,-0.0090877727987677,0.0170738553179871,-1.33892003094366
265.75,0.147776745294138,-0.0299175055529846,0.14778644607282,-0.0297869658090138,-1.34229871015871,-0.0091431732281868,0.0157246208346344,-1.34229871015871
266,0.147907305787676,-0.0299269215077947,0.147916436888737,-0.0297963406789705,-1.34546533510356,-0.00921168175421341,0.0143677190231813,-1.34546533510356
266.25,0.148037906123096,-0.0299357676971581,0.148046467372692,-0.0298051482695512,-1.34842003036679,-0.00929311219597277,0.0130061438508053,-1.34842003036679
266.5,0.148168543813954,-0.029944043952656,0.148176535049092,-0.0298133884130721,-1.35116297788313,-0.00938722481528967,0.0116428842559352,-1.35116297788313
266.75,0.148299216373099,-0.0299517501167205,0.148306637441637,-0.0298210609526526,-1.35369441683652,-0.00949372641468299,0.0102809232677397,-1.35369441683652
267,0.148429921312712,-0.0299588860426372,0.148436772073364,-0.0298281657422188,-1.35601464355028,-0.00961227044825021,0.00892323712719861,-1.35601464355028
267.25,0.14856065614436,-0.0299654515945485,0.148566936466697,-0.0298347026465056,-1.3581240113643,-0.00974245714542196,0.00757279440998084,-1.3581240113643
267.5,0.14869141837904,-0.0299714466474557,0.148697128143494,-0.0298406715410598,-1.36002293049933,-0.00988383364755393,0.00623255515127285,-1.36002293049933
267.75,0.148822205527228,-0.0299768710872217,0.148827344625093,-0.0298460723122422,-1.3617118679084,-0.010035894157331,0.00490546997275807,-1.3617118679084
268,0.148953015098925,-0.0299817248105729,0.148957583432361,-0.02985090485723,-1.36319134711537,-0.0101980801009485,0.00359447921191787,-1.36319134711537
268.25,0.149083844603705,-0.0299860077251014,0.149087842085737,-0.0298551690840185,-1.36446194804067,-0.0103697803030399,0.00230251205384398,-1.36446194804067
268.5,0.149214691550764,-0.0299897197492667,0.149218118105285,-0.0298588649114229,-1.36552430681425,-0.0105503311743128,0.00103248566573477,-1.36552430681425
268.75,0.149345553448963,-0.0299928608123973,0.149348409010737,-0.0298619922690801,-1.36637911557583,-0.0107390169118495,-0.00021269566575119,-1.36637911557583
269,0.149476427806882,-0.0299954308546917,0.149478712321542,-0.0298645510974496,-1.36702712226238,-0.0109350697120407,-0.00143014139408465,-1.36702712226238
269.25,0.14960731213286,-0.0299974298272202,0.149609025556913,-0.029866541347815,-1.36746913038301,-0.0111376699960967,-0.00261697556924773,-1.36746913038301
269.5,0.149738203935049,-0.0299988576919251,0.149739346235874,-0.0298679629822848,-1.36770599878124,-0.0113459466480964,-0.00377033769071286,-1.36770599878124
269.75,0.149869100721458,-0.029999714421622,0.149869671877307,-0.0298688159737932,-1.36773864138465,-0.0115589772655281,-0.0048873835568404,-1.36773864138465
270,0.15,-0.03,0.15,-0.0298691003061004,-1.36756802694211,-0.011775788422258,-0.0059652861105416,-1.36756802694211
270.25,0.150130899278542,-0.029999714421622,0.150130328122693,-0.0298688159737932,-1.36719517874851,-0.0119953559438903,-0.00700123628100227,-1.36719517874851
270.5,0.150261796064951,-0.0299988576919251,0.150260653764126,-0.0298679629822848,-1.36678672427878,-0.0120914601928722,-0.00686656215311504,-1.36678672427878
270.75,0.15039268786714,-0.0299974298272202,0.150390974443087,-0.029866541347815,-1.36620513988412,-0.0121628983285087,-0.00664046931279455,-1.36620513988412
271,0.150523572193118,-0.0299954308546917,0.150521287678458,-0.0298645510974496,-1.36543086149261,-0.0122244596499636,-0.00645365906478457,-1.36543086149261
271.25,0.150654446551037,-0.0299928608123973,0.150651590989263,-0.0298619922690801,-1.36446281959078,-0.0122772272398054,-0.00630334761818049,-1.36446281959078
271.5,0.150785308449236,-0.0299897197492667,0.150781881894715,-0.0298588649114229,-1.36330000027964,-0.0123222324225407,-0.00618673158148134,-1.36330000027964
271.75,0.150916155396295,-0.0299860077251014,0.150912157914263,-0.0298551690840185,-1.36194144557959,-0.0123604544593311,-0.00610098883138933,-1.36194144557959
272,0.151046984901075,-0.0299817248105729,0.151042416567639,-0.02985090485723,-1.36038625372246,-0.0123928202555735,-0.00604327938599648,-1.36038625372246
272.25,0.151177794472772,-0.0299768710872217,0.151172655374907,-0.0298460723122422,-1.35863357943055,-0.0124202040813937,-0.00601074628217905,-1.35863357943055
272.5,0.15130858162096,-0.0299714466474557,0.151302871856506,-0.0298406715410598,-1.35668263418256,-0.0124434273051276,-0.00600051645701312,-1.35668263418256
272.75,0.15143934385564,-0.0299654515945485,0.151433063533303,-0.0298347026465056,-1.35453268646647,-0.0124632581398362,-0.0060097016330541,-1.35453268646647
273,0.151570078687288,-0.0299588860426372,0.151563227926636,-0.0298281657422188,-1.35218306201926,-0.0124804114029038,-0.00603539920724947,-1.35218306201926
273.25,0.151700783626901,-0.0299517501167205,0.151693362558363,-0.0298210609526526,-1.34963314405337,-0.0124955482887824,-0.00607469314333667,-1.34963314405337
273.5,0.151831456186046,-0.029944043952656,0.151823464950908,-0.0298133884130721,-1.34688237346993,-0.0125092761549167,-0.00612465486752823,-1.34688237346993
273.75,0.151962093876904,-0.0299357676971581,0.151953532627308,-0.0298051482695512,-1.34393024905869,-0.0125221483209045,-0.00618234416728426,-1.34393024905869
274,0.152092694212324,-0.0299269215077947,0.152083563111263,-0.0297963406789705,-1.34077632768458,-0.0125346638809293,-0.00624481009300617,-1.34077632768458
274.25,0.152223254705862,-0.0299175055529846,0.15221355392718,-0.0297869658090138,-1.33742022446094,-0.0125472675295098,-0.0063090918624507,-1.33742022446094
274.5,0.152353772871835,-0.0299075200119938,0.152343502600221,-0.029777023838165,-1.33386161290922,-0.0125603494005996,-0.0063722197676812,-1.33386161290922
274.75,0.152484246225366,-0.0298969650749328,0.15247340665635,-0.029766514955705,-1.33010022510531,-0.0125742449200759,-0.00643121608435454,-1.33010022510531
275,0.15261467228243,-0.0298858409427524,0.152603263622382,-0.0297554393617078,-1.32613585181237,-0.0125892346716483,-0.00648309598317738,-1.32613585181237
275.25,0.152745048559902,-0.0298741478272399,0.152733071026028,-0.0297437972670366,-1.32196834260005,-0.0126055442762139,-0.00652486844331199,-1.32196834260005
275.5,0.152875372575607,-0.0298618859510154,0.15286282639594,-0.0297315888933403,-1.3175976059503,-0.0126233442846936,-0.00655353716757359,-1.3175976059503
275.75,0.153005641848362,-0.0298490555475273,0.152992527261765,-0.0297188144730486,-1.31302360934948,-0.0126427500843656,-0.00656610149920208,-1.31302360934948
276,0.15313585389803,-0.0298356568610482,0.153122171154184,-0.0297054742493681,-1.30824637936694,-0.0126638218187252,-0.00655955734002659,-1.30824637936694
276.25,0.153266006245559,-0.0298216901466696,0.153251755604965,-0.0296915684762774,-1.30326600171996,-0.0126865643208841,-0.00653089806983826,-1.30326600171996
276.5,0.153396096413037,-0.0298071556702976,0.153381278147007,-0.0296770974185223,-1.29808262132507,-0.0127109270605317,-0.0064771154667648,-1.29808262132507
276.75,0.153526121923735,-0.0297920537086478,0.153510736314386,-0.0296620613516111,-1.29269644233575,-0.012736804104468,-0.00639520062847017,-1.29269644233575
277,0.153656080302154,-0.0297763845492397,0.153640127642407,-0.0296464605618086,-1.28710772816638,-0.0127640340907197,-0.00628214489397177,-1.28710772816638
277.25,0.153785969074075,-0.0297601484903914,0.153769449667645,-0.0296302953461315,-1.28131680150264,-0.0127924002162532,-0.00613494076590714,-1.28131680150264
277.5,0.153915785766602,-0.0297433458412143,0.153898699927994,-0.0296135660123422,-1.27532404429816,-0.0128216302382852,-0.00595058283302009,-1.27532404429816
277.75,0.154045527908212,-0.0297259769216065,0.154027875962717,-0.029596272878943,-1.26918233341873,-0.0128037453131855,-0.00560130503308309,-1.26918233341873
278,0.154175193028802,-0.0297080420622471,0.154156975312487,-0.0295784162751703,-1.26332871622915,-0.0123405477821938,-0.00407899468598977,-1.26332871622915
278.25,0.154304778659735,-0.0296895416045901,0.15428599551944,-0.0295599965409881,-1.25733213741373,-0.0118228083048873,-0.00243910583340937,-1.25733213741373
278.5,0.154434282333888,-0.0296704759008575,0.154414934127216,-0.0295410140270816,-1.25119518852858,-0.0112480593483803,-0.000679859550251135,-1.25119518852858
278.75,0.154563701585697,-0.0296508453140328,0.15454378868101,-0.0295214690948505,-1.24492049944292,-0.0106137988245176,0.00120048000672759,-1.24492049944292
279,0.154693033951207,-0.0296306502178541,0.154672556727618,-0.0295013621164021,-1.2385107376795,-0.00991749074699294,0.00320360499705806,-1.2385107376795
279.25,0.154822276968115,-0.029609890996807,0.154801235815481,-0.0294806934745442,-1.23196860774601,-0.00915656589742836,0.00533116330418744,-1.23196860774601
279.5,0.15495142817582,-0.0295885680461169,0.154929823494734,-0.0294594635627782,-1.22529685045764,-0.00832842250027682,0.00758475795272993,-1.22529685045764
279.75,0.155080485115471,-0.0295666817717423,0.155058317317255,-0.0294376727852908,-1.21866963714755,-0.00779641022772827,0.00435669528944534,-1.21866963714755
280,0.155209445330008,-0.0295442325903662,0.155186714836705,-0.029415321556947,-1.21182472375698,-0.00730410832571535,0.0010660957359882,-1.21182472375698
280.25,0.155338306364215,-0.0295212209293887,0.155315013608581,-0.0293924103032821,-1.20475871983492,-0.00684630577054892,-0.00219282921376877,-1.20475871983492
280.5,0.155467065764764,-0.0294976472269186,0.15544321119026,-0.0293689394604933,-1.19747187331594,-0.00642289787009113,-0.00541711917615806,-1.19747187331594
280.75,0.155595721080262,-0.0294735119317653,0.155571305141044,-0.0293449094754315,-1.18996448630763,-0.00603372930887556,-0.00860381349445189,-1.18996448630763
281,0.155724269861296,-0.0294488155034299,0.155699293022208,-0.0293203208055931,-1.18223691511559,-0.00567859412034005,-0.0117499520545452,-1.18223691511559
281.25,0.155852709660484,-0.0294235584120969,0.155827172397049,-0.0292951739191109,-1.1742895702565,-0.00535723567088307,-0.0148525761011602,-1.1742895702565
281.5,0.155981038032516,-0.0293977411386249,0.155954940830927,-0.0292694692947454,-1.16612291645931,-0.00506934665575583,-0.0179087290544102,-1.16612291645931
281.75,0.156109252534205,-0.0293713641745375,0.156082595891316,-0.0292432074218755,-1.15773747265448,-0.00481456910678885,-0.0209154573265514,-1.15773747265448
282,0.156237350724533,-0.0293444280220142,0.156210135147847,-0.0292163888004895,-1.14913381195139,-0.00459249441196299,-0.0238698111387583,-1.14913381195139
282.25,0.156365330164693,-0.0293169331938804,0.156337556172356,-0.0291890139411753,-1.14031256160379,-0.00440266334682449,-0.0267688453377605,-1.14031256160379
282.5,0.156493188418143,-0.029288880213598,0.156464856538931,-0.0291610833651106,-1.13028139314986,-0.00477740560815534,-0.0277995560410224,-1.13028139314986
282.75,0.156620923050645,-0.0292602696152554,0.156592033823956,-0.0291325976040535,-1.11921855453847,-0.00559988536602068,-0.0271809940683381,-1.11921855453847
283,0.156748531630316,-0.0292311019435571,0.15671908560616,-0.0291035572003318,-1.1080697944347,-0.00635702511581977,-0.0266073215165722,-1.1080697944347
283.25,0.156876011727672,-0.0292013777538135,0.156846009466659,-0.0290739627068328,-1.09683281224072,-0.00705132329685381,-0.0260778413315091,-1.09683281224072
283.5,0.157003360915677,-0.0291710976119303,0.156972802989006,-0.0290438146869931,-1.08613694854483,-0.00725428577768977,-0.0259359792626319,-1.08613694854483
283.75,0.157130576769785,-0.0291402620943978,0.157099463759235,-0.0290131137147875,-1.0753682750133,-0.00738770026208603,-0.0258604423026321,-1.0753682750133
284,0.15725765686799,-0.0291088717882799,0.157225989365908,-0.0289818603747183,-1.06444996051693,-0.00750484120833728,-0.025809020442593,-1.06444996051693
284.25,0.15738459879087,-0.0290769272912026,0.15735237740016,-0.028950055261804,-1.05338036051916,-0.00760755879178592,-0.0257796693624427,-1.05338036051916
284.5,0.157511400121633,-0.0290444292113432,0.157478625455744,-0.0289176989815681,-1.04215787172714,-0.00769766509889657,-0.0257703069030197,-1.04215787172714
284.75,0.157638058446166,-0.0290113781674183,0.157604731129079,-0.0288847921500276,-1.03078093272486,-0.00777693349020873,-0.025778813711357,-1.03078093272486
285,0.157764571353076,-0.028977774788672,0.157730692019296,-0.0288513353936811,-1.01924802459652,-0.00784709797288755,-0.0258030338955347,-1.01924802459652
285.25,0.157890936433739,-0.0289436197148644,0.157856505728281,-0.028817329349497,-1.00755767154016,-0.00790985258300007,-0.0258407756889083,-1.00755767154016
285.5,0.158017151282348,-0.0289089135962587,0.157982169860721,-0.0287827746649014,-0.995708441471382,-0.00796685077766452,-0.0258898121236605,-0.995708441471382
285.75,0.158143213495952,-0.0288736570936094,0.158107682024153,-0.0287476719977656,-0.983698946616964,-0.00801970483719142,-0.025947881713452,-0.983698946616964
286,0.15826912067451,-0.0288378508781496,0.158233039829006,-0.0287120220163938,-0.971527844098345,-0.00806998527735429,-0.0260126891450827,-0.971527844098345
286.25,0.15839487042093,-0.0288014956315779,0.158358240888649,-0.0286758253995104,-0.959193836504743,-0.00811922027191657,-0.0260819059790022,-0.959193836504743
286.5,0.158520460341118,-0.0287645920460458,0.158483282819433,-0.0286390828362467,-0.946695672455856,-0.00816889508553944,-0.0261531713585207,-0.946695672455856
286.75,0.158645888044023,-0.0287271408241444,0.158608163240741,-0.0286017950261281,-0.934032147154001,-0.00822045151719298,-0.0262240927275685,-0.934032147154001
287,0.158771151141682,-0.0286891426788911,0.158732879775029,-0.0285639626790608,-0.921202102925572,-0.0082752873541973,-0.0262922465568724,-0.921202102925572
287.25,0.158896247249267,-0.0286505983337156,0.158857430047874,-0.0285255865153182,-0.908204429751662,-0.00833475583701183,-0.0263551790783892,-0.908204429751662
287.5,0.159021173985128,-0.0286115085224468,0.158981811688019,-0.028486667265527,-0.895038065787784,-0.00840016513488751,-0.0264104070278314,-0.895038065787784
287.75,0.15914592897084,-0.0285718739892983,0.159106022327417,-0.0284472056706538,-0.881701997872557,-0.00847277783249662,-0.0264554183951331,-0.881701997872557
288,0.159270509831248,-0.0285316954888546,0.159230059601275,-0.0284072024819904,-0.868195262025227,-0.00855381042766703,-0.0264876731827423,-0.868195262025227
288.25,0.159394914194512,-0.0284909737860563,0.159353921148103,-0.0283666584611398,-0.854516943931913,-0.00864443284031243,-0.0265046041715112,-0.854516943931913
288.5,0.159519139692153,-0.028449709656186,0.159477604609756,-0.0283255743800018,-0.840666179420504,-0.00874576793268269,-0.0265036176940819,-0.840666179420504
288.75,0.159643183959095,-0.0284079038848532,0.159601107631479,-0.028283951020758,-0.826642154924065,-0.00885889104103331,-0.0264820944155759,-0.826642154924065
289,0.159767044633715,-0.0283655572679795,0.159724427861953,-0.0282417891758572,-0.812444107932645,-0.0089848295188254,-0.0264373901214473,-0.812444107932645
289.25,0.159890719357884,-0.0283226706117835,0.159847562953337,-0.0281990896480002,-0.798071327433407,-0.00912456229155478,-0.0263668365123241,-0.798071327433407
289.5,0.160014205777013,-0.0282792447327654,0.159970510561318,-0.0281558532501243,-0.783523154338974,-0.00927901942330917,-0.0262677420056674,-0.783523154338974
289.75,0.1601375015401,-0.0282352804576911,0.16009326834515,-0.0281120808053884,-0.768798981903894,-0.00944908169515045,-0.0261373925440818,-0.768798981903894
290,0.16026060429977,-0.0281907786235773,0.160215833967701,-0.0280677731471567,-0.753898256129087,-0.00963558019543206,-0.0259730524101461,-0.753898256129087
290.25,0.160383511712325,-0.0281457400776745,0.1603382050955,-0.028022931118983,-0.738820476154265,-0.00983929592212151,-0.0257719650475333,-0.738820476154265
290.5,0.160506221437784,-0.0281001656774519,0.160460379398776,-0.0279775555745951,-0.723565194638147,-0.0100609593972388,-0.0255313538882991,-0.723565194638147
290.75,0.160628731139931,-0.0280540562905804,0.160582354551506,-0.0279316473778777,-0.708194602763885,-0.0102624248069677,-0.0253036319794011,-0.708194602763885
291,0.160751038486359,-0.0280074127949161,0.16070412823146,-0.0278852074028569,-0.693209642319416,-0.0101353795613424,-0.0255378089370761,-0.693209642319416
291.25,0.160873141148511,-0.027960236078484,0.160825698120242,-0.0278382365336828,-0.678076378017231,-0.0100134009193246,-0.0257692905237877,-0.678076378017231
291.5,0.160995036801729,-0.0279125270394607,0.160947061903337,-0.0277907356646131,-0.662793494560372,-0.00989809461571669,-0.0259959299982124,-0.662793494560372
291.75,0.161116723125295,-0.0278642865861577,0.161068217270153,-0.0277427056999958,-0.647359718422483,-0.00979102733620413,-0.0262155456562689,-0.647359718422483
292,0.161238197802477,-0.0278155156370036,0.161189161914066,-0.0276941475542522,-0.63177381845155,-0.00969372610806553,-0.0264259214794479,-0.63177381845155
292.25,0.161359458520573,-0.027766215120527,0.161309893532466,-0.0276450621518594,-0.616034606463969,-0.00960767770044425,-0.0266248077923438,-0.616034606463969
292.5,0.161480502970953,-0.0277163859753386,0.161430409826796,-0.0275954504273328,-0.600140937828886,-0.00953432803433824,-0.0268099219293676,-0.600140937828886
292.75,0.161601328849105,-0.0276660291501136,0.161550708502599,-0.027545313325208,-0.584091712042642,-0.00947508160242485,-0.0269789489104324,-0.584091712042642
293,0.161721933854678,-0.0276151456035732,0.161670787269562,-0.0274946518000232,-0.567885873293185,-0.00943130089884659,-0.0271295421254687,-0.567885873293185
293.25,0.161842315691528,-0.0275637363044669,0.161790643841559,-0.0274434668163008,-0.551522411014337,-0.00940430585910429,-0.0272593240276985,-0.551522411014337
293.5,0.161962472067757,-0.0275118022315537,0.161910275936692,-0.0273917593485292,-0.53500036042983,-0.00939537331015669,-0.0273658868354275,-0.53500036042983
293.75,0.162082400695762,-0.0274593443735834,0.162029681277341,-0.0273395303811439,-0.518318803086886,-0.00940573643086786,-0.0274467932422802,-0.518318803086886
294,0.162202099292274,-0.027406363729278,0.162148857590198,-0.0272867809085093,-0.501476867379331,-0.0094365842229175,-0.0274995771357075,-0.501476867379331
294.25,0.162321565578404,-0.0273528613073127,0.162267802606318,-0.0272335119348992,-0.484473729060057,-0.00948906099229763,-0.0275217443236318,-0.484473729060057
294.5,0.162440797279687,-0.0272988381262963,0.162386514061161,-0.0271797244744781,-0.467308611742731,-0.00956426584150204,-0.0275107732690476,-0.467308611742731
294.75,0.162559792126123,-0.0272442952147524,0.162504989694631,-0.0271254195512818,-0.449980787392649,-0.00966325217253336,-0.027464115832457,-0.449980787392649
295,0.162678547852221,-0.0271892336110995,0.162623227251123,-0.0270705981991976,-0.432489576806599,-0.00978702720084132,-0.0273791980219872,-0.432489576806599
295.25,0.162797062197044,-0.027133654363631,0.162741224479564,-0.0270152614619452,-0.414834350081654,-0.00993655148029845,-0.027253420751022,-0.414834350081654
295.5,0.162915332904249,-0.0270775585304958,0.162858979133456,-0.0269594103930562,-0.397014527072743,-0.0101127384393138,-0.0270841606031693,-0.397014527072743
295.75,0.163033357722132,-0.0270209471796776,0.162976488970922,-0.0269030460558544,-0.378930703406886,-0.00998285216144671,-0.0250264423364667,-0.378930703406886
296,0.163151134403672,-0.026963821388975,0.163093751754743,-0.0268461695234357,-0.360618896634832,-0.00944999358423285,-0.0208202395992084,-0.360618896634832
296.25,0.16326866070657,-0.0269061822459807,0.163210765252405,-0.0267887818786472,-0.342204672546391,-0.00884912601616387,-0.0164254101597953,-0.342204672546391
296.5,0.163385934393294,-0.0268480308480608,0.163327527236139,-0.0267308842140668,-0.323691313077183,-0.00817732954155216,-0.0118405384301185,-0.323691313077183
296.75,0.163502953231123,-0.0267893683023341,0.163444035482967,-0.0266724776319828,-0.305082133046765,-0.00743165459855029,-0.00706425505895466,-0.305082133046765
297,0.163619714992186,-0.026730195725651,0.163560287774737,-0.0266135632443723,-0.290451212016105,-0.00285484755997006,-0.000459476670131438,-0.290451212016105
297.25,0.163736217453509,-0.0266705142445721,0.163676281898175,-0.0265541421728801,-0.287172181444706,0.00478479311608658,-0.00213170190255885,-0.287172181444706
297.5,0.163852458397051,-0.0266103249953467,0.16379201564492,-0.026494215548798,-0.28514752422329,0.0114256454153727,-0.00714205630642588,-0.28514752422329
297.75,0.163968435609753,-0.0265496291238913,0.163907486811568,-0.0264337845130424,-0.283019015646393,0.0180419432396035,-0.0122212523232179,-0.283019015646393
298,0.164084146883577,-0.0264884277857678,0.164022693199713,-0.0263728502161332,-0.275099613341841,0.0222616705983224,-0.0163103810037026,-0.275099613341841
298.25,0.164199590015545,-0.0264267221461616,0.164137632615994,-0.0263114138181715,-0.253880417640676,0.0209769058624516,-0.017851929281104,-0.253880417640676
298.5,0.164314762807788,-0.026364513379859,0.164252302872129,-0.0262494764888178,-0.232761918019802,0.0197877329433178,-0.0192556456396853,-0.232761918019802
298.75,0.164429663067582,-0.0263018026712252,0.164366701784961,-0.0261870394072696,-0.211745549190614,0.0186952071266582,-0.0205243441960132,-0.211745549190614
299,0.16454428860739,-0.0262385912141819,0.1644808271765,-0.0261241037622388,-0.190832693496646,0.0177003314347581,-0.0216608482346953,-0.190832693496646
299.25,0.164658637244909,-0.0261748802121839,0.164594676873964,-0.0260606707519295,-0.170024680863991,0.0168040565840838,-0.0226679893795517,-0.170024680863991
299.5,0.164772706803104,-0.026110670878197,0.164708248709818,-0.0259967415840147,-0.149322788763852,0.0160072809550443,-0.0235486067648979,-0.149322788763852
299.75,0.164886495110256,-0.0260459644346743,0.164821540521817,-0.0259323174756137,-0.12872824218719,0.0153108505738858,-0.0243055462071216,-0.12872824218719
300,0.165,-0.0259807621135332,0.16493455015305,-0.0258673996532685,-0.108242213631553,0.0147155591067091,-0.0249416593767184,-0.108242213631553
300.25,0.165113219311366,-0.0259150651561319,0.165047275451976,-0.025801989352921,-0.0878658231000103,0.0142221478656066,-0.0254598029709661,-0.0878658231000103
300.5,0.165226150888821,-0.0258488748132458,0.165159714272467,-0.025736087819889,-0.0676001381120919,0.0138313058268569,-0.0258628378873807,-0.0676001381120919
300.75,0.165338792582312,-0.0257821923450436,0.165271864473851,-0.0256696963088427,-0.0474461737269369,0.013543669661231,-0.0261536283981601,-0.0474461737269369
301,0.165451142247302,-0.0257150190210634,0.165383723920949,-0.0256028160837807,-0.0274048925784057,0.013359823776337,-0.0263350413257613,-0.0274048925784057
301.25,0.165563197744816,-0.0256473561201884,0.165495290484119,-0.0255354484180062,-0.00747720492225466,0.013280300370988,-0.0264099452197774,-0.00747720492225466
301.5,0.165674956941478,-0.0255792049306228,0.165606562039294,-0.0254675945941023,0.0123360313046849,0.0133055795015886,-0.026381209535298,0.0123360313046849
301.75,0.165786417709556,-0.0255105667498669,0.165717536468024,-0.0253992559039081,0.032034010413291,0.0134360891605064,-0.0262517038129188,0.032034010413291
302,0.165897577926996,-0.0254414428846928,0.165828211657517,-0.0253304336484938,0.051615978879113,0.0136722053663633,-0.02602429686054,0.051615978879113
302.25,0.166008435477468,-0.0253718346511192,0.165938585500675,-0.0252611291381358,0.0710812352472577,0.0140142522662876,-0.0257018559371732,0.0710812352472577
302.5,0.166118988250405,-0.0253017433743866,0.16604865589614,-0.0251913436922921,0.0904291300254672,0.0144625022500221,-0.0252872459388745,0.0904291300254672
302.75,0.16622923414104,-0.0252311703889318,0.16615842074833,-0.0251210786395771,0.109659065565367,0.0150171760758843,-0.0247833285869897,0.109659065565367
303,0.166339171050451,-0.0251601170383627,0.166267877967482,-0.0250503353177361,0.128770495931868,0.0156784430085308,-0.0241929616188726,0.128770495931868
303.25,0.166448796885597,-0.0250885846754328,0.166377025469686,-0.0249791150736199,0.14776292676074,0.01644642096853,-0.0235189979812754,0.14776292676074
303.5,0.166558109559362,-0.025016574662015,0.166485861176933,-0.0249074192631593,0.166635915104562,0.0173211766935989,-0.0227642850264982,0.166635915104562
303.75,0.166667106990588,-0.0249440883690764,0.166594383017146,-0.0248352492513392,0.185389069266923,0.0183027259115673,-0.0219316637115425,0.185389069266923
304,0.166775787104122,-0.0248711271766513,0.166702588924227,-0.0247626064121726,0.204022048625017,0.019391033524951,-0.0210239678003796,0.204022048625017
304.25,0.166884147830852,-0.0247976924738157,0.166810476838092,-0.0246894921286744,0.222534563440559,0.0205860138071407,-0.020044023069542,0.222534563440559
304.5,0.166992187107745,-0.0247237856586605,0.166918044704709,-0.0246159077928352,0.240926374659332,0.0218875306100618,-0.0189946465171189,0.240926374659332
304.75,0.167099902877889,-0.0246494081382649,0.167025290476141,-0.0245418548055948,0.259197293699082,0.0232953975833877,-0.0178786455754333,0.259197293699082
305,0.167207293090531,-0.0245745613286698,0.167132212110585,-0.0244673345768151,0.277532771260765,0.0247112211548899,-0.016832522602974,0.277532771260765
305.25,0.167314355701117,-0.0244992466548504,0.167238807572406,-0.024392348525254,0.30189949033522,0.0229598030007313,-0.0200850953789823,0.30189949033522
305.5,0.167421088671328,-0.0244234655506896,0.167345074832179,-0.0243168980785378,0.326166953018027,0.0212658422997901,-0.0231551222484027,0.326166953018027
305.75,0.167527489969123,-0.0243472194589504,0.16745101186673,-0.0242409846731343,0.350332909576348,0.0196311590179633,-0.0260453970850897,0.350332909576348
306,0.167633557568774,-0.0242705098312484,0.16755661665917,-0.0241646097543252,0.374395165783863,0.018057518418606,-0.0287587351201381,0.374395165783863
306.25,0.167739289450907,-0.0241933381280245,0.167661887198937,-0.0240877747761789,0.398351583146544,0.0165466308449202,-0.031297972045317,0.398351583146544
306.5,0.16784468360254,-0.0241157058185165,0.16776682148183,-0.0240104812015227,0.422200079115088,0.0151001515156771,-0.0336659631141915,0.422200079115088
306.75,0.16794973801712,-0.0240376143807318,0.167871417510052,-0.0239327305019147,0.445938627284004,0.0137196803342621,-0.035865582241109,0.445938627284004
307,0.168054450694561,-0.0239590653014188,0.167975673292247,-0.0238545241576163,0.469565257577325,0.0124067617110866,-0.0378997210982473,0.469565257577325
307.25,0.168158819641287,-0.0238800600760387,0.168079586843533,-0.0237758636575634,0.493078056420896,0.011162884399397,-0.0397712882109157,0.493078056420896
307.5,0.168262842870262,-0.0238006002087371,0.168183156185546,-0.0236967504993387,0.516475166901281,0.00998948134446628,-0.0414832080512901,0.516475166901281
307.75,0.168366518401033,-0.0237206872123153,0.168286379346477,-0.0236171861891427,0.539711537472002,0.00890971186593883,-0.0429969765827516,0.539711537472002
308,0.16846984425977,-0.0236403226082017,0.168389254361104,-0.023537172241765,0.561439976275319,0.00860854429470232,-0.0430476715676665,0.561439976275319
308.25,0.168572818479295,-0.0235595079264223,0.168491779270835,-0.0234567101805559,0.583161380143177,0.0083350084241442,-0.0430942134313825,0.583161380143177
308.5,0.168675439099129,-0.0234782447055724,0.168593952123745,-0.0233758015373971,0.604877725536612,0.00808671945674177,-0.0431371777115497,0.604877725536612
308.75,0.168777704165522,-0.0233965344927864,0.168695770974608,-0.0232944478526726,0.626590999909624,0.00786128121765117,-0.0431770874361946,0.626590999909624
309,0.168879611731495,-0.0233143788437091,0.168797233884942,-0.0232126506752391,0.648303200796648,0.00765628707500599,-0.0432144129454123,0.648303200796648
309.25,0.168981159856875,-0.0232317793224656,0.168898338923038,-0.0231304115623971,0.670016334897471,0.00746932086280385,-0.0432495717271619,0.670016334897471
309.5,0.169082346608333,-0.0231487375016316,0.168999084164002,-0.0230477320798608,0.691732417159775,0.00729795780616213,-0.0432829282671318,0.691732417159775
309.75,0.169183170059418,-0.0230652549622038,0.169099467689791,-0.0229646138017282,0.713453469859469,0.00713976544876457,-0.0433147939128153,0.713453469859469
310,0.169283628290596,-0.0229813332935693,0.169199487589246,-0.0228810583104516,0.735181521679118,0.00699230458227358,-0.0433454267517372,0.735181521679118
310.25,0.169383719389289,-0.0228969740934759,0.169299141958132,-0.0227970671968071,0.756918606784547,0.00685313017751673,-0.0433750315039141,0.756918606784547
310.5,0.169483441449906,-0.0228121789680009,0.169398428899175,-0.0227126420598645,0.778666763899944,0.00671979231722971,-0.0434037594285148,0.778666763899944
310.75,0.169582792573882,-0.0227269495315215,0.169497346522094,-0.0226277845069566,0.800428035381533,0.00658983713017279,-0.0434317082448447,0.800428035381533
311,0.169681770869715,-0.0226412874066832,0.16959589294364,-0.0225424961536489,0.8222044662902,0.00646080772638252,-0.0434589220675193,0.8222044662902
311.25,0.169780374453002,-0.0225551942243693,0.169694066287631,-0.0224567786237088,0.843998103463105,0.00633024513338411,-0.0434853913559811,0.843998103463105
311.5,0.169878601446472,-0.0224686716236701,0.169791864684989,-0.0223706335490744,0.865810994584566,0.006195689233146,-0.0435110528783364,0.865810994584566
311.75,0.169976449980025,-0.022381721251851,0.169889286273772,-0.0222840625698239,0.887645187256423,0.00605467969956423,-0.0435357896894562,0.887645187256423
312,0.170073918190766,-0.0222943447643218,0.169986329199215,-0.0221970673341438,0.909502728068108,0.00590475693627821,-0.0435594311234133,0.909502728068108
312.25,0.17017100422304,-0.022206543824605,0.170082991613759,-0.022109649498298,0.931385661666538,0.00574346301461548,-0.0435817528002708,0.931385661666538
312.5,0.17026770622847,-0.0221183201043037,0.170179271677091,-0.0220218107265962,0.953296029826123,0.00556834261144873,-0.0436024766471664,0.953296029826123
312.75,0.170364022365988,-0.0220296752830706,0.170275167556179,-0.0219335526913619,0.975235870519102,0.00537694394676358,-0.0436212709337141,0.975235870519102
313,0.170459950801875,-0.0219406110485751,0.170370677425303,-0.0218448770729009,0.997207216986296,0.00516681972073954,-0.0436377503217863,0.997207216986296
313.25,0.170555489709791,-0.021851129096472,0.170465799466092,-0.0217557855594691,1.01921209680868,0.00493552805011577,-0.0436514759295027,1.01921209680868
313.5,0.170650637270813,-0.0217612311303686,0.17056053186756,-0.0216662798472405,1.03947495959331,0.00570787022039246,-0.0424691739095721,1.03947495959331
313.75,0.170745391673468,-0.0216709188617927,0.170654872826139,-0.021576361640275,1.05954375371978,0.0065972990690947,-0.0411683812460269,1.05954375371978
314,0.17083975111377,-0.0215801940101596,0.170748820545712,-0.0214860326504854,1.07946866906049,0.00757469482897903,-0.0397865959105495,1.07946866906049
314.25,0.17093371379525,-0.0214890583027396,0.170842373237651,-0.0213952945976057,1.09924938956292,0.00863997560266703,-0.0383268298527623,1.09924938956292
314.5,0.171027277928995,-0.0213975134746255,0.170935529120847,-0.0213041492091574,1.11888565485099,0.00979300488841409,-0.0367920857269483,1.11888565485099
314.75,0.171120441733679,-0.0213055612686986,0.171028286421747,-0.0212125982204175,1.13837725999928,0.011033591813467,-0.0351853560223983,1.13837725999928
315,0.171213203435596,-0.0212132034355964,0.171120643374385,-0.0211206433743848,1.15772405529438,0.012361491380166,-0.0335096221978315,1.15772405529438
315.25,0.171305561268699,-0.0211204417336791,0.171212598220418,-0.021028286421747,1.17692594598376,0.0137764047246447,-0.0317678538199917,1.17692594598376
315.5,0.171397513474625,-0.0210272779289955,0.171304149209157,-0.0209355291208473,1.195982892012,0.0152779793881133,-0.0299630077066394,1.195982892012
315.75,0.17148905830274,-0.0209337137952504,0.171395294597606,-0.0208423732376511,1.21489490774441,0.0168658096006496,-0.0280980270741134,1.21489490774441
316,0.17158019401016,-0.0208397511137699,0.171486032650485,-0.0207488205457121,1.23366206167831,0.0185394365774222,-0.0261758406896211,1.23366206167831
316.25,0.171670918861793,-0.0207453916734681,0.171576361640275,-0.0206548728261386,1.25228447614184,0.0202983488272813,-0.0241993620284513,1.25228447614184
316.5,0.171761231130369,-0.0206506372708126,0.171666279847241,-0.0205605318675599,1.27076232698053,0.0221419824736154,-0.0221714884362522,1.27076232698053
316.75,0.171851129096472,-0.0205554897097908,0.171755785559469,-0.0204657994660919,1.2890958432316,0.0240697215874483,-0.0200951002965864,1.2890958432316
317,0.171940611048575,-0.0204599508018749,0.171844877072901,-0.0203706774253028,1.30728530678605,0.0260808985326602,-0.0179730602039144,1.30728530678605
317.25,0.172029675283071,-0.0203640223659882,0.171933552691362,-0.0202751675561792,1.32748966021384,0.0269826879788871,-0.0178849073910493,1.32748966021384
317.5,0.172118320104304,-0.0202677062284698,0.172021810726596,-0.0201792716770914,1.35129542382469,0.0258684190716544,-0.0212406208421619,1.35129542382469
317.75,0.172206543824605,-0.02017100422304,0.172109649498298,-0.0200829916137586,1.37498441038309,0.024778020858728,-0.0244127017336976,1.37498441038309
318,0.172294344764322,-0.0200739181907657,0.172197067334144,-0.0199863291992145,1.39855421804837,0.0237134649362283,-0.0274040176569386,1.39855421804837
318.25,0.172381721251851,-0.019976449980025,0.172284062569824,-0.0198892862737722,1.42200250454774,0.0226766651093958,-0.0302174609849728,1.42200250454774
318.5,0.17246867162367,-0.0198786014464721,0.172370633549074,-0.019791864684989,1.44532698746021,0.0216694771168362,-0.0328559479018211,1.44532698746021
318.75,0.172555194224369,-0.0197803744530021,0.172456778623709,-0.0196940662876315,1.46852544448581,0.0206936983693656,-0.03532241742837,1.46852544448581
319,0.172641287406683,-0.0196817708697152,0.172542496153649,-0.0195958929436403,1.49159571370039,0.0197510677033784,-0.0376198304453186,1.49159571370039
319.25,0.172726949531521,-0.0195827925738817,0.172627784506957,-0.0194973465220943,1.51453569379562,0.0188432651488787,-0.0397511687133459,1.51453569379562
319.5,0.172812178968001,-0.0194834414499055,0.172712642059864,-0.0193984288991754,1.53628259975078,0.0184948966082399,-0.04011003822549,1.53628259975078
319.75,0.172896974093476,-0.0193837193892889,0.172797067196807,-0.0192991419581325,1.55782270102292,0.0182347853706755,-0.0402564995315268,1.55782270102292
320,0.172981333293569,-0.0192836282905962,0.172881058310452,-0.0191994875892458,1.57928147137579,0.0180007304995268,-0.0403837778898909,1.57928147137579
320.25,0.173065254962204,-0.0191831700594176,0.172964613801728,-0.0190994676897908,1.60066048159823,0.0177907571179513,-0.0404936689461661,1.60066048159823
320.5,0.173148737501632,-0.0190823466083329,0.173047732079861,-0.0189990841640024,1.62196133849763,0.0176028553906442,-0.0405879232180841,1.62196133849763
320.75,0.173231779322466,-0.0189811598568755,0.173130411562397,-0.018898338923038,1.64318568410151,0.0174349813298175,-0.0406682455181458,1.64318568410151
321,0.173314378843709,-0.0188796117314951,0.173212650675239,-0.0187972338849419,1.66433519485085,0.0172850576096447,-0.0407362943885564,1.66433519485085
321.25,0.173396534492786,-0.0187777041655218,0.173294447852673,-0.0186957709746083,1.68541158078477,0.0171509743891372,-0.0407936815488609,1.68541158078477
321.5,0.173478244705572,-0.0186754390991286,0.173375801537397,-0.0185939521237447,1.70641658471715,0.0170305901431558,-0.0408419713561855,1.70641658471715
321.75,0.173559507926422,-0.018572818479295,0.173456710180556,-0.0184917792708353,1.72735198140521,0.0169217325014269,-0.0408826802783006,1.72735198140521
322,0.173640322608202,-0.0184698442597698,0.173537172241765,-0.0183892543611039,1.74821957671025,0.0168221990953746,-0.0409172763796141,1.74821957671025
322.25,0.173720687212315,-0.0183665184010335,0.173617186189143,-0.0182863793464769,1.76902120675071,0.0167297584125763,-0.0409471788201957,1.76902120675071
322.5,0.173800600208737,-0.0182628428702616,0.173696750499339,-0.0181831561855465,1.78975873704791,0.016642150658627,-0.0409737573678798,1.78975873704791
322.75,0.173880060076039,-0.0181588196412868,0.173775863657563,-0.0180795868435328,1.81043406166431,0.0165570886262874,-0.0409983319236954,1.81043406166431
323,0.173959065301419,-0.0180544506945614,0.173854524157616,-0.0179756732922467,1.8310491023349,0.0164722585716479,-0.041022172060559,1.8310491023349
323.25,0.174037614380732,-0.0179497380171198,0.173932730501915,-0.0178714175100525,1.85160580759162,0.0163853210971662,-0.041046496575436,1.85160580759162
323.5,0.174115705818517,-0.0178446836025402,0.174010481201523,-0.01776682148183,1.87210615188106,0.0162939120413711,-0.0410724730550494,1.87210615188106
323.75,0.174193338128024,-0.0177392894509075,0.174087774776179,-0.0176618871989368,1.89255213467574,0.0161956433750319,-0.0411012174552022,1.89255213467574
324,0.174270509831248,-0.0176335575687742,0.174164609754325,-0.0175566166591704,1.91294577957907,0.0160881041036014,-0.0411337936938335,1.91294577957907
324.25,0.17434721945895,-0.017527489969123,0.174240984673134,-0.0174510118667302,1.93328913342418,0.0159688611757303,-0.0411712132578757,1.93328913342418
324.5,0.17442346555069,-0.0174210886713282,0.174316898078538,-0.017345074832179,1.95358426536692,0.0158354603976555,-0.0412144348240027,1.95358426536692
324.75,0.17449924665485,-0.017314355701117,0.174392348525254,-0.0172388075724055,1.97383326597309,0.0156854273532728,-0.0412643638933917,1.97383326597309
325,0.17457456132867,-0.0172072930905314,0.174467334576815,-0.017132212110585,1.99403824630023,0.0155162683296711,-0.0413218524405075,1.99403824630023
325.25,0.174649408138265,-0.0170999028778891,0.174541854805595,-0.0170252904761415,2.01420133697411,0.0153254712479321,-0.0413876985760187,2.01420133697411
325.5,0.17472378565866,-0.016992187107745,0.174615907792835,-0.0169180447047087,2.03432468726008,0.015110506599019,-0.0414626462239835,2.03432468726008
325.75,0.174797692473816,-0.0168841478308521,0.174689492128674,-0.0168104768380916,2.05441046412962,0.0148688283844962,-0.0415473848132396,2.05441046412962
326,0.174871127176651,-0.0167757871041224,0.174762606412173,-0.0167025889242273,2.07446085132211,0.0145978750619377,-0.0416425489832374,2.07446085132211
326.25,0.174944088369076,-0.0166671069905881,0.174835249251339,-0.0165943830171461,2.09447804840224,0.0142950704947486,-0.0417487183041933,2.09447804840224
326.5,0.175016574662015,-0.0165581095593617,0.174907419263159,-0.0164858611769325,2.11446426981308,0.0139578249062549,-0.0418664170117956,2.11446426981308
326.75,0.175088584675433,-0.0164487968855974,0.17497911507362,-0.0163770254696861,2.13425140829846,0.0136901934969848,-0.0418350874108421,2.13425140829846
327,0.175160117038363,-0.0163391710504508,0.175050335317736,-0.0162678779674816,2.15244723655627,0.0143685318022559,-0.0403650467493989,2.15244723655627
327.25,0.175231170388932,-0.0162292341410398,0.175121078639577,-0.0161584207483303,2.17047820220193,0.0151037925271188,-0.0388294422252876,2.17047820220193
327.5,0.175301743374387,-0.0161189882504047,0.175191343692292,-0.0160486558961398,2.1883442422789,0.0158956813462393,-0.0372313890691079,2.1883442422789
327.75,0.175371834651119,-0.0160084354774683,0.175261129138136,-0.0159385855006746,2.20604535383783,0.0167438459888831,-0.0355739899145163,2.20604535383783
328,0.175441442884693,-0.0158975779269962,0.175330433648494,-0.0158282116575166,2.22358159366475,0.0176478765175288,-0.0338603338523668,2.22358159366475
328.25,0.175510566749867,-0.0157864177095561,0.175399255903908,-0.0157175364680244,2.24095307799523,0.0186073056204513,-0.0320934954895317,2.24095307799523
328.5,0.175579204930623,-0.0156749569414785,0.175467594594102,-0.0156065620392942,2.25815998221464,0.0196216089181304,-0.0302765340125548,2.25815998221464
328.75,0.175647356120188,-0.0155631977448157,0.175535448418006,-0.0154952904841192,2.2752025405445,0.0206902052834846,-0.0284124922563704,2.2752025405445
329,0.175715019021063,-0.0154511422473016,0.175602816083781,-0.0153837239209493,2.29208104571528,0.0218124571757907,-0.0265043957782464,2.29208104571528
329.25,0.175782192345044,-0.0153387925823116,0.175669696308843,-0.0152718644738511,2.30879584862535,0.0229876709882167,-0.0245552519371535,2.30879584862535
329.5,0.175848874813246,-0.0152261508888211,0.175736087819889,-0.0151597142724673,2.32534735798634,0.024215097408965,-0.0225680489787977,2.32534735798634
329.75,0.175915065156132,-0.0151132193113658,0.175801989352921,-0.015047275451976,2.3417360399552,0.0254939317958158,-0.0205457551264181,2.3417360399552
330,0.175980762113533,-0.015,0.175867399653269,-0.0149345501530502,2.35796241775254,0.0268233145641013,-0.018491317677642,2.35796241775254
330.25,0.176045964434674,-0.0148864951102563,0.175932317475614,-0.0148215405218173,2.37402707126786,0.0282023315879379,-0.0164076621074967,2.37402707126786
330.5,0.176110670878197,-0.014772706803104,0.175996741584015,-0.0147082487098175,2.38997664906733,0.0296015693883586,-0.0143504813757995,2.38997664906733
330.75,0.176174880212184,-0.0146586372449087,0.176060670751929,-0.0145946768739639,2.40857138292306,0.0293031046985921,-0.0154354483423105,2.40857138292306
331,0.176238591214182,-0.0145442886073901,0.176124103762239,-0.0144808271765003,2.42700960408832,0.0290282845727796,-0.0164005058104728,2.42700960408832
331.25,0.176301802671225,-0.0144296630675816,0.17618703940727,-0.014366701784961,2.44528999345238,0.0287780823167082,-0.0172488246177283,2.44528999345238
331.5,0.176364513379859,-0.0143147628077883,0.176249476488818,-0.0142523028721288,2.46341129675426,0.0285534089225753,-0.017983584970115,2.46341129675426
331.75,0.176426722146162,-0.0141995900155453,0.176311413818172,-0.0141376326159942,2.48137232464836,0.0283551130099512,-0.0186079753970995,2.48137232464836
332,0.176488427785768,-0.0140841468835767,0.176372850216133,-0.0140226931997135,2.49917195275428,0.0281839807824181,-0.0191251917062175,2.49917195275428
332.25,0.176549629123891,-0.0139684356097533,0.176433784513042,-0.0139074868115676,2.51680912169105,0.0280407359997855,-0.0195384359377264,2.51680912169105
332.5,0.176610324995347,-0.013852458397051,0.176494215548798,-0.01379201564492,2.5342828370958,0.0279260399658521,-0.0198509153194857,2.5342828370958
332.75,0.176670514244572,-0.0137362174535087,0.17655414217288,-0.0136762818981753,2.55159216962657,0.0278404915318291,-0.0200658412223135,2.55159216962657
333,0.176730195725651,-0.0136197149921864,0.176613563244372,-0.0135602877747372,2.56873625494983,0.0277846271152694,-0.0201864281160142,2.56873625494983
333.25,0.176789368302334,-0.013502953231123,0.176672477631983,-0.0134440354829666,2.58571429371207,0.0277589207345621,-0.0202158925263041,2.58571429371207
333.5,0.176848030848061,-0.0133859343932943,0.176730884214067,-0.0133275272361396,2.60252555149604,0.027763784058979,-0.0201574519928672,2.60252555149604
333.75,0.176906182245981,-0.01326866070657,0.176788781878647,-0.0132107652524051,2.61916935876138,0.0277995664742019,-0.020014324028748,2.61916935876138
334,0.176963821388975,-0.0131511344036723,0.176846169523436,-0.0130937517547432,2.63564511076958,0.0278665551633867,-0.0197897250813193,2.63564511076958
334.25,0.177020947179678,-0.0130333577221325,0.176903046055854,-0.0129764889709222,2.6519522674936,0.0279649752036194,-0.0194868694950132,2.6519522674936
334.5,0.177077558530496,-0.0129153329042489,0.176959410393056,-0.0128589791334563,2.66809035351196,0.0280949896778639,-0.0191089684760747,2.66809035351196
334.75,0.177133654363631,-0.0127970621970437,0.177015261461945,-0.0127412244795635,2.68405895788734,0.028256699802253,-0.0186592290595216,2.68405895788734
335,0.177189233611099,-0.012678547852221,0.177070598199198,-0.0126232272511228,2.69985773402978,0.0284501450687922,-0.018140853078559,2.69985773402978
335.25,0.177244295214752,-0.0125597921261228,0.177125419551282,-0.0125049896946311,2.71548639954465,0.0286753034032984,-0.0175570361366262,2.71548639954465
335.5,0.177298838126296,-0.0124407972796872,0.177179724474478,-0.0123865140611613,2.73094473606501,0.0289320913387364,-0.0169109665823618,2.73094473606501
335.75,0.177352861307313,-0.0123215655784043,0.177233511934899,-0.0122678026063184,2.74623258906904,0.0292203642036335,-0.0162058244876014,2.74623258906904
336,0.177406363729278,-0.012202099292274,0.177286780908509,-0.0121488575901976,2.76134986768188,0.0295399163258329,-0.0154447806287483,2.76134986768188
336.25,0.177459344373583,-0.0120824006957621,0.177339530381144,-0.0120296812773406,2.77629654446264,0.0298904812512364,-0.0146309954716091,2.77629654446264
336.5,0.177511802231554,-0.0119624720677574,0.177391759348529,-0.0119102759366923,2.79107265517604,0.0302717319776979,-0.0137676181599933,2.79107265517604
336.75,0.177563736304467,-0.011842315691528,0.177443466816301,-0.0117906438415586,2.80567829854904,0.0306832812039376,-0.0128577855082749,2.80567829854904
337,0.177615145603573,-0.0117219338546782,0.177494651800023,-0.011670787269562,2.82108984980278,0.0307308709328987,-0.015310602020699,2.82108984980278
337.25,0.177666029150114,-0.0116013288491046,0.177545313325208,-0.0115507085025988,2.83667691005231,0.0304667871879247,-0.017383649868334,2.83667691005231
337.5,0.177716385975339,-0.0114805029709527,0.177595450427333,-0.0114304098267957,2.85212398567375,0.0301743208733095,-0.0192099850219521,2.85212398567375
337.75,0.177766215120527,-0.011359458520573,0.177645062151859,-0.0113098935324661,2.86736705366626,0.0299022909643664,-0.0207299989862423,2.86736705366626
338,0.177815515637004,-0.0112381978024774,0.177694147554252,-0.0111891619140665,2.88212287947607,0.0297814599989009,-0.0209576465041088,2.88212287947607
338.25,0.177864286586158,-0.0111167231252951,0.177742705699996,-0.0110682172701529,2.89671694156666,0.0296768731907285,-0.0211415321697909,2.89671694156666
338.5,0.177912527039461,-0.0109950368017289,0.177790735664613,-0.0109470619033369,2.91114952526973,0.0295879693494216,-0.0212847319357511,2.91114952526973
338.75,0.177960236078484,-0.0108731411485111,0.177838236533683,-0.0108256981202422,2.92542097898442,0.0295141269928521,-0.021390304985536,2.92542097898442
339,0.178007412794916,-0.010751038486359,0.177885207402857,-0.0107041282314601,2.93953171384867,0.0294546646810254,-0.0214612927199351,2.93953171384867
339.25,0.17805405629058,-0.0106287311399315,0.177931647377878,-0.0105823545515062,2.95348220339543,0.0294088413650249,-0.0215007177485445,2.95348220339543
339.5,0.178100165677452,-0.010506221437784,0.177977555574595,-0.0104603793987758,2.96727298319378,0.0293758567509613,-0.0215115828869248,2.96727298319378
339.75,0.178145740077675,-0.0103835117123248,0.178022931118983,-0.0103382050954999,2.980904650475,0.029354851678954,-0.0214968701596355,2.980904650475
340,0.178190778623577,-0.0102606042997701,0.178067773147157,-0.0102158339677012,2.99437786374387,0.0293449085168647,-0.0214595398092476,2.99437786374387
340.25,0.178235280457691,-0.0101375015400998,0.178112080805388,-0.0100932683451496,3.00769334237486,0.0293450515689446,-0.0214025293116922,3.00769334237486
340.5,0.178279244732765,-0.0100142057770131,0.178155853250124,-0.00997051056131786,3.02085186619389,0.0293542474990364,-0.0213287523979921,3.02085186619389
340.75,0.178322670611784,-0.00989071935788361,0.178199089648,-0.00984756295333716,3.03385427504523,0.0293714057684603,-0.0212410980827272,3.03385427504523
341,0.178365557267979,-0.00976704463371473,0.178241789175857,-0.00972442786195283,3.04670146834397,0.0293953790883366,-0.0211424296993471,3.04670146834397
341.25,0.178407903884853,-0.00964318395909486,0.178283951020758,-0.00960110763147943,3.05939440461401,0.0294249638863197,-0.0210355839425798,3.05939440461401
341.5,0.178449709656186,-0.00951913969215276,0.178325574380002,-0.00947760460975642,3.07193410101167,0.0294589007876241,-0.020923369918141,3.07193410101167
341.75,0.178490973786056,-0.00939491419451251,0.17836665846114,-0.00935392114810336,3.08432163283512,0.0294958751102048,-0.0208085681999151,3.08432163283512
342,0.178531695488855,-0.00927050983124843,0.17840720248199,-0.00923005960127498,3.09655813301975,0.0295345173740234,-0.0206939298948453,3.09655813301975
342.25,0.178571873989298,-0.00914592897084031,0.178447205670654,-0.00910602232741664,3.1086447916193,0.0295734038242833,-0.0205821757157267,3.1086447916193
342.5,0.178611508522447,-0.00902117398512822,0.178486667265527,-0.00898181168801928,3.12058285527339,0.0296110569684727,-0.0204759950620689,3.12058285527339
342.75,0.178650598333716,-0.00889624724926713,0.178525586515318,-0.00885743004787433,3.13237362666111,0.0296459461271517,-0.0203780451092613,3.13237362666111
343,0.178689142678891,-0.00877115114168209,0.178563962679061,-0.00873287977502898,3.14401846394084,0.0296764879983655,-0.0202909499062422,3.14401846394084
343.25,0.178727140824144,-0.0086458880440227,0.178601795026128,-0.00860816324074095,3.15551878017684,0.0297010472354825,-0.0202172994818045,3.15551878017684
343.5,0.178764592046046,-0.00852046034111768,0.178639082836247,-0.00848328281943315,3.16687604275216,0.0297179370384374,-0.0201596489598096,3.16687604275216
343.75,0.178801495631578,-0.0083948704209298,0.17867582539951,-0.00835824088864892,3.17814679891042,0.0296821786968381,-0.0201919461342594,3.17814679891042
344,0.17883785087815,-0.00826912067450999,0.178712022016394,-0.00823303982900626,3.18933771382225,0.0295875766991799,-0.0203194958519731,3.18933771382225
344.25,0.178873657093609,-0.00814321349595223,0.178747671997766,-0.00810768202415293,3.20036710608067,0.0294977440562571,-0.020436422723909,3.20036710608067
344.5,0.178908913596259,-0.00801715128234774,0.178782774664901,-0.00798216986072088,3.21123578665753,0.0294116615227523,-0.0205457050413799,3.21123578665753
344.75,0.178943619714864,-0.00789093643373926,0.178817329349497,-0.00785650572828068,3.22194462840719,0.0293282509592045,-0.0206502974960132,3.22194462840719
345,0.178977774788672,-0.00776457135307562,0.178851335393681,-0.00773069201929632,3.23249456564476,0.0292463757575956,-0.0207531301823698,3.23249456564476
345.25,0.179011378167418,-0.00763805844616583,0.178884792150028,-0.00760473112907949,3.24288659370967,0.0291648412816789,-0.0208571076071091,3.24288659370967
345.5,0.179044429211343,-0.00751140012163326,0.178917698981568,-0.00747862545574396,3.25312176851419,0.0290823953222579,-0.0209651077050774,3.25312176851419
345.75,0.179076927291203,-0.00738459879086979,0.178950055261804,-0.00735237740015992,3.26320120607724,0.0289977285670811,-0.0210799808624014,3.26320120607724
346,0.17910887178828,-0.00725765686799004,0.178981860374718,-0.00722598936590843,3.27312608204359,0.0289094750853718,-0.0212045489468619,3.27312608204359
346.25,0.179140262094398,-0.0071305767697852,0.179013113714787,-0.00709946375923546,3.28289763118832,0.0288162128269123,-0.0213416043457802,3.28289763118832
346.5,0.17917109761193,-0.00700336091567718,0.179043814686993,-0.00697280298900617,3.29261055501787,0.0286409131630399,-0.0215945058510092,3.29261055501787
346.75,0.179201377753813,-0.00687601172767243,0.179073962706833,-0.00684600946665902,3.30226521809458,0.02838234639151,-0.0219599365981105,3.30226521809458
347,0.179231101943557,-0.00674853163031596,0.179103557200332,-0.00671908560615996,3.31180271487019,0.0280874540917478,-0.0223730011765624,3.31180271487019
347.25,0.179260269615255,-0.00662092305064505,0.179132597604054,-0.00659203382395631,3.32122524836833,0.0277538572742589,-0.022835631556305,3.32122524836833
347.5,0.179288880213598,-0.00649318841814309,0.179161083365111,-0.00646485653893085,3.33053506482863,0.0273791366591685,-0.0233497120009471,3.33053506482863
347.75,0.17931693319388,-0.0063653301646934,0.179189013941175,-0.00633755617235579,3.3397344529135,0.0269608334727154,-0.0239170783611892,3.3397344529135
348,0.179344428022014,-0.0062373507245328,0.17921638880049,-0.00621013514784661,3.34882574290417,0.0264964502544645,-0.0245395173803058,3.34882574290417
348.25,0.179371364174538,-0.00610925253420532,0.179243207421875,-0.0060825958913159,3.35781130588623,0.0259834516749656,-0.0252187660117027,3.35781130588623
348.5,0.179397741138625,-0.00598103803251589,0.179269469294745,-0.00595494083092729,3.36591845625196,0.0260035597300236,-0.0248877966378778,3.36591845625196
348.75,0.179423558412097,-0.00585270966048386,0.179295173919111,-0.00582717239704918,3.37374740590824,0.0261085947704547,-0.024413841248101,3.37374740590824
349,0.17944881550343,-0.00572426986129634,0.179320320805593,-0.00569929302220826,3.38141352672227,0.0262114800123044,-0.0239599637393044,3.38141352672227
349.25,0.179473511931765,-0.00559572108026207,0.179344909475431,-0.00557130514104361,3.38891808736338,0.0263107988755488,-0.0235289901648236,3.38891808736338
349.5,0.179497647226919,-0.00546706576476444,0.179368939460493,-0.00544321119025988,3.39626241535572,0.0264050790691583,-0.0231237173385607,3.39626241535572
349.75,0.179521220929389,-0.00533830636421525,0.179392410303282,-0.00531501360858132,3.40344789658266,0.0264927930893563,-0.0227469118885034,3.40344789658266
350,0.179544232590366,-0.00520944533000794,0.179415321556947,-0.00518671483670512,3.41047597477726,0.0265723587319542,-0.0224013093177786,3.41047597477726
350.25,0.179566681771742,-0.00508048511547075,0.179437672785291,-0.00505831731725487,3.4173481509984,0.0266421396187677,-0.022089613073523,3.4173481509984
350.5,0.179588568046117,-0.00495142817582032,0.179459463562778,-0.0049298234947343,3.42406598309311,0.0267004457379179,-0.0218144936237117,3.42406598309311
350.75,0.179609890996807,-0.00482227696811481,0.179480693474544,-0.00480123581548064,3.43063108514487,0.0267455339979981,-0.0215785875422091,3.43063108514487
351,0.179630650217854,-0.00469303395120693,0.179501362116402,-0.00467255672761782,3.4370451269084,0.0267756087958334,-0.0213844966021272,3.4370451269084
351.25,0.179650845314033,-0.00456370158569749,0.17952146909485,-0.00454378868101026,3.44330983323044,0.0267888225979481,-0.0212347868778607,3.44330983323044
351.5,0.179670475900857,-0.00443428233388834,0.179541014027082,-0.004414934127216,3.44942698345749,0.0267832765353287,-0.0211319878557728,3.44942698345749
351.75,0.17968954160459,-0.00430477865973538,0.179559996540988,-0.00428599551943989,3.45539841082974,0.0267570210116397,-0.0210785915539423,3.45539841082974
352,0.179708042062247,-0.00417519302880198,0.17957841627517,-0.00415697531248725,3.46122600186201,0.0267080563245523,-0.0210770516509951,3.46122600186201
352.25,0.179725976921606,-0.00404552790821171,0.179596272878943,-0.00402787596271681,3.46691169571149,0.0266343333001667,-0.0211297826242975,3.46691169571149
352.5,0.179743345841214,-0.00391578576660155,0.179613566012342,-0.00389869992799407,3.47245748353248,0.0265337539403464,-0.0212391588976576,3.47245748353248
352.75,0.179760148490391,-0.0037859690740749,0.179630295346132,-0.00376944966764458,3.47786540781827,0.026404172082869,-0.0214075139987535,3.47786540781827
353,0.17977638454924,-0.00365608030215444,0.179646460561809,-0.00364012764240697,3.48313756173038,0.0262433940741992,-0.0216371397264237,3.48313756173038
353.25,0.179792053708648,-0.00352612192373513,0.179662061351611,-0.00351073631438615,3.48827608841511,0.0260491794548124,-0.0219302853280607,3.48827608841511
353.5,0.179807155670298,-0.00339609641303721,0.179677097418522,-0.00338127814700654,3.49328318030773,0.0258192416568505,-0.022289156687219,3.49328318030773
353.75,0.17982169014667,-0.00326600624555895,0.179691568476277,-0.00325175560496503,3.49816107842441,0.0255512487140192,-0.0227159155216638,3.49816107842441
354,0.179835656861048,-0.0031358538980296,0.179705474249368,-0.00312217115418407,3.50285240961221,0.0252889553820557,-0.0231003389908677,3.50285240961221
354.25,0.179849055547527,-0.00300564184836229,0.179718814473049,-0.00299252726176488,3.50691174641926,0.0253784503199753,-0.0226252438939825,3.50691174641926
354.5,0.179861885951015,-0.00287537257560673,0.17973158889334,-0.00286282639594026,3.5108141702266,0.0254537231917997,-0.0222032086351627,3.5108141702266
354.75,0.17987414782724,-0.00274504855990207,0.179743797267037,-0.00273307102602771,3.51456145630662,0.0255129229955365,-0.0218368572055039,3.51456145630662
355,0.179885840942752,-0.00261467228242975,0.179755439361708,-0.00260326362238249,3.51815543542935,0.0255541464911497,-0.021528778019281,3.51815543542935
355.25,0.179896965074933,-0.00248424622536612,0.179766514955705,-0.0024734066563504,3.52159799328256,0.0255754387818315,-0.0212815230191597,3.52159799328256
355.5,0.179907520011994,-0.00235377287183537,0.179777023838165,-0.00234350260022096,3.52489106987856,0.0255747939085823,-0.021097606790017,3.52489106987856
355.75,0.179917505552985,-0.00222325470586198,0.179786965809014,-0.00221355392718004,3.52803665894742,0.0255501554581782,-0.020979505681715,3.52803665894742
356,0.179926921507795,-0.00209269421232374,0.17979634067897,-0.00208356311126312,3.5310368073171,0.025499417184227,-0.0209296569408878,3.5310368073171
356.25,0.179935767697158,-0.00196209387690431,0.179805148269551,-0.00195353262730801,3.53389361428061,0.025420423641239,-0.0209504578519648,3.53389361428061
356.5,0.179944043952656,-0.00183145618604571,0.179813388413072,-0.00182346495090758,3.53660923094993,0.0253109708316544,-0.0210442648876839,3.53660923094993
356.75,0.17995175011672,-0.00170078362690131,0.179821060952653,-0.00169336255836295,3.53918585959738,0.0251688068655553,-0.0212133928691577,3.53918585959738
357,0.179958886042637,-0.00157007868728833,0.179828165742219,-0.00156322792663619,3.54162575298414,0.0249916326330594,-0.0214601141357928,3.54162575298414
357.25,0.179965451594549,-0.00143934385564032,0.179834702646506,-0.001433063533303,3.54461228322913,0.0242271983988652,-0.0222697531204224,3.54461228322913
357.5,0.179971446647456,-0.00130858162096006,0.17984067154106,-0.00130287185650585,3.5506088813165,0.0208806993823535,-0.0253352126872485,3.5506088813165
357.75,0.179976871087222,-0.00117779447277207,0.179846072312242,-0.00117265537490666,3.56112463410083,0.0139405685030561,-0.028508332883385,3.56112463410083
358,0.179981724810573,-0.00104698490107502,0.17985090485723,-0.00104241656763942,3.5766418348776,0.00355963176342834,-0.0293537154005595,3.5766418348776
358.25,0.179986007725101,-0.00091615539629471,0.179855169084018,-0.000912157914263396,3.5963940431444,0.000511807609043709,-0.0160429737143236,3.5963940431444
358.5,0.179989719749267,-0.000785308449236206,0.179858864911423,-0.000781881894715481,3.60858341121076,0.00314002838345179,-0.00748267076706394,3.60858341121076
358.75,0.179992860812397,-0.000654446551036827,0.17986199226908,-0.000651590989263348,3.60804761303623,0.00378739573237417,-0.00725370281468255,3.60804761303623
359,0.179995430854692,-0.000523572193118533,0.17986455109745,-0.000521287678458082,3.60761895951383,0.00430963353070188,-0.00706749802144045,3.60761895951383
359.25,0.17999742982722,-0.000392687867140343,0.179866541347815,-0.000390974443086784,3.60729843748133,0.00470575315896148,-0.00692186200539171,3.60729843748133
359.5,0.179998857691925,-0.000261796064951209,0.179867962982285,-0.000260653764125668,3.60708700088449,0.00497479923210694,-0.00681458324614384,3.60708700088449
359.75,0.179999714421622,-0.000130899278542423,0.179868815973793,-0.00013032812269266,3.60698557051478,0.00511584986188886,-0.00674343354937505,3.60698557051478
