phi_deg,x_boundary,y_boundary,x_query,y_query,sig_tt,sig_nn,sig_nt,sig_tt_eff
0,0.18,0,0.179738200612201,0,3.44077429173037,0.0471639811813759,0.0305128333062451,3.44077429173037
0.25,0.179999714421622,0.000130899278542397,0.179737917525964,0.000129756966842872,3.44047445700566,0.0474018321340895,0.0299737315601329,3.44047445700566
0.5,0.179998857691925,0.000261796064951218,0.179737068272644,0.000259511463300136,3.44004260053485,0.0476135873152748,0.0295092421505463,3.44004260053485
0.75,0.17999742982722,0.000392687867140333,0.17973565286841,0.000389261019033217,3.43947674921506,0.0478012240181882,0.0291170097056704,3.43947674921506
1,0.179995430854692,0.000523572193118505,0.179733671340207,0.000519003163797603,3.43877498186385,0.0479666706259551,0.0287946431076561,3.43877498186385
1.25,0.179992860812397,0.000654446551036834,0.179731123725763,0.000648735427489877,3.43793542977604,0.0481118060545306,0.0285397163469437,3.43793542977604
1.5,0.179989719749267,0.000785308449236194,0.179728010073579,0.000778455340194743,3.43695627726759,0.0482384592086328,0.0283497693846374,3.43695627726759
1.75,0.179986007725101,0.00091615539629468,0.179724330442936,0.000908160432232052,3.43583576220648,0.0483484084506647,0.0282223090226891,3.43583576220648
2,0.179981724810573,0.00104698490107503,0.179720084903887,0.00103784823420382,3.43457217653008,0.0484433810829461,0.0281548097818336,3.43457217653008
2.25,0.179976871087222,0.00117779447277206,0.179715273537263,0.00116751627704123,3.43316386674945,0.0485250528431497,0.0281447147869549,3.43316386674945
2.5,0.179971446647456,0.00130858162096008,0.179709896434664,0.00129716209205166,3.43160923443993,0.0485950474131851,0.0281894366597785,3.43160923443993
2.75,0.179965451594549,0.00143934385564032,0.179703953698463,0.00142678321096568,3.42990673671838,0.048654935941564,0.028286358418655,3.42990673671838
3,0.179958886042637,0.00157007868728831,0.1796974454418,0.00155637716598403,3.42805488670663,0.048706236579368,0.0284328343852566,3.42805488670663
3.25,0.17995175011672,0.00170078362690133,0.179690371788585,0.00168594148982461,3.42605225398125,0.0487504140299095,0.0286261910979867,3.42605225398125
3.5,0.179944043952656,0.00183145618604571,0.179682732873488,0.00181547371576945,3.42389746500937,0.0487888791122004,0.0288637282319186,3.42389746500937
3.75,0.179935767697158,0.00196209387690429,0.179674528841944,0.00194497137771169,3.42158920357073,0.0488229883382633,0.0291427195250347,3.42158920357073
4,0.179926921507795,0.00209269421232376,0.179665759850146,0.00207443201020252,3.41912621116556,0.0488540435044461,0.0294604137106073,3.41912621116556
4.25,0.179917505552985,0.00222325470586198,0.179656426065043,0.0022038531484981,3.41650728740849,0.0488832912967265,0.0298140354554733,3.41650728740849
4.5,0.179907520011994,0.00235377287183535,0.179646527664336,0.00233323232860652,3.41373129040801,0.0489119229102712,0.0302007863040795,3.41373129040801
4.75,0.179896965074933,0.00248424622536613,0.179636064836477,0.00246256708733469,3.41079713713206,0.0489410736830328,0.0306178456279747,3.41079713713206
5,0.179885840942752,0.00261467228242974,0.179625037780663,0.00259185496233523,3.40770380375891,0.0489718227437996,0.0310623715806818,3.40770380375891
5.25,0.17987414782724,0.00274504855990207,0.179613446706833,0.00272109349215336,3.40445032601383,0.0490051926745034,0.031531502057638,3.40445032601383
5.5,0.179861885951015,0.00287537257560672,0.179601291835665,0.00285028021627378,3.40103579949115,0.0490421491870126,0.0320223556610607,3.40103579949115
5.75,0.179849055547527,0.00300564184836229,0.17958857339857,0.00297941267516746,3.39745937996187,0.0490836008143878,0.0325320326694944,3.39745937996187
6,0.179835656861048,0.0031358538980296,0.179575291637688,0.00310848841033855,3.3937202836666,0.0491303986167364,0.0330576160118623,3.3937202836666
6.25,0.17982169014667,0.00326600624555894,0.179561446805885,0.00323750496437109,3.38981778759372,0.0491833359016953,0.033596172245798,3.38981778759372
6.5,0.179807155670298,0.0033960964130372,0.179547039166747,0.00336645988097587,3.38575122974301,0.0492431479595486,0.0341447525400336,3.38575122974301
6.75,0.179792053708648,0.00352612192373513,0.179532068994574,0.00349535070503716,3.38152000937423,0.0493105118131859,0.0347003936606808,3.38152000937423
7,0.17977638454924,0.00365608030215442,0.179516536574378,0.00362417498265947,3.37712358724109,0.0493860459827399,0.0352601189611301,3.37712358724109
7.25,0.179760148490391,0.00378596907407489,0.179500442201872,0.00375293026121425,3.37282583078894,0.0499985159883828,0.0345657643917623,3.37282583078894
7.5,0.179743345841214,0.00391578576660155,0.17948378618347,0.00388161408938658,3.36839874121345,0.0506261916206522,0.033799555574643,3.36839874121345
7.75,0.179725976921606,0.00404552790821169,0.17946656883628,0.00401022401722188,3.36381205446519,0.0512116283749767,0.0330978846199113,3.36381205446519
8,0.179708042062247,0.00417519302880196,0.179448790488094,0.00413875759617251,3.35906362721543,0.0517570457581307,0.0324582134554451,3.35906362721543
8.25,0.17968954160459,0.00430477865973538,0.179430451477386,0.00426721237914439,3.3541513719769,0.0522646112766506,0.0318779618917323,3.3541513719769
8.5,0.179670475900857,0.00443428233388832,0.179411552153306,0.00439558592054363,3.34907325777839,0.0527364397606681,0.0313545085329537,3.34907325777839
8.75,0.179650845314033,0.0045637015856975,0.179392092875668,0.00452387577632305,3.34382731082567,0.0531745927014571,0.0308851916978956,3.34382731082567
9,0.179630650217854,0.00469303395120693,0.17937207401495,0.00465207950402871,3.33841161514823,0.0535810776030029,0.0304673103506568,3.33841161514823
9.25,0.179609890996807,0.00482227696811478,0.179351495952282,0.00478019466284644,3.3328243132319,0.0539578473476331,0.0300981250408544,3.3328243132319
9.5,0.179588568046117,0.00495142817582033,0.179330359079439,0.00490821881364829,3.32706360663719,0.0543067995758534,0.0297748588531368,3.32706360663719
9.75,0.179566681771742,0.00508048511547074,0.179308663798839,0.00503614951903897,3.3211277566032,0.0546297760805422,0.0294946983658222,3.3211277566032
10,0.179544232590366,0.00520944533000791,0.179286410523528,0.00516398434340227,3.3150150846371,0.054928562215583,0.0292547946184159,3.3150150846371
10.25,0.179521220929389,0.00533830636421525,0.179263599677175,0.00529172085294739,3.30872397308869,0.0552048863191751,0.0290522640878889,3.30872397308869
10.5,0.179497647226919,0.00546706576476442,0.179240231694068,0.00541935661575532,3.30225286571038,0.0554604191517815,0.0288841896733817,3.30225286571038
10.75,0.179473511931765,0.00559572108026204,0.179216307019098,0.00554688920182512,3.29560026820219,0.0556967733489629,0.0287476216892209,3.29560026820219
11,0.17944881550343,0.00572426986129634,0.179191826107756,0.00567431618312019,3.28876474874174,0.0559155028891428,0.0286395788659861,3.28876474874174
11.25,0.179423558412097,0.00585270966048385,0.179166789426125,0.00580163513361449,3.28174493849896,0.0561181025764898,0.02855704935946,3.28174493849896
11.5,0.179397741138625,0.00598103803251591,0.179141197450866,0.00592884362933871,3.2745395321359,0.0563060075388762,0.0284969917671445,3.2745395321359
11.75,0.179371364174538,0.00610925253420532,0.179115050669214,0.00605593924842648,3.26714728829064,0.0564805927412803,0.0284563361523001,3.26714728829064
12,0.179344428022014,0.00623735072453278,0.179088349578965,0.0061829195711604,3.25956703004632,0.0566431725144043,0.0284319850750702,3.25956703004632
12.25,0.17931693319388,0.00636533016469339,0.17906109468847,0.00630978218001818,3.25179764538416,0.0567950000989291,0.0284208146306761,3.25179764538416
12.5,0.179288880213598,0.00649318841814309,0.179033286516623,0.00643652465971861,3.24383808762105,0.0569372672052645,0.0284196754943121,3.24383808762105
12.75,0.179260269615255,0.00662092305064503,0.179004925592852,0.00656314459726756,3.23568737583133,0.0570711035890282,0.0284253939726008,3.23568737583133
13,0.179231101943557,0.00674853163031595,0.178976012457106,0.00668963958200395,3.22734459525267,0.0571975766423027,0.0284347730613578,3.22734459525267
13.25,0.179201377753813,0.00687601172767242,0.178946547659852,0.00681600720564561,3.21880889767608,0.0573176910007293,0.0284445935094264,3.21880889767608
13.5,0.17917109761193,0.00700336091567716,0.178916531762056,0.00694224506233514,3.21007950181981,0.0574323881665994,0.028451614888393,3.21007950181981
13.75,0.179140262094398,0.00713057676978519,0.178885965335177,0.00706835074868571,3.20115569368737,0.057542546147894,0.0284525766678885,3.20115569368737
14,0.17910887178828,0.00725765686799003,0.178854848961157,0.00719432186382683,3.19203682690897,0.0576489791135763,0.0284441992963619,3.19203682690897
14.25,0.179076927291203,0.00738459879086979,0.178823183232405,0.00732015600945006,3.18272232306708,0.0577524370649188,0.0284231852869449,3.18272232306708
14.5,0.179044429211343,0.00751140012163324,0.178790968751793,0.00744585078985464,3.17321167200547,0.0578536055232037,0.0283862203083126,3.17321167200547
14.75,0.179011378167418,0.00763805844616583,0.178758206132637,0.00757140381199315,3.16350443212185,0.0579531052337103,0.0283299742802258,3.16350443212185
15,0.178977774788672,0.00776457135307562,0.17872489599869,0.00769681268551702,3.15360023064402,0.0580514918861276,0.0282511024735616,3.15360023064402
15.25,0.178943619714864,0.00789093643373924,0.17869103898413,0.00782207502282208,3.14349876388968,0.0581492558513642,0.0281462466145559,3.14349876388968
15.5,0.178908913596259,0.0080171512823477,0.178656635733544,0.00794718843909398,3.13319979750933,0.0582468219349899,0.0280120359930932,3.13319979750933
15.75,0.178873657093609,0.00814321349595223,0.178621686901922,0.00807215055235362,3.1227031667128,0.0583445491471399,0.0278450885747217,3.1227031667128
16,0.17883785087815,0.00826912067450998,0.178586193154638,0.00819695898350251,3.11200877647888,0.0584427304891597,0.0276420121162404,3.11200877647888
16.25,0.178801495631578,0.00839487042092976,0.178550155167443,0.00832161135636801,3.1011166017483,0.0585415927568538,0.0273994052845533,3.1011166017483
16.5,0.178764592046046,0.00852046034111768,0.178513573626448,0.00844610529774863,3.09002668759989,0.0586412963605097,0.0271138587785934,3.09002668759989
16.75,0.178727140824144,0.00864588804402268,0.178476449228112,0.00857043843745917,3.07873914940988,0.0587419351616654,0.0267819564540604,3.07873914940988
17,0.178689142678891,0.0087711511416821,0.178438782679231,0.0086946084083759,3.0673306951265,0.0588547950838554,0.0262643527809439,3.0673306951265
17.25,0.178650598333716,0.00889624724926713,0.178400574696921,0.00881861284648153,3.05646888553278,0.0590623295722446,0.0243999492692159,3.05646888553278
17.5,0.178611508522447,0.00902117398512819,0.178361826008607,0.00894244939091032,3.04547559688957,0.0592503145059671,0.0224158598001082,3.04547559688957
17.75,0.178571873989298,0.00914592897084032,0.178322537352009,0.00906611568399297,3.03435294041408,0.0594168443852291,0.0203094842217537,3.03435294041408
18,0.178531695488855,0.00927050983124842,0.178282709475126,0.00918960937130153,3.02310308411568,0.0595599597894982,0.0180782528773614,3.02310308411568
18.25,0.178490973786056,0.00939491419451248,0.178242343136223,0.00931292810169419,3.01172825235397,0.0596776478155175,0.0157196275369543,3.01172825235397
18.5,0.178449709656186,0.00951913969215276,0.178201439103818,0.00943606952736009,3.00117973304759,0.0588295280183545,0.011994869465986,3.00117973304759
18.75,0.178407903884853,0.00964318395909485,0.178159998156663,0.00955903130386399,2.99174166420921,0.0567344598792057,0.00660707384038406,2.99174166420921
19,0.17836555726798,0.0097670446337147,0.178118021083735,0.00968181109019092,2.98229023325792,0.0545036241014949,0.00105152835431467,2.98229023325792
19.25,0.178322670611784,0.00989071935788362,0.178075508684217,0.00980440654879071,2.97282919229962,0.0521334909928326,-0.00467201110329716,2.97282919229962
19.5,0.178279244732765,0.0100142057770131,0.178032461767483,0.00992681534562257,2.96336231120516,0.0496205159308736,-0.0105637265065761,2.96336231120516
19.75,0.178235280457691,0.0101375015400998,0.177988881153086,0.0100490351501994,2.95338454438358,0.0474576021521962,-0.0129801372362211,2.95338454438358
20,0.178190778623577,0.0102606042997701,0.177944767670736,0.0101710636356324,2.94221390184549,0.046313459366798,-0.00796021949612861,2.94221390184549
20.25,0.178145740077675,0.0103835117123248,0.177900122160292,0.0102928984786751,2.93083125160538,0.0452328735695479,-0.00300308892909929,2.93083125160538
20.5,0.178100165677452,0.010506221437784,0.177854945471738,0.0104145373597675,2.91923731756242,0.0442153581433084,0.0018879727947122,2.91923731756242
20.75,0.17805405629058,0.0106287311399315,0.177809238465175,0.0105359779630809,2.90743288459921,0.0432603683092991,0.0067096893959373,2.90743288459921
21,0.178007412794916,0.010751038486359,0.177763002010798,0.0106572179765612,2.89541879853152,0.0423673011727796,0.0114587909270909,2.89541879853152
21.25,0.177960236078484,0.010873141148511,0.177716236988882,0.0107782550919733,2.88319596604418,0.0415354957825029,0.0161320147132127,2.88319596604418
21.5,0.177912527039461,0.0109950368017289,0.177668944289765,0.0108990870049449,2.87076535461323,0.0407642332039247,0.0207261062918593,2.87076535461323
21.75,0.177864286586158,0.0111167231252951,0.177621124813834,0.0110197114150106,2.85812799241416,0.040052736606205,0.0252378203522511,2.85812799241416
22,0.177815515637004,0.0112381978024774,0.177572779471501,0.0111401260256556,2.84528496821644,0.0394001713629065,0.0296639216733798,2.84528496821644
22.25,0.177766215120527,0.011359458520573,0.177523909183192,0.0112603285443591,2.83223743126416,0.0388056451664803,0.034001186060888,2.83223743126416
22.5,0.177716385975339,0.0114805029709527,0.177474514879327,0.0113803166826386,2.81898659114308,0.0382682081564122,0.0382464012825203,2.81898659114308
22.75,0.177666029150114,0.0116013288491046,0.177424597500302,0.0115000881560929,2.80553371763367,0.0377868530611513,0.0423963680019604,2.80553371763367
23,0.177615145603573,0.0117219338546782,0.177374157996473,0.0116196406844456,2.79188014055061,0.037360515353641,0.046447900710853,2.79188014055061
23.25,0.177563736304467,0.011842315691528,0.177323197328135,0.0117389719915891,2.77802724956851,0.0369880734205532,0.0503978286588272,2.77802724956851
23.5,0.177511802231554,0.0119624720677574,0.177271716465505,0.0118580798056273,2.76397649403393,0.0366683487451571,0.0542429967813183,2.76397649403393
23.75,0.177459344373583,0.0120824006957621,0.177219716388704,0.011976961858919,2.7497293827638,0.036400106103754,0.0579802666250069,2.7497293827638
24,0.177406363729278,0.012202099292274,0.17716719808774,0.0120956158881213,2.73528748383016,0.0361820537757157,0.061606517270676,2.73528748383016
24.25,0.177352861307313,0.0123215655784043,0.177114162562486,0.0122140396342325,2.72065242433135,0.0360128437670517,0.0651186462532982,2.72065242433135
24.5,0.177298838126296,0.0124407972796872,0.17706061082266,0.0123322308426353,2.70582589014961,0.0358910720474833,0.0685135704791608,2.70582589014961
24.75,0.177244295214752,0.0125597921261228,0.177006543887811,0.0124501872631394,2.69080962569514,0.0358152788009745,0.0717882271398391,2.69080962569514
25,0.1771892336111,0.012678547852221,0.176951962787296,0.0125679066500245,2.67560543363684,0.0357839486896657,0.0749395746228302,2.67560543363684
25.25,0.177133654363631,0.0127970621970437,0.176896868560259,0.0126853867620833,2.65936334821427,0.0360980760657722,0.0751563167656056,2.65936334821427
25.5,0.177077558530496,0.0129153329042489,0.176841262255616,0.0128026253626637,2.64294156106661,0.036419405913128,0.0750821781760865,2.64294156106661
25.75,0.177020947179678,0.0130333577221325,0.176785144932031,0.0129196202197118,2.62643507301732,0.0367140787338597,0.0750262285306412,2.62643507301732
26,0.176963821388975,0.0131511344036723,0.176728517657896,0.0130363691058141,2.60984185913176,0.0369844281122387,0.074987020209227,2.60984185913176
26.25,0.176906182245981,0.01326866070657,0.176671381511314,0.0131528697982402,2.59315992751521,0.0372327567067604,0.0749630566558579,2.59315992751521
26.5,0.176848030848061,0.0133859343932943,0.176613737580073,0.0132691200789848,2.57638732014233,0.0374613354148852,0.0749527929294193,2.57638732014233
26.75,0.176789368302334,0.013502953231123,0.176555586961632,0.0133851177348101,2.55952211367788,0.037672402546319,0.0749546362672433,2.55952211367788
27,0.176730195725651,0.0136197149921864,0.176496930763093,0.013500860557288,2.54256242028885,0.0378681630048721,0.0749669466610703,2.54256242028885
27.25,0.176670514244572,0.0137362174535087,0.176437770101188,0.0136163463428419,2.52550638844776,0.0380507874791511,0.0749880374454094,2.52550638844776
27.5,0.176610324995347,0.013852458397051,0.176378106102249,0.013731572892789,2.50835220372687,0.0382224116422498,0.0750161758981429,2.50835220372687
27.75,0.176549629123891,0.0139684356097533,0.176317939902194,0.0138465380133818,2.49109808958322,0.0383851353605835,0.0750495838532015,2.49109808958322
28,0.176488427785768,0.0140841468835767,0.176257272646499,0.0139612395158503,2.47374230813438,0.0385410219120487,0.0750864383251942,2.47374230813438
28.25,0.176426722146162,0.0141995900155453,0.176196105490181,0.014075675216443,2.45628316092442,0.038692097213748,0.0751248721459584,2.45628316092442
28.5,0.176364513379859,0.0143147628077883,0.176134439597777,0.0141898429364693,2.43871898968049,0.0388403490592985,0.0751629746126686,2.43871898968049
28.75,0.176301802671225,0.0144296630675816,0.176072276143314,0.0143037405023403,2.42104817705919,0.0389877263660835,0.075198792147649,2.42104817705919
29,0.176238591214182,0.0145442886073901,0.176009616310296,0.0144173657456105,2.40326914738316,0.0391361384324329,0.0752303289694845,2.40326914738316
29.25,0.176174880212184,0.0146586372449086,0.175946461291675,0.0145307165030191,2.38538036736723,0.0392874542050344,0.0752555477754857,2.38538036736723
29.5,0.176110670878197,0.014772706803104,0.175882812289832,0.014643790616531,2.36738034683443,0.0394435015566232,0.0752723704352028,2.36738034683443
29.75,0.176045964434674,0.0148864951102562,0.175818670516553,0.0147565859333782,2.34926763942128,0.0396060665742134,0.075278678694982,2.34926763942128
30,0.175980762113533,0.015,0.175754037193004,0.0148691003061004,2.33104084327245,0.0397768928579609,0.0752723148933206,2.33104084327245
30.25,0.175915065156132,0.0151132193113658,0.17568891354971,0.0149813315925861,2.31269860172464,0.0399576808308067,0.0752510826868627,2.31269860172464
30.5,0.175848874813246,0.0152261508888211,0.175623300826532,0.0150932776561134,2.29423960397936,0.0401500870591388,0.0752127477869874,2.29423960397936
30.75,0.175782192345044,0.0153387925823116,0.175557200272642,0.0152049363653907,2.27566258576468,0.040355723584475,0.0751550387066497,2.27566258576468
31,0.175715019021063,0.0154511422473016,0.175490613146498,0.0153163055945969,2.2569663299855,0.0405761572665121,0.0750756475175502,2.2569663299855
31.25,0.175647356120188,0.0155631977448156,0.175423540715824,0.0154273832234226,2.23814966736264,0.0408129091374669,0.0749722306172104,2.23814966736264
31.5,0.175579204930623,0.0156749569414785,0.175355984257582,0.0155381671371099,2.2192114770601,0.0410674537680539,0.0748424095060276,2.2192114770601
31.75,0.175510566749867,0.0157864177095561,0.175287945057949,0.0156486552264926,2.20015068730074,0.0413412186450993,0.0746837715739784,2.20015068730074
32,0.175441442884693,0.0158975779269961,0.175219424412295,0.0157588453880369,2.18096627597,0.0416355835610206,0.0744938708968997,2.18096627597
32.25,0.175371834651119,0.0160084354774683,0.175150423625152,0.0158687355238809,2.16165727120775,0.0419518800152302,0.0742702290421005,2.16165727120775
32.5,0.175301743374387,0.0161189882504047,0.175080944010198,0.0159783235418748,2.14222275198779,0.0422913906276985,0.0740103358832362,2.14222275198779
32.75,0.175231170388932,0.0162292341410398,0.175010986890222,0.0160876073556207,2.12266184868528,0.0426553485647053,0.0737116504241558,2.12266184868528
33,0.175160117038363,0.0163391710504508,0.174940553597109,0.0161965848845124,2.10297374363167,0.0430449369769615,0.0733716016316179,2.10297374363167
33.25,0.175088584675433,0.0164487968855974,0.174869645471807,0.0163052540537747,2.08315767165715,0.0434612884502363,0.072987589276692,2.08315767165715
33.5,0.175016574662015,0.0165581095593617,0.174798263864303,0.0164136127945033,2.06321292062032,0.0439054844686286,0.0725569847846795,2.06321292062032
33.75,0.174944088369076,0.0166671069905881,0.174726410133602,0.0165216590437041,2.04313883192528,0.0443785548905025,0.072077132093286,2.04313883192528
34,0.174871127176651,0.0167757871041224,0.174654085647694,0.0166293907443321,2.02293480102564,0.0448814774373677,0.0715453485190023,2.02293480102564
34.25,0.174797692473816,0.0168841478308521,0.174581291783533,0.0167368058453311,2.00260027791568,0.0454151771956723,0.0709589256313827,2.00260027791568
34.5,0.17472378565866,0.016992187107745,0.17450802992701,0.0168439023016724,1.98213476760819,0.0459805261317489,0.0703151301351366,1.98213476760819
34.75,0.174649408138265,0.0170999028778891,0.174434301472925,0.0169506780743939,1.96153783059922,0.0465783426199227,0.0696112047597638,1.96153783059922
35,0.17457456132867,0.0172072930905314,0.17436010782496,0.0170571311306387,1.9408222305256,0.047135408981702,0.0685298324203137,1.9408222305256
35.25,0.17449924665485,0.017314355701117,0.174285450395658,0.017163259443694,1.92013160028477,0.046988842731406,0.0643860600212977,1.92013160028477
35.5,0.17442346555069,0.0174210886713282,0.174210330606386,0.0172690609930299,1.89937587196619,0.046778369960389,0.060021681317345,1.89937587196619
35.75,0.17434721945895,0.017527489969123,0.174134749887318,0.0173745337643373,1.87855891807849,0.0465005173262495,0.0554353504312569,1.87855891807849
36,0.174270509831248,0.0176335575687742,0.174058709677402,0.0174796757495667,1.85768464528223,0.0461517797831335,0.0506257767136854,1.85768464528223
36.25,0.174193338128024,0.0177392894509075,0.173982211424333,0.0175844849469662,1.83675699359776,0.0457286213662318,0.0455917253221506,1.83675699359776
36.5,0.174115705818517,0.0178446836025402,0.173905256584529,0.0176889593611198,1.81577993560405,0.0452274759851981,0.040332017789098,1.81577993560405
36.75,0.174037614380732,0.0179497380171198,0.173827846623098,0.0177930970029852,1.79475747562892,0.0446447482262753,0.0348455325789486,1.79475747562892
37,0.173959065301419,0.0180544506945614,0.173749983013814,0.0178968958899319,1.7736936489304,0.0439768141630432,0.0291312056339317,1.7736936489304
37.25,0.173880060076039,0.0181588196412868,0.173671667239088,0.0180003540457787,1.75259252086982,0.0432200221755772,0.0231880309086525,1.75259252086982
37.5,0.173800600208737,0.0182628428702616,0.17359290078994,0.0181034695008314,1.73145818607644,0.0423706937779214,0.0170150608932001,1.73145818607644
37.75,0.173720687212315,0.0183665184010335,0.17351368516597,0.0182062402919204,1.71029476760388,0.0414251244536776,0.0106114071247306,1.71029476760388
38,0.173640322608202,0.0184698442597697,0.173434021875328,0.018308664462438,1.68910641607872,0.0403795844995564,0.00397624068740178,1.68910641607872
38.25,0.173559507926422,0.018572818479295,0.173353912434689,0.0184107400623755,1.67829042804554,0.0370129664079531,0.00182251313651957,1.67829042804554
38.5,0.173478244705572,0.0186754390991286,0.173273358369222,0.0185124651483608,1.67873714259603,0.0312332555953082,0.00477942548236411,1.67873714259603
38.75,0.173396534492786,0.0187777041655218,0.173192361212559,0.0186138377836949,1.67916290919672,0.0254836371777578,0.00780921641021538,1.67916290919672
39,0.173314378843709,0.0188796117314951,0.173110922506769,0.0187148560383888,1.67956652632149,0.0197654140398763,0.0109114245473902,1.67956652632149
39.25,0.173231779322466,0.0189811598568755,0.173029043802329,0.0188155179892006,1.67994680060601,0.0140798807284336,0.0140855694792187,1.67994680060601
39.5,0.173148737501632,0.0190823466083329,0.17294672665809,0.0189158217196718,1.67763225769221,0.0077327686130222,0.0188645219898545,1.67763225769221
39.75,0.173065254962204,0.0191831700594175,0.172863972641253,0.0190157653201641,1.6594034558886,-0.00258467800369406,0.0327089023584558,1.6594034558886
40,0.172981333293569,0.0192836282905962,0.172780783327334,0.0191153468878954,1.64104217536615,-0.012663042437772,0.0464583839865396,1.64104217536615
40.25,0.172896974093476,0.0193837193892889,0.172697160300138,0.019214564526976,1.61818843635766,-0.0173063794930127,0.0587553588066569,1.61818843635766
40.5,0.172812178968001,0.0194834414499055,0.172613105151728,0.0193134163484453,1.59091455346279,-0.0151352071538699,0.0662489087861128,1.59091455346279
40.75,0.172726949531521,0.0195827925738817,0.172528619482392,0.019411900470307,1.56554359347986,-0.0125899126455024,0.0684602718096995,1.56554359347986
41,0.172641287406683,0.0196817708697152,0.172443704900615,0.0195100150175654,1.54030628440479,-0.0101343916770361,0.0705447083528625,1.54030628440479
41.25,0.172555194224369,0.0197803744530021,0.172358363023048,0.0196077581222609,1.51520326191577,-0.00776884619427839,0.0725051953745383,1.51520326191577
41.5,0.17246867162367,0.0198786014464721,0.172272595474479,0.0197051279235058,1.49023510793636,-0.00549342523198065,0.0743447010147578,1.49023510793636
41.75,0.172381721251851,0.019976449980025,0.172186403887797,0.0198021225675193,1.46540235088851,-0.00330822517517788,0.0760661837673363,1.46540235088851
42,0.172294344764322,0.0200739181907657,0.172099789903966,0.0198987402076633,1.44070546595767,-0.00121329003248612,0.0776725916572781,1.44070546595767
42.25,0.172206543824605,0.02017100422304,0.172012755171991,0.0199949790044772,1.41614487536977,0.00079138827872232,0.0791668614230457,1.41614487536977
42.5,0.172118320104304,0.0202677062284698,0.171925301348889,0.0200908371257129,1.39172094867995,0.00270586963535412,0.0805519177038467,1.39172094867995
42.75,0.172029675283071,0.0203640223659882,0.171837430099653,0.0201863127463701,1.36743400307312,0.00453026539989331,0.0818306722321386,1.36743400307312
43,0.171940611048575,0.020459950801875,0.171749143097227,0.0202814040487306,1.34328430367612,0.00626473810006937,0.0830060230314772,1.34328430367612
43.25,0.171851129096472,0.0205554897097908,0.171660442022466,0.0203761092223929,1.31927206388149,0.0079095010969493,0.0840808536199126,1.31927206388149
43.5,0.171761231130369,0.0206506372708126,0.171571328564112,0.0204704264643072,1.29539744568269,0.00946481824158543,0.0850580322190212,1.29539744568269
43.75,0.171670918861793,0.0207453916734681,0.171481804418757,0.0205643539788092,1.27166056002079,0.010931003520241,0.0859404109688354,1.27166056002079
44,0.17158019401016,0.0208397511137699,0.171391871290811,0.0206578899776542,1.24806146714238,0.0123084206883435,0.0867308251487367,1.24806146714238
44.25,0.17148905830274,0.0209337137952504,0.171301530892472,0.0207510326800518,1.22468990058791,0.0135467492404529,0.0873826837387328,1.22468990058791
44.5,0.171397513474625,0.0210272779289955,0.171210784943689,0.0208437803126991,1.20259469959769,0.0140506468257636,0.0873336304911851,1.20259469959769
44.75,0.171305561268699,0.021120441733679,0.171119635172136,0.0209361311098149,1.18053127146634,0.0145225164581942,0.0872803144371456,1.18053127146634
45,0.171213203435596,0.0212132034355964,0.171028083313173,0.0210280833131732,1.15849761040356,0.0149647750002254,0.0872232372443923,1.15849761040356
45.25,0.171120441733679,0.0213055612686986,0.170936131109815,0.0211196351721365,1.13649170436952,0.0153798455608464,0.0871628474246368,1.13649170436952
45.5,0.171027277928996,0.0213975134746254,0.170843780312699,0.0212107849436894,1.11451153599745,0.0157701565652106,0.0870995402617629,1.11451153599745
45.75,0.17093371379525,0.0214890583027396,0.170751032680052,0.0213015308924717,1.09255508351694,0.0161381408235001,0.0870336577542585,1.09255508351694
46,0.17083975111377,0.0215801940101595,0.170657889977654,0.0213918712908113,1.07062032167781,0.0164862345992102,0.0869654885719357,1.07062032167781
46.25,0.170745391673468,0.0216709188617927,0.170564353978809,0.0214818044187573,1.04870522267439,0.0168168766770554,0.0868952680268625,1.04870522267439
46.5,0.170650637270813,0.0217612311303686,0.170470426464307,0.0215713285641124,1.02680775706996,0.0171325074306983,0.0868231780585167,1.02680775706996
46.75,0.170555489709791,0.021851129096472,0.170376109222393,0.0216604420224661,1.00492589472117,0.0174355678905121,0.0867493472331934,1.00492589472117
47,0.170459950801875,0.0219406110485751,0.170281404048731,0.0217491430972266,0.983057605702221,0.0177284988115856,0.0866738507576916,0.983057605702221
47.25,0.170364022365988,0.0220296752830706,0.17018631274637,0.0218374300996532,0.961200861228582,0.0180137397421611,0.0865967105071628,0.961200861228582
47.5,0.17026770622847,0.0221183201043037,0.170090837125713,0.0219253013488886,0.939353634580106,0.0182937280927234,0.0865178950672236,0.939353634580106
47.75,0.17017100422304,0.022206543824605,0.169994979004477,0.0220127551719911,0.917513902023258,0.0185708982059395,0.0864373197902691,0.917513902023258
48,0.170073918190766,0.0222943447643218,0.169898740207663,0.0220997899039657,0.895679643732281,0.0188476804276608,0.0863548468660132,0.895679643732281
48.25,0.169976449980025,0.022381721251851,0.169802122567519,0.0221864038877968,0.873848844709183,0.0191265001791652,0.0862702854061172,0.873848844709183
48.5,0.169878601446472,0.0224686716236701,0.169705127923506,0.0222725954744788,0.852019495702129,0.0194097770308963,0.0861833915431226,0.852019495702129
48.75,0.169780374453002,0.0225551942243693,0.169607758122261,0.0223583630230483,0.830189594122292,0.0196999237778373,0.0860938685433791,0.830189594122292
49,0.169681770869715,0.0226412874066832,0.169510015017565,0.0224437049006147,0.808357144958763,0.0199993455167785,0.0860013669341713,0.808357144958763
49.25,0.169582792573882,0.0227269495315215,0.169411900470307,0.0225286194823917,0.786520161691432,0.0203104387256452,0.0859054846448726,0.786520161691432
49.5,0.169483441449906,0.0228121789680009,0.169313416348445,0.022613105151728,0.764676667201519,0.0206355903451211,0.0858057671622275,0.764676667201519
49.75,0.169383719389289,0.0228969740934759,0.169214564526976,0.0226971603001384,0.742824694679741,0.0209771768627275,0.0857017076995526,0.742824694679741
50,0.169283628290596,0.0229813332935693,0.169115346887895,0.0227807833273338,0.722328383661301,0.0205140690287284,0.085113807734089,0.722328383661301
50.25,0.169183170059418,0.0230652549622038,0.169015765320164,0.0228639726412526,0.702054023704677,0.019927300817233,0.0844621067688201,0.702054023704677
50.5,0.169082346608333,0.0231487375016316,0.168915821719672,0.0229467266580899,0.681902656358313,0.0192772378792709,0.0837838520857542,0.681902656358313
50.75,0.168981159856875,0.0232317793224656,0.168815517989201,0.0230290438023287,0.661873146974999,0.018565410891297,0.0830811552428407,0.661873146974999
51,0.168879611731495,0.0233143788437091,0.168714856038389,0.0231109225067691,0.64196432440308,0.0177933858901127,0.0823560921549912,0.64196432440308
51.25,0.168777704165522,0.0233965344927865,0.168613837783695,0.0231923612125587,0.622174981624688,0.0169627636271127,0.0816107025510886,0.622174981624688
51.5,0.168675439099129,0.0234782447055724,0.168512465148361,0.0232733583692218,0.602503876401703,0.0160751789148318,0.0808469894409806,0.602503876401703
51.75,0.168572818479295,0.0235595079264223,0.168410740062376,0.0233539124346895,0.582949731929297,0.0151322999659128,0.0800669185926675,0.582949731929297
52,0.16846984425977,0.0236403226082017,0.168308664462438,0.0234340218753283,0.563511237496931,0.0141358277246816,0.0792724180196299,0.563511237496931
52.25,0.168366518401033,0.0237206872123153,0.16820624029192,0.02351368516597,0.54418704915662,0.0130874951914299,0.0784653774785877,0.54418704915662
52.5,0.168262842870262,0.0238006002087371,0.168103469500831,0.0235929007899404,0.524975790398348,0.0119890667396023,0.0776476479776097,0.524975790398348
52.75,0.168158819641287,0.0238800600760387,0.168000354045779,0.0236716672390882,0.505876052832477,0.0108423374260086,0.0768210412947891,0.505876052832477
53,0.168054450694561,0.0239590653014188,0.167896895889932,0.0237499830138137,0.486886396878981,0.00964913229421995,0.0759873295075665,0.486886396878981
53.25,0.16794973801712,0.0240376143807318,0.167793097002985,0.0238278466230976,0.468005352463362,0.00841130567131439,0.0751482445327351,0.468005352463362
53.5,0.16784468360254,0.0241157058185165,0.16768895936112,0.0239052565845288,0.449231419719104,0.00713074045811366,0.074305477677283,0.449231419719104
53.75,0.167739289450907,0.0241933381280245,0.167584484946966,0.0239822114243333,0.430563069696478,0.00580934741307763,0.0734606792001094,0.430563069696478
54,0.167633557568774,0.0242705098312484,0.167479675749567,0.024058709677402,0.41199874507758,0.00444906443000455,0.0726154578847672,0.41199874507758
54.25,0.167527489969123,0.0243472194589504,0.167374533764337,0.0241347498873182,0.393536860897409,0.00305185580970607,0.0717713806232418,0.393536860897409
54.5,0.167421088671328,0.0244234655506896,0.16726906099303,0.0242103306063861,0.375175805270835,0.00161971152580835,0.0709299720109084,0.375175805270835
54.75,0.167314355701117,0.0244992466548504,0.167163259443694,0.0242854503956577,0.356913940125317,0.000154646484849127,0.0700927139526984,0.356913940125317
55,0.167207293090531,0.0245745613286698,0.167057131130639,0.0243601078249605,0.338749601939177,-0.00134130021917849,0.0692610452806254,0.338749601939177
55.25,0.167099902877889,0.0246494081382649,0.166950678074394,0.0244343014729246,0.320681102485286,-0.00286606605565855,0.0684363613826362,0.320681102485286
55.5,0.166992187107745,0.0247237856586605,0.166843902301672,0.02450802992701,0.302706729579991,-0.00441756581341033,0.0676200138429925,0.302706729579991
55.75,0.166884147830852,0.0247976924738157,0.166736805845331,0.0245812917835331,0.28482474783712,-0.00599369236179596,0.0668133100941362,0.28482474783712
56,0.166775787104122,0.0248711271766513,0.166629390744332,0.0246540856476938,0.267033399426908,-0.00759231741671689,0.0660175130801754,0.267033399426908
56.25,0.166667106990588,0.0249440883690764,0.166521659043704,0.024726410133602,0.249330904839663,-0.00921129231132994,0.0652338409320329,0.249330904839663
56.5,0.166558109559362,0.025016574662015,0.166413612794503,0.0247982638643035,0.231715463653991,-0.0108484487713207,0.0644634666543675,0.231715463653991
56.75,0.166448796885597,0.0250885846754328,0.166305254053775,0.0248696454718069,0.214185255309467,-0.0125015996945527,0.0637075178242176,0.214185255309467
57,0.166339171050451,0.0251601170383627,0.166196584884512,0.0249405535971094,0.196738439883508,-0.0141685399349374,0.0629670763015779,0.196738439883508
57.25,0.16622923414104,0.0252311703889318,0.166087607355621,0.0250109868902225,0.179373158872342,-0.0158470470903436,0.0622431779518258,0.179373158872342
57.5,0.166118988250405,0.0253017433743866,0.165978323541875,0.0250809440101977,0.162087535975851,-0.0175348822943811,0.0615368123801722,0.162087535975851
57.75,0.166008435477468,0.0253718346511192,0.165868735523881,0.0251504236251524,0.142221676584081,-0.0176904967683994,0.0622189733534835,0.142221676584081
58,0.165897577926996,0.0254414428846928,0.165758845388037,0.0252194244122948,0.120315744447518,-0.016611631520823,0.0639429850147008,0.120315744447518
58.25,0.165786417709556,0.0255105667498669,0.165648655226493,0.0252879450579494,0.0985720875523802,-0.0155694088101013,0.0655566116570938,0.0985720875523802
58.5,0.165674956941478,0.0255792049306228,0.16553816713711,0.0253559842575819,0.0769914009613265,-0.0145641295734327,0.0670627704452212,0.0769914009613265
58.75,0.165563197744816,0.0256473561201884,0.165427383223423,0.025423540715824,0.0555743239335153,-0.0135960413438757,0.068464374013308,0.0555743239335153
59,0.165451142247302,0.0257150190210634,0.165316305594597,0.0254906131464981,0.0343214400908554,-0.0126653384240686,0.0697643295979573,0.0343214400908554
59.25,0.165338792582312,0.0257821923450436,0.165204936365391,0.0255572002726418,0.0139335406938954,-0.012103498275273,0.07016714428187,0.0139335406938954
59.5,0.165226150888821,0.0258488748132458,0.165093277656113,0.0256233008265323,-0.00623713463634802,-0.0116114094123451,0.0704403617346351,-0.00623713463634802
59.75,0.165113219311366,0.0259150651561319,0.164981331592586,0.0256889135497102,-0.0262682782986072,-0.011151866184157,0.0706752254379727,-0.0262682782986072
60,0.165,0.0259807621135332,0.1648691003061,0.0257540371930039,-0.0461608403864833,-0.0107235458820447,0.0708740235345026,-0.0461608403864833
60.25,0.164886495110256,0.0260459644346743,0.164756585933378,0.0258186705165531,-0.0659158136035704,-0.0103250852313128,0.0710390114020964,-0.0659158136035704
60.5,0.164772706803104,0.026110670878197,0.164643790616531,0.0258828122898324,-0.0855342326647644,-0.00995508099696286,0.0711724110032152,-0.0855342326647644
60.75,0.164658637244909,0.0261748802121839,0.164530716503019,0.025946461291675,-0.105017173688125,-0.00961209059886507,0.0712764102438169,-0.105017173688125
61,0.16454428860739,0.0262385912141819,0.16441736574561,0.0260096163102957,-0.124365753577401,-0.00929463273619984,0.0713531623418337,-0.124365753577401
61.25,0.164429663067582,0.0263018026712252,0.16430374050234,0.0260722761433139,-0.143581129395378,-0.00900118802105126,0.0714047852054377,-0.143581129395378
61.5,0.164314762807788,0.026364513379859,0.164189842936469,0.0261344395977766,-0.162664497728191,-0.0087301996209918,0.0714333608211467,-0.162664497728191
61.75,0.164199590015545,0.0264267221461616,0.164075675216443,0.0261961054901815,-0.181617094040736,-0.00848007391052894,0.0714409346519594,-0.181617094040736
62,0.164084146883577,0.0264884277857678,0.16396123951585,0.0262572726464986,-0.200440192023334,-0.00824918113125946,0.0714295150456094,-0.200440192023334
62.25,0.163968435609753,0.0265496291238913,0.163846538013382,0.0263179399021936,-0.219135102929795,-0.00803585606058681,0.0714010726530676,-0.219135102929795
62.5,0.163852458397051,0.0266103249953466,0.163731572892789,0.0263781061022494,-0.237703174907027,-0.00783839868884896,0.0713575398574017,-0.237703174907027
62.75,0.163736217453509,0.0266705142445721,0.163616346342842,0.0264377701011882,-0.256145792316343,-0.00765507490471394,0.0713008102131481,-0.256145792316343
63,0.163619714992186,0.026730195725651,0.163500860557288,0.0264969307630935,-0.274464375046614,-0.00748411718867784,0.0712327378962427,-0.274464375046614
63.25,0.163502953231123,0.0267893683023341,0.16338511773481,0.0265555869616315,-0.292660377819434,-0.00732372531452432,0.0711551371646975,-0.292660377819434
63.5,0.163385934393294,0.0268480308480608,0.163269120078985,0.0266137375800729,-0.310735289486443,-0.00717206705858351,0.0710697818300965,-0.310735289486443
63.75,0.16326866070657,0.0269061822459806,0.16315286979824,0.0266713815113136,-0.328690632318955,-0.00702727891662988,0.0709784047399943,-0.328690632318955
64,0.163151134403672,0.026963821388975,0.163036369105814,0.0267285176578964,-0.346527961290075,-0.00688746682827088,0.0708826972713962,-0.346527961290075
64.25,0.163033357722133,0.0270209471796776,0.162919620219712,0.0267851449320312,-0.364248863349441,-0.00675070690865595,0.0707843088353495,-0.364248863349441
64.5,0.162915332904249,0.0270775585304958,0.162802625362664,0.0268412622556165,-0.38185495669077,-0.00661504618735115,0.0706848463927945,-0.38185495669077
64.75,0.162797062197044,0.027133654363631,0.162685386762083,0.0268968685602593,-0.399347890012351,-0.00647850335421229,0.0705858739817426,-0.399347890012351
65,0.162678547852221,0.0271892336110995,0.162567906650025,0.0269519627872957,-0.41672934177067,-0.00633906951209884,0.0704889122559369,-0.41672934177067
65.25,0.162559792126123,0.0272442952147524,0.162450187263139,0.0270065438878111,-0.434001019427315,-0.00619470893625339,0.0703954380349895,-0.434001019427315
65.5,0.162440797279687,0.0272988381262963,0.162332230842635,0.0270606108226599,-0.451164658689344,-0.00604335984019064,0.0703068838662107,-0.451164658689344
65.75,0.162321565578404,0.0273528613073127,0.162214039634233,0.0271141625624857,-0.468222022743265,-0.00588293514791954,0.0702246375981073,-0.468222022743265
66,0.162202099292274,0.027406363729278,0.162095615888121,0.0271671980877405,-0.485174901482815,-0.00571132327233491,0.0701500419657292,-0.485174901482815
66.25,0.162082400695762,0.0274593443735834,0.161976961858919,0.0272197163887044,-0.502025110730693,-0.00552638889960488,0.0700843941878879,-0.502025110730693
66.5,0.161962472067757,0.0275118022315537,0.161858079805627,0.0272717164655047,-0.518774491454433,-0.00532597377938432,0.0700289455763525,-0.518774491454433
66.75,0.161842315691528,0.0275637363044669,0.161738971991589,0.0273231973281347,-0.535424908976579,-0.0051078975206815,0.0699849011571383,-0.535424908976579
67,0.161721933854678,0.0276151456035732,0.161619640684446,0.0273741579964732,-0.551978252179332,-0.00486995839320253,0.0699534193038729,-0.551978252179332
67.25,0.161601328849105,0.0276660291501136,0.161500088156093,0.0274245975003024,-0.568436432703863,-0.00460993413400158,0.0699356113834445,-0.568436432703863
67.5,0.161480502970953,0.0277163859753386,0.161380316682639,0.027474514879327,-0.584801384144446,-0.00432558275925862,0.0699325414138885,-0.584801384144446
67.75,0.161359458520573,0.027766215120527,0.161260328544359,0.0275239091831919,-0.601075061237599,-0.00401464338100916,0.0699452257346467,-0.601075061237599
68,0.161238197802477,0.0278155156370036,0.161140126025656,0.0275727794715008,-0.617259439046411,-0.00367483702864727,0.069974632689289,-0.617259439046411
68.25,0.161116723125295,0.0278642865861577,0.161019711415011,0.0276211248138339,-0.633356512140232,-0.00330386747502443,0.0700216823206791,-0.633356512140232
68.5,0.160995036801729,0.0279125270394607,0.160899087004945,0.0276689442897655,-0.649368293769895,-0.0028994220669635,0.0700872460787146,-0.649368293769895
68.75,0.160873141148511,0.027960236078484,0.160778255091973,0.0277162369888817,-0.665296815038672,-0.00245917256000666,0.0701721465407317,-0.665296815038672
69,0.160751038486359,0.0280074127949161,0.160657217976561,0.0277630020107978,-0.681040323638151,-0.0020437149886778,0.0702128711157585,-0.681040323638151
69.25,0.160628731139931,0.0280540562905803,0.160535977963081,0.0278092384651751,-0.695707814157511,-0.00219473658636703,0.0696694574229753,-0.695707814157511
69.5,0.160506221437784,0.0281001656774519,0.160414537359768,0.0278549454717382,-0.710232823856471,-0.00234734486450545,0.0691308377004973,-0.710232823856471
69.75,0.160383511712325,0.0281457400776745,0.160292898478675,0.0279001221602916,-0.724616834224773,-0.00249977889266019,0.0685989385019091,-0.724616834224773
70,0.16026060429977,0.0281907786235772,0.160171063635632,0.0279447676707361,-0.738861363559009,-0.00265024362128995,0.0680756484430248,-0.738861363559009
70.25,0.1601375015401,0.0282352804576911,0.160049035150199,0.0279888811530858,-0.752967966307833,-0.00279691054181096,0.0675628176428866,-0.752967966307833
70.5,0.160014205777013,0.0282792447327653,0.159926815345623,0.0280324617674833,-0.766938232408967,-0.00293791835478237,0.0670622571748524,-0.766938232408967
70.75,0.159890719357884,0.0283226706117835,0.159804406548791,0.0280755086842168,-0.780773786618241,-0.00307137364606774,0.0665757385278947,-0.780773786618241
71,0.159767044633715,0.0283655572679795,0.159681811090191,0.0281180210837349,-0.794476287830692,-0.0031953515708211,0.0661049930782037,-0.794476287830692
71.25,0.159643183959095,0.0284079038848532,0.159559031303864,0.0281599981566628,-0.808047428393979,-0.00330789654515344,0.0656517115712292,-0.808047428393979
71.5,0.159519139692153,0.028449709656186,0.15943606952736,0.0282014391038175,-0.821488933414191,-0.0034070229453263,0.065217543614247,-0.821488933414191
71.75,0.159394914194512,0.0284909737860563,0.159312928101694,0.0282423431362233,-0.834802560054242,-0.00349071581432201,0.0648040971795675,-0.834802560054242
72,0.159270509831248,0.0285316954888546,0.159189609371302,0.0282827094751261,-0.847990096824982,-0.00355693157563772,0.0644129381184885,-0.847990096824982
72.25,0.15914592897084,0.0285718739892983,0.159066115683993,0.0283225373520093,-0.861053362869197,-0.00360359875414657,0.064045589686072,-0.861053362869197
72.5,0.159021173985128,0.0286115085224468,0.15894244939091,0.0283618260086072,-0.873994207238628,-0.00362861870387422,0.063703532076887,-0.873994207238628
72.75,0.158896247249267,0.0286505983337156,0.158818612846482,0.0284005746969207,-0.886814508164201,-0.00362986634253045,0.0633882019717846,-0.886814508164201
73,0.158771151141682,0.0286891426788911,0.158694608408376,0.0284387826792305,-0.89951617231959,-0.00360519089263687,0.063100992095794,-0.89951617231959
73.25,0.158645888044023,0.0287271408241444,0.158570438437459,0.0284764492281117,-0.912101134078303,-0.00355241662909362,0.0628432507872577,-0.912101134078303
73.5,0.158520460341118,0.0287645920460458,0.158446105297749,0.0285135736264476,-0.924571354764435,-0.00346934363302163,0.0626162815782728,-0.924571354764435
73.75,0.15839487042093,0.0288014956315779,0.158321611356368,0.028550155167443,-0.936928821897251,-0.0033537485517191,0.0624213427865321,-0.936928821897251
74,0.15826912067451,0.0288378508781496,0.158196958983503,0.0285861931546381,-0.94917554842977,-0.00320338536456937,0.0622596471186772,-0.94917554842977
74.25,0.158143213495952,0.0288736570936094,0.158072150552354,0.0286216869019218,-0.961313571981509,-0.00301598615473392,0.0621323612852005,-0.961313571981509
74.5,0.158017151282348,0.0289089135962587,0.157947188439094,0.0286566357335441,-0.973344954065553,-0.00278926188646619,0.0620406056270099,-0.973344954065553
74.75,0.157890936433739,0.0289436197148644,0.157822075022822,0.0286910389841296,-0.985271779310121,-0.00252090318787881,0.0619854537537174,-0.985271779310121
75,0.157764571353076,0.028977774788672,0.157696812685517,0.0287248959986902,-0.997096154674793,-0.00220858113899583,0.0619679321937605,-0.997096154674793
75.25,0.157638058446166,0.0290113781674183,0.157571403811993,0.028758206132637,-1.00882020866156,-0.00184994806492212,0.0619890200563817,-1.00882020866156
75.5,0.157511400121633,0.0290444292113432,0.157445850789855,0.0287909687517931,-1.02044609052089,-0.00144263833395899,0.0620496487055684,-1.02044609052089
75.75,0.15738459879087,0.0290769272912026,0.15732015600945,0.0288231832324054,-1.03197596945296,-0.000984269160495422,0.0621507014460285,-1.03197596945296
76,0.15725765686799,0.0291088717882799,0.157194321863827,0.0288548489611567,-1.0434120338042,-0.000472441412502449,0.0622930132212578,-1.0434120338042
76.25,0.157130576769785,0.0291402620943978,0.157068350748686,0.0288859653351772,-1.05475649025942,9.5259576540838e-05,0.0624773703237469,-1.05475649025942
76.5,0.157003360915677,0.0291710976119303,0.156942245062335,0.0289165317620559,-1.06855629337999,0.00233516433146278,0.0625458852920748,-1.06855629337999
76.75,0.156876011727672,0.0292013777538135,0.156816007205646,0.0289465476598521,-1.08547056576072,0.00666457396882017,0.0623988685402193,-1.08547056576072
77,0.156748531630316,0.0292311019435571,0.156689639582004,0.0289760124571065,-1.10244020124771,0.0111433289909471,0.062202717973881,-1.10244020124771
77.25,0.156620923050645,0.0292602696152554,0.156563144597268,0.0290049255928517,-1.11946597737956,0.0157724447448108,0.061954975864537,-1.11946597737956
77.5,0.156493188418143,0.029288880213598,0.156436524659719,0.0290332865166232,-1.13654862960928,0.0205528926979669,0.061653156142288,-1.13654862960928
77.75,0.156365330164693,0.0293169331938804,0.156309782180018,0.0290610946884701,-1.14742628325312,0.0214566346638793,0.0605921426584168,-1.14742628325312
78,0.156237350724533,0.0293444280220142,0.15618291957116,0.0290883495789649,-1.15468430491166,0.0201419348075552,0.0591772372986292,-1.15468430491166
78.25,0.156109252534205,0.0293713641745375,0.156055939248426,0.0291150506692135,-1.16185716933287,0.0188823744176759,0.0578308755624495,-1.16185716933287
78.5,0.155981038032516,0.0293977411386249,0.155928843629339,0.0291411974508659,-1.16894718577837,0.0176804232970964,0.0565534306851829,-1.16894718577837
78.75,0.155852709660484,0.0294235584120969,0.155801635133614,0.0291667894261249,-1.17595667201765,0.0165385570824095,0.0553452291514125,-1.17595667201765
79,0.155724269861296,0.0294488155034299,0.15567431618312,0.0291918261077563,-1.18288795357157,0.0154592564844642,0.0542065505798504,-1.18288795357157
79.25,0.155595721080262,0.0294735119317653,0.155546889201825,0.0292163070190977,-1.18974336295415,0.0144450065272345,0.0531376276194718,-1.18974336295415
79.5,0.155467065764764,0.0294976472269186,0.155419356615755,0.0292402316940679,-1.1965252389129,0.0134982957851957,0.0521386458568878,-1.1965252389129
79.75,0.155338306364215,0.0295212209293887,0.155291720852947,0.0292635996771755,-1.2032359256677,0.012621615619372,0.0512097437350179,-1.2032359256677
80,0.155209445330008,0.0295442325903662,0.155163984343402,0.0292864105235278,-1.20987777214846,0.0118174594122132,0.0503510124830921,-1.20987777214846
80.25,0.155080485115471,0.0295666817717423,0.155036149519039,0.0293086637988392,-1.21645313123177,0.0110883218014548,0.0495624960579477,-1.21645313123177
80.5,0.15495142817582,0.0295885680461169,0.154908218813648,0.0293303590794394,-1.22296435897657,0.0104366979131349,0.0488441910966897,-1.22296435897657
80.75,0.154822276968115,0.029609890996807,0.154780194662846,0.0293514959522815,-1.22941381385916,0.0098650825939118,0.0481960468807029,-1.22941381385916
81,0.154693033951207,0.0296306502178541,0.154652079504029,0.02937207401495,-1.23580385600754,0.00937596964285752,0.0476179653110162,-1.23580385600754
81.25,0.154563701585697,0.0296508453140328,0.154523875776323,0.0293920928756681,-1.24213684643543,0.00897185104287687,0.0471098008950396,-1.24213684643543
81.5,0.154434282333888,0.0296704759008575,0.154395585920544,0.0294115521533057,-1.24841514627593,0.00865521619191908,0.0466713607446844,-1.24841514627593
81.75,0.154304778659735,0.0296895416045901,0.154267212379144,0.0294304514773861,-1.25464111601515,0.00842855113414262,0.0463024045858585,-1.25464111601515
82,0.154175193028802,0.0297080420622471,0.154138757596173,0.0294487904880935,-1.26081711472586,0.00829433779118878,0.0460026447793437,-1.26081711472586
82.25,0.154045527908212,0.0297259769216065,0.154010224017222,0.0294665688362795,-1.26694549930141,0.00825505319373082,0.045771746353041,-1.26694549930141
82.5,0.153915785766602,0.0297433458412143,0.153881614089387,0.02948378618347,-1.27302862368993,0.00831316871345686,0.0456093270456094,-1.27302862368993
82.75,0.153785969074075,0.0297601484903914,0.153752930261214,0.0295004422018716,-1.27906883812924,0.00847114929564674,0.0455149573614591,-1.27906883812924
83,0.153656080302154,0.0297763845492397,0.153624174982659,0.0295165365743776,-1.28506848838228,0.00873145269250438,0.0454881606371143,-1.28506848838228
83.25,0.153526121923735,0.0297920537086478,0.153495350705037,0.0295320689945743,-1.29102991497353,0.00909652869740518,0.0455284131189259,-1.29102991497353
83.5,0.153396096413037,0.0298071556702976,0.153366459880976,0.029547039166747,-1.29695545242643,0.00956881838022664,0.0456351440521379,-1.29695545242643
83.75,0.153266006245559,0.0298216901466696,0.153237504964371,0.0295614468058851,-1.30284742850192,0.0101507533238991,0.0458077357812375,-1.30284742850192
84,0.15313585389803,0.0298356568610482,0.153108488410339,0.0295752916376879,-1.30870816343844,0.0108447548623752,0.0460455238616761,-1.30870816343844
84.25,0.153005641848362,0.0298490555475273,0.152979412675167,0.0295885733985698,-1.3145399691933,0.0116532333201351,0.0463477971828197,-1.3145399691933
84.5,0.152875372575607,0.0298618859510154,0.152850280216274,0.0296012918356652,-1.32034514868585,0.0125785872534216,0.0467137981022091,-1.32034514868585
84.75,0.152745048559902,0.0298741478272399,0.152721093492153,0.0296134467068334,-1.32612599504233,0.0136232026933449,0.0471427225910496,-1.32612599504233
85,0.15261467228243,0.0298858409427524,0.152591854962335,0.0296250377806632,-1.33188479084286,0.0147894523910218,0.0476337203909251,-1.33188479084286
85.25,0.152484246225366,0.0298969650749328,0.152462567087335,0.0296360648364772,-1.33762380737045,0.0160796950649079,0.0481858951816994,-1.33762380737045
85.5,0.152353772871835,0.0299075200119938,0.152333232328607,0.0296465276643361,-1.34334530386231,0.0174962746504813,0.0487983047605877,-1.34334530386231
85.75,0.152223254705862,0.0299175055529846,0.152203853148498,0.0296564260650429,-1.34905152676375,0.0190415195524342,0.0494699612323532,-1.34905152676375
86,0.152092694212324,0.0299269215077947,0.152074432010203,0.0296657598501463,-1.3523708724064,0.0193889959921852,0.0442670830570206,-1.3523708724064
86.25,0.151962093876904,0.0299357676971581,0.151944971377712,0.0296745288419443,-1.3535919711204,0.0186371744409988,0.0343146830158583,-1.3535919711204
86.5,0.151831456186046,0.029944043952656,0.151815473715769,0.0296827328734881,-1.3545711697974,0.0178070153729218,0.024370464031352,-1.3545711697974
86.75,0.151700783626901,0.0299517501167205,0.151685941489825,0.0296903717885848,-1.35530869843545,0.0168987832335462,0.0144368743226021,-1.35530869843545
87,0.151570078687288,0.0299588860426372,0.151556377165984,0.0296974454418003,-1.35580482409693,0.0159127764181863,0.00451635739476409,-1.35580482409693
87.25,0.15143934385564,0.0299654515945485,0.151426783210966,0.0297039536984626,-1.35605985083231,0.0148493271949705,-0.00538864845743612,-1.35605985083231
87.5,0.15130858162096,0.0299714466474557,0.151297162092052,0.0297098964346638,-1.356074119597,0.0137088016211824,-0.0152757106450196,-1.356074119597
87.75,0.151177794472772,0.0299768710872217,0.151167516277041,0.0297152735372627,-1.35584800816141,0.0124915994528684,-0.0251424027788428,-1.35584800816141
88,0.151046984901075,0.0299817248105729,0.151037848234204,0.0297200849038872,-1.35538193101432,0.0111981540477329,-0.0349863051623347,-1.35538193101432
88.25,0.150916155396295,0.0299860077251014,0.150908160432232,0.0297243304429357,-1.35315087111343,0.00870639781423601,-0.0422625301968609,-1.35315087111343
88.5,0.150785308449236,0.0299897197492667,0.150778455340195,0.0297280100735792,-1.34517077907391,0.00211821168748581,-0.0400513822571793,-1.34517077907391
88.75,0.150654446551037,0.0299928608123973,0.15064873542749,0.0297311237257629,-1.33723861672258,-0.00427912417727658,-0.0378373405244246,-1.33723861672258
89,0.150523572193118,0.0299954308546917,0.150519003163798,0.0297336713402074,-1.33009145447267,-0.00997905776156811,-0.0357620302478505,-1.33009145447267
89.25,0.15039268786714,0.0299974298272202,0.150389261019033,0.0297356528684097,-1.33029007780722,-0.0104735702439601,-0.0351331638047894,-1.33029007780722
89.5,0.150261796064951,0.0299988576919251,0.1502595114633,0.0297370682726445,-1.33035085043905,-0.0109150992733029,-0.0345952107054769,-1.33035085043905
89.75,0.150130899278542,0.029999714421622,0.150129756966843,0.0297379175259644,-1.33027138558288,-0.0113060220717642,-0.0341465872317104,-1.33027138558288
90,0.15,0.03,0.15,0.0297382006122008,-1.33004933066667,-0.0116486852816832,-0.0337856665402834,-1.33004933066667
90.25,0.149869100721458,0.029999714421622,0.149870243033157,0.0297379175259644,-1.32968236800567,-0.0119454042915889,-0.0335107792021914,-1.32968236800567
90.5,0.149738203935049,0.0299988576919251,0.1497404885367,0.0297370682726445,-1.32916821546839,-0.0121984625703233,-0.0333202137516345,-1.32916821546839
90.75,0.14960731213286,0.0299974298272202,0.149610738980967,0.0297356528684097,-1.32850462713415,-0.0124101110094082,-0.0332122172446805,-1.32850462713415
91,0.149476427806882,0.0299954308546917,0.149480996836202,0.0297336713402074,-1.32768939394231,-0.0125825672737874,-0.0331849958274722,-1.32768939394231
91.25,0.149345553448963,0.0299928608123973,0.14935126457251,0.0297311237257629,-1.32672034433278,-0.0127180151610811,-0.0332367153138795,-1.32672034433278
91.5,0.149214691550764,0.0299897197492667,0.149221544659805,0.0297280100735792,-1.32559534487796,-0.0128186039694796,-0.0333655017724383,-1.32559534487796
91.75,0.149083844603705,0.0299860077251014,0.149091839567768,0.0297243304429357,-1.32431230090571,-0.0128864478744091,-0.0335694421224946,-1.32431230090571
92,0.148953015098925,0.0299817248105729,0.148962151765796,0.0297200849038872,-1.32286915711347,-0.012923625314097,-0.0338465847393911,-1.32286915711347
92.25,0.148822205527228,0.0299768710872217,0.148832483722959,0.0297152735372627,-1.32126389817319,-0.0129321783841604,-0.0341949400685811,-1.32126389817319
92.5,0.14869141837904,0.0299714466474557,0.148702837907948,0.0297098964346638,-1.3194945493271,-0.0129141122413466,-0.034612481248566,-1.3194945493271
92.75,0.14856065614436,0.0299654515945485,0.148573216789034,0.0297039536984626,-1.31755917697413,-0.0128713945165441,-0.0350971447424724,-1.31755917697413
93,0.148429921312712,0.0299588860426372,0.148443622834016,0.0296974454418003,-1.31545588924681,-0.0128059547371875,-0.0356468309781966,-1.31545588924681
93.25,0.148299216373099,0.0299517501167205,0.148314058510175,0.0296903717885848,-1.3131828365787,-0.0127196837591745,-0.0362594049969336,-1.3131828365787
93.5,0.148168543813954,0.029944043952656,0.148184526284231,0.0296827328734881,-1.31073821226201,-0.012614433208411,-0.0369326971099761,-1.31073821226201
93.75,0.148037906123096,0.0299357676971581,0.148055028622288,0.0296745288419443,-1.30812025299548,-0.0124920149321029,-0.0376645035636591,-1.30812025299548
94,0.147907305787676,0.0299269215077947,0.147925567989797,0.0296657598501463,-1.30532723942229,-0.0123542004599039,-0.038452587212279,-1.30532723942229
94.25,0.147776745294138,0.0299175055529846,0.147796146851502,0.0296564260650429,-1.30235749665798,-0.0122027204750331,-0.0392946781988732,-1.30235749665798
94.5,0.147646227128165,0.0299075200119938,0.147666767671393,0.0296465276643361,-1.29920939480812,-0.0120392642954733,-0.0401884746437142,-1.29920939480812
94.75,0.147515753774634,0.0298969650749328,0.147537432912665,0.0296360648364772,-1.29588134947589,-0.0118654793653516,-0.041131643340353,-1.29588134947589
95,0.14738532771757,0.0298858409427524,0.147408145037665,0.0296250377806632,-1.29237182225914,-0.0116829707566174,-0.0421218204591072,-1.29237182225914
95.25,0.147254951440098,0.0298741478272399,0.147278906507847,0.0296134467068334,-1.28867932123707,-0.0114933006811125,-0.0431566122578085,-1.28867932123707
95.5,0.147124627424393,0.0298618859510154,0.147149719783726,0.0296012918356652,-1.28480240144632,-0.0112979880131389,-0.0442335957996787,-1.28480240144632
95.75,0.146994358151638,0.0298490555475273,0.147020587324833,0.0295885733985698,-1.27949906449175,-0.0119409889643771,-0.0440385235468723,-1.27949906449175
96,0.14686414610197,0.0298356568610482,0.146891511589661,0.0295752916376879,-1.27306837436238,-0.0132094647778217,-0.0428275978853669,-1.27306837436238
96.25,0.146733993754441,0.0298216901466696,0.146762495035629,0.0295614468058851,-1.26654956623661,-0.0143955372670057,-0.0416840952705763,-1.26654956623661
96.5,0.146603903586963,0.0298071556702976,0.146633540119024,0.029547039166747,-1.25994014850607,-0.0155017995679122,-0.0406073550794033,-1.25994014850607
96.75,0.146473878076265,0.0297920537086478,0.146504649294963,0.0295320689945743,-1.25323764745679,-0.0165308301666378,-0.0395966662431109,-1.25323764745679
97,0.146343919697846,0.0297763845492397,0.146375825017341,0.0295165365743776,-1.24643960808924,-0.0174851920774262,-0.03865126753853,-1.24643960808924
97.25,0.146214030925925,0.0297601484903914,0.146247069738786,0.0295004422018716,-1.23954359493364,-0.0183674320252488,-0.0377703478913805,-1.23954359493364
97.5,0.146084214233398,0.0297433458412143,0.146118385910613,0.02948378618347,-1.23254719286059,-0.0191800796330899,-0.0369530466917657,-1.23254719286059
97.75,0.145954472091788,0.0297259769216065,0.145989775982778,0.0294665688362795,-1.22544800788667,-0.0199256466141175,-0.0361984541216961,-1.22544800788667
98,0.145824806971198,0.0297080420622471,0.145861242403828,0.0294487904880935,-1.21824366797505,-0.0206066259689053,-0.0355056114945739,-1.21824366797505
98.25,0.145695221340265,0.0296895416045901,0.145732787620856,0.0294304514773861,-1.21097654602869,-0.021193305496795,-0.0349108716816599,-1.21097654602869
98.5,0.145565717666112,0.0296704759008575,0.145604414079456,0.0294115521533057,-1.20415921327439,-0.0213189192567337,-0.0348521996048895,-1.20415921327439
98.75,0.145436298414303,0.0296508453140328,0.145476124223677,0.0293920928756681,-1.19716362163878,-0.02143717942326,-0.0348118372533642,-1.19716362163878
99,0.145306966048793,0.0296306502178541,0.145347920495971,0.02937207401495,-1.18998866306465,-0.0215493249880708,-0.0347872296221017,-1.18998866306465
99.25,0.145177723031885,0.029609890996807,0.145219805337154,0.0293514959522815,-1.18263328032214,-0.0216565476467989,-0.03477579671807,-1.18263328032214
99.5,0.14504857182418,0.0295885680461169,0.145091781186352,0.0293303590794394,-1.17509646742303,-0.0217599913821871,-0.0347749343532407,-1.17509646742303
99.75,0.144919514884529,0.0295666817717423,0.144963850480961,0.0293086637988392,-1.16737727002318,-0.0218607520590055,-0.0347820149438573,-1.16737727002318
100,0.144790554669992,0.0295442325903662,0.144836015656598,0.0292864105235278,-1.15947478581311,-0.0219598770307914,-0.0347943883157227,-1.15947478581311
100.25,0.144661693635785,0.0295212209293887,0.144708279147053,0.0292635996771755,-1.15138816489657,-0.0220583647585103,-0.0348093825153868,-1.15138816489657
100.5,0.144532934235236,0.0294976472269186,0.144580643384245,0.0292402316940679,-1.14311661015705,-0.0221571644412082,-0.0348243046270112,-1.14311661015705
100.75,0.144404278919738,0.0294735119317653,0.144453110798175,0.0292163070190977,-1.13465937761217,-0.0222571756587418,-0.0348364415947797,-1.13465937761217
101,0.144275730138704,0.0294488155034299,0.14432568381688,0.0291918261077563,-1.12601577675582,-0.0223592480266656,-0.0348430610506642,-1.12601577675582
101.25,0.144147290339516,0.0294235584120969,0.144198364866386,0.0291667894261249,-1.11718517088802,-0.02246418086335,-0.0348414121473804,-1.11718517088802
101.5,0.144018961967484,0.0293977411386249,0.144071156370661,0.0291411974508659,-1.1081669774324,-0.0225727228694048,-0.0348287263963602,-1.1081669774324
101.75,0.143890747465795,0.0293713641745375,0.143944060751574,0.0291150506692135,-1.09896066824123,-0.0226855718194775,-0.0348022185105591,-1.09896066824123
102,0.143762649275467,0.0293444280220142,0.14381708042884,0.0290883495789649,-1.08956576988796,-0.0228033742665006,-0.0347590872519359,-1.08956576988796
102.25,0.143634669835307,0.0293169331938804,0.143690217819982,0.0290610946884701,-1.07998186394714,-0.0229267252584467,-0.0346965162834142,-1.07998186394714
102.5,0.143506811581857,0.029288880213598,0.143563475340281,0.0290332865166232,-1.07020858726176,-0.0230561680676582,-0.0346116750251533,-1.07020858726176
102.75,0.143379076949355,0.0292602696152554,0.143436855402732,0.0290049255928517,-1.06024563219784,-0.0231921939328214,-0.0345017195149646,-1.06024563219784
103,0.143251468369684,0.0292311019435571,0.143310360417996,0.0289760124571065,-1.05009274688624,-0.0233352418136284,-0.0343637932726655,-1.05009274688624
103.25,0.143123988272328,0.0292013777538135,0.143183992794354,0.0289465476598521,-1.03974973545172,-0.0234856981581963,-0.0341950281682173,-1.03974973545172
103.5,0.142996639084323,0.0291710976119303,0.143057754937665,0.0289165317620559,-1.02921645822908,-0.023643896683294,-0.0339925452934586,-1.02921645822908
103.75,0.142869423230215,0.0291402620943978,0.142931649251314,0.0288859653351772,-1.01849283196635,-0.0238101181674233,-0.0337534558372359,-1.01849283196635
104,0.14274234313201,0.0291088717882799,0.142805678136173,0.0288548489611567,-1.00808680472157,-0.0236510788498209,-0.0340910329593666,-1.00808680472157
104.25,0.14261540120913,0.0290769272912026,0.14267984399055,0.0288231832324054,-0.997562558621121,-0.0234571196480054,-0.0344957499594695,-0.997562558621121
104.5,0.142488599878367,0.0290444292113432,0.142554149210145,0.0287909687517931,-0.986881665542997,-0.0232543362362277,-0.0349215229139254,-0.986881665542997
104.75,0.142361941553834,0.0290113781674183,0.142428596188007,0.028758206132637,-0.976042625455977,-0.0230444358552258,-0.0353662434238242,-0.976042625455977
105,0.142235428646924,0.028977774788672,0.142303187314483,0.0287248959986902,-0.965043979960468,-0.0228290872604854,-0.0358277682278306,-0.965043979960468
105.25,0.142109063566261,0.0289436197148644,0.142177924977178,0.0286910389841296,-0.953884312872262,-0.0226099201345035,-0.0363039198477864,-0.953884312872262
105.5,0.141982848717652,0.0289089135962587,0.142052811560906,0.0286566357335441,-0.942562250796631,-0.0223885245086049,-0.0367924872431234,-0.942562250796631
105.75,0.141856786504048,0.0288736570936094,0.141927849447646,0.0286216869019218,-0.931076463692726,-0.0221664501944386,-0.0372912264739673,-0.931076463692726
106,0.14173087932549,0.0288378508781496,0.141803041016497,0.0285861931546381,-0.919425665428079,-0.0219452062252736,-0.0377978613727676,-0.919425665428079
106.25,0.14160512957907,0.0288014956315779,0.141678388643632,0.028550155167443,-0.907608614323156,-0.0217262603072164,-0.0383100842243251,-0.907608614323156
106.5,0.141479539658882,0.0287645920460458,0.141553894702251,0.0285135736264476,-0.895624113685784,-0.0215110382804728,-0.0388255564540887,-0.895624113685784
106.75,0.141354111955977,0.0287271408241444,0.141429561562541,0.0284764492281117,-0.883471012335372,-0.0213009235907684,-0.0393419093245636,-0.883471012335372
107,0.141228848858318,0.0286891426788911,0.141305391591624,0.0284387826792305,-0.87114820511679,-0.0210972567710474,-0.0398567446397014,-0.87114820511679
107.25,0.141103752750733,0.0286505983337156,0.141181387153518,0.0284005746969207,-0.8586546334038,-0.0209013349335525,-0.0403676354570879,-0.8586546334038
107.5,0.140978826014872,0.0286115085224468,0.14105755060909,0.0283618260086072,-0.845989285591939,-0.0207144112724158,-0.0408721268078487,-0.845989285591939
107.75,0.14085407102916,0.0285718739892983,0.140933884316007,0.0283225373520093,-0.833151197580714,-0.0205376945768531,-0.04136773642406,-0.833151197580714
108,0.140729490168752,0.0285316954888546,0.140810390628698,0.0282827094751261,-0.820139453245034,-0.0203723487550761,-0.0418519554735388,-0.820139453245034
108.25,0.140605085805488,0.0284909737860563,0.140687071898306,0.0282423431362233,-0.806953184895748,-0.0202194923690347,-0.0423222493018846,-0.806953184895748
108.5,0.140480860307847,0.028449709656186,0.14056393047264,0.0282014391038175,-0.793591573729222,-0.0200801981800755,-0.0427760581815619,-0.793591573729222
108.75,0.140356816040905,0.0284079038848532,0.140440968696136,0.0281599981566628,-0.78005385026579,-0.019955492705636,-0.0432107980679267,-0.78005385026579
109,0.140232955366285,0.0283655572679795,0.140318188909809,0.0281180210837349,-0.766339294777061,-0.0198463557870645,-0.0436238613620136,-0.766339294777061
109.25,0.140109280642116,0.0283226706117835,0.140195593451209,0.0280755086842168,-0.752447237701911,-0.0197537201686612,-0.0440126176799182,-0.752447237701911
109.5,0.139985794222987,0.0282792447327653,0.140073184654377,0.0280324617674833,-0.738377060051113,-0.0196784710880403,-0.0443744146286345,-0.738377060051113
109.75,0.1398624984599,0.0282352804576911,0.139950964849801,0.0279888811530858,-0.724128193800505,-0.0196214458779054,-0.0447065785881856,-0.724128193800505
110,0.13973939570023,0.0281907786235773,0.139828936364368,0.0279447676707361,-0.709700122272562,-0.0195834335793234,-0.0450064154998667,-0.709700122272562
110.25,0.139616488287675,0.0281457400776745,0.139707101521325,0.0279001221602916,-0.69509238050638,-0.0195651745665892,-0.0452712116604568,-0.69509238050638
110.5,0.139493778562216,0.0281001656774519,0.139585462640232,0.0278549454717382,-0.680304555615863,-0.0195673601837705,-0.0454982345222373,-0.680304555615863
110.75,0.139371268860069,0.0280540562905803,0.139464022036919,0.0278092384651751,-0.665336287136125,-0.0195906323930071,-0.0456847334986293,-0.665336287136125
111,0.139248961513641,0.0280074127949161,0.139342782023439,0.0277630020107978,-0.650187267358006,-0.0196355834346521,-0.0458279407753053,-0.650187267358006
111.25,0.139126858851489,0.027960236078484,0.139221744908027,0.0277162369888817,-0.634857241650562,-0.0197027554993411,-0.0459250721266127,-0.634857241650562
111.5,0.139004963198271,0.0279125270394607,0.139100912995055,0.0276689442897655,-0.619346008771551,-0.019792640412051,-0.0459733277371142,-0.619346008771551
111.75,0.138883276874705,0.0278642865861577,0.138980288584989,0.0276211248138339,-0.603653421165758,-0.0199056793282312,-0.0459698930280897,-0.603653421165758
112,0.138761802197523,0.0278155156370036,0.138859873974344,0.0275727794715008,-0.587779385251134,-0.0200422624420809,-0.0459119394888362,-0.587779385251134
112.25,0.138640541479427,0.027766215120527,0.138739671455641,0.0275239091831919,-0.571723861692648,-0.0202027287070476,-0.0457966255125996,-0.571723861692648
112.5,0.138519497029047,0.0277163859753386,0.138619683317361,0.027474514879327,-0.555486865663817,-0.0203873655685916,-0.0456210972369237,-0.555486865663817
112.75,0.138398671150895,0.0276660291501136,0.138499911843907,0.0274245975003024,-0.539068467095828,-0.0205964087093086,-0.0453824893882941,-0.539068467095828
113,0.138278066145322,0.0276151456035732,0.138380359315554,0.0273741579964732,-0.522468790914174,-0.0208300418064655,-0.0450779261308911,-0.522468790914174
113.25,0.138157684308472,0.0275637363044669,0.138261028008411,0.0273231973281347,-0.50568801726279,-0.0210883963019945,-0.0447045219192407,-0.50568801726279
113.5,0.138037527932243,0.0275118022315537,0.138141920194373,0.0272717164655047,-0.488726381715601,-0.0213715511850196,-0.0442593823546244,-0.488726381715601
113.75,0.137917599304238,0.0274593443735834,0.138023038141081,0.0272197163887044,-0.471584175475397,-0.021679532786977,-0.0437396050450797,-0.471584175475397
114,0.137797900707726,0.027406363729278,0.137904384111879,0.0271671980877405,-0.454261745560066,-0.0220123145893517,-0.0431422804687532,-0.454261745560066
114.25,0.137678434421596,0.0273528613073127,0.137785960365767,0.0271141625624857,-0.436759494976036,-0.022369817044124,-0.0424644928405135,-0.436759494976036
114.5,0.137559202720313,0.0272988381262963,0.137667769157365,0.0270606108226599,-0.418889172946813,-0.0226093586282672,-0.0403098169324575,-0.418889172946813
114.75,0.137440207873877,0.0272442952147524,0.137549812736861,0.0270065438878111,-0.400641874751722,-0.0226540432211622,-0.0363125200151173,-0.400641874751722
115,0.137321452147779,0.0271892336110995,0.137432093349975,0.0269519627872957,-0.382261721225393,-0.0226582162525965,-0.0321448883772443,-0.382261721225393
115.25,0.137202937802956,0.027133654363631,0.137314613237917,0.0268968685602593,-0.367636551616759,-0.0210655737678565,-0.0336635149341328,-0.367636551616759
115.5,0.137084667095751,0.0270775585304958,0.137197374637336,0.0268412622556165,-0.353239479788996,-0.0193505715590587,-0.0357570679704698,-0.353239479788996
115.75,0.136966642277867,0.0270209471796776,0.137080379780288,0.0267851449320312,-0.338680258157467,-0.0176732747876471,-0.03784640432853,-0.338680258157467
116,0.136848865596328,0.026963821388975,0.136963630894186,0.0267285176578964,-0.323957850829034,-0.0160350284666652,-0.0399292481536607,-0.323957850829034
116.25,0.13673133929343,0.0269061822459806,0.13684713020176,0.0266713815113136,-0.309071262915778,-0.0144371389672943,-0.0420032948207747,-0.309071262915778
116.5,0.136614065606706,0.0268480308480607,0.136730879921015,0.0266137375800729,-0.294019541032405,-0.0128808735155132,-0.0440662115515507,-0.294019541032405
116.75,0.136497046768877,0.0267893683023341,0.13661488226519,0.0265555869616315,-0.278801773784676,-0.0113674596977079,-0.0461156380392821,-0.278801773784676
117,0.136380285007814,0.026730195725651,0.136499139442712,0.0264969307630935,-0.263417092248697,-0.0098980849753335,-0.0481491870812532,-0.263417092248697
117.25,0.136263782546491,0.0266705142445721,0.136383653657158,0.0264377701011882,-0.247864670441056,-0.008473896208744,-0.0501644452185019,-0.247864670441056
117.5,0.136147541602949,0.0266103249953467,0.136268427107211,0.0263781061022494,-0.232143725779586,-0.00709599919029653,-0.052158973382877,-0.232143725779586
117.75,0.136031564390247,0.0265496291238913,0.136153461986618,0.0263179399021936,-0.216253519534754,-0.0057654581868261,-0.0541303075512086,-0.216253519534754
118,0.135915853116423,0.0264884277857678,0.13603876048415,0.0262572726464986,-0.200193357271498,-0.00448329549159742,-0.0560759594064915,-0.200193357271498
118.25,0.135800409984455,0.0264267221461616,0.135924324783557,0.0261961054901815,-0.183962589281455,-0.00325049098584103,-0.0579934170059514,-0.183962589281455
118.5,0.135685237192212,0.026364513379859,0.135810157063531,0.0261344395977766,-0.167560611005463,-0.00206798170996745,-0.0598801454558512,-0.167560611005463
118.75,0.135570336932418,0.0263018026712252,0.13569625949766,0.0260722761433139,-0.150986863446246,-0.000936661444550055,-0.0617335875928859,-0.150986863446246
119,0.13545571139261,0.0262385912141819,0.13558263425439,0.0260096163102957,-0.134240833571178,0.000142619698817119,-0.0635511646720567,-0.134240833571178
119.25,0.135341362755091,0.0261748802121839,0.135469283496981,0.025946461291675,-0.117322054705044,0.00116905567669486,-0.0653302770608771,-0.117322054705044
119.5,0.135227293196896,0.026110670878197,0.135356209383469,0.0258828122898324,-0.100230106912712,0.00214188490292152,-0.0670683049397598,-0.100230106912712
119.75,0.135113504889744,0.0260459644346743,0.135243414066622,0.0258186705165531,-0.0829646173715895,0.00306039062759498,-0.0687626090084474,-0.0829646173715895
120,0.135,0.0259807621135332,0.1351308996939,0.0257540371930039,-0.0655252607338292,0.00392390130580784,-0.070410531198373,-0.0655252607338292
120.25,0.134886780688634,0.0259150651561319,0.135018668407414,0.0256889135497102,-0.0479117594781627,0.00473179095608171,-0.0720093953907461,-0.0479117594781627
120.5,0.134773849111179,0.0258488748132458,0.134906722343887,0.0256233008265323,-0.0301238842512893,0.00548347950838581,-0.0735565081402848,-0.0301238842512893
120.75,0.134661207417688,0.0257821923450436,0.134795063634609,0.0255572002726418,-0.012161454198729,0.00617843314167037,-0.0750491594044206,-0.012161454198729
121,0.134548857752698,0.0257150190210634,0.134683694405403,0.0254906131464981,0.00597566271491486,0.00681616461084926,-0.0764846232777995,0.00597566271491486
121.25,0.134436802255184,0.0256473561201884,0.134572616776577,0.025423540715824,0.0242875493963911,0.00739623356312055,-0.0778601587319997,0.0242875493963911
121.5,0.134325043058522,0.0255792049306228,0.13446183286289,0.0253559842575819,0.0427742393249945,0.00791824684359081,-0.0791730103602369,0.0427742393249945
121.75,0.134213582290444,0.0255105667498669,0.134351344773507,0.0252879450579494,0.0614357162645856,0.00838185879008529,-0.0804204091269854,0.0614357162645856
122,0.134102422073004,0.0254414428846928,0.134241154611963,0.0252194244122948,0.0802719139865379,0.00878677151711035,-0.0815995731223001,0.0802719139865379
122.25,0.133991564522532,0.0253718346511192,0.134131264476119,0.0251504236251524,0.0993547368381265,0.00909243197281932,-0.0826399490239835,0.0993547368381265
122.5,0.133881011749595,0.0253017433743866,0.134021676458125,0.0250809440101977,0.119512244586377,0.0088389798272312,-0.0827442210137278,0.119512244586377
122.75,0.13377076585896,0.0252311703889318,0.133912392644379,0.0250109868902225,0.139735863820999,0.00859321383732703,-0.0828478089757162,0.139735863820999
123,0.133660828949549,0.0251601170383627,0.133803415115488,0.0249405535971094,0.160027479042016,0.00835286915355211,-0.0829499727511226,0.160027479042016
123.25,0.133551203114403,0.0250885846754328,0.133694745946225,0.0248696454718069,0.180388960527902,0.00811569375014438,-0.0830499228513494,0.180388960527902
123.5,0.133441890440638,0.025016574662015,0.133586387205497,0.0247982638643035,0.200822163483106,0.00787944928487267,-0.0831468206740304,0.200822163483106
123.75,0.133332893009412,0.0249440883690764,0.133478340956296,0.0247264101336019,0.221328927188828,0.00764191195556644,-0.0832397787321558,0.221328927188828
124,0.133224212895878,0.0248711271766513,0.133370609255668,0.0246540856476938,0.241911074157184,0.00740087335324977,-0.0833278608962583,0.241911074157184
124.25,0.133115852169148,0.0247976924738157,0.133263194154669,0.0245812917835331,0.262570409289035,0.00715414131168968,-0.0834100826495891,0.262570409289035
124.5,0.133007812892255,0.0247237856586605,0.133156097698328,0.02450802992701,0.283308719035542,0.00689954075317416,-0.0834854113563184,0.283308719035542
124.75,0.132900097122111,0.0246494081382649,0.133049321925606,0.0244343014729246,0.304127770563791,0.00663491453033106,-0.0835527665425531,0.304127770563791
125,0.132792706909469,0.0245745613286698,0.132942868869361,0.0243601078249605,0.325029310926503,0.0063581242638039,-0.0836110201902986,0.325029310926503
125.25,0.132685644298883,0.0244992466548504,0.132836740556306,0.0242854503956577,0.346015066236166,0.0060670511755989,-0.0836589970441458,0.346015066236166
125.5,0.132578911328672,0.0244234655506896,0.13273093900697,0.0242103306063861,0.367086740843653,0.00575959691791923,-0.0836954749307402,0.367086740843653
125.75,0.132472510030877,0.0243472194589504,0.132625466235663,0.0241347498873182,0.388246016521602,0.00543368439730407,-0.0837191850908637,0.388246016521602
126,0.132366442431226,0.0242705098312484,0.132520324250433,0.024058709677402,0.409494551652673,0.00508725859388726,-0.0837288125241874,0.409494551652673
126.25,0.132260710549093,0.0241933381280245,0.132415515053034,0.0239822114243333,0.430833980422904,0.00471828737560032,-0.08372299634647,0.430833980422904
126.5,0.13215531639746,0.0241157058185165,0.13231104063888,0.0239052565845288,0.452265912020327,0.00432476230713083,-0.0837003301592998,0.452265912020327
126.75,0.13205026198288,0.0240376143807318,0.132206902997015,0.0238278466230976,0.473791929839019,0.00390469945346498,-0.0836593624321534,0.473791929839019
127,0.131945549305439,0.0239590653014188,0.132103104110068,0.0237499830138137,0.495413590688794,0.00345614017782935,-0.0835985968968167,0.495413590688794
127.25,0.131841180358713,0.0238800600760387,0.131999645954221,0.0236716672390882,0.517132424010681,0.00297715193386087,-0.0835164929539801,0.517132424010681
127.5,0.131737157129738,0.0238006002087371,0.131896530499169,0.0235929007899404,0.538949931098387,0.00246582905182072,-0.0834114660920375,0.538949931098387
127.75,0.131633481598967,0.0237206872123153,0.13179375970808,0.02351368516597,0.560867584325899,0.00192029351868718,-0.0832818883178928,0.560867584325899
128,0.13153015574023,0.0236403226082017,0.131691335537562,0.0234340218753283,0.583685410894629,0.000981506947522054,-0.08204623122253,0.583685410894629
128.25,0.131427181520705,0.0235595079264223,0.131589259937624,0.0233539124346895,0.60671753499526,-3.36399635657986e-05,-0.0805936615303055,0.60671753499526
128.5,0.131324560900871,0.0234782447055724,0.131487534851639,0.0232733583692218,0.629904470574088,-0.00109779795081573,-0.0789985697203067,0.629904470574088
128.75,0.131222295834478,0.0233965344927865,0.131386162216305,0.0231923612125587,0.653244738326451,-0.00220990889536286,-0.0772581243876311,0.653244738326451
129,0.131120388268505,0.0233143788437091,0.131285143961611,0.0231109225067691,0.676736805848794,-0.00336886358571803,-0.0753695036525883,0.676736805848794
129.25,0.131018840143125,0.0232317793224656,0.131184482010799,0.0230290438023287,0.700379087699406,-0.00457350177044159,-0.0733298959827536,0.700379087699406
129.5,0.130917653391667,0.0231487375016316,0.131084178280328,0.0229467266580899,0.724169945471126,-0.00582261222276952,-0.0711365010148241,0.724169945471126
129.75,0.130816829940582,0.0230652549622038,0.130984234679836,0.0228639726412526,0.748107687876171,-0.00711493281728929,-0.0687865303761996,0.748107687876171
130,0.130716371709404,0.0229813332935693,0.130884653112105,0.0227807833273338,0.772190570842948,-0.00844915061859884,-0.0662772085060559,0.772190570842948
130.25,0.130616280610711,0.0228969740934759,0.130785435473024,0.0226971603001384,0.796416797624958,-0.00982390198199713,-0.0636057734757889,0.796416797624958
130.5,0.130516558550094,0.0228121789680009,0.130686583651555,0.022613105151728,0.820784518921723,-0.0112377726661528,-0.06076947780861,0.820784518921723
130.75,0.130417207426118,0.0227269495315215,0.130588099529693,0.0225286194823917,0.845291833011746,-0.0126892979577964,-0.0577655892981824,0.845291833011746
131,0.130318229130285,0.0226412874066832,0.130489984982435,0.0224437049006147,0.869936785897492,-0.014176962808381,-0.0545913918260743,0.869936785897492
131.25,0.130219625546998,0.0225551942243693,0.130392241877739,0.0223583630230483,0.894717371462406,-0.0156992019827367,-0.051244186177901,0.894717371462406
131.5,0.130121398553528,0.0224686716236701,0.130294872076494,0.0222725954744788,0.919631531639929,-0.0172544002196888,-0.0477212908579687,0.919631531639929
131.75,0.130023550019975,0.022381721251851,0.130197877432481,0.0221864038877968,0.944677156594473,-0.0188408924046168,-0.0440200429022496,0.944677156594473
132,0.129926081809234,0.0222943447643218,0.130101259792337,0.0220997899039657,0.961306569280997,-0.0104017929488448,-0.0347664296811193,0.961306569280997
132.25,0.12982899577696,0.022206543824605,0.130005020995523,0.0220127551719911,0.975558586263642,0.000937678958485962,-0.0240072282231795,0.975558586263642
132.5,0.12973229377153,0.0221183201043037,0.129909162874287,0.0219253013488886,0.989700199167621,0.0125071107682525,-0.0132001199139352,0.989700199167621
132.75,0.129635977634012,0.0220296752830706,0.12981368725363,0.0218374300996532,1.00059237187786,0.00745439571882278,-0.0107322578708679,1.00059237187786
133,0.129540049198125,0.0219406110485751,0.129718595951269,0.0217491430972266,0.999824407839804,0.000514159344213165,-0.0027720099794821,0.999824407839804
133.25,0.129444510290209,0.021851129096472,0.129623890777607,0.0216604420224661,0.99095962562771,0.0046447875941354,-0.00260453969156624,0.99095962562771
133.5,0.129349362729187,0.0217612311303686,0.129529573535693,0.0215713285641124,0.99088739314423,0.0200271369856525,-0.00185401470952757,0.99088739314423
133.75,0.129254608326532,0.0216709188617927,0.129435646021191,0.0214818044187573,0.996118064979282,0.0325710978847488,-0.00441571357203755,0.996118064979282
134,0.12916024888623,0.0215801940101595,0.129342110022346,0.0213918712908113,1.01741674244022,0.0365445990952142,-0.0164824985955259,1.01741674244022
134.25,0.12906628620475,0.0214890583027396,0.129248967319948,0.0213015308924717,1.03880959212392,0.0403161042806365,-0.0283210993481367,1.03880959212392
134.5,0.128972722071004,0.0213975134746254,0.129156219687301,0.0212107849436894,1.06029222006973,0.0438895283086108,-0.0399304192858992,1.06029222006973
134.75,0.128879558266321,0.0213055612686986,0.129063868890185,0.0211196351721365,1.0818602297932,0.0472687906324851,-0.0513094270872616,1.0818602297932
135,0.128786796564404,0.0212132034355964,0.128971916686827,0.0210280833131732,1.10383033147505,0.0499916024853057,-0.0618475245736578,1.10383033147505
135.25,0.128694438731301,0.021120441733679,0.128880364827864,0.0209361311098149,1.12899439573648,0.0479733286438999,-0.0660738087202028,1.12899439573648
135.5,0.128602486525375,0.0210272779289955,0.128789215056311,0.0208437803126991,1.15322794939373,0.0463363398324491,-0.0686867993861783,1.15322794939373
135.75,0.12851094169726,0.0209337137952504,0.128698469107528,0.0207510326800518,1.17672437355085,0.0450179537048545,-0.0701046465706823,1.17672437355085
136,0.12841980598984,0.0208397511137699,0.128608128709189,0.0206578899776542,1.2000991450369,0.0437596181790578,-0.071427188552874,1.2000991450369
136.25,0.128329081138207,0.0207453916734681,0.128518195581243,0.0205643539788092,1.22335214086624,0.0425610351756396,-0.0726573649331486,1.22335214086624
136.5,0.128238768869631,0.0206506372708126,0.128428671435888,0.0204704264643072,1.24648329574787,0.0414218501013562,-0.0737980990440676,1.24648329574787
136.75,0.128148870903528,0.0205554897097908,0.128339557977534,0.0203761092223929,1.26949260172708,0.0403416522155238,-0.074852297027071,1.26949260172708
137,0.128059388951425,0.020459950801875,0.128250856902773,0.0202814040487306,1.29238010781333,0.0393199750100787,-0.0758228469153805,1.29238010781333
137.25,0.127970324716929,0.0203640223659883,0.128162569900347,0.0201863127463701,1.31514591959459,0.0383562966031745,-0.0767126177232174,1.31514591959459
137.5,0.127881679895696,0.0202677062284698,0.128074698651111,0.0200908371257129,1.33779019883828,0.0374500401462143,-0.0775244585415492,1.33779019883828
137.75,0.127793456175395,0.0201710042230401,0.127987244828009,0.0199949790044772,1.36031316307868,0.0366005742442894,-0.0782611976405908,1.36031316307868
138,0.127705655235678,0.0200739181907658,0.127900210096034,0.0198987402076633,1.38271508519118,0.0358072133898479,-0.0789256415792024,1.38271508519118
138.25,0.127618278748149,0.019976449980025,0.127813596112203,0.0198021225675193,1.40499629295328,0.0350692184095227,-0.079520574321387,1.40499629295328
138.5,0.12753132837633,0.0198786014464721,0.127727404525521,0.0197051279235058,1.42715716859259,0.0343857969240055,-0.0800487563600792,1.42715716859259
138.75,0.127444805775631,0.0197803744530021,0.127641636976952,0.0196077581222609,1.44919814832174,0.0337561038208787,-0.0805129238484142,1.44919814832174
139,0.127358712593317,0.0196817708697152,0.127556295099385,0.0195100150175654,1.47111972186059,0.0331792417402525,-0.0809157877386377,1.47111972186059
139.25,0.127273050468479,0.0195827925738817,0.127471380517608,0.019411900470307,1.49292243194561,0.032654261573124,-0.081260032928853,1.49292243194561
139.5,0.127187821031999,0.0194834414499055,0.127386894848272,0.0193134163484453,1.51460687382666,0.0321801629723231,-0.0815483174177739,1.51460687382666
139.75,0.127103025906524,0.0193837193892889,0.127302839699862,0.019214564526976,1.53617369475128,0.0317558948759507,-0.0817832714676838,1.53617369475128
140,0.127018666706431,0.0192836282905962,0.127219216672666,0.0191153468878954,1.55762359343656,0.031380356043178,-0.0819674967757649,1.55762359343656
140.25,0.126934745037796,0.0191831700594175,0.127136027358747,0.0190157653201641,1.57895731952886,0.0310523956022296,-0.0821035656539237,1.57895731952886
140.5,0.126851262498368,0.0190823466083329,0.12705327334191,0.0189158217196718,1.60017567305123,0.0307708136105448,-0.0821940202173994,1.60017567305123
140.75,0.126768220677534,0.0189811598568755,0.126970956197671,0.0188155179892006,1.62127950383898,0.0305343616268616,-0.0822413715822048,1.62127950383898
141,0.126685621156291,0.0188796117314951,0.126889077493231,0.0187148560383888,1.64226971096334,0.0303417432951461,-0.0822480990716176,1.64226971096334
141.25,0.126603465507214,0.0187777041655218,0.126807638787441,0.0186138377836949,1.66314724214332,0.0301916149402722,-0.08221664943193,1.66314724214332
141.5,0.126521755294428,0.0186754390991286,0.126726641630778,0.0185124651483609,1.68391309314604,0.0300825861752424,-0.0821494360575503,1.68391309314604
141.75,0.126440492073578,0.018572818479295,0.126646087565311,0.0184107400623756,1.70456830717558,0.0300132205198568,-0.0820488382256557,1.70456830717558
142,0.126359677391798,0.0184698442597698,0.126565978124672,0.018308664462438,1.7251139742505,0.0299820360306836,-0.0819172003405619,1.7251139742505
142.25,0.126279312787685,0.0183665184010335,0.12648631483403,0.0182062402919204,1.74555123057017,0.0299875059421765,-0.0817568311879484,1.74555123057017
142.5,0.126199399791263,0.0182628428702616,0.12640709921006,0.0181034695008314,1.76588125787005,0.0300280593188285,-0.0815700031991393,1.76588125787005
142.75,0.126119939923961,0.0181588196412868,0.126328332760912,0.0180003540457787,1.78610528276614,0.0301020817181516,-0.0813589517255173,1.78610528276614
143,0.126040934698581,0.0180544506945614,0.126250016986186,0.0178968958899319,1.80622457608862,0.030207915864396,-0.0811258743232998,1.80622457608862
143.25,0.125962385619268,0.0179497380171198,0.126172153376902,0.0177930970029852,1.82624045220497,0.0303438623328276,-0.0808729300487882,1.82624045220497
143.5,0.125884294181483,0.0178446836025402,0.126094743415471,0.0176889593611198,1.84615426833253,0.0305081802444339,-0.0806022387642786,1.84615426833253
143.75,0.125806661871976,0.0177392894509075,0.126017788575667,0.0175844849469662,1.86596742384095,0.0306990879708503,-0.0803158804546953,1.86596742384095
144,0.125729490168752,0.0176335575687742,0.125941290322598,0.0174796757495667,1.88568135954435,0.0309147638494152,-0.0800158945551932,1.88568135954435
144.25,0.12565278054105,0.017527489969123,0.125865250112682,0.0173745337643373,1.90529755698362,0.0311533469081696,-0.0797042792898311,1.90529755698362
144.5,0.12557653444931,0.0174210886713282,0.125789669393614,0.0172690609930299,1.92481753769885,0.0314129376006118,-0.0793829910214151,1.92481753769885
144.75,0.12550075334515,0.017314355701117,0.125714549604342,0.017163259443694,1.94424286249219,0.0316915985500782,-0.0790539436127013,1.94424286249219
145,0.12542543867133,0.0172072930905314,0.12563989217504,0.0170571311306387,1.96357513068113,0.031987355303585,-0.0787190077990876,1.96357513068113
145.25,0.125350591861735,0.0170999028778891,0.125565698527075,0.0169506780743939,1.98281597934254,0.032298197094964,-0.0783800105729362,1.98281597934254
145.5,0.12527621434134,0.016992187107745,0.12549197007299,0.0168439023016725,2.00196708254754,0.032622077617079,-0.0780387345795835,2.00196708254754
145.75,0.125202307526184,0.0168841478308521,0.125418708216467,0.0167368058453311,2.02103015058745,0.0329569158030192,-0.0776969175252632,2.02103015058745
146,0.125128872823349,0.0167757871041224,0.125345914352306,0.0166293907443321,2.04000692919078,0.0333005966160761,-0.0773562515970525,2.04000692919078
146.25,0.125055911630924,0.0166671069905881,0.125273589866398,0.0165216590437041,2.05889919873182,0.03365097184828,-0.0770183828948619,2.05889919873182
146.5,0.124983425337985,0.0165581095593617,0.125201736135697,0.0164136127945033,2.07770877343055,0.0340058609274148,-0.0766849108757686,2.07770877343055
146.75,0.124911415324567,0.0164487968855974,0.125130354528193,0.0163052540537747,2.09643750054447,0.0343630517322328,-0.0763573878106161,2.09643750054447
147,0.124839882961637,0.0163391710504508,0.125059446402891,0.0161965848845124,2.11508725955216,0.0347203014157793,-0.0760373182531747,2.11508725955216
147.25,0.124768829611068,0.0162292341410398,0.124989013109778,0.0160876073556207,2.13365996132904,0.035075337236579,-0.0757261585218347,2.13365996132904
147.5,0.124698256625613,0.0161189882504047,0.124919055989802,0.0159783235418748,2.15215754731537,0.0354258573975496,-0.0754253161940481,2.15215754731537
147.75,0.124628165348881,0.0160084354774684,0.124849576374848,0.0158687355238809,2.17058198867663,0.0357695318924279,-0.0751361496135542,2.17058198867663
148,0.124558557115307,0.0158975779269961,0.124780575587705,0.0157588453880369,2.18893528545661,0.0361040033595509,-0.0748599674105628,2.18893528545661
148.25,0.124489433250133,0.0157864177095561,0.124712054942051,0.0156486552264926,2.20721946572329,0.0364268879427634,-0.0745980280348946,2.20721946572329
148.5,0.124420795069377,0.0156749569414785,0.124644015742418,0.0155381671371099,2.22543658470774,0.0367357761593251,-0.0743515393023296,2.22543658470774
148.75,0.124352643879812,0.0155631977448157,0.124576459284176,0.0154273832234227,2.24358872393613,0.0370282337745745,-0.0741216579541275,2.24358872393613
149,0.124284980978937,0.0154511422473016,0.124509386853502,0.0153163055945969,2.26167799035526,0.0373018026831808,-0.0739094892298754,2.26167799035526
149.25,0.124217807654956,0.0153387925823116,0.124442799727358,0.0152049363653907,2.27970651545156,0.0375540017967948,-0.0737160864537563,2.27970651545156
149.5,0.124151125186754,0.0152261508888211,0.124376699173468,0.0150932776561134,2.29767645436391,0.0377823279379044,-0.0735424506343274,2.29767645436391
149.75,0.124084934843868,0.0151132193113658,0.12431108645029,0.0149813315925861,2.31558998499039,0.0379842567396929,-0.0733895300778847,2.31558998499039
150,0.124019237886467,0.015,0.124245962806996,0.0148691003061004,2.33344930708922,0.0381572435517069,-0.0732582200154904,2.33344930708922
150.25,0.123954035565326,0.0148864951102562,0.124181329483447,0.0147565859333782,2.35125664137402,0.0382987243511498,-0.073149362243793,2.35125664137402
150.5,0.123889329121803,0.014772706803104,0.124117187710168,0.014643790616531,2.36901422860367,0.0384061166595836,-0.0730637447796576,2.36901422860367
150.75,0.123825119787816,0.0146586372449086,0.124053538708325,0.0145307165030191,2.38672432866686,0.0384768204648558,-0.0730021015287341,2.38672432866686
151,0.123761408785818,0.0145442886073901,0.123990383689704,0.0144173657456105,2.40438921966164,0.0385082191480417,-0.0729651119680028,2.40438921966164
151.25,0.123698197328775,0.0144296630675816,0.123927723856686,0.0143037405023403,2.42201119697011,0.038497680415205,-0.0729534008423873,2.42201119697011
151.5,0.123635486620141,0.0143147628077883,0.123865560402223,0.0141898429364693,2.43959257232842,0.0384425572337776,-0.072967537875503,2.43959257232842
151.75,0.123573277853838,0.0141995900155453,0.123803894509819,0.014075675216443,2.4571356728924,0.0383401887733544,-0.0730080374946135,2.4571356728924
152,0.123511572214232,0.0140841468835767,0.123742727353501,0.0139612395158503,2.47464284029889,0.0381879013506904,-0.0730753585698237,2.47464284029889
152.25,0.123450370876109,0.0139684356097533,0.123682060097806,0.0138465380133818,2.49211642972308,0.0379830093787074,-0.073169904167604,2.49211642972308
152.5,0.123389675004653,0.013852458397051,0.123621893897751,0.013731572892789,2.50955880893197,0.0377228163193027,-0.0732920213187084,2.50955880893197
152.75,0.123329485755428,0.0137362174535087,0.123562229898812,0.0136163463428419,2.52697235733422,0.0374046156397509,-0.0734420008005206,2.52697235733422
153,0.123269804274349,0.0136197149921864,0.123503069236907,0.013500860557288,2.54435946502662,0.0370256917724851,-0.0736200769338649,2.54435946502662
153.25,0.123210631697666,0.0135029532311231,0.123444413038368,0.0133851177348101,2.56172253183731,0.036583321078066,-0.0738264273943756,2.56172253183731
153.5,0.123151969151939,0.0133859343932943,0.123386262419927,0.0132691200789848,2.57906396636599,0.0360747728111168,-0.0740611730384424,2.57906396636599
153.75,0.123093817754019,0.01326866070657,0.123328618488686,0.0131528697982402,2.59638618502141,0.0354973100890201,-0.0743243777437716,2.59638618502141
154,0.123036178611025,0.0131511344036723,0.123271482342104,0.0130363691058141,2.61369161105614,0.0348481908631686,-0.0746160482646248,2.61369161105614
154.25,0.122979052820322,0.0130333577221325,0.123214855067969,0.0129196202197118,2.63098267359912,0.0341246688925533,-0.0749361341017366,2.63098267359912
154.5,0.122922441469504,0.0129153329042489,0.123158737744383,0.0128026253626637,2.64826180668596,0.0333239947194896,-0.0752845273870038,2.64826180668596
154.75,0.122866345636369,0.0127970621970437,0.123103131439741,0.0126853867620833,2.66553144828726,0.0324434166472552,-0.0756610627829021,2.66553144828726
155,0.1228107663889,0.012678547852221,0.123048037212704,0.0125679066500245,2.68279403933528,0.0314801817194449,-0.0760655173967333,2.68279403933528
155.25,0.122755704785248,0.0125597921261228,0.122993456112189,0.0124501872631394,2.70005202274904,0.0304315367008128,-0.0764976107096678,2.70005202274904
155.5,0.122701161873704,0.0124407972796872,0.12293938917734,0.0123322308426353,2.71730784245803,0.029294729059408,-0.0769570045206538,2.71730784245803
155.75,0.122647138692687,0.0123215655784043,0.122885837437514,0.0122140396342325,2.73456394242497,0.0280670079497756,-0.077443302905186,2.73456394242497
156,0.122593636270722,0.012202099292274,0.12283280191226,0.0120956158881213,2.75182276566751,0.0267456251970165,-0.0779560521889297,2.75182276566751
156.25,0.122540655626417,0.0120824006957621,0.122780283611296,0.011976961858919,2.76908675327941,0.0253278362814948,-0.0784947409362814,2.76908675327941
156.5,0.122488197768446,0.0119624720677574,0.122728283534495,0.0118580798056273,2.78635834345111,0.0238109013239797,-0.0790587999538205,2.78635834345111
156.75,0.122436263695533,0.011842315691528,0.122676802671865,0.0117389719915891,2.80239363422819,0.02308107534809,-0.0791434152355036,2.80239363422819
157,0.122384854396427,0.0117219338546782,0.122625842003527,0.0116196406844457,2.81672305701782,0.0234765065886962,-0.0785943339430259,2.81672305701782
157.25,0.122333970849886,0.0116013288491046,0.122575402499698,0.0115000881560929,2.83097976678587,0.0238330109041683,-0.0780868945283506,2.83097976678587
157.5,0.122283614024661,0.0114805029709527,0.122525485120673,0.0113803166826386,2.84516614434438,0.0241479292679302,-0.0776220979123166,2.84516614434438
157.75,0.122233784879473,0.011359458520573,0.122476090816808,0.0112603285443591,2.85928459430299,0.0244185809865659,-0.0772008911349665,2.85928459430299
158,0.122184484362996,0.0112381978024774,0.122427220528499,0.0111401260256556,2.87333754416683,0.0246422646072053,-0.0768241669640285,2.87333754416683
158.25,0.122135713413842,0.0111167231252951,0.122378875186166,0.0110197114150106,2.88732744342835,0.0248162588308539,-0.0764927635170885,2.88732744342835
158.5,0.122087472960539,0.0109950368017289,0.122331055710235,0.0108990870049449,2.9012567626535,0.0249378234314655,-0.0762074638975194,2.9012567626535
158.75,0.122039763921516,0.0108731411485111,0.122283763011118,0.0107782550919733,2.91512799256218,0.0250042001805608,-0.0759689958442517,2.91512799256218
159,0.121992587205084,0.010751038486359,0.122236997989202,0.0106572179765612,2.92894364310339,0.025012613777193,-0.0757780313954613,2.92894364310339
159.25,0.12194594370942,0.0106287311399315,0.122190761534825,0.010535977963081,2.94270624252519,0.024960272783056,-0.0756351865662338,2.94270624252519
159.5,0.121899834322548,0.010506221437784,0.122145054528262,0.0104145373597676,2.95641833643962,0.0248443705625532,-0.0755410210403333,2.95641833643962
159.75,0.121854259922325,0.0103835117123248,0.122099877839708,0.0102928984786751,2.97008248688286,0.0246620862276063,-0.0754960378760884,2.97008248688286
160,0.121809221376423,0.0102606042997701,0.122055232329264,0.0101710636356324,2.98370127137082,0.0244105855870089,-0.0755006832264864,2.98370127137082
160.25,0.121764719542309,0.0101375015400998,0.122011118846914,0.0100490351501994,2.99727728195032,0.0240870221001306,-0.0755553460735593,2.99727728195032
160.5,0.121720755267235,0.0100142057770131,0.121967538232517,0.00992681534562258,3.01081312424609,0.0236885378347539,-0.075660357977099,3.01081312424609
160.75,0.121677329388216,0.00989071935788362,0.121924491315783,0.00980440654879072,3.02431141650379,0.0232122644288451,-0.0758159928377562,3.02431141650379
161,0.12163444273202,0.00976704463371471,0.121881978916265,0.00968181109019093,3.03777478862931,0.0226553240560603,-0.076022466674623,3.03777478862931
161.25,0.121592096115147,0.00964318395909485,0.121840001843337,0.009559031303864,3.04800416515281,0.023748957099235,-0.0693676532878786,3.04800416515281
161.5,0.121550290343814,0.00951913969215276,0.121798560896182,0.00943606952736009,3.05769390218014,0.025090886363258,-0.0619846391599462,3.05769390218014
161.75,0.121509026213944,0.00939491419451248,0.121757656863777,0.00931292810169418,3.06715424928905,0.0265157558694677,-0.0545622536629391,3.06715424928905
162,0.121468304511145,0.00927050983124843,0.121717290524874,0.00918960937130153,3.07638492759555,0.0280236372630048,-0.0471037900064147,3.07638492759555
162.25,0.121428126010702,0.00914592897084032,0.121677462647991,0.00906611568399297,3.0853857167748,0.0296145464220296,-0.0396125396478702,3.0853857167748
162.5,0.121388491477553,0.0090211739851282,0.121638173991393,0.00894244939091033,3.09415645499797,0.0312884435246944,-0.0320917914083869,3.09415645499797
162.75,0.121349401666284,0.00889624724926713,0.121599425303079,0.00881861284648153,3.10269703885637,0.0330452331288909,-0.0245448305895365,3.10269703885637
163,0.121310857321109,0.00877115114168211,0.121561217320769,0.00869460840837591,3.11100742327268,0.0348847642647875,-0.0169749380917547,3.11100742327268
163.25,0.121272859175856,0.00864588804402267,0.121523550771888,0.00857043843745917,3.11908762139943,0.0368068305401008,-0.00938538953432862,3.11908762139943
163.5,0.121235407953954,0.00852046034111768,0.121486426373552,0.00844610529774863,3.12693770450465,0.0388111702581024,-0.00177945437721565,3.12693770450465
163.75,0.121198504368422,0.00839487042092977,0.121449844832557,0.00832161135636802,3.13455780184482,0.0408974665482984,0.00583960495518164,3.13455780184482
164,0.12116214912185,0.00826912067450999,0.121413806845362,0.00819695898350252,3.14194810052509,0.0430653475097987,0.0134685339480461,3.14194810052509
164.25,0.121126342906391,0.00814321349595222,0.121378313098078,0.00807215055235362,3.14910884534682,0.0453143863672914,0.0211040868678584,3.14910884534682
164.5,0.121091086403741,0.00801715128234771,0.121343364266456,0.00794718843909398,3.15548943576446,0.0490942086274704,0.0190818461017252,3.15548943576446
164.75,0.121056380285136,0.00789093643373926,0.12130896101587,0.00782207502282209,3.16159127218062,0.0534252606460945,0.012513396816285,3.16159127218062
165,0.121022225211328,0.00776457135307563,0.12127510400131,0.00769681268551703,3.16771959314168,0.0575645072930261,0.00609668482533791,3.16771959314168
165.25,0.120988621832582,0.00763805844616583,0.121241793867363,0.00757140381199315,3.17481841068761,0.0599846583376381,0.00142233990777987,3.17481841068761
165.5,0.120955570788657,0.00751140012163324,0.121209031248207,0.00744585078985464,3.18327528178764,0.0600275203211825,-0.000734318661305352,3.18327528178764
165.75,0.120923072708797,0.0073845987908698,0.121176816767595,0.00732015600945006,3.19162979962565,0.0600373210578398,-0.0027693371983169,3.19162979962565
166,0.12089112821172,0.00725765686799003,0.121145151038843,0.00719432186382683,3.19987960089906,0.0600162646056373,-0.00468485834939645,3.19987960089906
166.25,0.120859737905602,0.00713057676978519,0.121114034664823,0.0070683507486857,3.20802237144819,0.059966508460786,-0.00648306096744323,3.20802237144819
166.5,0.12082890238807,0.00700336091567717,0.121083468237944,0.00694224506233514,3.21605584678583,0.059890163031197,-0.008166159289749,3.21605584678583
166.75,0.120798622246187,0.00687601172767244,0.121053452340148,0.00681600720564562,3.22397781261391,0.0597892911226451,-0.00973640210824933,3.22397781261391
167,0.120768898056443,0.00674853163031594,0.121023987542894,0.00668963958200395,3.23178610532766,0.059665907437542,-0.0111960719326265,3.23178610532766
167.25,0.120739730384745,0.00662092305064503,0.120995074407148,0.00656314459726756,3.23947861250689,0.059521978086485,-0.0125474841464272,3.23947861250689
167.5,0.120711119786402,0.0064931884181431,0.120966713483377,0.00643652465971862,3.24705327339439,0.0593594201126575,-0.0137929861563801,3.24705327339439
167.75,0.12068306680612,0.0063653301646934,0.12093890531153,0.0063097821800182,3.25450807936126,0.0591801010291931,-0.0149349565350886,3.25450807936126
168,0.120655571977986,0.00623735072453278,0.120911650421035,0.0061829195711604,3.26184107435925,0.0589858383695698,-0.0159758041572996,3.26184107435925
168.25,0.120628635825462,0.00610925253420533,0.120884949330786,0.00605593924842649,3.26905035535983,0.0587783992511162,-0.0169179673299368,3.26905035535983
168.5,0.120602258861375,0.00598103803251593,0.120858802549134,0.00592884362933873,3.27613407278017,0.0585594999517182,-0.0177639129160809,3.27613407278017
168.75,0.120576441587903,0.00585270966048384,0.120833210573875,0.00580163513361448,3.28309043089553,0.0583308054998645,-0.0185161354530728,3.28309043089553
169,0.12055118449657,0.00572426986129635,0.120808173892244,0.0056743161831202,3.28991768823845,0.0580939292780023,-0.0191771562649615,3.28991768823845
169.25,0.120526488068235,0.00559572108026204,0.120783692980902,0.00554688920182513,3.2966141579843,0.0578504326393755,-0.0197495225694652,3.2966141579843
169.5,0.120502352773081,0.00546706576476443,0.120759768305932,0.00541935661575533,3.30317820832345,0.057601824538345,-0.0202358065796522,3.30317820832345
169.75,0.120478779070611,0.00533830636421526,0.120736400322825,0.00529172085294739,3.30960826281952,0.0573495611743531,-0.0206386046005152,3.30960826281952
170,0.120455767409634,0.00520944533000791,0.120713589476472,0.00516398434340227,3.3159028007542,0.0570950456494735,-0.0209605361206687,3.3159028007542
170.25,0.120433318228258,0.00508048511547074,0.120691336201161,0.00503614951903898,3.32206035745814,0.056839627639746,-0.0212042428993266,3.32206035745814
170.5,0.120411431953883,0.00495142817582034,0.120669640920561,0.0049082188136483,3.328079524628,0.0565846030802808,-0.0213723880487802,3.328079524628
170.75,0.120390109003193,0.00482227696811478,0.120648504047718,0.00478019466284643,3.33395895062975,0.056331213864163,-0.02146765511258,3.33395895062975
171,0.120369349782146,0.00469303395120693,0.12062792598505,0.00465207950402871,3.3396973407878,0.0560806475553343,-0.0214927471395897,3.3396973407878
171.25,0.120349154685967,0.00456370158569751,0.120607907124332,0.00452387577632306,3.34529345766033,0.0558340371153676,-0.021450385754146,3.34529345766033
171.5,0.120329524099142,0.00443428233388831,0.120588447846694,0.00439558592054363,3.35074612130042,0.0555924606442844,-0.0213433102225014,3.35074612130042
171.75,0.12031045839541,0.00430477865973538,0.120569548522614,0.00426721237914439,3.35605420950315,0.0553569411354241,-0.0211742765157564,3.35605420950315
172,0.120291957937753,0.00417519302880197,0.120551209511906,0.00413875759617252,3.3612166580385,0.0551284462444124,-0.0209460563694878,3.3612166580385
172.25,0.120274023078394,0.00404552790821171,0.12053343116372,0.0040102240172219,3.36623246087006,0.0549078880722836,-0.0206614363402653,3.36623246087006
172.5,0.120256654158786,0.00391578576660155,0.12051621381653,0.00388161408938658,3.37110067035956,0.0546961229627702,-0.0203232168592699,3.37110067035956
172.75,0.120239851509609,0.0037859690740749,0.120499557798128,0.00375293026121426,3.37582039745703,0.0544939513138591,-0.0199342112832034,3.37582039745703
173,0.12022361545076,0.00365608030215443,0.120483463425622,0.00362417498265947,3.38039081187667,0.0543021174035799,-0.019497244942704,3.38039081187667
173.25,0.120207946291352,0.00352612192373514,0.120467931005426,0.00349535070503717,3.38481114225851,0.0541213092300719,-0.0190151541884692,3.38481114225851
173.5,0.120192844329702,0.00339609641303721,0.120452960833253,0.00336645988097587,3.38908067631545,0.0539521583660276,-0.0184907854352812,3.38908067631545
173.75,0.12017830985333,0.00326600624555894,0.120438553194115,0.00323750496437109,3.39319876096614,0.0537952398274204,-0.017926994204155,3.39319876096614
174,0.120164343138952,0.00313585389802961,0.120424708362312,0.00310848841033855,3.39716480245326,0.0536510719566645,-0.0173266441627988,3.39716480245326
174.25,0.120150944452473,0.00300564184836228,0.12041142660143,0.00297941267516745,3.40097826644749,0.0535201163201223,-0.0166926061646024,3.40097826644749
174.5,0.120138114048985,0.00287537257560672,0.120398708164335,0.00285028021627377,3.40463867813694,0.0534027776200463,-0.016027757286354,3.40463867813694
174.75,0.12012585217276,0.00274504855990208,0.120386553293167,0.00272109349215337,3.40814562230204,0.0532994036209787,-0.0153349798648907,3.40814562230204
175,0.120114159057248,0.00261467228242976,0.120374962219337,0.00259185496233524,3.41149874337616,0.0532102850905046,-0.0146171605328935,3.41149874337616
175.25,0.120103034925067,0.00248424622536613,0.120363935163523,0.00246256708733469,3.41469774549143,0.0531356557545626,-0.0138771892540262,3.41469774549143
175.5,0.120092479988006,0.00235377287183535,0.120353472335664,0.00233323232860653,3.41774239251036,0.0530756922671158,-0.0131179583576298,3.41774239251036
175.75,0.120082494447015,0.00222325470586199,0.120343573934957,0.00220385314849811,3.42063250804266,0.0530305141943651,-0.0123423615731734,3.42063250804266
176,0.120073078492205,0.00209269421232377,0.120334240149854,0.00207443201020253,3.42336797544777,0.0530001840133662,-0.0115532930646736,3.42336797544777
176.25,0.120064232302842,0.00196209387690429,0.120325471158056,0.00194497137771169,3.42594873782279,0.0529847071251154,-0.0107536464652829,3.42594873782279
176.5,0.120055956047344,0.00183145618604572,0.120317267126512,0.00181547371576946,3.42837479797585,0.0529840318821338,-0.00994631391225798,3.42837479797585
176.75,0.12004824988328,0.00170078362690133,0.120309628211415,0.00168594148982461,3.4306462183851,0.0529980496304426,-0.00913418508251013,3.4306462183851
177,0.120041113957363,0.00157007868728831,0.1203025545582,0.00155637716598403,3.43276312114312,0.0530265947660076,-0.00832014622894541,3.43276312114312
177.25,0.120034548405451,0.00143934385564033,0.120296046301537,0.00142678321096569,3.43472568788691,0.0530694448056006,-0.00750707921780076,3.43472568788691
177.5,0.120028553352544,0.00130858162096008,0.120290103565336,0.00129716209205166,3.43653415971336,0.05312632047208,-0.00669786056718149,3.43653415971336
177.75,0.120023128912778,0.00117779447277207,0.120284726462737,0.00116751627704124,3.43818883708036,0.0531968857940382,-0.00589536048700303,3.43818883708036
178,0.120018275189427,0.00104698490107502,0.120279915096113,0.00103784823420381,3.43969007969341,0.053280748219839,-0.00510244192054529,3.43969007969341
178.25,0.120013992274899,0.00091615539629468,0.120275669557064,0.000908160432232052,3.44103830637787,0.0533774587459937,-0.00432195958782407,3.44103830637787
178.5,0.120010280250733,0.000785308449236203,0.120271989926421,0.000778455340194751,3.4422339949369,0.0534865120598391,-0.00355675903097816,3.4422339949369
178.75,0.120007139187603,0.000654446551036823,0.120268876274237,0.000648735427489866,3.44327768199494,0.0536073466965244,-0.00280967566188562,3.44327768199494
179,0.120004569145308,0.000523572193118503,0.120266328659793,0.0005190031637976,3.44416996282699,0.0537393452102378,-0.00208353381220592,3.44416996282699
179.25,0.12000257017278,0.000392687867140339,0.12026434713159,0.000389261019033223,3.44491149117356,0.0538818343596531,-0.00138114578605089,3.44491149117356
179.5,0.120001142308075,0.000261796064951232,0.120262931727356,0.00025951146330015,3.44550297904146,0.0540340853075513,-0.000705310915489766,3.44550297904146
179.75,0.120000285578378,0.000130899278542393,0.120262082474036,0.000129756966842868,3.44594519649031,0.0541953138346031,-5.8814619093884e-05,3.44594519649031
180,0.12,3.67394039744206e-18,0.120261799387799,3.64187921921336e-18,3.44623897140498,0.0543646805671974,0.00055557253629332,3.44623897140498
180.25,0.120000285578378,-0.000130899278542385,0.120262082474036,-0.00012975696684286,3.44638518925385,0.0545412912193878,0.00113509577033204,3.44638518925385
180.5,0.120001142308075,-0.000261796064951211,0.120262931727356,-0.00025951146330013,3.44638479283317,0.0547241968487514,0.00167701702034601,3.44638479283317
180.75,0.12000257017278,-0.000392687867140332,0.12026434713159,-0.000389261019033215,3.44623878199722,0.0549123941262825,0.0021786158686205,3.44623878199722
181,0.120004569145308,-0.000523572193118496,0.120266328659793,-0.000519003163797593,3.44594821337474,0.0551048256200914,0.00263719046569113,3.44594821337474
181.25,0.120007139187603,-0.000654446551036829,0.120268876274237,-0.000648735427489872,3.44551420007128,0.0553003800930058,0.00305005844937605,3.44551420007128
181.5,0.120010280250733,-0.000785308449236195,0.120271989926421,-0.000778455340194744,3.44493791135787,0.0554978928138968,0.00341455785939349,3.44493791135787
181.75,0.120013992274899,-0.000916155396294686,0.120275669557064,-0.000908160432232058,3.44422057234591,0.0556961458827338,0.00372804804734586,3.44422057234591
182,0.120018275189427,-0.00104698490107503,0.120279915096113,-0.00103784823420381,3.44336346364828,0.0558938685692807,0.00398791058188155,3.44336346364828
182.25,0.120023128912778,-0.00117779447277205,0.120284726462737,-0.00116751627704122,3.4423679210269,0.0560897376653656,0.00419155014884122,3.4423679210269
182.5,0.120028553352544,-0.00130858162096009,0.120290103565336,-0.00129716209205167,3.44123533502676,0.0562823778506383,0.00433639544619759,3.44123533502676
182.75,0.120034548405451,-0.00143934385564032,0.120296046301537,-0.00142678321096568,3.43996715059638,0.056470362071782,0.00441990007358506,3.43996715059638
183,0.120041113957363,-0.00157007868728831,0.1203025545582,-0.00155637716598402,3.43856486669497,0.0566522119350571,0.00443954341624044,3.43856486669497
183.25,0.12004824988328,-0.00170078362690131,0.120309628211415,-0.00168594148982459,3.43703003588618,0.0568263981121171,0.00439283152316224,3.43703003588618
183.5,0.120055956047344,-0.00183145618604571,0.120317267126512,-0.00181547371576945,3.43536426391864,0.0569913407590313,0.00427729797928589,3.43536426391864
183.75,0.120064232302842,-0.00196209387690429,0.120325471158056,-0.00194497137771169,3.43356920929339,0.0571454099483962,0.00409050477150764,3.43356920929339
184,0.120073078492205,-0.00209269421232374,0.120334240149854,-0.00207443201020251,3.43164658281817,0.0572869261144673,0.00383004314835562,3.43164658281817
184.25,0.120082494447015,-0.00222325470586198,0.120343573934957,-0.00220385314849811,3.42959814714876,0.0574141605112336,0.00349353447312276,3.42959814714876
184.5,0.120092479988006,-0.00235377287183534,0.120353472335664,-0.00233323232860652,3.42742571631745,0.0575253356833137,0.00307863107028479,3.42742571631745
184.75,0.120103034925067,-0.00248424622536613,0.120363935163523,-0.00246256708733469,3.42513115524868,0.0576186259495972,0.00258301706501519,3.42513115524868
185,0.120114159057248,-0.00261467228242974,0.120374962219337,-0.00259185496233522,3.42271637926204,0.05769215789953,0.0020044092156168,3.42271637926204
185.25,0.12012585217276,-0.00274504855990207,0.120386553293167,-0.00272109349215336,3.42018335356257,0.0577440109019635,0.00134055773867444,3.42018335356257
185.5,0.120138114048985,-0.00287537257560672,0.120398708164335,-0.00285028021627378,3.41753409271874,0.0577722176264009,0.000589247126791542,3.41753409271874
185.75,0.120150944452473,-0.00300564184836228,0.12041142660143,-0.00297941267516746,3.41477066012784,0.0577747645766316,-0.000251703041327082,3.41477066012784
186,0.120164343138952,-0.00313585389802959,0.120424708362312,-0.00310848841033853,3.41189516746926,0.0577495926365527,-0.00118443729856419,3.41189516746926
186.25,0.12017830985333,-0.00326600624555894,0.120438553194115,-0.00323750496437109,3.40890977414548,0.0576945976281525,-0.00221106349508082,3.40890977414548
186.5,0.120192844329702,-0.0033960964130372,0.120452960833253,-0.00336645988097586,3.40581668671109,0.0576076308814566,-0.00333365201212178,3.40581668671109
186.75,0.120207946291352,-0.00352612192373512,0.120467931005426,-0.00349535070503715,3.4026181582898,0.0574864998164072,-0.00455423498417042,3.4026181582898
187,0.12022361545076,-0.00365608030215443,0.120483463425622,-0.00362417498265948,3.39931648797964,0.0573289685364952,-0.00587480552957307,3.39931648797964
187.25,0.120239851509609,-0.00378596907407489,0.120499557798128,-0.00375293026121425,3.3959140202465,0.0571327584340498,-0.00729731698982244,3.3959140202465
187.5,0.120256654158786,-0.00391578576660154,0.12051621381653,-0.00388161408938658,3.39241314430599,0.0568955488070896,-0.00882368217768692,3.39241314430599
187.75,0.120274023078394,-0.00404552790821167,0.12053343116372,-0.00401022401722187,3.38881629349396,0.0566149774875411,-0.0104557726342933,3.38881629349396
188,0.120291957937753,-0.00417519302880197,0.120551209511906,-0.00413875759617251,3.38512594462554,0.056288641480793,-0.0121954178954072,3.38512594462554
188.25,0.12031045839541,-0.00430477865973537,0.120569548522614,-0.00426721237914439,3.3813446173431,0.0559140976163687,-0.0140444047669919,3.3813446173431
188.5,0.120329524099142,-0.00443428233388832,0.120588447846694,-0.00439558592054363,3.37747487345306,0.0554888632096384,-0.0160044766102626,3.37747487345306
188.75,0.120349154685967,-0.00456370158569749,0.120607907124332,-0.00452387577632304,3.37351931625179,0.0550104167344331,-0.0180773326363737,3.37351931625179
189,0.120369349782146,-0.00469303395120692,0.12062792598505,-0.0046520795040287,3.36853089279293,0.054541912733423,-0.0172508032198398,3.36853089279293
189.25,0.120390109003193,-0.00482227696811478,0.120648504047718,-0.00478019466284644,3.36273206438701,0.0541314490501729,-0.0144608815623654,3.36273206438701
189.5,0.120411431953883,-0.00495142817582032,0.120669640920561,-0.00490821881364828,3.3567321461948,0.0537529114508776,-0.0117016525086624,3.3567321461948
189.75,0.120433318228258,-0.00508048511547074,0.120691336201161,-0.00503614951903897,3.35053145043095,0.0534061091574879,-0.0089764091334723,3.35053145043095
190,0.120455767409634,-0.00520944533000791,0.120713589476472,-0.00516398434340227,3.34413035413238,0.0530907897880051,-0.00628844278741235,3.34413035413238
190.25,0.120478779070611,-0.00533830636421525,0.120736400322825,-0.00529172085294739,3.33752929914677,0.0528066393656419,-0.00364104207357062,3.33752929914677
190.5,0.120502352773081,-0.00546706576476441,0.120759768305932,-0.00541935661575531,3.33072879210566,0.0525532823432175,-0.00103749182416109,3.33072879210566
190.75,0.120526488068235,-0.00559572108026204,0.120783692980902,-0.00554688920182513,3.32372940438252,0.0523302816426805,0.00151892792253132,3.32372940438252
191,0.12055118449657,-0.00572426986129634,0.120808173892244,-0.00567431618312019,3.31653177203547,0.0521371387097831,0.00402494294470955,3.31653177203547
191.25,0.120576441587903,-0.00585270966048384,0.120833210573875,-0.00580163513361448,3.30913659573477,0.0519732935839496,0.00647728585891354,3.30913659573477
191.5,0.120602258861375,-0.0059810380325159,0.120858802549134,-0.00592884362933869,3.30154464067525,0.051838124983242,0.00887269714093754,3.30154464067525
191.75,0.120628635825462,-0.00610925253420532,0.120884949330786,-0.00605593924842648,3.29375673647335,0.051730950404506,0.0112079261456063,3.29375673647335
192,0.120655571977986,-0.00623735072453277,0.120911650421035,-0.0061829195711604,3.28577377704917,0.0516510262385795,0.0134797321251948,3.28577377704917
192.25,0.12068306680612,-0.00636533016469338,0.12093890531153,-0.00630978218001818,3.27759672049315,0.0515975479006663,0.0156848852462744,3.27759672049315
192.5,0.120711119786402,-0.00649318841814309,0.120966713483377,-0.00643652465971861,3.26922658891791,0.0515696499757046,0.0178201676047781,3.26922658891791
192.75,0.120739730384745,-0.00662092305064503,0.120995074407148,-0.00656314459726755,3.26066446829464,0.0515664063788625,0.0198823742390606,3.26066446829464
193,0.120768898056443,-0.00674853163031595,0.121023987542894,-0.00668963958200395,3.25191150827467,0.051586830531002,0.0218683141407524,3.25191150827467
193.25,0.120798622246187,-0.00687601172767242,0.121053452340148,-0.0068160072056456,3.24296892199583,0.0516298755491889,0.0237748112631795,3.24296892199583
193.5,0.12082890238807,-0.00700336091567717,0.121083468237944,-0.00694224506233515,3.23383798587387,0.051694434452103,0.0255987055271568,3.23383798587387
193.75,0.120859737905602,-0.00713057676978519,0.121114034664823,-0.00706835074868571,3.22452003937887,0.0517793403804263,0.0273368538239186,3.22452003937887
194,0.12089112821172,-0.00725765686799002,0.121145151038843,-0.00719432186382682,3.21501648479669,0.0518833668320853,0.0289861310149967,3.21501648479669
194.25,0.120923072708797,-0.00738459879086978,0.121176816767595,-0.00732015600945004,3.2053287869755,0.0520052279123617,0.0305434309288184,3.2053287869755
194.5,0.120955570788657,-0.00751140012163325,0.121209031248207,-0.00744585078985465,3.19545847305755,0.0521435785987632,0.0320056673538267,3.19545847305755
194.75,0.120988621832582,-0.00763805844616582,0.121241793867363,-0.00757140381199315,3.18540713219598,0.0522970150206888,0.0333697750279017,3.18540713219598
195,0.121022225211328,-0.00776457135307561,0.12127510400131,-0.00769681268551701,3.17517641525701,0.0524640747537666,0.0346327106238818,3.17517641525701
195.25,0.121056380285136,-0.00789093643373925,0.12130896101587,-0.00782207502282208,3.1647680345073,0.0526432371288495,0.0357914537309727,3.1647680345073
195.5,0.121091086403741,-0.0080171512823477,0.121343364266456,-0.00794718843909398,3.15418376328677,0.0528329235555928,0.0368430078318363,3.15418376328677
195.75,0.121126342906391,-0.00814321349595222,0.121378313098078,-0.00807215055235362,3.14342543566676,0.0530314978605726,0.0377844012751543,3.14342543566676
196,0.12116214912185,-0.00826912067450997,0.121413806845362,-0.0081969589835025,3.13249494609368,0.053237266639861,0.0386126882434586,3.13249494609368
196.25,0.121198504368422,-0.00839487042092976,0.121449844832557,-0.00832161135636801,3.12139424901818,0.0534484796260254,0.0393249497160207,3.12139424901818
196.5,0.121235407953954,-0.00852046034111767,0.121486426373552,-0.00844610529774862,3.11012535850999,0.0536633300694315,0.0399182944266039,3.11012535850999
196.75,0.121272859175856,-0.00864588804402268,0.121523550771888,-0.00857043843745917,3.0986903478583,0.0538799551338518,0.0403898598158612,3.0986903478583
197,0.121310857321109,-0.00877115114168209,0.121561217320769,-0.00869460840837588,3.08709134915808,0.0540964363062302,0.0407368129781922,3.08709134915808
197.25,0.121349401666284,-0.00889624724926713,0.121599425303079,-0.00881861284648153,3.07533055288203,0.05431079982058,0.0409563516028446,3.07533055288203
197.5,0.121388491477553,-0.00902117398512819,0.121638173991393,-0.00894244939091032,3.06341020743857,0.0545210170959223,0.0410457049090621,3.06341020743857
197.75,0.121428126010702,-0.00914592897084031,0.121677462647991,-0.00906611568399296,3.05133261871576,0.0547250051881651,0.0410021345750888,3.05133261871576
198,0.121468304511145,-0.00927050983124843,0.121717290524874,-0.00918960937130154,3.03910014961125,0.0549206272558725,0.040822935660813,3.03910014961125
198.25,0.121509026213944,-0.00939491419451249,0.121757656863777,-0.00931292810169419,3.02671521954855,0.0551056930397904,0.040505437523878,3.02671521954855
198.5,0.121550290343814,-0.00951913969215276,0.121798560896182,-0.00943606952736009,3.01418030397928,0.0552779593561001,0.0400470047290339,3.01418030397928
198.75,0.121592096115147,-0.00964318395909483,0.121840001843337,-0.00955903130386398,3.00149793387203,0.0554351306032394,0.0394450379505681,3.00149793387203
199,0.12163444273202,-0.0097670446337147,0.121881978916265,-0.00968181109019092,2.98867069518749,0.0555748592822529,0.0386969748675896,2.98867069518749
199.25,0.121677329388216,-0.00989071935788361,0.121924491315783,-0.00980440654879071,2.97570122834017,0.0556947465305341,0.0378002910520023,2.97570122834017
199.5,0.121720755267235,-0.0100142057770131,0.121967538232517,-0.00992681534562256,2.96259222764672,0.0557923426688979,0.0367525008489475,2.96259222764672
199.75,0.121764719542309,-0.0101375015400998,0.122011118846914,-0.0100490351501994,2.94934644076106,0.0558651477618189,0.0355511582495629,2.94934644076106
200,0.121809221376423,-0.0102606042997701,0.122055232329264,-0.0101710636356324,2.93596666809626,0.0559106121908061,0.0341938577558299,2.93596666809626
200.25,0.121854259922325,-0.0103835117123248,0.122099877839708,-0.010292898478675,2.92245576223346,0.0559261372407437,0.0326782352373517,2.92245576223346
200.5,0.121899834322548,-0.010506221437784,0.122145054528262,-0.0104145373597675,2.90881662731775,0.0559090756991191,0.0310019687798633,2.90881662731775
200.75,0.12194594370942,-0.0106287311399315,0.122190761534825,-0.0105359779630809,2.89505221844134,0.0558567324680219,0.0291627795252878,2.89505221844134
201,0.121992587205084,-0.010751038486359,0.122236997989202,-0.0106572179765612,2.88116554101397,0.0557663651887696,0.0271584325031777,2.88116554101397
201.25,0.122039763921516,-0.010873141148511,0.122283763011118,-0.0107782550919732,2.86715965012068,0.0556351848790908,0.0249867374533222,2.86715965012068
201.5,0.122087472960539,-0.0109950368017289,0.122331055710235,-0.0108990870049448,2.85303764986722,0.0554603565827003,0.0226455496393813,2.85303764986722
201.75,0.122135713413842,-0.0111167231252951,0.122378875186166,-0.0110197114150106,2.83880269271303,0.0552390000311583,0.0201327706533461,2.83880269271303
202,0.122184484362996,-0.0112381978024774,0.122427220528499,-0.0111401260256556,2.82445797879205,0.054968190317906,0.017446349210651,2.82445797879205
202.25,0.122233784879473,-0.011359458520573,0.122476090816808,-0.0112603285443591,2.8100067552214,0.0546449585843231,0.0145842819357651,2.8100067552214
202.5,0.122283614024661,-0.0114805029709527,0.122525485120673,-0.0113803166826386,2.79545231539816,0.0542662927176648,0.0115446141381143,2.79545231539816
202.75,0.122333970849886,-0.0116013288491046,0.122575402499698,-0.0115000881560929,2.78079799828426,0.0538291380608071,0.00832544057810957,2.78079799828426
203,0.122384854396427,-0.0117219338546782,0.122625842003527,-0.0116196406844456,2.76604718767973,0.0533303981335861,0.0049249062231762,2.76604718767973
203.25,0.122436263695533,-0.011842315691528,0.122676802671865,-0.0117389719915891,2.75120331148438,0.0527669353656555,0.00134120699356133,2.75120331148438
203.5,0.122488197768446,-0.0119624720677574,0.122728283534495,-0.0118580798056273,2.73626984094805,0.0521355718406823,-0.00242740950220232,2.73626984094805
203.75,0.122540655626417,-0.0120824006957621,0.122780283611296,-0.011976961858919,2.72597924804474,0.0471417298732878,-0.00779711635617897,2.72597924804474
204,0.122593636270722,-0.012202099292274,0.122832801912259,-0.0120956158881213,2.72554994125746,0.0330452517760729,-0.0161531884250214,2.72554994125746
204.25,0.122647138692687,-0.0123215655784043,0.122885837437514,-0.0122140396342325,2.72529176156584,0.0186373690095518,-0.024504432048245,2.72529176156584
204.5,0.122701161873704,-0.0124407972796872,0.12293938917734,-0.0123322308426353,2.72541254546162,0.0113154128963862,-0.0176871769327828,2.72541254546162
204.75,0.122755704785248,-0.0125597921261228,0.122993456112189,-0.0124501872631394,2.72546806303328,0.0064903819334741,-0.00580612250949811,2.72546806303328
205,0.1228107663889,-0.012678547852221,0.123048037212704,-0.0125679066500245,2.72534573886783,0.00176562709590269,0.00612462216310686,2.72534573886783
205.25,0.122866345636369,-0.0127970621970437,0.123103131439741,-0.0126853867620833,2.72504482415199,-0.00285801052163951,0.0181032264467144,2.72504482415199
205.5,0.122922441469504,-0.0129153329042489,0.123158737744383,-0.0128026253626637,2.72456459555838,-0.00737971383541399,0.0301278481253955,2.72456459555838
205.75,0.122979052820322,-0.0130333577221325,0.123214855067969,-0.0129196202197118,2.71463930442969,-0.0098852718081593,0.0433542843660091,2.71463930442969
206,0.123036178611025,-0.0131511344036723,0.123271482342104,-0.0130363691058141,2.68730924813744,-0.00869996708086,0.0585821807852815,2.68730924813744
206.25,0.123093817754019,-0.01326866070657,0.123328618488686,-0.0131528697982402,2.65999450723832,-0.00633843081948101,0.0713565454440005,2.65999450723832
206.5,0.123151969151939,-0.0133859343932943,0.123386262419927,-0.0132691200789848,2.63305505942399,-7.98183691395789e-05,0.0757341939628801,2.63305505942399
206.75,0.123210631697666,-0.013502953231123,0.123444413038368,-0.0133851177348101,2.6062211878957,0.00606367708439381,0.0799318746087994,2.6062211878957
207,0.123269804274349,-0.0136197149921864,0.123503069236907,-0.0135008605572879,2.58151611025918,0.0112059785783042,0.0819168158799536,2.58151611025918
207.25,0.123329485755428,-0.0137362174535087,0.123562229898812,-0.0136163463428419,2.55919158791519,0.0149369645485559,0.0823672316129337,2.55919158791519
207.5,0.123389675004653,-0.013852458397051,0.123621893897751,-0.013731572892789,2.53890565052715,0.0172667668364118,0.0820864098081373,2.53890565052715
207.75,0.123450370876109,-0.0139684356097533,0.123682060097806,-0.0138465380133818,2.51867756078049,0.0194773937398415,0.0817973711055981,2.51867756078049
208,0.123511572214232,-0.0140841468835767,0.123742727353501,-0.0139612395158503,2.49850537540222,0.0215711315583499,0.0815017189639001,2.49850537540222
208.25,0.123573277853838,-0.0141995900155453,0.123803894509819,-0.014075675216443,2.4783871283422,0.0235502905296805,0.0812010053535537,2.4783871283422
208.5,0.123635486620141,-0.0143147628077883,0.123865560402223,-0.0141898429364693,2.45832083167125,0.0254172039250775,0.0808967304397676,2.45832083167125
208.75,0.123698197328775,-0.0144296630675816,0.123927723856686,-0.0143037405023403,2.43830447648359,0.0271742271403513,0.0805903422790865,2.43830447648359
209,0.123761408785818,-0.0145442886073901,0.123990383689704,-0.0144173657456105,2.41833603380314,0.0288237367829552,0.0802832365299768,2.41833603380314
209.25,0.123825119787816,-0.0146586372449086,0.124053538708325,-0.0145307165030191,2.39841345549359,0.0303681297552689,0.0799767561774087,2.39841345549359
209.5,0.123889329121803,-0.014772706803104,0.124117187710168,-0.014643790616531,2.37853467517209,0.0318098223342936,0.0796721912714333,2.37853467517209
209.75,0.123954035565326,-0.0148864951102562,0.124181329483447,-0.0147565859333782,2.35869760912629,0.0331512492479622,0.0793707786798744,2.35869760912629
210,0.124019237886467,-0.015,0.124245962806996,-0.0148691003061004,2.33890015723451,0.0343948627482619,0.0790737018551089,2.33890015723451
210.25,0.124084934843868,-0.0151132193113658,0.12431108645029,-0.0149813315925861,2.31919919689796,0.0355051465305502,0.0787849617033456,2.31919919689796
210.5,0.124151125186754,-0.0152261508888211,0.124376699173468,-0.0150932776561134,2.30027772059186,0.0360435798891714,0.0785451819414093,2.30027772059186
210.75,0.124217807654956,-0.0153387925823116,0.124442799727358,-0.0152049363653907,2.28131222852071,0.0365416584216069,0.0783196637058132,2.28131222852071
211,0.124284980978937,-0.0154511422473016,0.124509386853502,-0.0153163055945969,2.2623005329806,0.0370019214247353,0.0781077190033357,2.2623005329806
211.25,0.124352643879812,-0.0155631977448156,0.124576459284176,-0.0154273832234226,2.24324046479888,0.0374268912637172,0.077908605887885,2.24324046479888
211.5,0.124420795069377,-0.0156749569414785,0.124644015742418,-0.0155381671371099,2.22412987425451,0.0378190724450172,0.077721528784102,2.22412987425451
211.75,0.124489433250133,-0.0157864177095561,0.124712054942051,-0.0156486552264926,2.20496663199309,0.038180950694549,0.0775456388250271,2.20496663199309
212,0.124558557115307,-0.0158975779269961,0.124780575587705,-0.0157588453880369,2.18574862993669,0.0385149920411349,0.0773800342037204,2.18574862993669
212.25,0.124628165348881,-0.0160084354774683,0.124849576374848,-0.0158687355238809,2.16647378218798,0.0388236419054858,0.0772237605387858,2.16647378218798
212.5,0.124698256625613,-0.0161189882504047,0.124919055989802,-0.0159783235418748,2.14714002592872,0.0391093241948969,0.077075811253701,2.14714002592872
212.75,0.124768829611068,-0.0162292341410398,0.124989013109778,-0.0160876073556207,2.12774532231231,0.0393744404038617,0.076935127969876,2.12774532231231
213,0.124839882961637,-0.0163391710504508,0.125059446402891,-0.0161965848845124,2.1082876573501,0.039621368720793,0.076800600913349,2.1082876573501
213.25,0.124911415324567,-0.0164487968855974,0.125130354528193,-0.0163052540537747,2.08876504279144,0.0398524631410608,0.0766710693350509,2.08876504279144
213.5,0.124983425337985,-0.0165581095593618,0.125201736135697,-0.0164136127945033,2.06917551699723,0.0400700525865183,0.0765453219444927,2.06917551699723
213.75,0.125055911630924,-0.0166671069905881,0.125273589866398,-0.0165216590437041,2.04951714580664,0.0402764400317307,0.0764220973568476,2.04951714580664
214,0.125128872823349,-0.0167757871041224,0.125345914352306,-0.0166293907443321,2.02978802339701,0.0404739016370896,0.0763000845532876,2.02978802339701
214.25,0.125202307526184,-0.016884147830852,0.125418708216467,-0.0167368058453311,2.0099862731366,0.0406646858890003,0.0761779233544866,2.0099862731366
214.5,0.12527621434134,-0.016992187107745,0.12549197007299,-0.0168439023016724,1.99011004843007,0.040851012747329,0.0760542049071724,1.99011004843007
214.75,0.125350591861735,-0.0170999028778891,0.125565698527075,-0.0169506780743939,1.97015753355647,0.0410350728003131,0.0759274721836628,1.97015753355647
215,0.12542543867133,-0.0172072930905314,0.12563989217504,-0.0170571311306387,1.95012694449951,0.0412190264271091,0.0757962204942475,1.95012694449951
215.25,0.12550075334515,-0.017314355701117,0.125714549604342,-0.017163259443694,1.9300165297701,0.0414050029681418,0.0756588980122708,1.9300165297701
215.5,0.12557653444931,-0.0174210886713282,0.125789669393614,-0.0172690609930299,1.90982457122075,0.0415950999034755,0.0755139063118709,1.90982457122075
215.75,0.12565278054105,-0.017527489969123,0.125865250112682,-0.0173745337643373,1.88954938485182,0.0417913820393791,0.0753596009182496,1.88954938485182
216,0.125729490168752,-0.0176335575687742,0.125941290322598,-0.0174796757495667,1.86998878062056,0.041488775876611,0.0753679773967345,1.86998878062056
216.25,0.125806661871976,-0.0177392894509075,0.126017788575667,-0.0175844849469662,1.85047024076366,0.0411160595155173,0.0754045968695092,1.85047024076366
216.5,0.125884294181483,-0.0178446836025402,0.126094743415471,-0.0176889593611198,1.830934012696,0.0407123563838253,0.0754571485218319,1.830934012696
216.75,0.125962385619268,-0.0179497380171198,0.126172153376902,-0.0177930970029852,1.81137790701205,0.0402802355146134,0.0755253377353075,1.81137790701205
217,0.126040934698581,-0.0180544506945614,0.126250016986186,-0.0178968958899319,1.79179974411252,0.039822257054197,0.0756088157650133,1.79179974411252
217.25,0.126119939923961,-0.0181588196412868,0.126328332760912,-0.0180003540457787,1.77219735512681,0.0393409713324176,0.0757071799217554,1.77219735512681
217.5,0.126199399791263,-0.0182628428702616,0.12640709921006,-0.0181034695008314,1.7525685828325,0.0388389179359243,0.0758199737684363,1.7525685828325
217.75,0.126279312787685,-0.0183665184010335,0.12648631483403,-0.0182062402919204,1.73291128257157,0.0383186247846242,0.0759466873304073,1.73291128257157
218,0.126359677391798,-0.0184698442597697,0.126565978124672,-0.018308664462438,1.71322332316331,0.0377826072115223,0.0760867573198335,1.71322332316331
218.25,0.126440492073578,-0.018572818479295,0.126646087565311,-0.0184107400623756,1.69350258781356,0.0372333670461614,0.0762395673740449,1.69350258781356
218.5,0.126521755294428,-0.0186754390991286,0.126726641630778,-0.0185124651483608,1.67374697502014,0.0366733917018318,0.0764044483077193,1.67374697502014
218.75,0.126603465507214,-0.0187777041655218,0.126807638787441,-0.0186138377836949,1.65395439947432,0.0361051532667747,0.0765806783789348,1.65395439947432
219,0.126685621156291,-0.0188796117314951,0.126889077493231,-0.0187148560383888,1.63412279295806,0.0355311075995723,0.0767674835690002,1.63412279295806
219.25,0.126768220677534,-0.0189811598568755,0.126970956197671,-0.0188155179892006,1.61425010523689,0.0349536934289022,0.0769640378759477,1.61425010523689
219.5,0.126851262498368,-0.0190823466083329,0.12705327334191,-0.0189158217196718,1.59433430494816,0.0343753314578901,0.0771694636217457,1.59433430494816
219.75,0.126934745037796,-0.0191831700594175,0.127136027358747,-0.0190157653201641,1.57437338048448,0.0337984234732252,0.0773828317730537,1.57437338048448
220,0.127018666706431,-0.0192836282905962,0.127219216672666,-0.0191153468878954,1.55436534087222,0.0332253514592463,0.0776031622754984,1.55436534087222
220.25,0.127103025906524,-0.0193837193892889,0.127302839699862,-0.019214564526976,1.53430821664487,0.0326584767171769,0.0778294244013643,1.53430821664487
220.5,0.127187821031999,-0.0194834414499055,0.127386894848272,-0.0193134163484453,1.51420006071094,0.0321001389897292,0.0780605371106763,1.51420006071094
220.75,0.127273050468479,-0.0195827925738817,0.127471380517608,-0.019411900470307,1.4940389492163,0.0315526555912591,0.0782953694255932,1.4940389492163
221,0.127358712593317,-0.0196817708697152,0.127556295099385,-0.0195100150175654,1.47382298240091,0.0310183205436206,0.0785327408179076,1.47382298240091
221.25,0.127444805775631,-0.0197803744530021,0.127641636976952,-0.0196077581222609,1.45355028544941,0.0304994037179979,0.0787714216097996,1.45355028544941
221.5,0.12753132837633,-0.0198786014464721,0.127727404525521,-0.0197051279235058,1.43321900933575,0.0299981499828007,0.0790101333875067,1.43321900933575
221.75,0.127618278748149,-0.019976449980025,0.127813596112203,-0.0198021225675193,1.4128273316614,0.0295167783578955,0.0792475494280264,1.4128273316614
222,0.127705655235678,-0.0200739181907657,0.127900210096034,-0.0198987402076633,1.39237345748713,0.0290574811752984,0.0794822951386152,1.39237345748713
222.25,0.127793456175395,-0.02017100422304,0.127987244828009,-0.0199949790044772,1.37185562015801,0.0286224232465617,0.0797129485091079,1.37185562015801
222.5,0.127881679895696,-0.0202677062284698,0.128074698651111,-0.0200908371257129,1.35127208212167,0.0282137410369871,0.0799380405768418,1.35127208212167
222.75,0.127970324716929,-0.0203640223659883,0.128162569900347,-0.0201863127463701,1.33062113573939,0.0278335418468934,0.0801560559041908,1.33062113573939
223,0.128059388951425,-0.0204599508018749,0.128250856902773,-0.0202814040487306,1.30990110409007,0.0274839030000947,0.0803654330685575,1.30990110409007
223.25,0.128148870903528,-0.0205554897097908,0.128339557977534,-0.0203761092223929,1.28911034176667,0.0271668710397699,0.0805645651647179,1.28911034176667
223.5,0.128238768869631,-0.0206506372708126,0.128428671435888,-0.0204704264643072,1.26824723566519,0.0268844609319048,0.0807518003194266,1.26824723566519
223.75,0.128329081138207,-0.0207453916734681,0.128518195581243,-0.0205643539788092,1.24731020576579,0.0266386552764813,0.0809254422181679,1.24731020576579
224,0.12841980598984,-0.0208397511137699,0.128608128709189,-0.0206578899776542,1.22629770590603,0.0264314035266012,0.0810837506439648,1.22629770590603
224.25,0.12851094169726,-0.0209337137952504,0.128698469107528,-0.0207510326800518,1.20520822454598,0.0262646212156829,0.081224942028071,1.20520822454598
224.5,0.128602486525375,-0.0210272779289955,0.128789215056311,-0.0208437803126991,1.18404028552503,0.0261401891929418,0.0813471900124992,1.18404028552503
224.75,0.128694438731301,-0.0211204417336791,0.128880364827864,-0.0209361311098149,1.16279244881031,0.0260599528673062,0.0814486260242373,1.16279244881031
225,0.128786796564404,-0.0212132034355964,0.128971916686827,-0.0210280833131732,1.14146331123643,0.026025721459931,0.0815273398610178,1.14146331123643
225.25,0.128879558266321,-0.0213055612686986,0.129063868890185,-0.0211196351721365,1.12005150723648,0.0260392672654871,0.0815813802885439,1.12005150723648
225.5,0.128972722071004,-0.0213975134746255,0.129156219687301,-0.0212107849436894,1.09855570956402,0.0261023249223921,0.0816087556490406,1.09855570956402
225.75,0.12906628620475,-0.0214890583027396,0.129248967319948,-0.0213015308924717,1.07697463000606,0.026216590692123,0.0816074344809713,1.07697463000606
226,0.12916024888623,-0.0215801940101595,0.129342110022346,-0.0213918712908113,1.05530702008666,0.0263837217478086,0.0815753461498489,1.05530702008666
226.25,0.129254608326532,-0.0216709188617927,0.129435646021191,-0.0214818044187572,1.03355167176114,0.02660533547224,0.0815103814899711,1.03355167176114
226.5,0.129349362729187,-0.0217612311303686,0.129529573535693,-0.0215713285641124,1.01170741810076,0.0268830087654372,0.081410393456924,1.01170741810076
226.75,0.129444510290209,-0.021851129096472,0.129623890777607,-0.0216604420224661,0.989773133967554,0.0272182773619703,0.0812731977907733,0.989773133967554
227,0.129540049198125,-0.0219406110485751,0.129718595951269,-0.0217491430972266,0.967747736679293,0.0276126351581807,0.081096573689795,0.967747736679293
227.25,0.129635977634012,-0.0220296752830706,0.12981368725363,-0.0218374300996532,0.945630186664471,0.0280675335493892,0.0808782644945161,0.945630186664471
227.5,0.12973229377153,-0.0221183201043037,0.129909162874287,-0.0219253013488886,0.923419488107001,0.0285843807773515,0.0806159783820688,0.923419488107001
227.75,0.12982899577696,-0.022206543824605,0.130005020995523,-0.0220127551719911,0.901114689580574,0.0291645412880261,0.0803073890706058,0.901114689580574
228,0.129926081809234,-0.0222943447643218,0.130101259792337,-0.0220997899039657,0.87871488467258,0.0298093350998157,0.0799501365336472,0.87871488467258
228.25,0.130023550019975,-0.022381721251851,0.130197877432481,-0.0221864038877968,0.856219212597348,0.0305200371824469,0.0795418277242401,0.856219212597348
228.5,0.130121398553528,-0.0224686716236701,0.130294872076494,-0.0222725954744788,0.833626858798593,0.031297876846631,0.0790800373087764,0.833626858798593
228.75,0.130219625546998,-0.0225551942243693,0.130392241877739,-0.0223583630230483,0.810937055540972,0.0321440371446132,0.0785623084102769,0.810937055540972
229,0.130318229130285,-0.0226412874066831,0.130489984982435,-0.0224437049006147,0.788149082490576,0.0330596542817767,0.0779861533610244,0.788149082490576
229.25,0.130417207426118,-0.0227269495315215,0.130588099529693,-0.0225286194823917,0.765262267284229,0.0340458170394288,0.0773490544643757,0.765262267284229
229.5,0.130516558550094,-0.0228121789680009,0.130686583651555,-0.022613105151728,0.742275986087434,0.0351035662089174,0.0766484647656139,0.742275986087434
229.75,0.130616280610711,-0.0228969740934759,0.130785435473024,-0.0226971603001384,0.719189664140916,0.0362338940371607,0.0758818088316198,0.719189664140916
230,0.130716371709404,-0.0229813332935693,0.130884653112105,-0.0227807833273338,0.696002776295503,0.0374377436838038,0.0750464835393011,0.696002776295503
230.25,0.130816829940582,-0.0230652549622038,0.130984234679836,-0.0228639726412526,0.672714847535388,0.0387160086900148,0.0741398588724863,0.672714847535388
230.5,0.130917653391667,-0.0231487375016316,0.131084178280328,-0.0229467266580899,0.64932545348948,0.0400695324591674,0.0731592787272524,0.64932545348948
230.75,0.131018840143125,-0.0232317793224656,0.131184482010799,-0.0230290438023287,0.625834220930791,0.0414991077494458,0.0721020617254182,0.625834220930791
231,0.131120388268505,-0.0233143788437091,0.131285143961611,-0.0231109225067691,0.60421664576636,0.0417287295514858,0.0716936066425241,0.60421664576636
231.25,0.131222295834478,-0.0233965344927865,0.131386162216305,-0.0231923612125587,0.583850633684558,0.0411670180705058,0.071746564436288,0.583850633684558
231.5,0.131324560900871,-0.0234782447055724,0.131487534851639,-0.0232733583692218,0.563427198193065,0.040662245039225,0.0717884497900225,0.563427198193065
231.75,0.131427181520705,-0.0235595079264223,0.131589259937624,-0.0233539124346895,0.542944799825979,0.0402163483664616,0.0718176188642065,0.542944799825979
232,0.13153015574023,-0.0236403226082017,0.131691335537562,-0.0234340218753283,0.522401930394185,0.0398312346859032,0.0718323850232004,0.522401930394185
232.25,0.131633481598967,-0.0237206872123153,0.13179375970808,-0.02351368516597,0.501797113731041,0.039508778602828,0.0718310193404645,0.501797113731041
232.5,0.131737157129738,-0.023800600208737,0.131896530499169,-0.0235929007899404,0.481128906430545,0.0392508219483371,0.0718117511152734,0.481128906430545
232.75,0.131841180358713,-0.0238800600760387,0.131999645954221,-0.0236716672390882,0.460395898577862,0.0390591730412688,0.0717727684008178,0.460395898577862
233,0.131945549305439,-0.0239590653014188,0.132103104110068,-0.0237499830138137,0.439596714471923,0.0389356059579957,0.0717122185436622,0.439596714471923
233.25,0.13205026198288,-0.0240376143807318,0.132206902997015,-0.0238278466230976,0.418730013340072,0.0388818598101944,0.0716282087343056,0.418730013340072
233.5,0.13215531639746,-0.0241157058185165,0.13231104063888,-0.0239052565845288,0.397794490044513,0.0388996380308197,0.0715188065688668,0.397794490044513
233.75,0.132260710549093,-0.0241933381280245,0.132415515053034,-0.0239822114243333,0.37678887578044,0.0389906076683926,0.0713820406216844,0.37678887578044
234,0.132366442431226,-0.0242705098312484,0.132520324250433,-0.024058709677402,0.355711938765648,0.0391563986898055,0.0712159010287931,0.355711938765648
234.25,0.132472510030877,-0.0243472194589504,0.132625466235663,-0.0241347498873182,0.334562484921526,0.0393986032917467,0.0710183400820638,0.334562484921526
234.5,0.132578911328672,-0.0244234655506896,0.13273093900697,-0.0242103306063861,0.313339358545223,0.0397187752209532,0.0707872728339789,0.313339358545223
234.75,0.132685644298883,-0.0244992466548504,0.132836740556306,-0.0242854503956577,0.292041442972878,0.0401184291034023,0.0705205777128418,0.292041442972878
235,0.132792706909469,-0.0245745613286697,0.132942868869361,-0.0243601078249605,0.270667661233755,0.0405990397826201,0.0702160971483458,0.270667661233755
235.25,0.132900097122111,-0.0246494081382649,0.133049321925606,-0.0244343014729246,0.250690919059487,0.040234173094511,0.0699140423265403,0.250690919059487
235.5,0.133007812892255,-0.0247237856586605,0.133156097698328,-0.02450802992701,0.233781538572414,0.0379737399952546,0.0697036453721737,0.233781538572414
235.75,0.133115852169148,-0.0247976924738157,0.133263194154669,-0.0245812917835331,0.216868611049517,0.0357522674455161,0.0695178305673021,0.216868611049517
236,0.133224212895878,-0.0248711271766512,0.133370609255668,-0.0246540856476938,0.199950180032514,0.0335720761949682,0.0693559275734295,0.199950180032514
236.25,0.133332893009412,-0.0249440883690763,0.133478340956296,-0.0247264101336019,0.183024301904178,0.0314354734710814,0.0692172189083906,0.183024301904178
236.5,0.133441890440638,-0.025016574662015,0.133586387205497,-0.0247982638643035,0.166089046682882,0.029344752177628,0.0691009401638459,0.166089046682882
236.75,0.133551203114403,-0.0250885846754328,0.133694745946225,-0.0248696454718069,0.149142498813938,0.027302190096479,0.0690062802348114,0.149142498813938
237,0.133660828949549,-0.0251601170383627,0.133803415115488,-0.0249405535971094,0.132182757957365,0.0253100490928848,0.0689323815612793,0.132182757957365
237.25,0.13377076585896,-0.0252311703889318,0.133912392644379,-0.0250109868902225,0.115207939772135,0.0233705743243942,0.0688783403817753,0.115207939772135
237.5,0.133881011749595,-0.0253017433743866,0.134021676458125,-0.0250809440101977,0.0982161766965339,0.0214859934535904,0.0688432069988675,0.0982161766965339
237.75,0.133991564522532,-0.0253718346511192,0.134131264476119,-0.0251504236251524,0.0812056187245994,0.0196585158648097,0.0688259860565289,0.0812056187245994
238,0.134102422073004,-0.0254414428846928,0.134241154611963,-0.0252194244122948,0.0641744341784143,0.0178903318850219,0.0688256368293323,0.0641744341784143
238.25,0.134213582290444,-0.0255105667498669,0.134351344773507,-0.0252879450579494,0.0471208104760499,0.0161836120090342,0.0688410735234075,0.0471208104760499
238.5,0.134325043058522,-0.0255792049306228,0.13446183286289,-0.0253559842575819,0.0300429548950494,0.0145405061291888,0.0688711655890926,0.0300429548950494
238.75,0.134436802255184,-0.0256473561201884,0.134572616776577,-0.025423540715824,0.0129390953313228,0.0129631427697095,0.0689147380451763,0.0129390953313228
239,0.134548857752698,-0.0257150190210634,0.134683694405403,-0.0254906131464981,-0.00419251894687521,0.0114536283258935,0.0689705718147751,-0.00419251894687521
239.25,0.134661207417688,-0.0257821923450436,0.134795063634609,-0.0255572002726418,-0.0213536165498656,0.0100140463082774,0.0690374040726489,-0.0213536165498656
239.5,0.134773849111179,-0.0258488748132458,0.134906722343887,-0.0256233008265323,-0.0385459032226226,0.00864645659197253,0.069113928603974,-0.0385459032226226
239.75,0.134886780688634,-0.0259150651561319,0.135018668407414,-0.0256889135497102,-0.055771061106193,0.00735289467131384,0.0691987961744631,-0.055771061106193
240,0.135,-0.0259807621135332,0.1351308996939,-0.0257540371930039,-0.0730307480045309,0.00613537091998588,0.0692906149117428,-0.0730307480045309
240.25,0.135113504889744,-0.0260459644346743,0.135243414066622,-0.0258186705165531,-0.0903265966570008,0.00499586985680579,0.0693879506979641,-0.0903265966570008
240.5,0.135227293196896,-0.026110670878197,0.135356209383469,-0.0258828122898324,-0.107660214016635,0.00393634941729808,0.0694893275735032,-0.107660214016635
240.75,0.135341362755091,-0.0261748802121839,0.135469283496981,-0.025946461291675,-0.125033180534379,0.0029587402312345,0.0695932281517103,-0.125033180534379
241,0.13545571139261,-0.0262385912141819,0.13558263425439,-0.0260096163102957,-0.14244704944941,0.00206494490629941,0.0696980940446135,-0.14244704944941
241.25,0.135570336932418,-0.0263018026712252,0.13569625949766,-0.0260722761433139,-0.159903346085724,0.00125683731803277,0.069802326299491,-0.159903346085724
241.5,0.135685237192212,-0.026364513379859,0.135810157063531,-0.0261344395977766,-0.177403567155158,0.000536261906198085,0.0699042858462056,-0.177403567155158
241.75,0.135800409984455,-0.0264267221461616,0.135924324783557,-0.0261961054901814,-0.194949180066971,-9.49670222470875e-05,0.0700022939552514,-0.194949180066971
242,0.135915853116423,-0.0264884277857678,0.13603876048415,-0.0262572726464986,-0.212541622244151,-0.000635065983452116,0.0700946327063696,-0.212541622244151
242.25,0.136031564390247,-0.0265496291238913,0.136153461986618,-0.0263179399021936,-0.230182300446583,-0.00108228300007609,0.0701795454676724,-0.230182300446583
242.5,0.136147541602949,-0.0266103249953466,0.136268427107211,-0.0263781061022494,-0.247872590101295,-0.00143489827764367,0.0702552373851758,-0.247872590101295
242.75,0.136263782546491,-0.0266705142445721,0.136383653657158,-0.0264377701011882,-0.265613834639837,-0.00169122487370996,0.0703198758826279,-0.265613834639837
243,0.136380285007814,-0.026730195725651,0.136499139442712,-0.0264969307630935,-0.283407344842965,-0.00184960935969488,0.0703715911715187,-0.283407344842965
243.25,0.136497046768877,-0.0267893683023341,0.13661488226519,-0.0265555869616315,-0.301254398192888,-0.00190843247519956,0.0704084767712432,-0.301254398192888
243.5,0.136614065606706,-0.0268480308480607,0.136730879921015,-0.0266137375800729,-0.319156238233018,-0.00186610977473183,0.0704285900391804,-0.319156238233018
243.75,0.13673133929343,-0.0269061822459806,0.13684713020176,-0.0266713815113136,-0.337114073935569,-0.00172109226661803,0.0704299527107226,-0.337114073935569
244,0.136848865596328,-0.026963821388975,0.136963630894186,-0.0267285176578964,-0.355129079076988,-0.0014718670440205,0.070410551449038,-0.355129079076988
244.25,0.136966642277867,-0.0270209471796776,0.137080379780288,-0.0267851449320312,-0.373202391621494,-0.00111695790788195,0.0703683384045193,-0.373202391621494
244.5,0.137084667095751,-0.0270775585304958,0.137197374637336,-0.0268412622556165,-0.391335113112757,-0.000654925981678243,0.0703012317837723,-0.391335113112757
244.75,0.137202937802956,-0.027133654363631,0.137314613237917,-0.0268968685602593,-0.409528308073883,-8.43703178340996e-05,0.0702071164280408,-0.409528308073883
245,0.137321452147779,-0.0271892336110995,0.137432093349975,-0.0269519627872957,-0.427783003415918,0.000596071504337561,0.0700838444009557,-0.427783003415918
245.25,0.137440207873877,-0.0272442952147524,0.137549812736861,-0.0270065438878111,-0.446100187854868,0.00138772278929426,0.0699292355854697,-0.446100187854868
245.5,0.137559202720313,-0.0272988381262963,0.137667769157365,-0.0270606108226599,-0.464480811337473,0.00229186714467221,0.0697410782898874,-0.464480811337473
245.75,0.137678434421596,-0.0273528613073127,0.137785960365767,-0.0271141625624857,-0.482925784475843,0.00330974790954807,0.0695171298628229,-0.482925784475843
246,0.137797900707726,-0.027406363729278,0.137904384111879,-0.0271671980877405,-0.501435977991063,0.00444256759172876,0.0692551173170323,-0.501435977991063
246.25,0.137917599304238,-0.0274593443735834,0.138023038141081,-0.0272197163887044,-0.520012222165912,0.00569148731413732,0.0689527379619019,-0.520012222165912
246.5,0.138037527932243,-0.0275118022315537,0.138141920194373,-0.0272717164655047,-0.538655306306793,0.00705762627046314,0.0686076600445312,-0.538655306306793
246.75,0.138157684308472,-0.027563736304467,0.138261028008411,-0.0273231973281347,-0.557365978215084,0.00854206119021279,0.0682175233992934,-0.557365978215084
247,0.138278066145322,-0.0276151456035732,0.138380359315554,-0.0273741579964732,-0.576144943667898,0.0101458258132189,0.0677799401056495,-0.576144943667898
247.25,0.138398671150895,-0.0276660291501135,0.138499911843907,-0.0274245975003024,-0.594992865908479,0.0118699103737948,0.0672924951541837,-0.594992865908479
247.5,0.138519497029047,-0.0277163859753386,0.138619683317361,-0.027474514879327,-0.613910365146338,0.0137152610946321,0.0667527471206839,-0.613910365146338
247.75,0.138640541479427,-0.027766215120527,0.138739671455641,-0.0275239091831919,-0.632898018067173,0.015682779690537,0.066158228848115,-0.632898018067173
248,0.138761802197523,-0.0278155156370036,0.138859873974344,-0.0275727794715008,-0.651956357352815,0.0177733228821592,0.0655064481363822,-0.651956357352815
248.25,0.138883276874705,-0.0278642865861577,0.138980288584989,-0.0276211248138339,-0.671085871211174,0.0199877019197811,0.0647948884397028,-0.671085871211174
248.5,0.139004963198271,-0.0279125270394607,0.139100912995055,-0.0276689442897655,-0.690287002916365,0.0223266821173142,0.0640210095714816,-0.690287002916365
248.75,0.139126858851489,-0.027960236078484,0.139221744908027,-0.0277162369888817,-0.70956015035919,0.0247909823966126,0.0631822484165414,-0.70956015035919
249,0.139248961513641,-0.028007412794916,0.139342782023439,-0.0277630020107978,-0.728905665607925,0.0273812748421724,0.0622760196505316,-0.728905665607925
249.25,0.139371268860069,-0.0280540562905803,0.139464022036919,-0.0278092384651751,-0.748323854479659,0.0300981842663731,0.0612997164664167,-0.748323854479659
249.5,0.139493778562216,-0.0281001656774519,0.139585462640232,-0.0278549454717382,-0.767814976122207,0.0329422877853177,0.0602507113078546,-0.767814976122207
249.75,0.139616488287675,-0.0281457400776745,0.139707101521325,-0.0279001221602916,-0.787379242606763,0.0359141144054253,0.0591263566093574,-0.787379242606763
250,0.13973939570023,-0.0281907786235772,0.139828936364368,-0.0279447676707361,-0.79673230966576,0.0330119394730949,0.0557685481984735,-0.79673230966576
250.25,0.1398624984599,-0.0282352804576911,0.139950964849801,-0.0279888811530858,-0.803230153193077,0.0285116249308275,0.051887349699181,-0.803230153193077
250.5,0.139985794222987,-0.0282792447327653,0.140073184654377,-0.0280324617674833,-0.809614595706107,0.0240122367224161,0.0480778955290174,-0.809614595706107
250.75,0.140109280642116,-0.0283226706117835,0.140195593451209,-0.0280755086842168,-0.815887595648766,0.0195159405042227,0.0443410407527076,-0.815887595648766
251,0.140232955366285,-0.0283655572679795,0.140318188909809,-0.0281180210837349,-0.822051124972607,0.0150249132596743,0.0406776019464518,-0.822051124972607
251.25,0.140356816040905,-0.0284079038848532,0.140440968696136,-0.0281599981566628,-0.828107168526906,0.0105413426854498,0.0370883570253771,-0.828107168526906
251.5,0.140480860307847,-0.028449709656186,0.14056393047264,-0.0282014391038175,-0.834057723446417,0.00606742657535852,0.0335740450799557,-0.834057723446417
251.75,0.140605085805487,-0.0284909737860563,0.140687071898306,-0.0282423431362233,-0.839904798536885,0.00160537220205121,0.0301353662214639,-0.839904798536885
252,0.140729490168752,-0.0285316954888546,0.140810390628698,-0.0282827094751261,-0.84565041365849,-0.00284260430333195,0.026772981436479,-0.84565041365849
252.25,0.14085407102916,-0.0285718739892983,0.140933884316007,-0.0283225373520093,-0.851296599107304,-0.00727427857342185,0.0234875124504574,-0.851296599107304
252.5,0.140978826014872,-0.0286115085224468,0.14105755060909,-0.0283618260086072,-0.856845394994932,-0.0116874186286959,0.0202795416004128,-0.856845394994932
252.75,0.141103752750733,-0.0286505983337156,0.141181387153518,-0.0284005746969207,-0.862298850626422,-0.0160797855032059,0.0171496117167241,-0.862298850626422
253,0.141228848858318,-0.0286891426788911,0.141305391591624,-0.0284387826792305,-0.867659023876604,-0.020449133871849,0.0140982260140833,-0.867659023876604
253.25,0.141354111955977,-0.0287271408241444,0.141429561562541,-0.0284764492281117,-0.876027541652704,-0.0230512711866097,0.0128860970575939,-0.876027541652704
253.5,0.141479539658882,-0.0287645920460458,0.141553894702251,-0.0285135736264476,-0.888896996806992,-0.0230231097591603,0.0142566789278138,-0.888896996806992
253.75,0.14160512957907,-0.0288014956315779,0.141678388643632,-0.028550155167443,-0.901589896881353,-0.022983677736174,0.0155120631854259,-0.901589896881353
254,0.14173087932549,-0.0288378508781496,0.141803041016497,-0.0285861931546381,-0.914104466184956,-0.0229345099046926,0.0166549155086662,-0.914104466184956
254.25,0.141856786504048,-0.0288736570936094,0.141927849447646,-0.0286216869019218,-0.926438982646757,-0.0228770910124788,0.0176879238175489,-0.926438982646757
254.5,0.141982848717652,-0.0289089135962587,0.142052811560906,-0.0286566357335441,-0.938591778108707,-0.0228128554793432,0.0186137974336197,-0.938591778108707
254.75,0.142109063566261,-0.0289436197148644,0.142177924977178,-0.0286910389841296,-0.950561238606423,-0.0227431871209163,0.0194352662359528,-0.950561238606423
255,0.142235428646924,-0.028977774788672,0.142303187314483,-0.0287248959986902,-0.962345804637291,-0.0226694188849168,0.0201550798135728,-0.962345804637291
255.25,0.142361941553834,-0.0290113781674183,0.142428596188007,-0.028758206132637,-0.973943971416,-0.02259283259995,0.0207760066144681,-0.973943971416
255.5,0.142488599878367,-0.0290444292113432,0.142554149210145,-0.028790968751793,-0.985354289117394,-0.022514658736887,0.0213008330913728,-0.985354289117394
255.75,0.14261540120913,-0.0290769272912026,0.14267984399055,-0.0288231832324054,-0.996575363106647,-0.0224360761828711,0.0217323628445157,-0.996575363106647
256,0.14274234313201,-0.0291088717882799,0.142805678136173,-0.0288548489611567,-1.00760585415671,-0.0223582120279746,0.0220734157614829,-1.00760585415671
256.25,0.142869423230215,-0.0291402620943978,0.142931649251314,-0.0288859653351772,-1.01844447865299,-0.0222821413645619,0.0223268271544082,-1.01844447865299
256.5,0.142996639084323,-0.0291710976119303,0.143057754937665,-0.0289165317620559,-1.02909000878524,-0.022208887099367,0.0224954468946378,-1.02909000878524
256.75,0.143123988272328,-0.0292013777538135,0.143183992794354,-0.0289465476598521,-1.03954127272662,-0.0221394197783455,0.0225821385450754,-1.03954127272662
257,0.143251468369684,-0.0292311019435571,0.143310360417996,-0.0289760124571065,-1.04979715479987,-0.022074657424307,0.0225897784903804,-1.04979715479987
257.25,0.143379076949355,-0.0292602696152554,0.143436855402732,-0.0290049255928516,-1.05985659563065,-0.0220154653873623,0.0225212550651875,-1.05985659563065
257.5,0.143506811581857,-0.029288880213598,0.143563475340281,-0.0290332865166232,-1.06971859228794,-0.0219626562082094,0.0223794676805463,-1.06971859228794
257.75,0.143634669835307,-0.0293169331938804,0.143690217819982,-0.0290610946884701,-1.07938219841152,-0.021916989494282,0.0221673259487623,-1.07938219841152
258,0.143762649275467,-0.0293444280220142,0.14381708042884,-0.0290883495789649,-1.0888465243265,-0.0218791718087685,0.0218877488067966,-1.0888465243265
258.25,0.143890747465795,-0.0293713641745375,0.143944060751573,-0.0291150506692135,-1.09811073714488,-0.0218498565725342,0.0215436636384459,-1.09811073714488
258.5,0.144018961967484,-0.0293977411386249,0.144071156370661,-0.0291411974508659,-1.10717406085417,-0.0218296439789402,0.0211380053954431,-1.10717406085417
258.75,0.144147290339516,-0.0294235584120969,0.144198364866385,-0.0291667894261249,-1.11603577639295,-0.0218190809215901,0.0206737157176973,-1.11603577639295
259,0.144275730138704,-0.0294488155034299,0.14432568381688,-0.0291918261077563,-1.12469522171354,-0.0218186609349978,0.0201537420528266,-1.12469522171354
259.25,0.144404278919738,-0.0294735119317653,0.144453110798175,-0.0292163070190977,-1.13315179183154,-0.0218288241481939,0.0195810367751901,-1.13315179183154
259.5,0.144532934235236,-0.0294976472269186,0.144580643384245,-0.0292402316940679,-1.14140493886246,-0.0218499572512613,0.0189585563045816,-1.14140493886246
259.75,0.144661693635785,-0.0295212209293887,0.144708279147053,-0.0292635996771755,-1.14945417204534,-0.0218823934748169,0.0182892602247819,-1.14945417204534
260,0.144790554669992,-0.0295442325903662,0.144836015656598,-0.0292864105235278,-1.15729905775325,-0.021926412582426,0.0175761104021459,-1.15729905775325
260.25,0.144919514884529,-0.0295666817717423,0.144963850480961,-0.0293086637988392,-1.16493921949098,-0.0219822408759463,0.0168220701044059,-1.16493921949098
260.5,0.14504857182418,-0.0295885680461169,0.145091781186352,-0.0293303590794394,-1.17237433787954,-0.0220500512138038,0.0160301031198747,-1.17237433787954
260.75,0.145177723031885,-0.029609890996807,0.145219805337154,-0.0293514959522815,-1.17960415062779,-0.022129963042185,0.0152031728772434,-1.17960415062779
261,0.145306966048793,-0.0296306502178541,0.145347920495971,-0.02937207401495,-1.18662845249107,-0.02222204243913,0.0143442415661263,-1.18662845249107
261.25,0.145436298414302,-0.0296508453140328,0.145476124223677,-0.0293920928756681,-1.19344709521687,-0.0223263021715233,0.0134562692585656,-1.19344709521687
261.5,0.145565717666112,-0.0296704759008575,0.145604414079456,-0.0294115521533057,-1.2000599874775,-0.0224427017649589,0.0125422130316646,-1.2000599874775
261.75,0.145695221340265,-0.0296895416045901,0.145732787620856,-0.0294304514773861,-1.20646709478991,-0.0225711475864587,0.0116050260915212,-1.20646709478991
262,0.145824806971198,-0.0297080420622471,0.145861242403828,-0.0294487904880935,-1.21266843942261,-0.0227114929400324,0.0106476568986695,-1.21266843942261
262.25,0.145954472091788,-0.0297259769216065,0.145989775982778,-0.0294665688362795,-1.21866410028957,-0.0228635381750426,0.00967304829517659,-1.21866410028957
262.5,0.146084214233398,-0.0297433458412143,0.146118385910613,-0.02948378618347,-1.22445421283147,-0.023027030807361,0.00868413663360855,-1.22445421283147
262.75,0.146214030925925,-0.0297601484903914,0.146247069738786,-0.0295004422018716,-1.23003896888397,-0.0232016656532757,0.00768385090801302,-1.23003896888397
263,0.146343919697846,-0.0297763845492397,0.146375825017341,-0.0295165365743776,-1.23541861653321,-0.0233870849761291,0.00667511188713148,-1.23541861653321
263.25,0.146473878076265,-0.0297920537086478,0.146504649294963,-0.0295320689945743,-1.24059345995862,-0.0235828786456412,0.00566083124999043,-1.24059345995862
263.5,0.146603903586963,-0.0298071556702976,0.146633540119024,-0.029547039166747,-1.24556385926294,-0.0237885843098972,0.0046439107240756,-1.24556385926294
263.75,0.146733993754441,-0.0298216901466696,0.146762495035629,-0.0295614468058851,-1.25033023028954,-0.0240036875799393,0.00362724122623756,-1.25033023028954
264,0.14686414610197,-0.0298356568610482,0.146891511589661,-0.0295752916376879,-1.25489304442715,-0.0242276222269473,0.00261370200654552,-1.25489304442715
264.25,0.146994358151638,-0.0298490555475273,0.147020587324833,-0.0295885733985698,-1.25925282840194,-0.0244597703919435,0.0016061597952327,-1.25925282840194
264.5,0.147124627424393,-0.0298618859510154,0.147149719783726,-0.0296012918356652,-1.26341016405711,-0.0246994628079849,0.000607467952921284,-1.26341016405711
264.75,0.147254951440098,-0.0298741478272399,0.147278906507847,-0.0296134467068334,-1.26736568811984,-0.0249459790347966,-0.000379534375690701,-1.26736568811984
265,0.14738532771757,-0.0298858409427524,0.147408145037665,-0.0296250377806632,-1.27112009195594,-0.0251985477057893,-0.00135202310451359,-1.27112009195594
265.25,0.147515753774634,-0.0298969650749328,0.147537432912665,-0.0296360648364772,-1.27502252273569,-0.0252006195761247,-0.00126368314316924,-1.27502252273569
265.5,0.147646227128165,-0.0299075200119938,0.147666767671393,-0.0296465276643361,-1.27876284542864,-0.025174580131534,-0.00110445697476916,-1.27876284542864
265.75,0.147776745294138,-0.0299175055529846,0.147796146851502,-0.0296564260650429,-1.28230270263703,-0.0251484516963483,-0.000987249659643941,-1.28230270263703
266,0.147907305787676,-0.0299269215077947,0.147925567989797,-0.0296657598501463,-1.28564137362128,-0.0251228881138321,-0.000909091700771566,-1.28564137362128
266.25,0.148037906123096,-0.0299357676971581,0.148055028622288,-0.0296745288419443,-1.28877819625136,-0.0250984884372064,-0.000867003663933645,-1.28877819625136
266.5,0.148168543813954,-0.029944043952656,0.148184526284231,-0.0296827328734881,-1.29171256714233,-0.025075796795379,-0.000857997090402491,-1.29171256714233
266.75,0.148299216373099,-0.0299517501167205,0.148314058510175,-0.0296903717885848,-1.29444394177623,-0.0250553022721351,-0.00087907541136383,-1.29444394177623
267,0.148429921312712,-0.0299588860426372,0.148443622834016,-0.0296974454418003,-1.29697183461046,-0.0250374387988178,-0.000927234863957158,-1.29697183461046
267.25,0.14856065614436,-0.0299654515945485,0.148573216789034,-0.0297039536984626,-1.29929581917259,-0.0250225850605188,-0.000999465408654344,-1.29929581917259
267.5,0.14869141837904,-0.0299714466474557,0.148702837907948,-0.0297098964346638,-1.30141552814154,-0.0250110644157914,-0.00109275164786786,-1.30141552814154
267.75,0.148822205527228,-0.0299768710872217,0.148832483722959,-0.0297152735372627,-1.30333065341518,-0.0250031448299066,-0.00120407374553394,-1.30333065341518
268,0.148953015098925,-0.0299817248105729,0.148962151765796,-0.0297200849038872,-1.30504094616426,-0.0249990388216615,-0.00133040834751173,-1.30504094616426
268.25,0.149083844603705,-0.0299860077251014,0.149091839567768,-0.0297243304429357,-1.30654621687276,-0.0249989034237463,-0.00146872950261196,-1.30654621687276
268.5,0.149214691550764,-0.0299897197492667,0.149221544659805,-0.0297280100735792,-1.30784633536453,-0.0250028401566873,-0.00161600958402505,-1.30784633536453
268.75,0.149345553448963,-0.0299928608123973,0.14935126457251,-0.0297311237257629,-1.3089412308164,-0.0250108950163533,-0.00176922021100917,-1.3089412308164
269,0.149476427806882,-0.0299954308546917,0.149480996836202,-0.0297336713402074,-1.30983089175745,-0.0250230584750438,-0.00192533317060552,-1.30983089175745
269.25,0.14960731213286,-0.0299974298272202,0.149610738980967,-0.0297356528684097,-1.31051536605489,-0.0250392654961468,-0.00208132133920482,-1.31051536605489
269.5,0.149738203935049,-0.0299988576919251,0.1497404885367,-0.0297370682726445,-1.31099476088603,-0.0250593955623658,-0.00223415960376938,-1.31099476088603
269.75,0.149869100721458,-0.029999714421622,0.149870243033157,-0.0297379175259644,-1.31126924269683,-0.0250832727175145,-0.00238082578252799,-1.31126924269683
270,0.15,-0.03,0.15,-0.0297382006122008,-1.3113390371467,-0.0251106656218587,-0.00251830154494376,-1.3113390371467
270.25,0.150130899278542,-0.029999714421622,0.150129756966843,-0.0297379175259644,-1.31120442903973,-0.0251412876210055,-0.00264357333075706,-1.31120442903973
270.5,0.150261796064951,-0.0299988576919251,0.1502595114633,-0.0297370682726445,-1.31086576224229,-0.0251747968283206,-0.00275363326792224,-1.31086576224229
270.75,0.15039268786714,-0.0299974298272202,0.150389261019033,-0.0297356528684097,-1.3103234395871,-0.0252107962208545,-0.00284548008925569,-1.3103234395871
271,0.150523572193118,-0.0299954308546917,0.150519003163798,-0.0297336713402074,-1.30957792276367,-0.0252488337487611,-0.00291612004757644,-1.30957792276367
271.25,0.150654446551037,-0.0299928608123973,0.15064873542749,-0.0297311237257629,-1.30862973219523,-0.0252884024581899,-0.0029625678291759,-1.30862973219523
271.5,0.150785308449236,-0.0299897197492667,0.150778455340195,-0.0297280100735792,-1.30747944690215,-0.0253289406276169,-0.00298184746540529,-1.30747944690215
271.75,0.150916155396295,-0.0299860077251014,0.150908160432232,-0.0297243304429357,-1.30612770435188,-0.0253698319175973,-0.0029709932422228,-1.30612770435188
272,0.151046984901075,-0.0299817248105729,0.151037848234204,-0.0297200849038872,-1.30457520029534,-0.025410405533907,-0.00292705060746072,-1.30457520029534
272.25,0.151177794472772,-0.0299768710872217,0.151167516277041,-0.0297152735372627,-1.30282268859004,-0.0254499364040332,-0.0028470770756737,-1.30282268859004
272.5,0.15130858162096,-0.0299714466474557,0.151297162092052,-0.0297098964346638,-1.30087098100963,-0.0254876453669928,-0.00272814313034788,-1.30087098100963
272.75,0.15143934385564,-0.0299654515945485,0.151426783210966,-0.0297039536984626,-1.29872094704026,-0.0255226993764275,-0.00256733312329261,-1.29872094704026
273,0.151570078687288,-0.0299588860426372,0.151556377165984,-0.0296974454418003,-1.29637351366348,-0.0255542117169427,-0.00236174617103361,-1.29637351366348
273.25,0.151700783626901,-0.0299517501167205,0.151685941489825,-0.0296903717885848,-1.29382966512599,-0.0255812422336466,-0.002108497048008,-1.29382966512599
273.5,0.151831456186046,-0.029944043952656,0.151815473715769,-0.0296827328734881,-1.29109044269607,-0.02560279757484,-0.00180471707637899,-1.29109044269607
273.75,0.151962093876904,-0.0299357676971581,0.151944971377712,-0.0296745288419443,-1.28815694440689,-0.0256178314478159,-0.00144755501229185,-1.28815694440689
274,0.152092694212324,-0.0299269215077947,0.152074432010203,-0.0296657598501463,-1.28503032478668,-0.0256252448877105,-0.00103417792837415,-1.28503032478668
274.25,0.152223254705862,-0.0299175055529846,0.152203853148498,-0.0296564260650429,-1.28171179457579,-0.0256238865393582,-0.000561772092310533,-1.28171179457579
274.5,0.152353772871835,-0.0299075200119938,0.152333232328606,-0.0296465276643361,-1.27820262043077,-0.0256125529520929,-2.75438412838018e-05,-1.27820262043077
274.75,0.152484246225366,-0.0298969650749328,0.152462567087335,-0.0296360648364772,-1.2745041246155,-0.0255899888874361,0.000571279547867865,-1.2745041246155
275,0.15261467228243,-0.0298858409427524,0.152591854962335,-0.0296250377806632,-1.27069293386511,-0.0254899028126887,0.00133522807397581,-1.27069293386511
275.25,0.152745048559902,-0.0298741478272399,0.152721093492153,-0.0296134467068334,-1.26742305360336,-0.0247460389777932,0.00309512390220153,-1.26742305360336
275.5,0.152875372575607,-0.0298618859510154,0.152850280216274,-0.0296012918356652,-1.26402541697826,-0.0239348664382171,0.00496415799107274,-1.26402541697826
275.75,0.153005641848362,-0.0298490555475273,0.152979412675167,-0.0295885733985698,-1.26050266767602,-0.0230538216373931,0.00694378840312174,-1.26050266767602
276,0.15313585389803,-0.0298356568610482,0.153108488410339,-0.0295752916376879,-1.25685748206626,-0.0221003120476036,0.00903542714245536,-1.25685748206626
276.25,0.153266006245559,-0.0298216901466696,0.153237504964371,-0.0295614468058851,-1.25309256848482,-0.0210717168855247,0.0112404396396485,-1.25309256848482
276.5,0.153396096413037,-0.0298071556702976,0.153366459880976,-0.029547039166747,-1.24921066650889,-0.0199653878354725,0.0135601442470557,-1.24921066650889
276.75,0.153526121923735,-0.0297920537086478,0.153495350705037,-0.0295320689945743,-1.24521454622445,-0.0187786497802002,0.0159958117446676,-1.24521454622445
277,0.153656080302154,-0.0297763845492397,0.153624174982659,-0.0295165365743776,-1.24658303851254,-0.0140909903445341,0.01764576881908,-1.24658303851254
277.25,0.153785969074075,-0.0297601484903914,0.153752930261214,-0.0295004422018716,-1.25162178900664,-0.00696711305775243,0.0186829961381449,-1.25162178900664
277.5,0.153915785766602,-0.0297433458412143,0.153881614089387,-0.02948378618347,-1.25671380642687,0.000333570697744901,0.0196749477087973,-1.25671380642687
277.75,0.154045527908212,-0.0297259769216065,0.154010224017222,-0.0294665688362795,-1.2618591819733,0.00781111007218736,0.0206191302935369,-1.2618591819733
278,0.154175193028802,-0.0297080420622471,0.154138757596172,-0.0294487904880935,-1.26705796626332,0.0154655112819322,0.0215130424768968,-1.26705796626332
278.25,0.154304778659735,-0.0296895416045901,0.154267212379144,-0.0294304514773861,-1.27231016915576,0.0232967374343976,0.022354175294522,-1.27231016915576
278.5,0.154434282333888,-0.0296704759008575,0.154395585920544,-0.0294115521533057,-1.27710149834922,0.0170284614576694,0.0154278476520078,-1.27710149834922
278.75,0.154563701585697,-0.0296508453140328,0.154523875776323,-0.0293920928756681,-1.28149631190939,0.00301047391127423,0.00441877581201998,-1.28149631190939
279,0.154693033951207,-0.0296306502178541,0.154652079504029,-0.02937207401495,-1.27549253895025,-0.00131853388385856,-0.00508274300664959,-1.27549253895025
279.25,0.154822276968115,-0.029609890996807,0.154780194662846,-0.0293514959522815,-1.26269788702994,0.000639439460030489,-0.0135705455297559,-1.26269788702994
279.5,0.15495142817582,-0.0295885680461169,0.154908218813648,-0.0293303590794394,-1.24976679164938,0.00250404259996896,-0.0219723591868129,-1.24976679164938
279.75,0.155080485115471,-0.0295666817717423,0.155036149519039,-0.0293086637988392,-1.23670051520437,0.00427625624301281,-0.030286636415124,-1.23670051520437
280,0.155209445330008,-0.0295442325903662,0.155163984343402,-0.0292864105235278,-1.22350034116623,0.00595708135699974,-0.0385118437393381,-1.22350034116623
280.25,0.155338306364215,-0.0295212209293887,0.155291720852947,-0.0292635996771755,-1.21016757390182,0.00754753899603079,-0.0466464620455064,-1.21016757390182
280.5,0.155467065764764,-0.0294976472269186,0.155419356615755,-0.0292402316940679,-1.19670353849009,0.00904867012234645,-0.0546889868528914,-1.19670353849009
280.75,0.155595721080262,-0.0294735119317653,0.155546889201825,-0.0292163070190977,-1.18315014541299,0.00958560579465186,-0.0610361678425974,-1.18315014541299
281,0.155724269861296,-0.0294488155034299,0.15567431618312,-0.0291918261077563,-1.16973642991368,0.00626784146707872,-0.0602120494965024,-1.16973642991368
281.25,0.155852709660484,-0.0294235584120969,0.155801635133614,-0.0291667894261249,-1.1563411500428,0.0030895891483222,-0.0593945438812244,-1.1563411500428
281.5,0.155981038032516,-0.0293977411386249,0.155928843629339,-0.0291411974508659,-1.14296250347591,4.88519964738435e-05,-0.0585852315262369,-1.14296250347591
281.75,0.156109252534205,-0.0293713641745375,0.156055939248426,-0.0291150506692135,-1.12959866397471,-0.00285639304565394,-0.0577856487265491,-1.12959866397471
282,0.156237350724533,-0.0293444280220142,0.15618291957116,-0.0290883495789649,-1.11624778214941,-0.00562819448442508,-0.0569972871802835,-1.11624778214941
282.25,0.156365330164693,-0.0293169331938804,0.156309782180018,-0.0290610946884701,-1.10290798622606,-0.00826862550423263,-0.0562215936380088,-1.10290798622606
282.5,0.156493188418143,-0.029288880213598,0.156436524659719,-0.0290332865166232,-1.09052099260128,-0.0102175941448934,-0.0554764207102271,-1.09052099260128
282.75,0.156620923050645,-0.0292602696152554,0.156563144597268,-0.0290049255928517,-1.07905790291479,-0.0114935042736728,-0.0547821871490059,-1.07905790291479
283,0.156748531630316,-0.0292311019435571,0.156689639582004,-0.0289760124571065,-1.0675265389491,-0.012688641146898,-0.0541283106432556,-1.0675265389491
283.25,0.156876011727672,-0.0292013777538135,0.156816007205646,-0.0289465476598521,-1.05725218662537,-0.0127966749195638,-0.0541804877140836,-1.05725218662537
283.5,0.157003360915677,-0.0291710976119303,0.156942245062335,-0.0289165317620559,-1.04696460604184,-0.012786474171542,-0.0543292306937222,-1.04696460604184
283.75,0.157130576769785,-0.0291402620943978,0.157068350748686,-0.0288859653351772,-1.03651457478271,-0.0127721524096487,-0.054499631873201,-1.03651457478271
284,0.15725765686799,-0.0291088717882799,0.157194321863827,-0.0288548489611567,-1.02590059001681,-0.0127554116912683,-0.0546893768642338,-1.02590059001681
284.25,0.15738459879087,-0.0290769272912026,0.15732015600945,-0.0288231832324054,-1.01512119471893,-0.0127379114352976,-0.0548961165755494,-1.01512119471893
284.5,0.157511400121633,-0.0290444292113432,0.157445850789855,-0.0287909687517931,-1.00417497824985,-0.012721267838287,-0.0551174679269642,-1.00417497824985
284.75,0.157638058446166,-0.0290113781674183,0.157571403811993,-0.028758206132637,-0.993060576925698,-0.0127070533011595,-0.0553510145722019,-0.993060576925698
285,0.157764571353076,-0.028977774788672,0.157696812685517,-0.0287248959986902,-0.981776674576556,-0.0126967958666315,-0.0555943076303186,-0.981776674576556
285.25,0.157890936433739,-0.0289436197148644,0.157822075022822,-0.0286910389841296,-0.970322003094207,-0.0126919786674488,-0.055844866425542,-0.970322003094207
285.5,0.158017151282348,-0.0289089135962587,0.157947188439094,-0.0286566357335441,-0.958695342968837,-0.0126940393855706,-0.0561001792354261,-0.958695342968837
285.75,0.158143213495952,-0.0288736570936094,0.158072150552354,-0.0286216869019218,-0.946895523814646,-0.0127043697224094,-0.0563577040471195,-0.946895523814646
286,0.15826912067451,-0.0288378508781496,0.158196958983503,-0.0285861931546381,-0.93492142488423,-0.0127243148802462,-0.0566148693216153,-0.93492142488423
286.25,0.15839487042093,-0.0288014956315779,0.158321611356368,-0.028550155167443,-0.922749199269423,-0.0127724980425815,-0.0568487889084622,-0.922749199269423
286.5,0.158520460341118,-0.0287645920460458,0.158446105297749,-0.0285135736264476,-0.91011575905676,-0.0130488919812972,-0.0568185601123674,-0.91011575905676
286.75,0.158645888044023,-0.0287271408241444,0.158570438437459,-0.0284764492281117,-0.897338929442094,-0.0133117695449051,-0.0568021344428358,-0.897338929442094
287,0.158771151141682,-0.0286891426788911,0.158694608408376,-0.0284387826792305,-0.88441715646319,-0.0135629229432578,-0.0567975644729257,-0.88441715646319
287.25,0.158896247249267,-0.0286505983337156,0.158818612846482,-0.0284005746969207,-0.871348925171436,-0.0138041083552941,-0.0568028652126715,-0.871348925171436
287.5,0.159021173985128,-0.0286115085224468,0.15894244939091,-0.0283618260086073,-0.858132760267918,-0.0140370452883913,-0.0568160147177017,-0.858132760267918
287.75,0.15914592897084,-0.0285718739892983,0.159066115683993,-0.0283225373520093,-0.844767226730376,-0.014263415946757,-0.0568349547075154,-0.844767226730376
288,0.159270509831248,-0.0285316954888546,0.159189609371302,-0.0282827094751261,-0.831250930430924,-0.0144848646089987,-0.056857591193301,-0.831250930430924
288.25,0.159394914194512,-0.0284909737860563,0.159312928101694,-0.0282423431362233,-0.817582518744408,-0.0147029970150061,-0.0568817951151513,-0.817582518744408
288.5,0.159519139692153,-0.028449709656186,0.15943606952736,-0.0282014391038175,-0.803760681147255,-0.0149193797622762,-0.0569054029885264,-0.803760681147255
288.75,0.159643183959095,-0.0284079038848532,0.159559031303864,-0.0281599981566628,-0.789784149806705,-0.0151355397118231,-0.0569262175598809,-0.789784149806705
289,0.159767044633715,-0.0283655572679795,0.159681811090191,-0.0281180210837349,-0.775651700160248,-0.0153529634037939,-0.0569420084712674,-0.775651700160248
289.25,0.159890719357884,-0.0283226706117835,0.159804406548791,-0.0280755086842168,-0.761362151485178,-0.0155730964829266,-0.0569505129338185,-0.761362151485178
289.5,0.160014205777013,-0.0282792447327654,0.159926815345623,-0.0280324617674833,-0.746914367458144,-0.0157973431339656,-0.0569494364099139,-0.746914367458144
289.75,0.1601375015401,-0.0282352804576911,0.160049035150199,-0.0279888811530858,-0.732307256704532,-0.0160270655271759,-0.056936453303966,-0.732307256704532
290,0.16026060429977,-0.0281907786235773,0.160171063635632,-0.0279447676707361,-0.717539773337582,-0.0162635832740629,-0.0569092076616089,-0.717539773337582
290.25,0.160383511712325,-0.0281457400776745,0.160292898478675,-0.0279001221602916,-0.702610917487135,-0.0165081728934298,-0.0568653138771948,-0.702610917487135
290.5,0.160506221437784,-0.0281001656774519,0.160414537359768,-0.0278549454717382,-0.687519735817841,-0.0167620672878839,-0.056802357409419,-0.687519735817841
290.75,0.160628731139931,-0.0280540562905804,0.160535977963081,-0.0278092384651751,-0.672265322036781,-0.0170264552309135,-0.0567178955049502,-0.672265322036781
291,0.160751038486359,-0.0280074127949161,0.160657217976561,-0.0277630020107978,-0.656846817390305,-0.0173024808646491,-0.0566094579298969,-0.656846817390305
291.25,0.160873141148511,-0.027960236078484,0.160778255091973,-0.0277162369888817,-0.641263411150051,-0.0175912432084183,-0.056474547708969,-0.641263411150051
291.5,0.160995036801729,-0.0279125270394607,0.160899087004945,-0.0276689442897655,-0.625514341088013,-0.0178937956782135,-0.0563106418721903,-0.625514341088013
291.75,0.161116723125295,-0.0278642865861577,0.161019711415011,-0.0276211248138339,-0.60959889394048,-0.0182111456171639,-0.0561151922089609,-0.60959889394048
292,0.161238197802477,-0.0278155156370036,0.161140126025656,-0.0275727794715008,-0.593261325808384,-0.0187234711056113,-0.0555533566259845,-0.593261325808384
292.25,0.161359458520573,-0.027766215120527,0.161260328544359,-0.0275239091831919,-0.576720316597632,-0.0192757394933306,-0.0548959172324773,-0.576720316597632
292.5,0.161480502970953,-0.0277163859753386,0.161380316682639,-0.027474514879327,-0.559994714663566,-0.01985485814207,-0.0541635642424411,-0.559994714663566
292.75,0.161601328849105,-0.0276660291501136,0.161500088156093,-0.0274245975003024,-0.543084890089627,-0.0204607643741674,-0.0533532423876799,-0.543084890089627
293,0.161721933854678,-0.0276151456035732,0.161619640684446,-0.0273741579964732,-0.526106264642387,-0.0210136517900194,-0.0525746096134835,-0.526106264642387
293.25,0.161842315691528,-0.0275637363044669,0.161738971991589,-0.0273231973281347,-0.510030162642467,-0.0208440736653393,-0.052797164274568,-0.510030162642467
293.5,0.161962472067757,-0.0275118022315537,0.161858079805627,-0.0272717164655047,-0.493808271292449,-0.0206818928025766,-0.05300884154177,-0.493808271292449
293.75,0.162082400695762,-0.0274593443735834,0.161976961858919,-0.0272197163887044,-0.477439403418886,-0.0205286083042958,-0.0532075429232614,-0.477439403418886
294,0.162202099292274,-0.027406363729278,0.162095615888121,-0.0271671980877405,-0.460922412320179,-0.0203856814300551,-0.0533911365789008,-0.460922412320179
294.25,0.162321565578404,-0.0273528613073127,0.162214039634233,-0.0271141625624857,-0.444256192348412,-0.020254535008601,-0.0535574579457854,-0.444256192348412
294.5,0.162440797279687,-0.0272988381262963,0.162332230842635,-0.0270606108226599,-0.427439679481881,-0.0201365528592794,-0.0537043103727731,-0.427439679481881
294.75,0.162559792126123,-0.0272442952147524,0.162450187263139,-0.0270065438878111,-0.410471851888263,-0.0200330792227843,-0.0538294657638136,-0.410471851888263
295,0.162678547852221,-0.0271892336110995,0.162567906650025,-0.0269519627872957,-0.393351730478249,-0.0199454182013913,-0.0539306652300437,-0.393351730478249
295.25,0.162797062197044,-0.027133654363631,0.162685386762083,-0.0268968685602593,-0.376078379449533,-0.0198748332087867,-0.0540056197504451,-0.376078379449533
295.5,0.162915332904249,-0.0270775585304958,0.162802625362664,-0.0268412622556165,-0.358650906821014,-0.0198225464296091,-0.0540520108409123,-0.358650906821014
295.75,0.163033357722132,-0.0270209471796776,0.162919620219712,-0.0267851449320312,-0.341967578843681,-0.0192907113126702,-0.054435317022497,-0.341967578843681
296,0.163151134403672,-0.026963821388975,0.163036369105814,-0.0267285176578964,-0.326041810624622,-0.0182769337207406,-0.0551814088199016,-0.326041810624622
296.25,0.16326866070657,-0.0269061822459807,0.16315286979824,-0.0266713815113137,-0.310011575401406,-0.0172621421848308,-0.0559442001056039,-0.310011575401406
296.5,0.163385934393294,-0.0268480308480608,0.163269120078985,-0.0266137375800729,-0.293875070453668,-0.0162484639380408,-0.0567223958061258,-0.293875070453668
296.75,0.163502953231123,-0.0267893683023341,0.16338511773481,-0.0265555869616315,-0.277630517685926,-0.0152380035906178,-0.057514656693346,-0.277630517685926
297,0.163619714992186,-0.026730195725651,0.163500860557288,-0.0264969307630935,-0.261276164376346,-0.014232842374978,-0.0583195997596133,-0.261276164376346
297.25,0.163736217453509,-0.0266705142445721,0.163616346342842,-0.0264377701011882,-0.24481028391993,-0.0132350373962491,-0.0591357986042527,-0.24481028391993
297.5,0.163852458397051,-0.0266103249953467,0.163731572892789,-0.0263781061022494,-0.228231176566002,-0.0122466208885057,-0.0599617838314189,-0.228231176566002
297.75,0.163968435609753,-0.0265496291238913,0.163846538013382,-0.0263179399021936,-0.211537170149788,-0.0112695994768492,-0.0607960434591735,-0.211537170149788
298,0.164084146883577,-0.0264884277857678,0.16396123951585,-0.0262572726464986,-0.19472662081797,-0.0103059534455017,-0.0616370233397379,-0.19472662081797
298.25,0.164199590015545,-0.0264267221461616,0.164075675216443,-0.0261961054901815,-0.177797913748001,-0.00935763601206679,-0.062483127590814,-0.177797913748001
298.5,0.164314762807788,-0.026364513379859,0.164189842936469,-0.0261344395977767,-0.160749463861078,-0.00842657260812154,-0.0633327190379109,-0.160749463861078
298.75,0.164429663067582,-0.0263018026712252,0.16430374050234,-0.0260722761433139,-0.143579716528591,-0.00751466016629315,-0.0641841196675504,-0.143579716528591
299,0.16454428860739,-0.0262385912141819,0.16441736574561,-0.0260096163102957,-0.126287148271888,-0.00662376641397613,-0.0650356110912859,-0.126287148271888
299.25,0.164658637244909,-0.0261748802121839,0.164530716503019,-0.025946461291675,-0.108870267455188,-0.00575572917384863,-0.0658854350204511,-0.108870267455188
299.5,0.164772706803104,-0.026110670878197,0.164643790616531,-0.0258828122898324,-0.0913276149715581,-0.00491235567133743,-0.0667317937515,-0.0913276149715581
299.75,0.164886495110256,-0.0260459644346743,0.164756585933378,-0.0258186705165531,-0.0736577649216821,-0.00409542184918402,-0.0675728506618851,-0.0736577649216821
300,0.165,-0.0259807621135332,0.1648691003061,-0.0257540371930039,-0.055859325285394,-0.00330667168926671,-0.0684067307163495,-0.055859325285394
300.25,0.165113219311366,-0.0259150651561319,0.164981331592586,-0.0256889135497102,-0.0379309385857657,-0.00254781654182617,-0.0692315209835413,-0.0379309385857657
300.5,0.165226150888821,-0.0258488748132458,0.165093277656113,-0.0256233008265323,-0.0198712825455642,-0.00182053446223059,-0.0700452711628005,-0.0198712825455642
300.75,0.165338792582312,-0.0257821923450436,0.165204936365391,-0.0255572002726418,-0.00167907073604193,-0.00112646955545904,-0.0708459941211316,-0.00167907073604193
301,0.165451142247302,-0.0257150190210634,0.165316305594597,-0.0254906131464981,0.016646946782212,-0.000467231328402998,-0.0716316664400754,0.016646946782212
301.25,0.165563197744816,-0.0256473561201884,0.165427383223423,-0.025423540715824,0.0351079828264048,0.000155605949827275,-0.072400228972545,0.0351079828264048
301.5,0.165674956941478,-0.0255792049306228,0.16553816713711,-0.0253559842575819,0.0537052124668544,0.000740503879480825,-0.0731495874093825,0.0537052124668544
301.75,0.165786417709556,-0.0255105667498669,0.165648655226493,-0.0252879450579494,0.0724397724105845,0.00128596055346623,-0.0738776128556093,0.0724397724105845
302,0.165897577926996,-0.0254414428846928,0.165758845388037,-0.0252194244122948,0.0913127603934046,0.00179051117225119,-0.0745821424161975,0.0913127603934046
302.25,0.166008435477468,-0.0253718346511192,0.165868735523881,-0.0251504236251524,0.110325234580538,0.00225272865021642,-0.0752609797912629,0.110325234580538
302.5,0.166118988250405,-0.0253017433743866,0.165978323541875,-0.0250809440101977,0.129478212975956,0.00267122421332391,-0.0759118958805779,0.129478212975956
302.75,0.16622923414104,-0.0252311703889318,0.166087607355621,-0.0250109868902225,0.148772672840609,0.00304464798797483,-0.0765326293972554,0.148772672840609
303,0.166339171050451,-0.0251601170383627,0.166196584884512,-0.0249405535971095,0.168209550119589,0.00337168958092405,-0.07712088749047,0.168209550119589
303.25,0.166448796885597,-0.0250885846754328,0.166305254053775,-0.0248696454718069,0.187789738878437,0.00365107865010847,-0.0776743463771426,0.187789738878437
303.5,0.166558109559362,-0.025016574662015,0.166413612794503,-0.0247982638643035,0.207514090748667,0.00388158546627072,-0.0781906519824162,0.207514090748667
303.75,0.166667106990588,-0.0249440883690764,0.166521659043704,-0.024726410133602,0.227383414382689,0.00406202146525714,-0.0786674205887824,0.227383414382689
304,0.166775787104122,-0.0248711271766513,0.166629390744332,-0.0246540856476939,0.247398474918207,0.0041912397908468,-0.0791022394937778,0.247398474918207
304.25,0.166884147830852,-0.0247976924738157,0.166736805845331,-0.0245812917835331,0.267559993452229,0.00426813582799968,-0.079492667676081,0.267559993452229
304.5,0.166992187107745,-0.0247237856586605,0.166843902301672,-0.02450802992701,0.287868646524817,0.00429164772640541,-0.0798362364698683,0.287868646524817
304.75,0.167099902877889,-0.0246494081382649,0.166950678074394,-0.0244343014729246,0.308325065612728,0.00426075691419819,-0.0801304502473339,0.308325065612728
305,0.167207293090531,-0.0245745613286698,0.167057131130639,-0.0243601078249605,0.328929836632993,0.00417448860173884,-0.0803727871091784,0.328929836632993
305.25,0.167314355701117,-0.0244992466548504,0.167163259443694,-0.0242854503956577,0.349683499456583,0.00403191227533161,-0.0805606995829761,0.349683499456583
305.5,0.167421088671328,-0.0244234655506896,0.16726906099303,-0.0242103306063861,0.370586547432335,0.00383214218076426,-0.0806916153292659,0.370586547432335
305.75,0.167527489969123,-0.0243472194589504,0.167374533764337,-0.0241347498873182,0.391639426921146,0.00357433779657471,-0.0807629378551888,0.391639426921146
306,0.167633557568774,-0.0242705098312484,0.167479675749567,-0.024058709677402,0.412842536840617,0.00325770429691039,-0.0807720472355813,0.412842536840617
306.25,0.167739289450907,-0.0241933381280245,0.167584484946966,-0.0239822114243333,0.434196228220221,0.00288149300388738,-0.0807163008413445,0.434196228220221
306.5,0.16784468360254,-0.0241157058185165,0.16768895936112,-0.0239052565845288,0.455700803767148,0.00244500182933666,-0.0805930340749522,0.455700803767148
306.75,0.16794973801712,-0.0240376143807318,0.167793097002985,-0.0238278466230976,0.477356517442859,0.00194757570584503,-0.0803995611129249,0.477356517442859
307,0.168054450694561,-0.0239590653014188,0.167896895889932,-0.0237499830138137,0.499163574050502,0.00138860700695721,-0.080133175655191,0.499163574050502
307.25,0.168158819641287,-0.0238800600760387,0.168000354045779,-0.0236716672390882,0.521122128833306,0.000767535956485467,-0.07979115168107,0.521122128833306
307.5,0.168262842870262,-0.0238006002087371,0.168103469500831,-0.0235929007899404,0.543232287083988,8.38510267841472e-05,-0.0793707442118366,0.543232287083988
307.75,0.168366518401033,-0.0237206872123153,0.16820624029192,-0.02351368516597,0.565494103765299,-0.00066291067407364,-0.078869190079626,0.565494103765299
308,0.16846984425977,-0.0236403226082017,0.168308664462438,-0.0234340218753283,0.587907583141868,-0.00147316302634107,-0.0782837087025943,0.587907583141868
308.25,0.168572818479295,-0.0235595079264223,0.168410740062376,-0.0233539124346895,0.610472678423291,-0.00234727053392553,-0.0776115028661117,0.610472678423291
308.5,0.168675439099129,-0.0234782447055724,0.168512465148361,-0.0232733583692218,0.633189291418714,-0.00328554797110665,-0.0768497595098637,0.633189291418714
308.75,0.168777704165522,-0.0233965344927864,0.168613837783695,-0.0231923612125587,0.656057272202881,-0.0042882600407466,-0.0759956505207321,0.656057272202881
309,0.168879611731495,-0.0233143788437091,0.168714856038389,-0.0231109225067691,0.67907641879377,-0.00535562104402362,-0.0750463335311901,0.67907641879377
309.25,0.168981159856875,-0.0232317793224656,0.168815517989201,-0.0230290438023287,0.702246476841948,-0.00648779456185847,-0.073998952723206,0.702246476841948
309.5,0.169082346608333,-0.0231487375016316,0.168915821719672,-0.0229467266580899,0.725567139331633,-0.00768489314801723,-0.0728506396373193,0.725567139331633
309.75,0.169183170059418,-0.0230652549622038,0.169015765320164,-0.0228639726412526,0.749038046293594,-0.008946978034047,-0.0715985139868668,0.749038046293594
310,0.169283628290596,-0.0229813332935693,0.169115346887895,-0.0227807833273339,0.772658784530012,-0.0102740588460803,-0.0702396844771097,0.772658784530012
310.25,0.169383719389289,-0.0228969740934759,0.169214564526976,-0.0226971603001384,0.796428887351261,-0.0116660933335954,-0.0687712496291302,0.796428887351261
310.5,0.169483441449906,-0.0228121789680009,0.169313416348445,-0.022613105151728,0.820347834324789,-0.0131229871101974,-0.0671902986083109,0.820347834324789
310.75,0.169582792573882,-0.0227269495315215,0.169411900470307,-0.0225286194823917,0.844415051036085,-0.0146445934064996,-0.0654939120572495,0.844415051036085
311,0.169681770869715,-0.0226412874066832,0.169510015017565,-0.0224437049006147,0.868629908861891,-0.016230712835165,-0.0636791629329169,0.868629908861891
311.25,0.169780374453002,-0.0225551942243693,0.169607758122261,-0.0223583630230483,0.892991724755622,-0.0178810931681651,-0.061743117347889,0.892991724755622
311.5,0.169878601446472,-0.0224686716236701,0.169705127923506,-0.0222725954744788,0.910015656360116,-0.0162269706117568,-0.0546023031979257,0.910015656360116
311.75,0.169976449980025,-0.022381721251851,0.169802122567519,-0.0221864038877968,0.925274358822853,-0.0137220843871776,-0.0462110382127604,0.925274358822853
312,0.170073918190766,-0.0222943447643218,0.169898740207663,-0.0220997899039657,0.940422830666179,-0.011105276701825,-0.037712547929094,0.940422830666179
312.25,0.17017100422304,-0.022206543824605,0.169994979004477,-0.0220127551719911,0.955459404968316,-0.00837521885923104,-0.0291082157596681,0.955459404968316
312.5,0.17026770622847,-0.0221183201043037,0.170090837125713,-0.0219253013488886,0.970382431960298,-0.00553059934151101,-0.0203994450351407,0.970382431960298
312.75,0.170364022365988,-0.0220296752830706,0.17018631274637,-0.0218374300996532,0.985190279290196,-0.00257012406709922,-0.0115876587886585,0.985190279290196
313,0.170459950801875,-0.0219406110485751,0.170281404048731,-0.0217491430972266,0.999881332284519,0.000507483354236857,-0.00267429953706098,0.999881332284519
313.25,0.170555489709791,-0.021851129096472,0.170376109222393,-0.0216604420224661,1.01404455916538,0.00613299471638893,-0.0099189759315552,1.01404455916538
313.5,0.170650637270813,-0.0217612311303686,0.170470426464307,-0.0215713285641124,1.02837168421388,0.011594230683519,-0.0170882482209309,1.02837168421388
313.75,0.170745391673468,-0.0216709188617927,0.170564353978809,-0.0214818044187573,1.04286143347878,0.0168920884649911,-0.024179588424002,1.04286143347878
314,0.17083975111377,-0.0215801940101596,0.170657889977654,-0.0213918712908113,1.05751249760839,0.0220275006850017,-0.0311904833734213,1.05751249760839
314.25,0.17093371379525,-0.0214890583027396,0.170751032680052,-0.0213015308924717,1.0723235320529,0.0270014351873554,-0.0381184351947197,1.0723235320529
314.5,0.171027277928995,-0.0213975134746255,0.170843780312699,-0.0212107849436894,1.08729315727321,0.0318148948338525,-0.0449609617826834,1.08729315727321
314.75,0.171120441733679,-0.0213055612686986,0.170936131109815,-0.0211196351721365,1.10241995895609,0.0364689172963434,-0.0517155972750176,1.10241995895609
315,0.171213203435596,-0.0212132034355964,0.171028083313173,-0.0210280833131732,1.1177024882355,0.0409645748424454,-0.0583798925231385,1.1177024882355
315.25,0.171305561268699,-0.0211204417336791,0.171119635172136,-0.0209361311098149,1.13313926192044,0.0453029741150214,-0.0649514155601259,1.13313926192044
315.5,0.171397513474625,-0.0210272779289955,0.171210784943689,-0.0208437803126991,1.15277204551613,0.0466541588802245,-0.0681845993122683,1.15277204551613
315.75,0.17148905830274,-0.0209337137952504,0.171301530892472,-0.0207510326800518,1.17539199241706,0.0458878393849992,-0.0689021197982817,1.17539199241706
316,0.17158019401016,-0.0208397511137699,0.171391871290811,-0.0206578899776542,1.19789902410926,0.0451805670481781,-0.0695534749452,1.19789902410926
316.25,0.171670918861793,-0.0207453916734681,0.171481804418757,-0.0205643539788092,1.2202936321116,0.0445314353148653,-0.0701413275347547,1.2202936321116
316.5,0.171761231130369,-0.0206506372708126,0.171571328564112,-0.0204704264643072,1.24257635965793,0.0439394869486987,-0.0706683138412558,1.24257635965793
316.75,0.171851129096472,-0.0205554897097908,0.171660442022466,-0.020376109222393,1.2647478011843,0.0434037145524729,-0.0711370428077478,1.2647478011843
317,0.171940611048575,-0.0204599508018749,0.171749143097227,-0.0202814040487306,1.28680860180405,0.0429230611008859,-0.0715500952304978,1.28680860180405
317.25,0.172029675283071,-0.0203640223659882,0.171837430099653,-0.0201863127463701,1.30875945677091,0.0424964204853046,-0.0719100229519983,1.30875945677091
317.5,0.172118320104304,-0.0202677062284698,0.171925301348889,-0.0200908371257129,1.3306011109302,0.0421226380704103,-0.0722193480626485,1.3306011109302
317.75,0.172206543824605,-0.02017100422304,0.172012755171991,-0.0199949790044772,1.35233435815813,0.0418005112626443,-0.072480562111328,1.35233435815813
318,0.172294344764322,-0.0200739181907657,0.172099789903966,-0.0198987402076633,1.37396004078962,0.0415287900902363,-0.0726961253249352,1.37396004078962
318.25,0.172381721251851,-0.019976449980025,0.172186403887797,-0.0198021225675193,1.39547904903439,0.0413061777947875,-0.0728684658371734,1.39547904903439
318.5,0.17246867162367,-0.0198786014464721,0.172272595474479,-0.0197051279235058,1.41689232038193,0.0411313314341681,-0.072999978926625,1.41689232038193
318.75,0.172555194224369,-0.0197803744530021,0.172358363023048,-0.0196077581222609,1.43820083899491,0.0410028624966881,-0.0730930262643845,1.43820083899491
319,0.172641287406683,-0.0196817708697152,0.172443704900615,-0.0195100150175654,1.45940563509175,0.0409193375263206,-0.0731499351713171,1.45940563509175
319.25,0.172726949531521,-0.0195827925738817,0.172528619482392,-0.019411900470307,1.48050778431805,0.0408792787588898,-0.073172997885161,1.48050778431805
319.5,0.172812178968001,-0.0194834414499055,0.172613105151728,-0.0193134163484453,1.50150840710734,0.0408811647690507,-0.0731644708375881,1.50150840710734
319.75,0.172896974093476,-0.0193837193892889,0.172697160300138,-0.019214564526976,1.52240866803098,0.0409234311279305,-0.0731265739414034,1.52240866803098
320,0.172981333293569,-0.0192836282905962,0.172780783327334,-0.0191153468878954,1.5432097751377,0.0410044710712723,-0.0730614898880125,1.5432097751377
320.25,0.173065254962204,-0.0191831700594176,0.172863972641253,-0.0190157653201641,1.56391297928266,0.0411226361779455,-0.0729713634553268,1.56391297928266
320.5,0.173148737501632,-0.0190823466083329,0.17294672665809,-0.0189158217196718,1.5845195734463,0.0412762370586534,-0.0728583008262315,1.5845195734463
320.75,0.173231779322466,-0.0189811598568755,0.173029043802329,-0.0188155179892006,1.60503089204313,0.0414635440546821,-0.0727243689177505,1.60503089204313
321,0.173314378843709,-0.0188796117314951,0.173110922506769,-0.0187148560383888,1.62544831022065,0.041682787946559,-0.072571594721089,1.62544831022065
321.25,0.173396534492786,-0.0187777041655218,0.173192361212559,-0.0186138377836949,1.64577324314838,0.0419321606724414,-0.0724019646526662,1.64577324314838
321.5,0.173478244705572,-0.0186754390991286,0.173273358369222,-0.0185124651483609,1.66600714529746,0.0422098160560836,-0.0722174239162813,1.66600714529746
321.75,0.173559507926422,-0.018572818479295,0.173353912434689,-0.0184107400623756,1.68615150971067,0.0425138705442012,-0.0720198758765175,1.68615150971067
322,0.173640322608202,-0.0184698442597698,0.173434021875328,-0.018308664462438,1.70620786726329,0.0428424039531112,-0.0718111814435887,1.70620786726329
322.25,0.173720687212315,-0.0183665184010335,0.17351368516597,-0.0182062402919204,1.72617778591475,0.0431934602244362,-0.0715931584696813,1.72617778591475
322.5,0.173800600208737,-0.0182628428702616,0.17359290078994,-0.0181034695008314,1.74606286995142,0.0435650481897393,-0.0713675811569757,1.74606286995142
322.75,0.173880060076039,-0.0181588196412868,0.173671667239088,-0.0180003540457787,1.76586475922058,0.0439551423438979,-0.0711361794774352,1.76586475922058
323,0.173959065301419,-0.0180544506945614,0.173749983013814,-0.0178968958899319,1.78558512835583,0.0443616836270517,-0.0709006386044952,1.78558512835583
323.25,0.174037614380732,-0.0179497380171198,0.173827846623098,-0.0177930970029852,1.80522568599407,0.0447825802149571,-0.0706625983567828,1.80522568599407
323.5,0.174115705818517,-0.0178446836025402,0.173905256584529,-0.0176889593611197,1.82478817398413,0.0452157083175962,-0.0704236526540232,1.82478817398413
323.75,0.174193338128024,-0.0177392894509075,0.173982211424333,-0.0175844849469662,1.84427436658749,0.0456589129857878,-0.0701853489851139,1.84427436658749
324,0.174270509831248,-0.0176335575687742,0.174058709677402,-0.0174796757495667,1.86368606967095,0.0461100089257332,-0.0699491878886781,1.86368606967095
324.25,0.17434721945895,-0.017527489969123,0.174134749887318,-0.0173745337643373,1.88302511989167,0.0465667813212163,-0.0697166224460218,1.88302511989167
324.5,0.17442346555069,-0.0174210886713282,0.174210330606386,-0.0172690609930299,1.9022933838746,0.0470269866633455,-0.069489057786731,1.9022933838746
324.75,0.17449924665485,-0.017314355701117,0.174285450395658,-0.017163259443694,1.92149275738264,0.0474883535876182,-0.0692678506069419,1.92149275738264
325,0.17457456132867,-0.0172072930905314,0.17436010782496,-0.0170571311306387,1.94062516447952,0.0479485837181445,-0.0690543087004294,1.94062516447952
325.25,0.174649408138265,-0.0170999028778891,0.174434301472925,-0.0169506780743939,1.96121369827022,0.0473773354042207,-0.069724262118486,1.96121369827022
325.5,0.17472378565866,-0.016992187107745,0.17450802992701,-0.0168439023016724,1.98183679510288,0.0467292666957709,-0.0704285936162335,1.98183679510288
325.75,0.174797692473816,-0.0168841478308521,0.174581291783533,-0.0167368058453312,2.00232719928198,0.0461166357871228,-0.0710720451040591,2.00232719928198
326,0.174871127176651,-0.0167757871041224,0.174654085647694,-0.0166293907443321,2.02268533911047,0.0455386359311793,-0.0716574291328572,2.02268533911047
326.25,0.174944088369076,-0.0166671069905881,0.174726410133602,-0.0165216590437041,2.04291169936209,0.0449944057688635,-0.0721875344359245,2.04291169936209
326.5,0.175016574662015,-0.0165581095593617,0.174798263864303,-0.0164136127945033,2.06300682081865,0.0444830297989513,-0.072665125023577,2.06300682081865
326.75,0.175088584675433,-0.0164487968855974,0.174869645471807,-0.0163052540537747,2.082971299794,0.0440035388613044,-0.0730929392852956,2.082971299794
327,0.175160117038363,-0.0163391710504508,0.174940553597109,-0.0161965848845124,2.10280578764461,0.0435549106334051,-0.0734736890995897,2.10280578764461
327.25,0.175231170388932,-0.0162292341410398,0.175010986890222,-0.0160876073556207,2.12251099026672,0.0431360701401566,-0.0738100589518434,2.12251099026672
327.5,0.175301743374387,-0.0161189882504047,0.175080944010198,-0.0159783235418748,2.14208766758064,0.0427458902767425,-0.0741047050602539,2.14208766758064
327.75,0.175371834651119,-0.0160084354774683,0.175150423625152,-0.0158687355238809,2.16153663300178,0.0423831923444698,-0.0743602545100817,2.16153663300178
328,0.175441442884693,-0.0158975779269962,0.175219424412295,-0.0157588453880369,2.18085875289905,0.0420467465994166,-0.0745793043963483,2.18085875289905
328.25,0.175510566749867,-0.0157864177095561,0.175287945057949,-0.0156486552264927,2.20005494604029,0.0417352728138868,-0.0747644209752805,2.20005494604029
328.5,0.175579204930623,-0.0156749569414785,0.175355984257582,-0.0155381671371099,2.21912618302513,0.0414474408503996,-0.0749181388245465,2.21912618302513
328.75,0.175647356120188,-0.0155631977448157,0.175423540715824,-0.0154273832234227,2.23807348570544,0.041181871248145,-0.0750429600125171,2.23807348570544
329,0.175715019021063,-0.0154511422473016,0.175490613146498,-0.0153163055945969,2.25689792659322,0.0409371358218327,-0.0751413532767937,2.25689792659322
329.25,0.175782192345044,-0.0153387925823116,0.175557200272642,-0.0152049363653906,2.27560062825653,0.0407117582726305,-0.0752157532119994,2.27560062825653
329.5,0.175848874813246,-0.0152261508888211,0.175623300826532,-0.0150932776561135,2.29418276270292,0.0405042148113136,-0.0752685594672812,2.29418276270292
329.75,0.175915065156132,-0.0151132193113658,0.17568891354971,-0.0149813315925861,2.31264555075145,0.0403129347931618,-0.0753021359533462,2.31264555075145
330,0.175980762113533,-0.015,0.175754037193004,-0.0148691003061004,2.33099026139224,0.0401363013648187,-0.0753188100595885,2.33099026139224
330.25,0.176045964434674,-0.0148864951102563,0.175818670516553,-0.0147565859333783,2.349218211135,0.0399726521226145,-0.0753208718810835,2.349218211135
330.5,0.176110670878197,-0.014772706803104,0.175882812289832,-0.0146437906165311,2.36733076334553,0.0398202797824979,-0.0753105734559388,2.36733076334553
330.75,0.176174880212184,-0.0146586372449087,0.175946461291675,-0.0145307165030191,2.3853293275711,0.0396774328612596,-0.0752901280129757,2.3853293275711
331,0.176238591214182,-0.0145442886073901,0.176009616310296,-0.0144173657456105,2.40321535885455,0.0395423163689439,-0.0752617092299581,2.40321535885455
331.25,0.176301802671225,-0.0144296630675816,0.176072276143314,-0.0143037405023403,2.42099035703728,0.0394130925123036,-0.0752274505025309,2.42099035703728
331.5,0.176364513379859,-0.0143147628077883,0.176134439597777,-0.0141898429364693,2.43865586605143,0.03928788140912,-0.0751894442240044,2.43865586605143
331.75,0.176426722146162,-0.0141995900155453,0.176196105490181,-0.014075675216443,2.4562134732011,0.0391647618132773,-0.0751497410761926,2.4562134732011
332,0.176488427785768,-0.0140841468835767,0.176257272646499,-0.0139612395158503,2.47366480843323,0.0390417718503448,-0.075110349331347,2.47366480843323
332.25,0.176549629123891,-0.0139684356097533,0.176317939902194,-0.0138465380133818,2.49101154359778,0.0389169097636315,-0.0750732341655061,2.49101154359778
332.5,0.176610324995347,-0.013852458397051,0.176378106102249,-0.013731572892789,2.50825539169787,0.0387881346703832,-0.0750403169831758,2.50825539169787
332.75,0.176670514244572,-0.0137362174535087,0.176437770101188,-0.0136163463428419,2.52539810612964,0.0386533673281441,-0.0750134747537514,2.52539810612964
333,0.176730195725651,-0.0136197149921864,0.176496930763093,-0.013500860557288,2.54244147991225,0.0385104909109558,-0.0749945393596027,2.54244147991225
333.25,0.176789368302334,-0.013502953231123,0.176555586961632,-0.0133851177348101,2.55938734490812,0.0383573517953025,-0.0749852969560632,2.55938734490812
333.5,0.176848030848061,-0.0133859343932943,0.176613737580073,-0.0132691200789848,2.57623757103347,0.0381917603556442,-0.0749874873434976,2.57623757103347
333.75,0.176906182245981,-0.01326866070657,0.176671381511314,-0.0131528697982402,2.59299406545962,0.0380114917692917,-0.0750028033514627,2.59299406545962
334,0.176963821388975,-0.0131511344036723,0.176728517657896,-0.0130363691058141,2.60965877180483,0.037814286830527,-0.0750328902352216,2.60965877180483
334.25,0.177020947179678,-0.0130333577221325,0.176785144932031,-0.0129196202197118,2.62623366931721,0.0375978527737399,-0.0750793450846588,2.62623366931721
334.5,0.177077558530496,-0.0129153329042489,0.176841262255616,-0.0128026253626637,2.64272077204874,0.0373598641054091,-0.0751437162457382,2.64272077204874
334.75,0.177133654363631,-0.0127970621970437,0.176896868560259,-0.0126853867620833,2.65912212802044,0.0370979634447999,-0.0752275027547158,2.65912212802044
335,0.177189233611099,-0.012678547852221,0.176951962787296,-0.0125679066500245,2.67563253318671,0.0366716647709687,-0.07537633982046,2.67563253318671
335.25,0.177244295214752,-0.0125597921261228,0.177006543887811,-0.0124501872631394,2.69390458958666,0.0348945843283221,-0.0759523708451553,2.69390458958666
335.5,0.177298838126296,-0.0124407972796872,0.17706061082266,-0.0123322308426354,2.71220415454417,0.0330074262825386,-0.076542646365757,2.71220415454417
335.75,0.177352861307313,-0.0123215655784043,0.177114162562486,-0.0122140396342326,2.73053350703474,0.0310075991895475,-0.0771461222578134,2.73053350703474
336,0.177406363729278,-0.012202099292274,0.177167198087741,-0.0120956158881213,2.7488949133766,0.0288925258405069,-0.0777616986292367,2.7488949133766
336.25,0.177459344373583,-0.0120824006957621,0.177219716388704,-0.011976961858919,2.76729062627668,0.0266596442217015,-0.0783882199906292,2.76729062627668
336.5,0.177511802231554,-0.0119624720677574,0.177271716465505,-0.0118580798056273,2.78572288387889,0.0243064084722308,-0.0790244754401616,2.78572288387889
336.75,0.177563736304467,-0.011842315691528,0.177323197328135,-0.0117389719915891,2.80491675913264,0.0220305505548817,-0.0760799477386561,2.80491675913264
337,0.177615145603573,-0.0117219338546782,0.177374157996473,-0.0116196406844457,2.82503420372409,0.0200085335428714,-0.0682290863834546,2.82503420372409
337.25,0.177666029150114,-0.0116013288491046,0.177424597500302,-0.0115000881560929,2.84508186416465,0.0180211806517763,-0.060182334575543,2.84508186416465
337.5,0.177716385975339,-0.0114805029709527,0.177474514879327,-0.0113803166826386,2.86505672084435,0.0160711676493382,-0.0519401134435402,2.86505672084435
337.75,0.177766215120527,-0.011359458520573,0.177523909183192,-0.0112603285443591,2.88495575855321,0.0141611665784775,-0.0435028831586909,2.88495575855321
338,0.177815515637004,-0.0112381978024774,0.177572779471501,-0.0111401260256556,2.90477596700791,0.0122938452372039,-0.0348711428898706,2.90477596700791
338.25,0.177864286586158,-0.0111167231252951,0.177621124813834,-0.0110197114150106,2.92451434137781,0.0104718666590686,-0.0260454307516507,2.92451434137781
338.5,0.177912527039461,-0.0109950368017289,0.177668944289765,-0.0108990870049449,2.94416788281037,0.00869788859424609,-0.0170263237454273,2.94416788281037
338.75,0.177960236078484,-0.0108731411485111,0.177716236988882,-0.0107782550919733,2.96373359895588,0.00697456299134411,-0.00781443769362189,2.96373359895588
339,0.178007412794916,-0.010751038486359,0.177763002010798,-0.0106572179765612,2.98320850449128,0.0053045354800237,0.00158957283304852,2.98320850449128
339.25,0.17805405629058,-0.0106287311399315,0.177809238465175,-0.0105359779630809,2.98582261209656,0.00837691609240893,0.0103726736160933,2.98582261209656
339.5,0.178100165677452,-0.010506221437784,0.177854945471738,-0.0104145373597676,2.97423009479797,0.015436294042584,0.0183958169802834,2.97423009479797
339.75,0.178145740077675,-0.0103835117123248,0.177900122160292,-0.0102928984786751,2.96260163517264,0.0225163951977677,0.0262662566156155,2.96260163517264
340,0.178190778623577,-0.0102606042997701,0.177944767670736,-0.0101710636356324,2.95687894789171,0.0325161584309101,0.0256083090191235,2.95687894789171
340.25,0.178235280457691,-0.0101375015400998,0.177988881153086,-0.0100490351501994,2.95674033197016,0.0449591488059155,0.0172179712720587,2.95674033197016
340.5,0.178279244732765,-0.0100142057770131,0.178032461767483,-0.00992681534562258,2.96387648932305,0.0499532448608479,0.0113616470469232,2.96387648932305
340.75,0.178322670611784,-0.00989071935788361,0.178075508684217,-0.00980440654879071,2.97444690474796,0.0513522422760255,0.00686479822537986,2.97444690474796
341,0.178365557267979,-0.00976704463371473,0.178118021083735,-0.00968181109019094,2.98497340535677,0.0526464564927857,0.00253795449612407,2.98497340535677
341.25,0.178407903884853,-0.00964318395909486,0.178159998156663,-0.009559031303864,2.99545240837045,0.0538392452407918,-0.00161976865056322,2.99545240837045
341.5,0.178449709656186,-0.00951913969215276,0.178201439103818,-0.00943606952736008,3.00588035986919,0.0549339402257427,-0.00560931310867022,3.00588035986919
341.75,0.178490973786056,-0.00939491419451251,0.178242343136223,-0.00931292810169421,3.01625373565316,0.0559338462728957,-0.0094316776366039,3.01625373565316
342,0.178531695488855,-0.00927050983124843,0.178282709475126,-0.00918960937130153,3.02656904209488,0.0568422404788594,-0.0130879173251928,3.02656904209488
342.25,0.178571873989298,-0.00914592897084031,0.178322537352009,-0.00906611568399296,3.03682281698298,0.057662371371895,-0.0165791430535817,3.03682281698298
342.5,0.178611508522447,-0.00902117398512822,0.178361826008607,-0.00894244939091034,3.04701163035746,0.0583974580808023,-0.01990652093328,3.04701163035746
342.75,0.178650598333716,-0.00889624724926713,0.178400574696921,-0.00881861284648153,3.05713208533599,0.0590506895126303,-0.0230712717403746,3.05713208533599
343,0.178689142678891,-0.00877115114168209,0.178438782679231,-0.00869460840837588,3.06718081893112,0.0596252235393432,-0.0260746703360709,3.06718081893112
343.25,0.178727140824144,-0.0086458880440227,0.178476449228112,-0.0085704384374592,3.07851201905921,0.0595461534593501,-0.0267040799943759,3.07851201905921
343.5,0.178764592046046,-0.00852046034111768,0.178513573626448,-0.00844610529774863,3.08979831963698,0.0594031943220315,-0.0270382912896969,3.08979831963698
343.75,0.178801495631578,-0.0083948704209298,0.178550155167443,-0.00832161135636804,3.10088701885486,0.0592625021880864,-0.0273250115089235,3.10088701885486
344,0.17883785087815,-0.00826912067450999,0.178586193154638,-0.00819695898350252,3.11177797644682,0.059124008889232,-0.0275676742687883,3.11177797644682
344.25,0.178873657093609,-0.00814321349595223,0.178621686901922,-0.00807215055235362,3.12247112275189,0.0589875793750666,-0.0277697067763894,3.12247112275189
344.5,0.178908913596259,-0.00801715128234774,0.178656635733544,-0.00794718843909401,3.13296645856118,0.0588530118697597,-0.0279345286994046,3.13296645856118
344.75,0.178943619714864,-0.00789093643373926,0.17869103898413,-0.00782207502282209,3.14326405494855,0.058720038045408,-0.0280655510389773,3.14326405494855
345,0.178977774788672,-0.00776457135307562,0.17872489599869,-0.00769681268551702,3.15336405308381,0.0585883232123896,-0.0281661750056235,3.15336405308381
345.25,0.179011378167418,-0.00763805844616583,0.178758206132637,-0.00757140381199315,3.16326666402968,0.0584574665262788,-0.0282397908982782,3.16326666402968
345.5,0.179044429211343,-0.00751140012163326,0.178790968751793,-0.00744585078985465,3.17297216852142,0.0583270012116631,-0.0282897769868464,3.17297216852142
345.75,0.179076927291203,-0.00738459879086979,0.178823183232405,-0.00732015600945005,3.18248091673019,0.0581963948024617,-0.0283194983983767,3.18248091673019
346,0.17910887178828,-0.00725765686799004,0.178854848961157,-0.00719432186382683,3.19179332800941,0.0580650493989654,-0.0283323060071933,3.19179332800941
346.25,0.179140262094398,-0.0071305767697852,0.178885965335177,-0.00706835074868572,3.2009098906246,0.0579323019413701,-0.0283315353291627,3.2009098906246
346.5,0.17917109761193,-0.00700336091567718,0.178916531762056,-0.00694224506233516,3.20983116146678,0.0577974244997747,-0.0283205054203362,3.20983116146678
346.75,0.179201377753813,-0.00687601172767243,0.178946547659852,-0.00681600720564561,3.21855776574924,0.0576596245806419,-0.0283025177802352,3.21855776574924
347,0.179231101943557,-0.00674853163031596,0.178976012457106,-0.00668963958200396,3.22709039668785,0.0575180454495991,-0.0282808552599871,3.22709039668785
347.25,0.179260269615255,-0.00662092305064505,0.179004925592852,-0.00656314459726758,3.23542981516532,0.0573717664704551,-0.0282587809755189,3.23542981516532
347.5,0.179288880213598,-0.00649318841814309,0.179033286516623,-0.00643652465971861,3.24357684937874,0.0572198034605183,-0.0282395372261185,3.24357684937874
347.75,0.17931693319388,-0.0063653301646934,0.17906109468847,-0.00630978218001819,3.25153239447135,0.0570611090619532,-0.0282263444184992,3.25153239447135
348,0.179344428022014,-0.0062373507245328,0.179088349578965,-0.00618291957116042,3.25929741214784,0.0568945731292388,-0.0282223999966786,3.25929741214784
348.25,0.179371364174538,-0.00610925253420532,0.179115050669214,-0.00605593924842648,3.26687293027392,0.0567190231325443,-0.028230877377837,3.26687293027392
348.5,0.179397741138625,-0.00598103803251589,0.179141197450866,-0.00592884362933869,3.27426004245975,0.0565332245769754,-0.0282549248944106,3.27426004245975
348.75,0.179423558412097,-0.00585270966048386,0.179166789426125,-0.0058016351336145,3.28145990762757,0.05633588143765,-0.0282976647426739,3.28145990762757
349,0.17944881550343,-0.00572426986129634,0.179191826107756,-0.00567431618312019,3.2884737495637,0.0561256366103655,-0.0283621919379458,3.2884737495637
349.25,0.179473511931765,-0.00559572108026207,0.179216307019098,-0.00554688920182515,3.29530285645454,0.0559010723779825,-0.0284515732767849,3.29530285645454
349.5,0.179497647226919,-0.00546706576476444,0.179240231694068,-0.00541935661575533,3.30194858040752,0.055660710892147,-0.0285688463062149,3.30194858040752
349.75,0.179521220929389,-0.00533830636421525,0.179263599677175,-0.00529172085294738,3.30841233695607,0.0554030146705277,-0.0287170183003835,3.30841233695607
350,0.179544232590366,-0.00520944533000794,0.179286410523528,-0.0051639843434023,3.31469560454964,0.055126387109247,-0.028899065244731,3.31469560454964
350.25,0.179566681771742,-0.00508048511547075,0.179308663798839,-0.00503614951903898,3.32079992402824,0.0548291730105266,-0.029117930827975,3.32079992402824
350.5,0.179588568046117,-0.00495142817582032,0.179330359079439,-0.00490821881364828,3.32672689808197,0.0545096591253528,-0.0293765254420666,3.32672689808197
350.75,0.179609890996807,-0.00482227696811481,0.179351495952281,-0.00478019466284646,3.33247819069543,0.0541660747111484,-0.0296777251904108,3.33247819069543
351,0.179630650217854,-0.00469303395120693,0.17937207401495,-0.00465207950402871,3.33805552657744,0.0537965921041523,-0.0300243709044231,3.33805552657744
351.25,0.179650845314033,-0.00456370158569749,0.179392092875668,-0.00452387577632304,3.34346069057569,0.0533993273066463,-0.0304192671688365,3.34346069057569
351.5,0.179670475900857,-0.00443428233388834,0.179411552153306,-0.00439558592054366,3.34869552707699,0.0529723405886337,-0.0308651813557549,3.34869552707699
351.75,0.17968954160459,-0.00430477865973538,0.179430451477386,-0.0042672123791444,3.35376193939287,0.0525136371040586,-0.0313648426678357,3.35376193939287
352,0.179708042062247,-0.00417519302880198,0.179448790488094,-0.00413875759617252,3.3586618891308,0.0520211675212929,-0.0319209411906819,3.3586618891308
352.25,0.179725976921606,-0.00404552790821171,0.17946656883628,-0.00401022401722191,3.36339739555128,0.0514928286678128,-0.0325361269547008,3.36339739555128
352.5,0.179743345841214,-0.00391578576660155,0.17948378618347,-0.00388161408938659,3.36797053491049,0.0509264641889954,-0.0332130090066892,3.36797053491049
352.75,0.179760148490391,-0.0037859690740749,0.179500442201872,-0.00375293026121426,3.37238343978933,0.0503198652207383,-0.0339541544911962,3.37238343978933
353,0.17977638454924,-0.00365608030215444,0.179516536574378,-0.00362417498265949,3.37670065145635,0.0496947516236447,-0.034495159523874,3.37670065145635
353.25,0.179792053708648,-0.00352612192373513,0.179532068994574,-0.00349535070503716,3.38143012055982,0.0492805392667709,-0.0325566704292751,3.38143012055982
353.5,0.179807155670298,-0.00339609641303721,0.179547039166747,-0.00336645988097588,3.38598651107342,0.0488829985537276,-0.0305499996462409,3.38598651107342
353.75,0.17982169014667,-0.00326600624555895,0.179561446805885,-0.0032375049643711,3.39036853946648,0.0485033338366615,-0.0284780582497508,3.39036853946648
354,0.179835656861048,-0.0031358538980296,0.179575291637688,-0.00310848841033854,3.39457498105298,0.0481426936023554,-0.0263437766726584,3.39457498105298
354.25,0.179849055547527,-0.00300564184836229,0.17958857339857,-0.00297941267516747,3.39860467027001,0.0478021701952039,-0.0241501037659464,3.39860467027001
354.5,0.179861885951015,-0.00287537257560673,0.179601291835665,-0.00285028021627379,3.40245650094227,0.0474827995541101,-0.0219000058551937,3.40245650094227
354.75,0.17987414782724,-0.00274504855990207,0.179613446706833,-0.00272109349215336,3.40612942653236,0.0471855609635321,-0.0195964657934171,3.40612942653236
355,0.179885840942752,-0.00261467228242975,0.179625037780663,-0.00259185496233523,3.40962246037692,0.0469113768186035,-0.0172424820105155,3.40962246037692
355.25,0.179896965074933,-0.00248424622536612,0.179636064836477,-0.00246256708733468,3.4129346759086,0.0466611124044207,-0.0148410675594996,3.4129346759086
355.5,0.179907520011994,-0.00235377287183537,0.179646527664336,-0.00233323232860654,3.4160652068637,0.0464355756895593,-0.0123952491597187,3.4160652068637
355.75,0.179917505552985,-0.00222325470586198,0.179656426065043,-0.0022038531484981,3.41901324747551,0.0462355171338117,-0.00990806623727706,3.41901324747551
356,0.179926921507795,-0.00209269421232374,0.179665759850146,-0.0020744320102025,3.42177805265334,0.0460616295102448,-0.00738256996285569,3.42177805265334
356.25,0.179935767697158,-0.00196209387690431,0.179674528841944,-0.00194497137771171,3.42435893814726,0.0459145477414874,-0.00482182228713751,3.42435893814726
356.5,0.179944043952656,-0.00183145618604571,0.179682732873488,-0.00181547371576945,3.42675528069814,0.0457948487505168,-0.00222889497401679,3.42675528069814
356.75,0.17995175011672,-0.00170078362690131,0.179690371788585,-0.00168594148982459,3.42896651817366,0.0457030513256564,0.000393131368150846,3.42896651817366
357,0.179958886042637,-0.00157007868728833,0.1796974454418,-0.00155637716598405,3.43099214968955,0.0456396160000948,0.00304116825711068,3.43099214968955
357.25,0.179965451594549,-0.00143934385564032,0.179703953698463,-0.00142678321096568,3.43283173571649,0.045604944945774,0.0057121203088467,3.43283173571649
357.5,0.179971446647456,-0.00130858162096006,0.179709896434664,-0.00129716209205164,3.43448489817242,0.0455993818817545,0.00840288621108981,3.43448489817242
357.75,0.179976871087222,-0.00117779447277207,0.179715273537263,-0.00116751627704124,3.43595132050046,0.045623211997014,0.011110359698006,3.43595132050046
358,0.179981724810573,-0.00104698490107502,0.179720084903887,-0.00103784823420381,3.43723074773214,0.0456766618877438,0.0138314305258531,3.43723074773214
358.25,0.179986007725101,-0.00091615539629471,0.179724330442936,-0.000908160432232082,3.43832298653624,0.0457598995091272,0.0165629854493877,3.43832298653624
358.5,0.179989719749267,-0.000785308449236206,0.179728010073579,-0.000778455340194755,3.43922790525291,0.0458730341416269,0.0193019091988445,3.43922790525291
358.75,0.179992860812397,-0.000654446551036827,0.179731123725763,-0.00064873542748987,3.43994543391338,0.0460161163717518,0.0220450854572484,3.43994543391338
359,0.179995430854692,-0.000523572193118533,0.179733671340207,-0.00051900316379763,3.44047556424497,0.0461891380873818,0.0247893978378816,3.44047556424497
359.25,0.17999742982722,-0.000392687867140343,0.17973565286841,-0.000389261019033226,3.44081834966169,0.0463920324875112,0.0275317308616916,3.44081834966169
359.5,0.179998857691925,-0.000261796064951209,0.179737068272644,-0.000259511463300127,3.44097390524012,0.0466246741066126,0.0302689709344169,3.44097390524012
359.75,0.179999714421622,-0.000130899278542423,0.179737917525964,-0.000129756966842898,3.4409441291623,0.0468980088237102,0.0311288661686251,3.4409441291623
