phi_deg,x_boundary,y_boundary,x_query,y_query,sig_tt,sig_nn,sig_nt,sig_tt_eff
0,0.18,0,0.1798691003061,0,3.5877107482585,-0.000319503958248336,-0.00681786654929491,3.5877107482585
0.25,0.179999714421622,0.000130899278542397,0.179868815973793,0.000130328122692635,3.58809086977335,-0.00044142155349574,-0.00681673519872428,3.58809086977335
0.5,0.179998857691925,0.000261796064951218,0.179867962982285,0.000260653764125677,3.58858366891315,-0.00069338507416394,-0.00684258480309291,3.58858366891315
0.75,0.17999742982722,0.000392687867140333,0.179866541347815,0.000390974443086775,3.58918989442894,-0.00107614785644797,-0.00689312799322827,3.58918989442894
1,0.179995430854692,0.000523572193118505,0.17986455109745,0.000521287678458054,3.58991026072569,-0.00159042855974491,-0.00696606357619204,3.58991026072569
1.25,0.179992860812397,0.000654446551036834,0.17986199226908,0.000651590989263355,3.59074544764517,-0.00223691094937706,-0.00705907702077126,3.59074544764517
1.5,0.179989719749267,0.000785308449236194,0.179858864911423,0.000781881894715469,3.58962293805875,-0.0033916104278464,-0.00153548225248567,3.58962293805875
1.75,0.179986007725101,0.00091615539629468,0.179855169084018,0.000912157914263366,3.57844432866126,-0.0038714288669004,0.0150354593572127,3.57844432866126
2,0.179981724810573,0.00104698490107503,0.17985090485723,0.00104241656763942,3.55912407996482,-0.00182453085750297,0.0291787309161043,3.55912407996482
2.25,0.179976871087222,0.00117779447277206,0.179846072312242,0.00117265537490664,3.54322174873998,0.00907527352937148,0.0282637231544581,3.54322174873998
2.5,0.179971446647456,0.00130858162096008,0.17984067154106,0.00130287185650587,3.53531181355694,0.0142923005059897,0.0253062473077586,3.53531181355694
2.75,0.179965451594549,0.00143934385564032,0.179834702646506,0.001433063533303,3.52861799956725,0.0185062529542849,0.0221213710279666,3.52861799956725
3,0.179958886042637,0.00157007868728831,0.179828165742219,0.00156322792663617,3.52443452219092,0.0207867338355296,0.0201218713687628,3.52443452219092
3.25,0.17995175011672,0.00170078362690133,0.179821060952653,0.00169336255836297,3.52224449724217,0.0215077700411257,0.0191430039883486,3.52224449724217
3.5,0.179944043952656,0.00183145618604571,0.179813388413072,0.00182346495090758,3.51992580115496,0.0221712333621645,0.0182540364059944,3.51992580115496
3.75,0.179935767697158,0.00196209387690429,0.179805148269551,0.00195353262730799,3.5174758194993,0.0227797697418975,0.0174529451511115,3.5174758194993
4,0.179926921507795,0.00209269421232376,0.17979634067897,0.00208356311126314,3.51489198482059,0.0233359816933671,0.0167376576403011,3.51489198482059
4.25,0.179917505552985,0.00222325470586198,0.179786965809014,0.00221355392718004,3.51217177741691,0.0238424275215184,0.0161060529565784,3.51217177741691
4.5,0.179907520011994,0.00235377287183535,0.179777023838165,0.00234350260022094,3.50931272610415,0.0243016205572912,0.0155559626400079,3.50931272610415
4.75,0.179896965074933,0.00248424622536613,0.179766514955705,0.00247340665635041,3.50631240896909,0.0247160284037408,0.01508517148945,3.50631240896909
5,0.179885840942752,0.00261467228242974,0.179755439361708,0.00260326362238249,3.50316845411014,0.0250880721944629,0.0146914183753786,3.50316845411014
5.25,0.17987414782724,0.00274504855990207,0.179743797267037,0.00273307102602772,3.49987854036551,0.0254201258644045,0.0143723970635094,3.49987854036551
5.5,0.179861885951015,0.00287537257560672,0.17973158889334,0.00286282639594025,3.49644039802901,0.0257145154331757,0.0141257570490304,3.49644039802901
5.75,0.179849055547527,0.00300564184836229,0.179718814473049,0.00299252726176488,3.49285180955277,0.0259735183011509,0.0139491044013882,3.49285180955277
6,0.179835656861048,0.0031358538980296,0.179705474249368,0.00312217115418407,3.48911061023731,0.0261993625583387,0.0138400026192838,3.48911061023731
6.25,0.17982169014667,0.00326600624555894,0.179691568476277,0.00325175560496501,3.48521468890836,0.0263942263062869,0.0137959734958113,3.48521468890836
6.5,0.179807155670298,0.0033960964130372,0.179677097418522,0.00338127814700653,3.48116198858062,0.0265602369930987,0.0138144979934918,3.48116198858062
6.75,0.179792053708648,0.00352612192373513,0.179662061351611,0.00351073631438615,3.47695050710813,0.0266994707617164,0.0138930171290274,3.47695050710813
7,0.17977638454924,0.00365608030215442,0.179646460561809,0.00364012764240695,3.4725782978211,0.0268139518116381,0.0140289328676148,3.4725782978211
7.25,0.179760148490391,0.00378596907407489,0.179630295346132,0.00376944966764457,3.46804347014927,0.026905651774138,0.0142196090265625,3.46804347014927
7.5,0.179743345841214,0.00391578576660155,0.179613566012342,0.00389869992799407,3.46334419023144,0.0269764891011723,0.0144623721880744,3.46334419023144
7.75,0.179725976921606,0.00404552790821169,0.179596272878943,0.00402787596271679,3.45847868151111,0.0270283284680973,0.014754512620986,3.45847868151111
8,0.179708042062247,0.00417519302880196,0.17957841627517,0.00415697531248724,3.45344522531826,0.0270629801902721,0.0150932852112276,3.45344522531826
8.25,0.17968954160459,0.00430477865973538,0.179559996540988,0.00428599551943989,3.44824216143687,0.0270821996537494,0.0154759104008669,3.44824216143687
8.5,0.179670475900857,0.00443428233388832,0.179541014027082,0.00441493412721598,3.44286788865829,0.0270876867600939,0.0158995751354746,3.44286788865829
8.75,0.179650845314033,0.0045637015856975,0.17952146909485,0.00454378868101027,3.43732086532027,0.0270810853855045,0.0163614338196518,3.43732086532027
9,0.179630650217854,0.00469303395120693,0.179501362116402,0.00467255672761782,3.43159960983148,0.0270639828543268,0.0168586092804945,3.43159960983148
9.25,0.179609890996807,0.00482227696811478,0.179480693474544,0.00480123581548061,3.42570270118146,0.0270379094270775,0.0173881937387955,3.42570270118146
9.5,0.179588568046117,0.00495142817582033,0.179459463562778,0.00492982349473431,3.41962877943595,0.027004337803053,0.0179472497877538,3.41962877943595
9.75,0.179566681771742,0.00508048511547074,0.179437672785291,0.00505831731725485,3.41337654621736,0.0269646826377064,0.0185328113790314,3.41337654621736
10,0.179544232590366,0.00520944533000791,0.179415321556947,0.00518671483670509,3.40694476517045,0.026920300074788,0.0191418848158806,3.40694476517045
10.25,0.179521220929389,0.00533830636421525,0.179392410303282,0.00531501360858132,3.40033226241285,0.0268724872934809,0.0197714497532101,3.40033226241285
10.5,0.179497647226919,0.00546706576476442,0.179368939460493,0.00544321119025987,3.39353792697065,0.0268224820704883,0.0204184602042894,3.39353792697065
10.75,0.179473511931765,0.00559572108026204,0.179344909475431,0.00557130514104358,3.38656071119877,0.0267714623572703,0.0210798455539431,3.38656071119877
11,0.17944881550343,0.00572426986129634,0.179320320805593,0.00569929302220827,3.37939963118607,0.0267205458724587,0.0217525115779813,3.37939963118607
11.25,0.179423558412097,0.00585270966048385,0.179295173919111,0.00582717239704917,3.37205376714498,0.0266707897096114,0.0224333414686847,3.37205376714498
11.5,0.179397741138625,0.00598103803251591,0.179269469294745,0.00595494083092731,3.36452226378596,0.0266231899602524,0.0231191968660629,3.36452226378596
11.75,0.179371364174538,0.00610925253420532,0.179243207421875,0.0060825958913159,3.35680433067608,0.0265786813524881,0.0238069188947599,3.35680433067608
12,0.179344428022014,0.00623735072453278,0.17921638880049,0.00621013514784659,3.34872819830395,0.0266177002032846,0.0242689102271198,3.34872819830395
12.25,0.17931693319388,0.00636533016469339,0.179189013941175,0.00633755617235578,3.33968919252859,0.0270150846678462,0.023685288873989,3.33968919252859
12.5,0.179288880213598,0.00649318841814309,0.179161083365111,0.00646485653893085,3.33053735641588,0.0273716738623319,0.0231544543991322,3.33053735641588
12.75,0.179260269615255,0.00662092305064503,0.179132597604054,0.0065920338239563,3.32127043260408,0.0276898925973285,0.0226744975446911,3.32127043260408
13,0.179231101943557,0.00674853163031595,0.179103557200332,0.00671908560615995,3.31188620751807,0.0279721248183736,0.0222434613490359,3.31188620751807
13.25,0.179201377753813,0.00687601172767242,0.179073962706833,0.00684600946665902,3.3023825121507,0.0282207128214685,0.0218593418749695,3.3023825121507
13.5,0.17917109761193,0.00700336091567716,0.179043814686993,0.00697280298900615,3.29275722283267,0.028437956479788,0.0215200889496321,3.29275722283267
13.75,0.179140262094398,0.00713057676978519,0.179013113714788,0.00709946375923545,3.28306845427765,0.0285872297971201,0.0213020060631506,3.28306845427765
14,0.17910887178828,0.00725765686799003,0.178981860374718,0.00722598936590843,3.27331556798267,0.0286705888924607,0.021208811453692,3.27331556798267
14.25,0.179076927291203,0.00738459879086979,0.178950055261804,0.00735237740015992,3.2634052574124,0.0287492353917398,0.0211195583775926,3.2634052574124
14.5,0.179044429211343,0.00751140012163324,0.178917698981568,0.00747862545574394,3.25333651464628,0.0288243643962768,0.0210314071885823,3.25333651464628
14.75,0.179011378167418,0.00763805844616583,0.178884792150028,0.00760473112907949,3.24310839171614,0.0288971141382048,0.0209414929055713,3.24310839171614
15,0.178977774788672,0.00776457135307562,0.178851335393681,0.00773069201929632,3.23272000103649,0.0289685655466982,0.0208469261863946,3.23272000103649
15.25,0.178943619714864,0.00789093643373924,0.178817329349497,0.00785650572828066,3.22217051581983,0.0290397418288987,0.0207447943080965,3.22217051581983
15.5,0.178908913596259,0.0080171512823477,0.178782774664901,0.00798216986072084,3.21145917047726,0.0291116080656182,0.0206321621535375,3.21145917047726
15.75,0.178873657093609,0.00814321349595223,0.178747671997766,0.00810768202415293,3.20058526100414,0.0291850708218291,0.02050607320407,3.20058526100414
16,0.17883785087815,0.00826912067450998,0.178712022016394,0.00823303982900624,3.1895481453508,0.0292609777721451,0.0203635505381323,3.1895481453508
16.25,0.178801495631578,0.00839487042092976,0.17867582539951,0.00835824088864888,3.17834724377815,0.0293401173412689,0.0202015978354878,3.17834724377815
16.5,0.178764592046046,0.00852046034111768,0.178639082836247,0.00848328281943315,3.16706151314817,0.029376033412763,0.0201426406912398,3.16706151314817
16.75,0.178727140824144,0.00864588804402268,0.178601795026128,0.00860816324074093,3.15568420643934,0.0293744511906255,0.0201804655056494,3.15568420643934
17,0.178689142678891,0.0087711511416821,0.178563962679061,0.008732879775029,3.14416073806805,0.0293688632942714,0.0202300403259915,3.14416073806805
17.25,0.178650598333716,0.00889624724926713,0.178525586515318,0.00885743004787433,3.13248974873346,0.0293608485211939,0.0202887176357838,3.13248974873346
17.5,0.178611508522447,0.00902117398512819,0.178486667265527,0.00898181168801926,3.12066993514198,0.0293519325163601,0.0203538169663733,3.12066993514198
17.75,0.178571873989298,0.00914592897084032,0.178447205670654,0.00910602232741665,3.10870005056372,0.0293435872116286,0.0204226258083191,3.10870005056372
18,0.178531695488855,0.00927050983124842,0.17840720248199,0.00923005960127497,3.09657890537494,0.0293372302789592,0.0204924005312346,3.09657890537494
18.25,0.178490973786056,0.00939491419451248,0.17836665846114,0.00935392114810334,3.08430536758668,0.029334224597474,0.0205603673118498,3.08430536758668
18.5,0.178449709656186,0.00951913969215276,0.178325574380002,0.00947760460975643,3.07187836335935,0.0293358777344714,0.0206237230700761,3.07187836335935
18.75,0.178407903884853,0.00964318395909485,0.178283951020758,0.00960110763147942,3.05929687750307,0.0293434414405894,0.0206796364129405,3.05929687750307
19,0.17836555726798,0.0097670446337147,0.178241789175857,0.00972442786195281,3.04655995396394,0.0293581111590924,0.0207252485860869,3.04655995396394
19.25,0.178322670611784,0.00989071935788362,0.178199089648,0.00984756295333717,3.03366669629575,0.0293810255495472,0.02075767443275,3.03366669629575
19.5,0.178279244732765,0.0100142057770131,0.178155853250124,0.00997051056131785,3.02061626811741,0.0294132660258498,0.0207740033598972,3.02061626811741
19.75,0.178235280457691,0.0101375015400998,0.178112080805388,0.0100932683451496,3.0074078935556,0.0294558563088293,0.0207713003114237,3.0074078935556
20,0.178190778623577,0.0102606042997701,0.178067773147157,0.0102158339677012,2.99404085767294,0.0295097619934299,0.0207466067481126,2.99404085767294
20.25,0.178145740077675,0.0103835117123248,0.178022931118983,0.0103382050954999,2.98051450688124,0.0295758901306413,0.0206969416342121,2.98051450688124
20.5,0.178100165677452,0.010506221437784,0.177977555574595,0.0104603793987758,2.96682824934,0.0296550888242125,0.0206193024303765,2.96682824934
20.75,0.17805405629058,0.0106287311399315,0.177931647377878,0.0105823545515062,2.95298155533984,0.0297481468422935,0.0205106660927875,2.95298155533984
21,0.178007412794916,0.010751038486359,0.177885207402857,0.0107041282314601,2.93897395767103,0.0298557932440412,0.0203679900782246,2.93897395767103
21.25,0.177960236078484,0.010873141148511,0.177838236533683,0.0108256981202421,2.92434507731664,0.0299879540233736,0.0189437704905294,2.92434507731664
21.5,0.177912527039461,0.0109950368017289,0.177790735664613,0.0109470619033369,2.90945599656339,0.030113811891038,0.0171415248268055,2.90945599656339
21.75,0.177864286586158,0.0111167231252951,0.177742705699996,0.0110682172701528,2.89440419072521,0.0302276535837341,0.0152103161684203,2.89440419072521
22,0.177815515637004,0.0112381978024774,0.177694147554252,0.0111891619140665,2.87919163853709,0.0303277847637625,0.0131470754612564,2.87919163853709
22.25,0.177766215120527,0.011359458520573,0.177645062151859,0.0113098935324661,2.86495214511213,0.0299009677791197,0.0128091838411046,2.86495214511213
22.5,0.177716385975339,0.0114805029709527,0.177595450427333,0.0114304098267957,2.85189597508544,0.028880110744778,0.0146451056712633,2.85189597508544
22.75,0.177666029150114,0.0116013288491046,0.177545313325208,0.0115507085025987,2.83867391575307,0.0278862223178513,0.0164755846386267,2.83867391575307
23,0.177615145603573,0.0117219338546782,0.177494651800023,0.0116707872695619,2.82528500957954,0.0269205306849892,0.0182977630969282,2.82528500957954
23.25,0.177563736304467,0.011842315691528,0.177443466816301,0.0117906438415586,2.81172835599954,0.0259842097023583,0.0201087568492583,2.81172835599954
23.5,0.177511802231554,0.0119624720677574,0.177391759348529,0.0119102759366923,2.79800311187645,0.0250783784318961,0.0219056560559235,2.79800311187645
23.75,0.177459344373583,0.0120824006957621,0.177339530381144,0.0120296812773405,2.78410849194744,0.0242041006910319,0.0236855261492917,2.78410849194744
24,0.177406363729278,0.012202099292274,0.177286780908509,0.0121488575901976,2.7700437692547,0.0233623846161091,0.0254454087555286,2.7700437692547
24.25,0.177352861307313,0.0123215655784043,0.177233511934899,0.0122678026063184,2.75580827556295,0.0225541822395054,0.0271823226229531,2.75580827556295
24.5,0.177298838126296,0.0124407972796872,0.177179724474478,0.0123865140611612,2.74140140176312,0.0217803890805778,0.0288932645568438,2.74140140176312
24.75,0.177244295214752,0.0125597921261228,0.177125419551282,0.0125049896946311,2.72682259826206,0.021041843750488,0.0305752103604743,2.72682259826206
25,0.1771892336111,0.012678547852221,0.177070598199198,0.0126232272511228,2.71207137535816,0.0203393275710948,0.0322251157822407,2.71207137535816
25.25,0.177133654363631,0.0127970621970437,0.177015261461945,0.0127412244795635,2.69714730360286,0.0196735642078717,0.033839917468605,2.69714730360286
25.5,0.177077558530496,0.0129153329042489,0.176959410393056,0.0128589791334563,2.68205001414791,0.0190452193170561,0.0354165339227215,2.68205001414791
25.75,0.177020947179678,0.0130333577221325,0.176903046055854,0.0129764889709222,2.66677919907838,0.0184549002069882,0.0369518664684811,2.66677919907838
26,0.176963821388975,0.0131511344036723,0.176846169523436,0.0130937517547432,2.65101332156708,0.0181092923729991,0.0381287335943439,2.65101332156708
26.25,0.176906182245981,0.01326866070657,0.176788781878647,0.0132107652524051,2.63361142362558,0.0187342810399495,0.0377959880167794,2.63361142362558
26.5,0.176848030848061,0.0133859343932943,0.176730884214067,0.0133275272361395,2.61616753083641,0.0193035088733657,0.037489097400003,2.61616753083641
26.75,0.176789368302334,0.013502953231123,0.176672477631983,0.0134440354829666,2.5986792667719,0.019819673570196,0.0372074949945349,2.5986792667719
27,0.176730195725651,0.0136197149921864,0.176613563244372,0.0135602877747372,2.58114427227241,0.0202854574143957,0.036950557625595,2.58114427227241
27.25,0.176670514244572,0.0137362174535087,0.17655414217288,0.0136762818981753,2.56356020640099,0.02070352631608,0.0367176060014019,2.56356020640099
27.5,0.176610324995347,0.013852458397051,0.176494215548798,0.01379201564492,2.54592474739311,0.0210765288556206,0.0365079050359809,2.54592474739311
27.75,0.176549629123891,0.0139684356097533,0.176433784513042,0.0139074868115676,2.52831138970277,0.0213518422894489,0.0363538088934479,2.52831138970277
28,0.176488427785768,0.0140841468835767,0.176372850216133,0.0140226931997135,2.51072135549888,0.0215297660768352,0.036258138454062,2.51072135549888
28.25,0.176426722146162,0.0141995900155453,0.176311413818172,0.0141376326159942,2.49303746950691,0.0216966794824489,0.0361698399481384,2.49303746950691
28.5,0.176364513379859,0.0143147628077883,0.176249476488818,0.0142523028721288,2.47525787706966,0.021854770661437,0.0360871658029422,2.47525787706966
28.75,0.176301802671225,0.0144296630675816,0.17618703940727,0.0143667017849609,2.45738076175041,0.0220061915384908,0.0360083216475416,2.45738076175041
29,0.176238591214182,0.0145442886073901,0.176124103762239,0.0144808271765003,2.43940434613354,0.0221530570008856,0.0359314669442862,2.43940434613354
29.25,0.176174880212184,0.0146586372449086,0.176060670751929,0.0145946768739639,2.42132689261552,0.0222974441011155,0.0358547156324826,2.42132689261552
29.5,0.176110670878197,0.014772706803104,0.175996741584015,0.0147082487098175,2.40314670418588,0.0224413912693603,0.0357761367842269,2.40314670418588
29.75,0.176045964434674,0.0148864951102562,0.175932317475614,0.0148215405218172,2.38486212519841,0.0225868975358645,0.0356937552721074,2.38486212519841
30,0.175980762113533,0.015,0.175867399653269,0.0149345501530502,2.36647154213205,0.0227359217634982,0.0356055524487791,2.36647154213205
30.25,0.175915065156132,0.0151132193113658,0.175801989352921,0.015047275451976,2.34797338434146,0.0228903818905845,0.0355094668381493,2.34797338434146
30.5,0.175848874813246,0.0152261508888211,0.175736087819889,0.0151597142724673,2.3294757028728,0.0229737036198305,0.035462901609129,2.3294757028728
30.75,0.175782192345044,0.0153387925823116,0.175669696308843,0.0152718644738511,2.31097126981423,0.0229922739091476,0.0354638558686374,2.31097126981423
31,0.175715019021063,0.0154511422473016,0.175602816083781,0.0153837239209493,2.29238547025034,0.0230005165599821,0.0354721258151074,2.29238547025034
31.25,0.175647356120188,0.0155631977448156,0.175535448418006,0.0154952904841191,2.27371637995723,0.0230007094861215,0.0354861878033511,2.27371637995723
31.5,0.175579204930623,0.0156749569414785,0.175467594594102,0.0156065620392942,2.25496210823596,0.0229950988154149,0.0355044694633593,2.25496210823596
31.75,0.175510566749867,0.0157864177095561,0.175399255903908,0.0157175364680244,2.2361207987468,0.0229858980487122,0.0355253502562205,2.2361207987468
32,0.175441442884693,0.0158975779269961,0.175330433648494,0.0158282116575165,2.21719063033505,0.0229752872272486,0.0355471620427238,2.21719063033505
32.25,0.175371834651119,0.0160084354774683,0.175261129138136,0.0159385855006746,2.19816981784814,0.022965412108734,0.03556818966466,2.19816981784814
32.5,0.175301743374387,0.0161189882504047,0.175191343692292,0.0160486558961398,2.17905661294382,0.022958383352272,0.0355866715385958,2.17905661294382
32.75,0.175231170388932,0.0162292341410398,0.175121078639577,0.0161584207483303,2.15984930488934,0.0229562757122957,0.0356008002620088,2.15984930488934
33,0.175160117038363,0.0163391710504508,0.175050335317736,0.0162678779674816,2.14054622135137,0.0229611272417374,0.0356087232317181,2.14054622135137
33.25,0.175088584675433,0.0164487968855974,0.17497911507362,0.016377025469686,2.12114572917647,0.0229749385045541,0.0356085432743919,2.12114572917647
33.5,0.175016574662015,0.0165581095593617,0.174907419263159,0.0164858611769325,2.101646235162,0.02299967179783,0.0355983192890678,2.101646235162
33.75,0.174944088369076,0.0166671069905881,0.174835249251339,0.0165943830171461,2.08204618681732,0.023037250383583,0.0355760669014868,2.08204618681732
34,0.174871127176651,0.0167757871041224,0.174762606412173,0.0167025889242273,2.06234407311499,0.0230895577304777,0.0355397591301427,2.06234407311499
34.25,0.174797692473816,0.0168841478308521,0.174689492128674,0.0168104768380916,2.04253842523192,0.023158436765608,0.0354873270639024,2.04253842523192
34.5,0.17472378565866,0.016992187107745,0.174615907792835,0.0169180447047087,2.02262781728019,0.0232456891365037,0.0354166605510332,2.02262781728019
34.75,0.174649408138265,0.0170999028778891,0.174541854805595,0.0170252904761415,2.00261086702756,0.0233530744835317,0.0353256088994991,2.00261086702756
35,0.17457456132867,0.0172072930905314,0.174467334576815,0.017132212110585,1.98248623660728,0.0234823097228485,0.0352119815883743,1.98248623660728
35.25,0.17449924665485,0.017314355701117,0.174392348525254,0.0172388075724055,1.96122780047939,0.0240925522380741,0.0331938659398106,1.96122780047939
35.5,0.17442346555069,0.0174210886713282,0.174316898078538,0.0173450748321791,1.93962191710254,0.0248132161853718,0.0306307177924761,1.93962191710254
35.75,0.17434721945895,0.017527489969123,0.174240984673134,0.0174510118667302,1.91788214897212,0.0255462899988533,0.0278997656662414,1.91788214897212
36,0.174270509831248,0.0176335575687742,0.174164609754325,0.0175566166591704,1.89601078905795,0.0262898806458624,0.0249980754573414,1.89601078905795
36.25,0.174193338128024,0.0177392894509075,0.174087774776179,0.0176618871989368,1.87401019168298,0.0270420360457268,0.0219227385073259,1.87401019168298
36.5,0.174115705818517,0.0178446836025402,0.174010481201523,0.01776682148183,1.85188277220531,0.0278007453800555,0.0186708726007793,1.85188277220531
36.75,0.174037614380732,0.0179497380171198,0.173932730501915,0.0178714175100525,1.83045384573099,0.0281058012570746,0.0160648026504993,1.83045384573099
37,0.173959065301419,0.0180544506945614,0.173854524157616,0.0179756732922467,1.81439312598652,0.0253845153539636,0.0188941739408936,1.81439312598652
37.25,0.173880060076039,0.0181588196412868,0.173775863657563,0.0180795868435328,1.79818770669691,0.0227282691034028,0.0217139257827081,1.79818770669691
37.5,0.173800600208737,0.0182628428702616,0.173696750499339,0.0181831561855465,1.78183664473941,0.0201383647270792,0.0245214442171185,1.78183664473941
37.75,0.173720687212315,0.0183665184010335,0.173617186189143,0.0182863793464769,1.76533904575245,0.0176160571952546,0.0273140873617411,1.76533904575245
38,0.173640322608202,0.0184698442597697,0.173537172241765,0.0183892543611039,1.74869406462151,0.0151625537340617,0.0300891861736837,1.74869406462151
38.25,0.173559507926422,0.018572818479295,0.173456710180556,0.0184917792708353,1.73190090595362,0.0127790133440742,0.0328440452201431,1.73190090595362
38.5,0.173478244705572,0.0186754390991286,0.173375801537397,0.0185939521237447,1.71495882454065,0.0104665463301356,0.0355759434562577,1.71495882454065
38.75,0.173396534492786,0.0187777041655218,0.173294447852673,0.0186957709746083,1.69786712581097,0.00822621384272212,0.0382821350102381,1.69786712581097
39,0.173314378843709,0.0188796117314951,0.173212650675239,0.0187972338849419,1.68062516626964,0.00605902743077858,0.0409598499754375,1.68062516626964
39.25,0.173231779322466,0.0189811598568755,0.173130411562397,0.018898338923038,1.66299564040552,0.00411186914871008,0.0434861416565253,1.66299564040552
39.5,0.173148737501632,0.0190823466083329,0.173047732079861,0.0189990841640024,1.64052671844711,0.0051207496542017,0.0435505576187566,1.64052671844711
39.75,0.173065254962204,0.0191831700594175,0.172964613801728,0.0190994676897908,1.61812188112305,0.00605580662203098,0.0435989598484074,1.61812188112305
40,0.172981333293569,0.0192836282905962,0.172881058310452,0.0191994875892458,1.59577931152952,0.00691926570968235,0.0436327326508235,1.59577931152952
40.25,0.172896974093476,0.0193837193892889,0.172797067196807,0.0192991419581325,1.57349717130788,0.00771337420710243,0.0436532098657302,1.57349717130788
40.5,0.172812178968001,0.0194834414499055,0.172712642059864,0.0193984288991754,1.55127360153122,0.00844040014234795,0.0436616745613618,1.55127360153122
40.75,0.172726949531521,0.0195827925738817,0.172627784506957,0.0194973465220943,1.5291067235951,0.00910263138307978,0.0436593587422796,1.5291067235951
41,0.172641287406683,0.0196817708697152,0.172542496153649,0.0195958929436403,1.50699464011219,0.009702374734092,0.0436474430711274,1.50699464011219
41.25,0.172555194224369,0.0197803744530021,0.172456778623709,0.0196940662876315,1.48493543581073,0.01024195503109,0.0436270566041353,1.48493543581073
41.5,0.17246867162367,0.0198786014464721,0.172370633549074,0.019791864684989,1.46292717843651,0.0107237142309077,0.0435992765406147,1.46292717843651
41.75,0.172381721251851,0.019976449980025,0.172284062569824,0.0198892862737722,1.44109583329065,0.011064443630851,0.0435585408797691,1.44109583329065
42,0.172294344764322,0.0200739181907657,0.172197067334144,0.0199863291992145,1.41944701702615,0.0112613919218578,0.043508289666113,1.41944701702615
42.25,0.172206543824605,0.02017100422304,0.172109649498298,0.0200829916137586,1.39778489774158,0.0114466342195452,0.0434595600417888,1.39778489774158
42.5,0.172118320104304,0.0202677062284698,0.172021810726596,0.0201792716770914,1.37610737923466,0.0116226756149731,0.043411942533602,1.37610737923466
42.75,0.172029675283071,0.0203640223659882,0.171933552691362,0.0202751675561792,1.3544123762971,0.0117920106735564,0.0433649732537743,1.3544123762971
43,0.171940611048575,0.020459950801875,0.171844877072901,0.0203706774253028,1.33269781565361,0.0119571224882679,0.04331813409893,1.33269781565361
43.25,0.171851129096472,0.0205554897097908,0.171755785559469,0.0204657994660919,1.31096163689771,0.0121204817360388,0.0432708529635434,1.31096163689771
43.5,0.171761231130369,0.0206506372708126,0.171666279847241,0.0205605318675599,1.2892017934241,0.0122845457375547,0.0432225039677686,1.2892017934241
43.75,0.171670918861793,0.0207453916734681,0.171576361640275,0.0206548728261386,1.26741625335746,0.0124517575206481,0.0431724076995706,1.26741625335746
44,0.17158019401016,0.0208397511137699,0.171486032650485,0.0207488205457121,1.24560300047741,0.0126245448875078,0.0431198314711705,1.24560300047741
44.25,0.17148905830274,0.0209337137952504,0.171395294597606,0.0208423732376511,1.22376003513945,0.0128053194858941,0.0430639895896745,1.22376003513945
44.5,0.171397513474625,0.0210272779289955,0.171304149209157,0.0209355291208473,1.20207940613127,0.0128666101434802,0.0430096103317437,1.20207940613127
44.75,0.171305561268699,0.021120441733679,0.171212598220418,0.021028286421747,1.1805515565226,0.0128159291979675,0.0429597746593926,1.1805515565226
45,0.171213203435596,0.0212132034355964,0.171120643374385,0.0211206433743848,1.15904633096473,0.012741496057259,0.0429120743698875,1.15904633096473
45.25,0.171120441733679,0.0213055612686986,0.171028286421747,0.0212125982204175,1.13756165250275,0.012645798521867,0.042866788325516,1.13756165250275
45.5,0.171027277928996,0.0213975134746254,0.170935529120847,0.0213041492091574,1.116095441949,0.0125313266386831,0.0428241414450065,1.116095441949
45.75,0.17093371379525,0.0214890583027396,0.170842373237651,0.0213952945976057,1.09464561881444,0.0124005717618573,0.0427843046944119,1.09464561881444
46,0.17083975111377,0.0215801940101595,0.170748820545712,0.0214860326504854,1.07321010223974,0.0122560256137976,0.0427473950922748,1.07321010223974
46.25,0.170745391673468,0.0216709188617927,0.170654872826139,0.021576361640275,1.0517868119262,0.0121001793465018,0.0427134757291462,1.0517868119262
46.5,0.170650637270813,0.0217612311303686,0.17056053186756,0.0216662798472405,1.03037366906603,0.0119355226034209,0.0426825558014016,1.03037366906603
46.75,0.170555489709791,0.021851129096472,0.170465799466092,0.0217557855594691,1.0089685972719,0.0117645425820654,0.0426545906593523,1.0089685972719
47,0.170459950801875,0.0219406110485751,0.170370677425303,0.0218448770729008,0.987569523505637,0.0115897230975535,0.0426294818696433,0.987569523505637
47.25,0.170364022365988,0.0220296752830706,0.170275167556179,0.0219335526913619,0.966174379005624,0.0114135436473209,0.0426070772919565,0.966174379005624
47.5,0.17026770622847,0.0221183201043037,0.170179271677091,0.0220218107265962,0.944781100212966,0.0112384784771755,0.0425871711699181,0.944781100212966
47.75,0.17017100422304,0.022206543824605,0.170082991613759,0.022109649498298,0.92338762969605,0.0110669956489179,0.0425695042362516,0.92338762969605
48,0.170073918190766,0.0222943447643218,0.169986329199215,0.0221970673341438,0.901991917073302,0.0109015561097394,0.0425537638321937,0.901991917073302
48.25,0.169976449980025,0.022381721251851,0.169889286273772,0.0222840625698239,0.880591919934059,0.0107446127635684,0.042539584040987,0.880591919934059
48.5,0.169878601446472,0.0224686716236701,0.169791864684989,0.0223706335490744,0.859185604757173,0.0105986095446188,0.0425265458356403,0.859185604757173
48.75,0.169780374453002,0.0225551942243693,0.169694066287632,0.0224567786237088,0.837770947827325,0.0104659804932876,0.0425141772406932,0.837770947827325
49,0.169681770869715,0.0226412874066832,0.16959589294364,0.0225424961536489,0.816345936148692,0.0103491488346608,0.0425019535081615,0.816345936148692
49.25,0.169582792573882,0.0227269495315215,0.169497346522094,0.0226277845069566,0.794908568355892,0.0102505260597754,0.0424892973074347,0.794908568355892
49.5,0.169483441449906,0.0228121789680009,0.169398428899175,0.0227126420598645,0.773456855621866,0.0101725110098981,0.0424755789292793,0.773456855621866
49.75,0.169383719389289,0.0228969740934759,0.169299141958132,0.0227970671968071,0.751988822562663,0.0101174889639636,0.0424601165037086,0.751988822562663
50,0.169283628290596,0.0229813332935693,0.169199487589246,0.0228810583104516,0.730502508138794,0.0100878307294074,0.0424421762317912,0.730502508138794
50.25,0.169183170059418,0.0230652549622038,0.169099467689791,0.0229646138017282,0.708995966552992,0.010085891736596,0.0424209726313511,0.708995966552992
50.5,0.169082346608333,0.0231487375016316,0.168999084164002,0.0230477320798608,0.687467268144235,0.0101140111370272,0.0423956687964295,0.687467268144235
50.75,0.168981159856875,0.0232317793224656,0.168898338923038,0.0231304115623971,0.665914500277716,0.0101745109055356,0.0423653766705556,0.665914500277716
51,0.168879611731495,0.0233143788437091,0.168797233884942,0.0232126506752391,0.6443357682307,0.0102696949466585,0.0423291573336532,0.6443357682307
51.25,0.168777704165522,0.0233965344927865,0.168695770974608,0.0232944478526726,0.622729196073966,0.0104018482054003,0.0422860213026314,0.622729196073966
51.5,0.168675439099129,0.0234782447055724,0.168593952123745,0.0233758015373971,0.601092927548708,0.0105732357825554,0.0422349288455038,0.601092927548708
51.75,0.168572818479295,0.0235595079264223,0.168491779270835,0.0234567101805559,0.579425126938619,0.0107861020548197,0.0421747903090583,0.579425126938619
52,0.16846984425977,0.0236403226082017,0.168389254361104,0.023537172241765,0.557723979937057,0.0110426697998582,0.042104466459939,0.557723979937057
52.25,0.168366518401033,0.0237206872123153,0.168286379346477,0.0236171861891426,0.535987694509043,0.0113451393265278,0.0420227688390863,0.535987694509043
52.5,0.168262842870262,0.0238006002087371,0.168183156185546,0.0236967504993387,0.514214501747903,0.0116956876104575,0.0419284601294835,0.514214501747903
52.75,0.168158819641287,0.0238800600760387,0.168079586843533,0.0237758636575634,0.492402656726396,0.0120964674351643,0.0418202545371015,0.492402656726396
53,0.168054450694561,0.0239590653014188,0.167975673292247,0.0238545241576163,0.470550439342076,0.0125496065389109,0.0416968181850041,0.470550439342076
53.25,0.16794973801712,0.0240376143807318,0.167871417510052,0.0239327305019147,0.448656155156767,0.0130572067674761,0.0415567695204799,0.448656155156767
53.5,0.16784468360254,0.0241157058185165,0.16776682148183,0.0240104812015226,0.426718136229932,0.0136213432330354,0.0413986797351484,0.426718136229932
53.75,0.167739289450907,0.0241933381280245,0.167661887198937,0.0240877747761789,0.404734741945714,0.0142440634793481,0.0412210731979668,0.404734741945714
54,0.167633557568774,0.0242705098312484,0.16755661665917,0.0241646097543252,0.379552999316977,0.0162055373348308,0.0369211563691603,0.379552999316977
54.25,0.167527489969123,0.0243472194589504,0.16745101186673,0.0242409846731343,0.354133343798517,0.0182619632508104,0.0322149816185442,0.354133343798517
54.5,0.167421088671328,0.0244234655506896,0.167345074832179,0.0243168980785378,0.328633102182495,0.0203472522162194,0.0272978499635642,0.328633102182495
54.75,0.167314355701117,0.0244992466548504,0.167238807572406,0.024392348525254,0.303055179434735,0.0224589450521988,0.0221672536348258,0.303055179434735
55,0.167207293090531,0.0245745613286698,0.167132212110585,0.0244673345768151,0.277402532829158,0.0245945312480166,0.0168207179421651,0.277402532829158
55.25,0.167099902877889,0.0246494081382649,0.167025290476141,0.0245418548055948,0.273024503503356,0.0177883002800137,0.0128586247468292,0.273024503503356
55.5,0.166992187107745,0.0247237856586605,0.166918044704709,0.0246159077928352,0.269381679162143,0.0106804829664591,0.00900787083151999,0.269381679162143
55.75,0.166884147830852,0.0247976924738157,0.166810476838092,0.0246894921286744,0.265829981734774,0.00354271262941538,0.00522493654615598,0.265829981734774
56,0.166775787104122,0.0248711271766513,0.166702588924227,0.0247626064121726,0.259638995505212,-0.00581452127030092,0.00752599964257741,0.259638995505212
56.25,0.166667106990588,0.0249440883690764,0.166594383017146,0.0248352492513392,0.238636740136622,-0.00818371519309045,0.0164214541114669,0.238636740136622
56.5,0.166558109559362,0.025016574662015,0.166485861176933,0.0249074192631593,0.217492641360353,-0.0102639744505405,0.0250675087133347,0.217492641360353
56.75,0.166448796885597,0.0250885846754328,0.166377025469686,0.0249791150736199,0.195479623283715,-0.00978321759862119,0.0276372123852254,0.195479623283715
57,0.166339171050451,0.0251601170383627,0.166267877967482,0.0250503353177361,0.173470767052661,-0.00892521817576764,0.0291013993633748,0.173470767052661
57.25,0.16622923414104,0.0252311703889318,0.16615842074833,0.0251210786395771,0.151626290478421,-0.00811014133317725,0.0304536169447971,0.151626290478421
57.5,0.166118988250405,0.0253017433743866,0.16604865589614,0.0251913436922921,0.129946928445399,-0.00733832158579513,0.0316968264357653,0.129946928445399
57.75,0.166008435477468,0.0253718346511192,0.165938585500675,0.0252611291381358,0.108433359665647,-0.00661003959620743,0.032833985212612,0.108433359665647
58,0.165897577926996,0.0254414428846928,0.165828211657517,0.0253304336484938,0.0870862068362347,-0.00592552233958419,0.0338680458508689,0.0870862068362347
58.25,0.165786417709556,0.0255105667498669,0.165717536468024,0.0253992559039081,0.0659060368093761,-0.00528494328133979,0.034801955257553,0.0659060368093761
58.5,0.165674956941478,0.0255792049306228,0.165606562039294,0.0254675945941023,0.0448933607752812,-0.00468842256748092,0.0356386538068158,0.0448933607752812
58.75,0.165563197744816,0.0256473561201884,0.165495290484119,0.0255354484180062,0.0240486344576707,-0.00413602722756329,0.0363810744790908,0.0240486344576707
59,0.165451142247302,0.0257150190210634,0.165383723920949,0.0256028160837807,0.00337225832189213,-0.00362777139019967,0.037032142003912,0.00337225832189213
59.25,0.165338792582312,0.0257821923450436,0.165271864473851,0.0256696963088427,-0.0171354222044254,-0.00316361651108385,0.0375947720066218,-0.0171354222044254
59.5,0.165226150888821,0.0258488748132458,0.165159714272467,0.025736087819889,-0.0374741164982072,-0.0027434716134503,0.038071870159108,-0.0374741164982072
59.75,0.165113219311366,0.0259150651561319,0.165047275451976,0.025801989352921,-0.0575321924520169,-0.0024146724736065,0.0383407895309387,-0.0575321924520169
60,0.165,0.0259807621135332,0.16493455015305,0.0258673996532685,-0.0772996683311388,-0.0021831178942349,0.0383992685356493,-0.0772996683311388
60.25,0.164886495110256,0.0260459644346743,0.164821540521817,0.0259323174756137,-0.096945083580919,-0.0019767457836101,0.0384405522716962,-0.096945083580919
60.5,0.164772706803104,0.026110670878197,0.164708248709818,0.0259967415840147,-0.116469888020238,-0.00179373623148913,0.0384665766970816,-0.116469888020238
60.75,0.164658637244909,0.0261748802121839,0.164594676873964,0.0260606707519295,-0.13587556744264,-0.00163223520443412,0.0384792362417929,-0.13587556744264
61,0.16454428860739,0.0262385912141819,0.1644808271765,0.0261241037622388,-0.155163642882299,-0.00149035528685422,0.0384803832611033,-0.155163642882299
61.25,0.164429663067582,0.0263018026712252,0.164366701784961,0.0261870394072696,-0.174335669872053,-0.00136617642994764,0.0384718275003583,-0.174335669872053
61.5,0.164314762807788,0.026364513379859,0.164252302872129,0.0262494764888178,-0.193393237693679,-0.00125774670836547,0.0384553355712819,-0.193393237693679
61.75,0.164199590015545,0.0264267221461616,0.164137632615994,0.0263114138181715,-0.212337968620573,-0.00116308308443737,0.0384326304399579,-0.212337968620573
62,0.164084146883577,0.0264884277857678,0.164022693199713,0.0263728502161332,-0.231171517153002,-0.00108017217978683,0.0384053909265707,-0.231171517153002
62.25,0.163968435609753,0.0265496291238913,0.163907486811568,0.0264337845130424,-0.249895569246098,-0.00100697105416794,0.0383752512170269,-0.249895569246098
62.5,0.163852458397051,0.0266103249953466,0.16379201564492,0.026494215548798,-0.26832537249602,-0.001031027736707,0.0381659877075919,-0.26832537249602
62.75,0.163736217453509,0.0266705142445721,0.163676281898175,0.0265541421728801,-0.286465234790977,-0.00115139031934163,0.0377895416781788,-0.286465234790977
63,0.163619714992186,0.026730195725651,0.163560287774737,0.0266135632443723,-0.304437636912303,-0.00130914748304086,0.0373667335973653,-0.304437636912303
63.25,0.163502953231123,0.0267893683023341,0.163444035482967,0.0266724776319828,-0.322243074049892,-0.0015034588658106,0.0369002211962741,-0.322243074049892
63.5,0.163385934393294,0.0268480308480608,0.163327527236139,0.0267308842140668,-0.339882090828325,-0.00173343715380925,0.0363926393530732,-0.339882090828325
63.75,0.16326866070657,0.0269061822459806,0.163210765252405,0.0267887818786471,-0.357355280873001,-0.00199814852172184,0.0358465993382015,-0.357355280873001
64,0.163151134403672,0.026963821388975,0.163093751754743,0.0268461695234357,-0.37466328636529,-0.00229661308410894,0.0352646880666694,-0.37466328636529
64.25,0.163033357722133,0.0270209471796776,0.162976488970922,0.0269030460558544,-0.391806797586773,-0.00262780535757665,0.0346494673574586,-0.391806797586773
64.5,0.162915332904249,0.0270775585304958,0.162858979133456,0.0269594103930562,-0.408786552452704,-0.00299065473370784,0.0340034732002939,-0.408786552452704
64.75,0.162797062197044,0.027133654363631,0.162741224479564,0.0270152614619452,-0.425603336034784,-0.00338404596261231,0.0333292150298437,-0.425603336034784
65,0.162678547852221,0.0271892336110995,0.162623227251123,0.0270705981991976,-0.442257980073375,-0.00380681964701446,0.0326291750075794,-0.442257980073375
65.25,0.162559792126123,0.0272442952147524,0.162504989694631,0.0271254195512817,-0.458751362479235,-0.00425777274673087,0.0319058073113351,-0.458751362479235
65.5,0.162440797279687,0.0272988381262963,0.162386514061161,0.0271797244744781,-0.475084406824941,-0.00473565909346755,0.0311615374328438,-0.475084406824941
65.75,0.162321565578404,0.0273528613073127,0.162267802606318,0.0272335119348992,-0.491258081826047,-0.00523918991578014,0.0303987614832707,-0.491258081826047
66,0.162202099292274,0.027406363729278,0.162148857590198,0.0272867809085093,-0.507273400812151,-0.0057670343741084,0.0296198455069765,-0.507273400812151
66.25,0.162082400695762,0.0274593443735834,0.162029681277341,0.0273395303811439,-0.523131421187973,-0.00631782010575186,0.0288271248036096,-0.523131421187973
66.5,0.161962472067757,0.0275118022315537,0.161910275936692,0.0273917593485292,-0.538833243884549,-0.00689013377965679,0.0280229032586351,-0.538833243884549
66.75,0.161842315691528,0.0275637363044669,0.161790643841559,0.0274434668163008,-0.554380012800684,-0.00748252166091964,0.0272094526825425,-0.554380012800684
67,0.161721933854678,0.0276151456035732,0.161670787269562,0.0274946518000232,-0.569772914234792,-0.00809349018484641,0.0263890121587394,-0.569772914234792
67.25,0.161601328849105,0.0276660291501136,0.161550708502599,0.027545313325208,-0.585013176307233,-0.00872150654046275,0.0255637874003453,-0.585013176307233
67.5,0.161480502970953,0.0277163859753386,0.161430409826796,0.0275954504273328,-0.600102068373283,-0.00936499926334392,0.0247359501160136,-0.600102068373283
67.75,0.161359458520573,0.027766215120527,0.161309893532466,0.0276450621518594,-0.615040900426878,-0.0100223588376245,0.0239076373848767,-0.615040900426878
68,0.161238197802477,0.0278155156370036,0.161189161914066,0.0276941475542522,-0.629831022495256,-0.010691938307061,0.0230809510407593,-0.629831022495256
68.25,0.161116723125295,0.0278642865861577,0.161068217270153,0.0277427056999958,-0.644473824024621,-0.0113720538950148,0.022257957065805,-0.644473824024621
68.5,0.160995036801729,0.0279125270394607,0.160947061903337,0.0277907356646131,-0.659927993665326,-0.0114996988580896,0.0223308020761781,-0.659927993665326
68.75,0.160873141148511,0.027960236078484,0.160825698120242,0.0278382365336828,-0.676089797019037,-0.0111256243989497,0.0231639335687384,-0.676089797019037
69,0.160751038486359,0.0280074127949161,0.16070412823146,0.0278852074028569,-0.692066361659281,-0.0107702593528228,0.0239176113294399,-0.692066361659281
69.25,0.160628731139931,0.0280540562905803,0.160582354551506,0.0279316473778777,-0.707857196479298,-0.0104337974213446,0.0245948352836745,-0.707857196479298
69.5,0.160506221437784,0.0281001656774519,0.160460379398776,0.0279775555745951,-0.723461868668035,-0.0101163771865855,0.0251986016116724,-0.723461868668035
69.75,0.160383511712325,0.0281457400776745,0.1603382050955,0.028022931118983,-0.738880003580553,-0.00981808224624349,0.0257319018419869,-0.738880003580553
70,0.16026060429977,0.0281907786235772,0.160215833967701,0.0280677731471567,-0.754111284595054,-0.00953894136215694,0.0261977219475332,-0.754111284595054
70.25,0.1601375015401,0.0282352804576911,0.16009326834515,0.0281120808053884,-0.769155452956592,-0.00927892862208071,0.0265990414443351,-0.769155452956592
70.5,0.160014205777013,0.0282792447327653,0.159970510561318,0.0281558532501243,-0.784012307607467,-0.00903796361469883,0.026938832493198,-0.784012307607467
70.75,0.159890719357884,0.0283226706117835,0.159847562953337,0.0281990896480002,-0.79862412006556,-0.00884747080158012,0.0271331657429636,-0.79862412006556
71,0.159767044633715,0.0283655572679795,0.159724427861953,0.0282417891758572,-0.812985151556818,-0.00871140485191324,0.0271811571898036,-0.812985151556818
71.25,0.159643183959095,0.0284079038848532,0.159601107631479,0.028283951020758,-0.82718253738221,-0.00858179471428104,0.0272175054191639,-0.82718253738221
71.5,0.159519139692153,0.028449709656186,0.159477604609756,0.0283255743800018,-0.841217357237332,-0.00845729286291281,0.0272446311441162,-0.841217357237332
71.75,0.159394914194512,0.0284909737860563,0.159353921148103,0.0283666584611398,-0.855090737717286,-0.00833650787030572,0.0272649243276481,-0.855090737717286
72,0.159270509831248,0.0285316954888546,0.159230059601275,0.0284072024819904,-0.868803851772336,-0.00821800495659971,0.0272807434602573,-0.868803851772336
72.25,0.15914592897084,0.0285718739892983,0.159106022327417,0.0284472056706538,-0.882357918152971,-0.00810030654950678,0.027294414846009,-0.882357918152971
72.5,0.159021173985128,0.0286115085224468,0.158981811688019,0.028486667265527,-0.895754200844446,-0.00798189285469226,0.0273082318973014,-0.895754200844446
72.75,0.158896247249267,0.0286505983337156,0.158857430047874,0.0285255865153182,-0.908994008490975,-0.00786120243645956,0.0273244544383811,-0.908994008490975
73,0.158771151141682,0.0286891426788911,0.158732879775029,0.0285639626790608,-0.922078693809655,-0.00773663280862727,0.02734530801783,-0.922078693809655
73.25,0.158645888044023,0.0287271408241444,0.158608163240741,0.0286017950261281,-0.935009652994304,-0.00760654103545864,0.0273729832301199,-0.935009652994304
73.5,0.158520460341118,0.0287645920460458,0.158483282819433,0.0286390828362467,-0.947688762072719,-0.00752937230670494,0.0272850508354391,-0.947688762072719
73.75,0.15839487042093,0.0288014956315779,0.158358240888649,0.0286758253995104,-0.960118104530701,-0.00750431275750858,0.0270904785680356,-0.960118104530701
74,0.15826912067451,0.0288378508781496,0.158233039829006,0.0287120220163939,-0.972363250523581,-0.00749158182795684,0.0268747212564183,-0.972363250523581
74.25,0.158143213495952,0.0288736570936094,0.158107682024153,0.0287476719977656,-0.984424835227184,-0.00749031145467269,0.0266405354780777,-0.984424835227184
74.5,0.158017151282348,0.0289089135962587,0.157982169860721,0.0287827746649014,-0.996303547039015,-0.00749958362915225,0.0263906566279022,-0.996303547039015
74.75,0.157890936433739,0.0289436197148644,0.157856505728281,0.028817329349497,-1.00800012719184,-0.00751843078855377,0.0261277980972045,-1.00800012719184
75,0.157764571353076,0.028977774788672,0.157730692019296,0.0288513353936811,-1.01951536935516,-0.00754583621851902,0.0258546504589296,-1.01951536935516
75.25,0.157638058446166,0.0290113781674183,0.157604731129079,0.0288847921500276,-1.03085011922474,-0.00758073446791327,0.0255738806591394,-1.03085011922474
75.5,0.157511400121633,0.0290444292113432,0.157478625455744,0.0289176989815681,-1.04200527410021,-0.00762201177540423,0.0252881312149859,-1.04200527410021
75.75,0.15738459879087,0.0290769272912026,0.15735237740016,0.028950055261804,-1.05298178245084,-0.00766850650778007,0.0250000194193142,-1.05298178245084
76,0.15725765686799,0.0291088717882799,0.157225989365908,0.0289818603747183,-1.06378064346968,-0.00771900960991413,0.0247121365520896,-1.06378064346968
76.25,0.157130576769785,0.0291402620943978,0.157099463759235,0.0290131137147875,-1.074402906616,-0.00777226506626783,0.0244270470987687,-1.074402906616
76.5,0.157003360915677,0.0291710976119303,0.156972802989006,0.0290438146869931,-1.08484967114633,-0.00782697037383845,0.024147287975812,-1.08484967114633
76.75,0.156876011727672,0.0292013777538135,0.156846009466659,0.0290739627068328,-1.095122085634,-0.00788177702645137,0.0238753677635091,-1.095122085634
77,0.156748531630316,0.0292311019435571,0.15671908560616,0.0291035572003318,-1.10522134747742,-0.00793529101027551,0.0236137659462216,-1.10522134747742
77.25,0.156620923050645,0.0292602696152554,0.156592033823956,0.0291325976040535,-1.11514870239722,-0.00798607331046756,0.02336493216025,-1.11514870239722
77.5,0.156493188418143,0.029288880213598,0.156464856538931,0.0291610833651106,-1.12490544392225,-0.00803264042883558,0.0231312854494893,-1.12490544392225
77.75,0.156365330164693,0.0293169331938804,0.156337556172356,0.0291890139411753,-1.13449291286464,-0.00807346491239333,0.0229152135289568,-1.13449291286464
78,0.156237350724533,0.0293444280220142,0.156210135147847,0.0292163888004895,-1.14391249678396,-0.00810697589271454,0.0227190720564531,-1.14391249678396
78.25,0.156109252534205,0.0293713641745375,0.156082595891316,0.0292432074218755,-1.15316562944079,-0.00813155963594665,0.0225451839123942,-1.15316562944079
78.5,0.155981038032516,0.0293977411386249,0.155954940830927,0.0292694692947454,-1.16225379023947,-0.00814556010338625,0.0223958384880705,-1.16225379023947
78.75,0.155852709660484,0.0294235584120969,0.155827172397049,0.0292951739191109,-1.17117850366054,-0.00814727952247776,0.0222732909823893,-1.17117850366054
79,0.155724269861296,0.0294488155034299,0.155699293022208,0.0293203208055931,-1.17994133868266,-0.00813497896812477,0.0221797617073119,-1.17994133868266
79.25,0.155595721080262,0.0294735119317653,0.155571305141044,0.0293449094754315,-1.18854390819443,-0.0081068789541847,0.0221174354021034,-1.18854390819443
79.5,0.155467065764764,0.0294976472269186,0.15544321119026,0.0293689394604933,-1.19698786839594,-0.00806116003502092,0.0220884605565514,-1.19698786839594
79.75,0.155338306364215,0.0295212209293887,0.155315013608581,0.0293924103032821,-1.20527491819044,-0.00799596341697894,0.0220949487432578,-1.20527491819044
80,0.155209445330008,0.0295442325903662,0.155186714836705,0.029415321556947,-1.21340679856608,-0.00790939157966628,0.0221389739592138,-1.21340679856608
80.25,0.155080485115471,0.0295666817717423,0.155058317317255,0.0294376727852908,-1.22138529196798,-0.00779950890689215,0.0222225719767208,-1.22138529196798
80.5,0.15495142817582,0.0295885680461169,0.154929823494734,0.0294594635627782,-1.22921222166065,-0.00766434232714067,0.0223477397038468,-1.22921222166065
80.75,0.154822276968115,0.029609890996807,0.154801235815481,0.0294806934745442,-1.23688945108099,-0.0075018819634362,0.0225164345545202,-1.23688945108099
81,0.154693033951207,0.0296306502178541,0.154672556727618,0.0295013621164021,-1.24441888318193,-0.00731008179246665,0.0227305738284232,-1.24441888318193
81.25,0.154563701585697,0.0296508453140328,0.15454378868101,0.0295214690948505,-1.25180245976695,-0.00708686031282154,0.0229920341007821,-1.25180245976695
81.5,0.154434282333888,0.0296704759008575,0.154414934127216,0.0295410140270816,-1.2590421608155,-0.00683010122220405,0.0233026506222028,-1.2590421608155
81.75,0.154304778659735,0.0296895416045901,0.15428599551944,0.0295599965409881,-1.26733794721724,-0.00571185370146577,0.0240944747922487,-1.26733794721724
82,0.154175193028802,0.0297080420622471,0.154156975312487,0.0295784162751703,-1.2768731249862,-0.0036013616269457,0.0254023716567731,-1.2768731249862
82.25,0.154045527908212,0.0297259769216065,0.154027875962717,0.029596272878943,-1.28637948394918,-0.00137072018334385,0.0267585796080016,-1.28637948394918
82.5,0.153915785766602,0.0297433458412143,0.153898699927994,0.0296135660123422,-1.29512695915504,0.000510494219193519,0.0273244005976779,-1.29512695915504
82.75,0.153785969074075,0.0297601484903914,0.153769449667645,0.0296302953461315,-1.2993707219373,-0.000391314026432652,0.0229211966253193,-1.2993707219373
83,0.153656080302154,0.0297763845492397,0.153640127642407,0.0296464605618086,-1.30339266184079,-0.00133130855928294,0.0185307506503458,-1.30339266184079
83.25,0.153526121923735,0.0297920537086478,0.153510736314386,0.0296620613516111,-1.30719341470845,-0.00230875906834416,0.0141558620393424,-1.30719341470845
83.5,0.153396096413037,0.0298071556702976,0.153381278147007,0.0296770974185223,-1.31077366633318,-0.00332288879060066,0.00979931563818606,-1.31077366633318
83.75,0.153266006245559,0.0298216901466696,0.153251755604965,0.0296915684762774,-1.3141341522136,-0.00437287475704844,0.00546388103225647,-1.3141341522136
84,0.15313585389803,0.0298356568610482,0.153122171154184,0.0297054742493681,-1.31727565729903,-0.00545784804933674,0.00115231181038801,-1.31727565729903
84.25,0.153005641848362,0.0298490555475273,0.152992527261765,0.0297188144730486,-1.3201990157239,-0.00657689406698126,-0.00313265516729089,-1.3201990157239
84.5,0.152875372575607,0.0298618859510154,0.15286282639594,0.0297315888933403,-1.32290511053153,-0.00772905280509548,-0.00738830049748861,-1.32290511053153
84.75,0.152745048559902,0.0298741478272399,0.152733071026028,0.0297437972670366,-1.32576025144915,-0.00873032608220423,-0.00997259810798338,-1.32576025144915
85,0.15261467228243,0.0298858409427524,0.152603263622382,0.0297554393617078,-1.32933761755503,-0.00926173311202008,-0.00860822324964118,-1.32933761755503
85.25,0.152484246225366,0.0298969650749328,0.15247340665635,0.029766514955705,-1.33276784664166,-0.00974217486096044,-0.00734725070050941,-1.33276784664166
85.5,0.152353772871835,0.0299075200119938,0.152343502600221,0.029777023838165,-1.33604853179412,-0.010173983790415,-0.00618779701157888,-1.33604853179412
85.75,0.152223254705862,0.0299175055529846,0.15221355392718,0.0297869658090138,-1.33917730666144,-0.0105594555708194,-0.00512793773772052,-1.33917730666144
86,0.152092694212324,0.0299269215077947,0.152083563111263,0.0297963406789705,-1.34215184608409,-0.0109008484554974,-0.00416570808120621,-1.34215184608409
86.25,0.151962093876904,0.0299357676971581,0.151953532627308,0.0298051482695512,-1.3449698667118,-0.0112003826641676,-0.00329910354419578,-1.3449698667118
86.5,0.151831456186046,0.029944043952656,0.151823464950908,0.0298133884130721,-1.34762912761139,-0.0114602397762419,-0.00252608059009383,-1.34762912761139
86.75,0.151700783626901,0.0299517501167205,0.151693362558363,0.0298210609526526,-1.35012743086475,-0.011682562134039,-0.00184455731359152,-1.35012743086475
87,0.151570078687288,0.0299588860426372,0.151563227926636,0.0298281657422188,-1.35246262215663,-0.0118694522560297,-0.00125241411929285,-1.35246262215663
87.25,0.15143934385564,0.0299654515945485,0.151433063533303,0.0298347026465056,-1.35463259135219,-0.0120229722602361,-0.000747494408744597,-1.35463259135219
87.5,0.15130858162096,0.0299714466474557,0.151302871856506,0.0298406715410598,-1.35663527306433,-0.0121451432978981,-0.000327605275742424,-1.35663527306433
87.75,0.151177794472772,0.0299768710872217,0.151172655374907,0.0298460723122422,-1.35846864721039,-0.0122379449975235,9.48179022290148e-06,-1.35846864721039
88,0.151046984901075,0.0299817248105729,0.151042416567639,0.02985090485723,-1.36013073955845,-0.0123033149194312,0.000266030192551176,-1.36013073955845
88.25,0.150916155396295,0.0299860077251014,0.150912157914263,0.0298551690840185,-1.36161962226283,-0.0123431480209024,0.000444337508287913,-1.36161962226283
88.5,0.150785308449236,0.0299897197492667,0.150781881894715,0.0298588649114229,-1.36293341438888,-0.012359296132043,0.000546734761196299,-1.36293341438888
88.75,0.150654446551037,0.0299928608123973,0.150651590989263,0.0298619922690801,-1.36407028242685,-0.0123535674424646,0.000575585687303622,-1.36407028242685
89,0.150523572193118,0.0299954308546917,0.150521287678458,0.0298645510974496,-1.36502844079475,-0.0123277259988925,0.000533285993084583,-1.36502844079475
89.25,0.15039268786714,0.0299974298272202,0.150390974443087,0.029866541347815,-1.36580615233013,-0.0122834912137938,0.000422262606423081,-1.36580615233013
89.5,0.150261796064951,0.0299988576919251,0.150260653764126,0.0298679629822848,-1.36640172877071,-0.0122225373851322,0.000244972920517265,-1.36640172877071
89.75,0.150130899278542,0.029999714421622,0.150130328122693,0.0298688159737932,-1.36681353122358,-0.0121464932273483,3.90403088129024e-06,-1.36681353122358
90,0.15,0.03,0.15,0.0298691003061004,-1.3670399706232,-0.0120569414136494,-0.000298428034382542,-1.3670399706232
90.25,0.149869100721458,0.029999714421622,0.149869671877307,0.0298688159737932,-1.36707950817773,-0.0119554181297193,-0.000659479090904832,-1.36707950817773
90.5,0.149738203935049,0.0299988576919251,0.149739346235874,0.0298679629822848,-1.36693065580394,-0.0118434126389207,-0.0010766775807742,-1.36693065580394
90.75,0.14960731213286,0.0299974298272202,0.149609025556913,0.029866541347815,-1.36659197655032,-0.0117223668590949,-0.00154742536152269,-1.36659197655032
91,0.149476427806882,0.0299954308546917,0.149478712321542,0.0298645510974496,-1.36606208500861,-0.0115936749510306,-0.00206909850119488,-1.36606208500861
91.25,0.149345553448963,0.0299928608123973,0.149348409010737,0.0298619922690801,-1.36533964771331,-0.0114586829187013,-0.00263904807934741,-1.36533964771331
91.5,0.149214691550764,0.0299897197492667,0.149218118105285,0.0298588649114229,-1.3644233835294,-0.0113186882213378,-0.0032546009937929,-1.3644233835294
91.75,0.149083844603705,0.0299860077251014,0.149087842085737,0.0298551690840185,-1.36331206402805,-0.0111749393974248,-0.00391306077293924,-1.36331206402805
92,0.148953015098925,0.0299817248105729,0.148957583432361,0.02985090485723,-1.3620045138502,-0.0110286357007007,-0.00461170839355047,-1.3620045138502
92.25,0.148822205527228,0.0299768710872217,0.148827344625093,0.0298460723122422,-1.36049961105809,-0.0108809267482237,-0.00534780310374061,-1.36049961105809
92.5,0.14869141837904,0.0299714466474557,0.148697128143494,0.0298406715410598,-1.35879628747447,-0.0107329121805903,-0.00611858325105778,-1.35879628747447
92.75,0.14856065614436,0.0299654515945485,0.148566936466697,0.0298347026465056,-1.35689352900956,-0.0105856413343687,-0.00692126711547194,-1.35689352900956
93,0.148429921312712,0.0299588860426372,0.148436772073364,0.0298281657422188,-1.35479037597573,-0.0104401129268145,-0.00775305374708838,-1.35479037597573
93.25,0.148299216373099,0.0299517501167205,0.148306637441637,0.0298210609526526,-1.35248592338961,-0.0102972747529396,-0.00861112380841943,-1.35248592338961
93.5,0.148168543813954,0.029944043952656,0.148176535049092,0.0298133884130721,-1.34997932126184,-0.0101580233949922,-0.0094926404210442,-1.34997932126184
93.75,0.148037906123096,0.0299357676971581,0.148046467372692,0.0298051482695512,-1.34726977487423,-0.01002320394441,-0.0103947500164686,-1.34726977487423
94,0.147907305787676,0.0299269215077947,0.147916436888737,0.0297963406789705,-1.34435654504428,-0.00989360973630656,-0.0113145831910171,-1.34435654504428
94.25,0.147776745294138,0.0299175055529846,0.14778644607282,0.0297869658090138,-1.34123894837711,-0.00976998209654284,-0.0122492555645752,-1.34123894837711
94.5,0.147646227128165,0.0299075200119938,0.147656497399779,0.029777023838165,-1.33791635750464,-0.00965301010144437,-0.0131958686430206,-1.33791635750464
94.75,0.147515753774634,0.0298969650749328,0.14752659334365,0.029766514955705,-1.334388201312,-0.00954333035020204,-0.0141515106841211,-1.334388201312
95,0.14738532771757,0.0298858409427524,0.147396736377617,0.0297554393617078,-1.33065396515114,-0.00944152675002366,-0.0151132575667789,-1.33065396515114
95.25,0.147254951440098,0.0298741478272399,0.147266928973972,0.0297437972670366,-1.32671319104156,-0.00934813031406221,-0.0160781736633893,-1.32671319104156
95.5,0.147124627424393,0.0298618859510154,0.14713717360406,0.0297315888933403,-1.32256547785819,-0.00926361897218002,-0.0170433127151663,-1.32256547785819
95.75,0.146994358151638,0.0298490555475273,0.147007472738235,0.0297188144730486,-1.31816017836294,-0.00921972053177383,-0.0178488312649526,-1.31816017836294
96,0.14686414610197,0.0298356568610482,0.146877828845816,0.0297054742493681,-1.31323932930322,-0.00937283280691836,-0.0176494953606339,-1.31323932930322
96.25,0.146733993754441,0.0298216901466696,0.146748244395035,0.0296915684762774,-1.30814788542828,-0.00950553426495678,-0.0174928868607358,-1.30814788542828
96.5,0.146603903586963,0.0298071556702976,0.146618721852993,0.0296770974185223,-1.30288426765593,-0.00961949839537279,-0.0173766613441432,-1.30288426765593
96.75,0.146473878076265,0.0297920537086478,0.146489263685614,0.0296620613516111,-1.2974469443874,-0.0097163548389359,-0.0172984421879652,-1.2974469443874
97,0.146343919697846,0.0297763845492397,0.146359872357593,0.0296464605618086,-1.29183443202819,-0.00979768886491788,-0.0172558213108544,-1.29183443202819
97.25,0.146214030925925,0.0297601484903914,0.146230550332355,0.0296302953461315,-1.28604529549794,-0.00986504085935205,-0.0172463599240226,-1.28604529549794
97.5,0.146084214233398,0.0297433458412143,0.146101300072006,0.0296135660123422,-1.28007814872896,-0.00991990582444992,-0.0172675892898015,-1.28007814872896
97.75,0.145954472091788,0.0297259769216065,0.145972124037283,0.029596272878943,-1.27393165515351,-0.00996373288927727,-0.0173170114876053,-1.27393165515351
98,0.145824806971198,0.0297080420622471,0.145843024687513,0.0295784162751703,-1.26760452817961,-0.00999792483179279,-0.0173921001871078,-1.26760452817961
98.25,0.145695221340265,0.0296895416045901,0.14571400448056,0.0295599965409881,-1.26109553165531,-0.0100238376123577,-0.0174903014285003,-1.26109553165531
98.5,0.145565717666112,0.0296704759008575,0.145585065872784,0.0295410140270816,-1.25440348032134,-0.0100427799188046,-0.0176090344096424,-1.25440348032134
98.75,0.145436298414303,0.0296508453140328,0.14545621131899,0.0295214690948505,-1.24752724025204,-0.0100560127231717,-0.0177456922799533,-1.24752724025204
99,0.145306966048793,0.0296306502178541,0.145327443272382,0.029501362116402,-1.24046572928445,-0.010064748850197,-0.0178976429408896,-1.24046572928445
99.25,0.145177723031885,0.029609890996807,0.145198764184519,0.0294806934745442,-1.23321791743544,-0.0100701525576582,-0.0180622298528165,-1.23321791743544
99.5,0.14504857182418,0.0295885680461169,0.145070176505266,0.0294594635627782,-1.22578282730694,-0.010073339128654,-0.0182367728481161,-1.22578282730694
99.75,0.144919514884529,0.0295666817717423,0.144941682682745,0.0294376727852908,-1.21815953447893,-0.0100753744759186,-0.0184185689503836,-1.21815953447893
100,0.144790554669992,0.0295442325903662,0.144813285163295,0.029415321556947,-1.21034716789039,-0.0100772747582416,-0.0186048931994973,-1.21034716789039
100.25,0.144661693635785,0.0295212209293887,0.144684986391419,0.0293924103032821,-1.20234491020787,-0.0100800060090926,-0.0187929994824278,-1.20234491020787
100.5,0.144532934235236,0.0294976472269186,0.14455678880974,0.0293689394604933,-1.19415199818176,-0.0100844837775206,-0.0189801213696,-1.19415199818176
100.75,0.144404278919738,0.0294735119317653,0.144428694858956,0.0293449094754315,-1.18576772299017,-0.0100915727814121,-0.0191634729566335,-1.18576772299017
101,0.144275730138704,0.0294488155034299,0.144300706977792,0.0293203208055931,-1.17719143057024,-0.0101020865731797,-0.0193402497112827,-1.17719143057024
101.25,0.144147290339516,0.0294235584120969,0.144172827602951,0.0292951739191109,-1.16842252193691,-0.0101167872179581,-0.0195076293254018,-1.16842252193691
101.5,0.144018961967484,0.0293977411386249,0.144045059169073,0.0292694692947454,-1.15946045348903,-0.0101363849843828,-0.0196627725717801,-1.15946045348903
101.75,0.143890747465795,0.0293713641745375,0.143917404108684,0.0292432074218755,-1.15030473730282,-0.0101615380480066,-0.0198028241656123,-1.15030473730282
102,0.143762649275467,0.0293444280220142,0.143789864852153,0.0292163888004895,-1.14095494141242,-0.01019285220744,-0.0199249136305041,-1.14095494141242
102.25,0.143634669835307,0.0293169331938804,0.143662443827644,0.0291890139411753,-1.13141069007772,-0.0102308806132585,-0.0200261561687488,-1.13141069007772
102.5,0.143506811581857,0.029288880213598,0.143535143461069,0.0291610833651106,-1.1216716640392,-0.0102761235097585,-0.0201036535357709,-1.1216716640392
102.75,0.143379076949355,0.0292602696152554,0.143407966176044,0.0291325976040535,-1.11173760075985,-0.0103290279896021,-0.0201544949184883,-1.11173760075985
103,0.143251468369684,0.0292311019435571,0.14328091439384,0.0291035572003318,-1.10160829465407,-0.0103899877614261,-0.0201757578174732,-1.10160829465407
103.25,0.143123988272328,0.0292013777538135,0.143153990533341,0.0290739627068328,-1.09128359730343,-0.0104593429304459,-0.0201645089326571,-1.09128359730343
103.5,0.142996639084323,0.0291710976119303,0.143027197010994,0.0290438146869931,-1.0807634176594,-0.0105373797921354,-0.0201178050524789,-1.0807634176594
103.75,0.142869423230215,0.0291402620943978,0.142900536240765,0.0290131137147875,-1.07004772223281,-0.0106243306390022,-0.0200326939462114,-1.07004772223281
104,0.14274234313201,0.0291088717882799,0.142774010634092,0.0289818603747183,-1.05913653527016,-0.0107203735805208,-0.0199062152593269,-1.05913653527016
104.25,0.14261540120913,0.0290769272912026,0.14264762259984,0.028950055261804,-1.04802993891663,-0.0108256323762764,-0.0197354014117274,-1.04802993891663
104.5,0.142488599878367,0.0290444292113432,0.142521374544256,0.0289176989815681,-1.03672807336576,-0.0109401762823281,-0.0195172784985873,-1.03672807336576
104.75,0.142361941553834,0.0290113781674183,0.14239526887092,0.0288847921500276,-1.02523113699583,-0.0110640199108698,-0.0192488671937067,-1.02523113699583
105,0.142235428646924,0.028977774788672,0.142269307980704,0.0288513353936811,-1.01353938649285,-0.0111971231031983,-0.0189271836551214,-1.01353938649285
105.25,0.142109063566261,0.0289436197148644,0.142143494271719,0.028817329349497,-1.00165313696007,-0.0113393908160277,-0.018549240432805,-1.00165313696007
105.5,0.141982848717652,0.0289089135962587,0.142017830139279,0.0287827746649014,-0.989572762014163,-0.0114906730211874,-0.0181120473782831,-0.989572762014163
105.75,0.141856786504048,0.0288736570936094,0.141892317975847,0.0287476719977656,-0.977298693867799,-0.0116507646187295,-0.0176126125559605,-0.977298693867799
106,0.14173087932549,0.0288378508781496,0.141766960170994,0.0287120220163939,-0.964831423398817,-0.0118194053634675,-0.0170479431559678,-0.964831423398817
106.25,0.14160512957907,0.0288014956315779,0.141641759111351,0.0286758253995104,-0.952171500205833,-0.0119962798049678,-0.0164150464083349,-0.952171500205833
106.5,0.141479539658882,0.0287645920460458,0.141516717180567,0.0286390828362467,-0.939386845578743,-0.0119862618668526,-0.0146315252860379,-0.939386845578743
106.75,0.141354111955977,0.0287271408241444,0.141391836759259,0.0286017950261281,-0.92644516963108,-0.0119235351725169,-0.0125579702227392,-0.92644516963108
107,0.141228848858318,0.0286891426788911,0.141267120224971,0.0285639626790608,-0.913340032212341,-0.0118337874637107,-0.0103529938318795,-0.913340032212341
107.25,0.141103752750733,0.0286505983337156,0.141142569952126,0.0285255865153182,-0.900073674498945,-0.0117150287756062,-0.0080141495891584,-0.900073674498945
107.5,0.140978826014872,0.0286115085224468,0.141018188311981,0.028486667265527,-0.890235502057713,-0.00842849139068509,-0.00318455263401853,-0.890235502057713
107.75,0.14085407102916,0.0285718739892983,0.140893977672583,0.0284472056706538,-0.881852346680343,-0.00369332168023923,0.00273720958012849,-0.881852346680343
108,0.140729490168752,0.0285316954888546,0.140769940398725,0.0284072024819904,-0.873414062781282,0.00115505777261894,0.00864244430221487,-0.873414062781282
108.25,0.140605085805488,0.0284909737860563,0.140646078851897,0.0283666584611398,-0.860259908666099,0.000963499188659146,0.0051306968977168,-0.860259908666099
108.5,0.140480860307847,0.028449709656186,0.140522395390244,0.0283255743800018,-0.846913593374461,0.000750514747601632,0.00174545156586302,-0.846913593374461
108.75,0.140356816040905,0.0284079038848532,0.140398892368521,0.028283951020758,-0.833377162074085,0.000517899577481163,-0.00151101686875721,-0.833377162074085
109,0.140232955366285,0.0283655572679795,0.140275572138047,0.0282417891758572,-0.819652700448249,0.000267486076090083,-0.00463646079757047,-0.819652700448249
109.25,0.140109280642116,0.0283226706117835,0.140152437046663,0.0281990896480002,-0.805742334318578,1.14353860114708e-06,-0.00762866042243189,-0.805742334318578
109.5,0.139985794222987,0.0282792447327653,0.140029489438682,0.0281558532501243,-0.791648229259278,-0.000279222223318846,-0.0104854243449465,-0.791648229259278
109.75,0.1398624984599,0.0282352804576911,0.13990673165485,0.0281120808053884,-0.777372590202869,-0.000571669270840882,-0.013204590150591,-0.777372590202869
110,0.13973939570023,0.0281907786235773,0.139784166032299,0.0280677731471567,-0.762917661037453,-0.000874219935675793,-0.0157840249875118,-0.762917661037453
110.25,0.139616488287675,0.0281457400776745,0.1396617949045,0.028022931118983,-0.748285724195662,-0.00118486122608033,-0.0182216261398833,-0.748285724195662
110.5,0.139493778562216,0.0281001656774519,0.139539620601224,0.0279775555745951,-0.733479100235286,-0.00150154524108915,-0.0205153215957154,-0.733479100235286
110.75,0.139371268860069,0.0280540562905803,0.139417645448494,0.0279316473778777,-0.718500147411693,-0.00182218959290237,-0.022663070608989,-0.718500147411693
111,0.139248961513641,0.0280074127949161,0.13929587176854,0.0278852074028569,-0.70335126124212,-0.00214467783734904,-0.0246628642560131,-0.70335126124212
111.25,0.139126858851489,0.027960236078484,0.139174301879758,0.0278382365336828,-0.688034874061889,-0.00246685991234984,-0.0265127259858825,-0.688034874061889
111.5,0.139004963198271,0.0279125270394607,0.139052938096663,0.0277907356646131,-0.672553454572654,-0.00278655258430111,-0.0282107121649336,-0.672553454572654
111.75,0.138883276874705,0.0278642865861577,0.138931782729847,0.0277427056999958,-0.656909507382748,-0.00310153990229688,-0.02975491261508,-0.656909507382748
112,0.138761802197523,0.0278155156370036,0.138810838085934,0.0276941475542522,-0.641105572539698,-0.00340957366010823,-0.0311434511459238,-0.641105572539698
112.25,0.138640541479427,0.027766215120527,0.138690106467534,0.0276450621518594,-0.625144225055023,-0.00370837386583486,-0.0323744860805299,-0.625144225055023
112.5,0.138519497029047,0.0277163859753386,0.138569590173204,0.0275954504273328,-0.609028074421378,-0.00399562921914581,-0.0334462107747622,-0.609028074421378
112.75,0.138398671150895,0.0276660291501136,0.138449291497401,0.027545313325208,-0.592675056338532,-0.0042502849860769,-0.0339670476134655,-0.592675056338532
113,0.138278066145322,0.0276151456035732,0.138329212730438,0.0274946518000232,-0.576093342242915,-0.00445847763858023,-0.0339118242736252,-0.576093342242915
113.25,0.138157684308472,0.0275637363044669,0.138209356158441,0.0274434668163008,-0.559414495906985,-0.00464566108363803,-0.0338696042972329,-0.559414495906985
113.5,0.138037527932243,0.0275118022315537,0.138089724063308,0.0273917593485292,-0.542636599917637,-0.00481406671184833,-0.0338392148127286,-0.542636599917637
113.75,0.137917599304238,0.0274593443735834,0.137970318722659,0.0273395303811439,-0.525757760886175,-0.0049659041326574,-0.0338194356288907,-0.525757760886175
114,0.137797900707726,0.027406363729278,0.137851142409802,0.0272867809085093,-0.508776110255231,-0.00510336036143504,-0.0338089996100209,-0.508776110255231
114.25,0.137678434421596,0.0273528613073127,0.137732197393682,0.0272335119348992,-0.491689805099997,-0.00522859901216803,-0.033806593063484,-0.491689805099997
114.5,0.137559202720313,0.0272988381262963,0.137613485938839,0.0271797244744781,-0.474497028923646,-0.00534375949594417,-0.0338108561394122,-0.474497028923646
114.75,0.137440207873877,0.0272442952147524,0.137495010305369,0.0271254195512817,-0.457195992446718,-0.00545095622540566,-0.033820383242617,-0.457195992446718
115,0.137321452147779,0.0271892336110995,0.137376772748877,0.0270705981991976,-0.439784934390349,-0.00555227782534449,-0.0338337234565492,-0.439784934390349
115.25,0.137202937802956,0.027133654363631,0.137258775520436,0.0270152614619452,-0.422262122253112,-0.00564978634961332,-0.0338493809792447,-0.422262122253112
115.5,0.137084667095751,0.0270775585304958,0.137141020866544,0.0269594103930562,-0.404554342330126,-0.00566032130456472,-0.0332730950622669,-0.404554342330126
115.75,0.136966642277867,0.0270209471796776,0.137023511029078,0.0269030460558544,-0.386677979040532,-0.00557383378232309,-0.0321262253326316,-0.386677979040532
116,0.136848865596328,0.026963821388975,0.136906248245257,0.0268461695234357,-0.368686678186858,-0.00544044036068933,-0.0307987053973088,-0.368686678186858
116.25,0.13673133929343,0.0269061822459806,0.136789234747595,0.0267887818786471,-0.35058350361323,-0.00525742226359283,-0.0292893117295029,-0.35058350361323
116.5,0.136614065606706,0.0268480308480607,0.13667247276386,0.0267308842140668,-0.332371544954234,-0.00502203799919306,-0.0275968631856391,-0.332371544954234
116.75,0.136497046768877,0.0267893683023341,0.136555964517033,0.0266724776319828,-0.314053917036478,-0.00473152395170569,-0.0257202213999656,-0.314053917036478
117,0.136380285007814,0.026730195725651,0.136439712225263,0.0266135632443723,-0.295633759274243,-0.004383094979044,-0.0236582911709948,-0.295633759274243
117.25,0.136263782546491,0.0266705142445721,0.136323718101825,0.0265541421728801,-0.277114235059406,-0.00397394501617217,-0.0214100208397081,-0.277114235059406
117.5,0.136147541602949,0.0266103249953467,0.13620798435508,0.026494215548798,-0.258498531145674,-0.00350124768405145,-0.0189744026594349,-0.258498531145674
117.75,0.136031564390247,0.0265496291238913,0.136092513188432,0.0264337845130424,-0.239789857027299,-0.00296215690407505,-0.016350473157335,-0.239789857027299
118,0.135915853116423,0.0264884277857678,0.135977306800287,0.0263728502161332,-0.220991444312354,-0.00235380751787123,-0.0135373134874005,-0.220991444312354
118.25,0.135800409984455,0.0264267221461616,0.135862367384006,0.0263114138181715,-0.202106546090686,-0.00167331591236429,-0.0105340497749016,-0.202106546090686
118.5,0.135685237192212,0.026364513379859,0.135747697127871,0.0262494764888178,-0.183138436296697,-0.00091778064997606,-0.00733985345220687,-0.183138436296697
118.75,0.135570336932418,0.0263018026712252,0.135633298215039,0.0261870394072696,-0.164090409067013,-8.42831038519935e-05,-0.00395394158589491,-0.164090409067013
119,0.13545571139261,0.0262385912141819,0.1355191728235,0.0261241037622388,-0.1449657780932,0.000830111902005655,-0.00037557719509498,-0.1449657780932
119.25,0.135341362755091,0.0261748802121839,0.135405323126036,0.0260606707519295,-0.136612727060444,0.0051954842034367,-0.0023709021864502,-0.136612727060444
119.5,0.135227293196896,0.026110670878197,0.135291751290182,0.0259967415840147,-0.1369270832373,0.00739111838156594,-0.00293772840604838,-0.1369270832373
119.75,0.135113504889744,0.0260459644346743,0.135178459478183,0.0259323174756137,-0.136180534613785,0.00808555783732982,-0.00235028324650101,-0.136180534613785
120,0.135,0.0259807621135332,0.13506544984695,0.0258673996532685,-0.119156905473975,0.0189116729980203,-0.0192818862595496,-0.119156905473975
120.25,0.134886780688634,0.0259150651561319,0.134952724548024,0.025801989352921,-0.0984892916932234,0.0222431050980913,-0.027754778114105,-0.0984892916932234
120.5,0.134773849111179,0.0258488748132458,0.134840285727533,0.025736087819889,-0.0752206919077418,0.0200493275656792,-0.0296853429860607,-0.0752206919077418
120.75,0.134661207417688,0.0257821923450436,0.134728135526149,0.0256696963088427,-0.0520534948491611,0.0179543828250233,-0.0314911285836818,-0.0520534948491611
121,0.134548857752698,0.0257150190210634,0.134616276079051,0.0256028160837807,-0.0289884987213046,0.0159586678946388,-0.0331751215622317,-0.0289884987213046
121.25,0.134436802255184,0.0256473561201884,0.134504709515881,0.0255354484180062,-0.00602644552493233,0.0140625236465338,-0.0347403042508579,-0.00602644552493233
121.5,0.134325043058522,0.0255792049306228,0.134393437960706,0.0254675945941023,0.0168319787677231,0.0122662349884142,-0.0361896537584625,0.0168319787677231
121.75,0.134213582290444,0.0255105667498669,0.134282463531976,0.0253992559039082,0.039586144025163,0.0105700310590587,-0.0375261410830929,0.039586144025163
122,0.134102422073004,0.0254414428846928,0.134171788342483,0.0253304336484938,0.0622354757559647,0.00897408543667702,-0.0387527302249622,0.0622354757559647
122.25,0.133991564522532,0.0253718346511192,0.134061414499325,0.0252611291381358,0.0847794548949222,0.00747851636034921,-0.0398723773033753,0.0847794548949222
122.5,0.133881011749595,0.0253017433743866,0.13395134410386,0.0251913436922921,0.10721761757633,0.00608338696437848,-0.0408880296776832,0.10721761757633
122.75,0.13377076585896,0.0252311703889318,0.13384157925167,0.0251210786395771,0.129499936558249,0.00481827691716431,-0.0417778922664269,0.129499936558249
123,0.133660828949549,0.0251601170383627,0.133732122032518,0.0250503353177361,0.150089286520969,0.00460194931229137,-0.0417942050035406,0.150089286520969
123.25,0.133551203114403,0.0250885846754328,0.133622974530314,0.0249791150736199,0.170714244613076,0.00440606942270701,-0.0418132774880595,0.170714244613076
123.5,0.133441890440638,0.025016574662015,0.133514138823067,0.0249074192631593,0.191376845709571,0.00422821343321133,-0.041834924924957,0.191376845709571
123.75,0.133332893009412,0.0249440883690764,0.133405616982854,0.0248352492513392,0.212079120673249,0.0040659604809956,-0.0418589099283457,0.212079120673249
124,0.133224212895878,0.0248711271766513,0.133297411075773,0.0247626064121726,0.232823095447227,0.00391689357052629,-0.0418849425802681,0.232823095447227
124.25,0.133115852169148,0.0247976924738157,0.133189523161908,0.0246894921286744,0.253610790148443,0.00377860048751359,-0.041912680503499,0.253610790148443
124.5,0.133007812892255,0.0247237856586605,0.133081955295291,0.0246159077928352,0.274444218162252,0.00364867471174929,-0.0419417289482391,0.274444218162252
124.75,0.132900097122111,0.0246494081382649,0.132974709523859,0.0245418548055948,0.295325385238439,0.00352471632862215,-0.0419716408927403,0.295325385238439
125,0.132792706909469,0.0245745613286698,0.132867787889415,0.0244673345768151,0.316256288588686,0.00340433293910982,-0.0420019171578543,0.316256288588686
125.25,0.132685644298883,0.0244992466548504,0.132761192427594,0.024392348525254,0.337238915985861,0.00328514056804262,-0.0420320065354281,0.337238915985861
125.5,0.132578911328672,0.0244234655506896,0.132654925167821,0.0243168980785378,0.358275244865217,0.00316476457044328,-0.0420613059305484,0.358275244865217
125.75,0.132472510030877,0.0243472194589504,0.13254898813327,0.0242409846731343,0.379367241427725,0.00304084053574414,-0.0420891605176299,0.379367241427725
126,0.132366442431226,0.0242705098312484,0.13244338334083,0.0241646097543252,0.40051685974577,0.00291101518968162,-0.0421148639103101,0.40051685974577
126.25,0.132260710549093,0.0241933381280245,0.132338112801063,0.0240877747761789,0.421726040871386,0.0027729472936663,-0.0421376583450178,0.421726040871386
126.5,0.13215531639746,0.0241157058185165,0.13223317851817,0.0240104812015227,0.442996711947212,0.00262430854143892,-0.0421567348783787,0.442996711947212
126.75,0.13205026198288,0.0240376143807318,0.132128582489948,0.0239327305019147,0.464330785320385,0.0024627844528066,-0.0421712335982343,0.464330785320385
127,0.131945549305439,0.0239590653014188,0.132024326707753,0.0238545241576163,0.485730157659596,0.00228607526426702,-0.042180243848286,0.485730157659596
127.25,0.131841180358713,0.0238800600760387,0.131920413156467,0.0237758636575634,0.507196709075422,0.00209189681632317,-0.042182804466399,0.507196709075422
127.5,0.131737157129738,0.0238006002087371,0.131816843814453,0.0236967504993387,0.52873230224423,0.00187798143729329,-0.04217790403641,0.52873230224423
127.75,0.131633481598967,0.0237206872123153,0.131713620653523,0.0236171861891427,0.550338781535766,0.00164207882342017,-0.04216448115343,0.550338781535766
128,0.13153015574023,0.0236403226082017,0.131610745638896,0.023537172241765,0.572017972144672,0.00138195691508665,-0.0421414247026365,0.572017972144672
128.25,0.131427181520705,0.0235595079264223,0.131508220729165,0.0234567101805559,0.593771679226104,0.00109540276894373,-0.0421075741513882,0.593771679226104
128.5,0.131324560900871,0.0234782447055724,0.131406047876255,0.0233758015373971,0.613722999174991,0.00195828099189087,-0.0414905635151265,0.613722999174991
128.75,0.131222295834478,0.0233965344927865,0.131304229025392,0.0232944478526726,0.63352031632018,0.00293977307151827,-0.0408212044504393,0.63352031632018
129,0.131120388268505,0.0233143788437091,0.131202766115058,0.0232126506752391,0.653218091914952,0.00400506910050487,-0.04011864877821,0.653218091914952
129.25,0.131018840143125,0.0232317793224656,0.131101661076962,0.0231304115623971,0.672817221579675,0.00515287815952214,-0.0393852946517436,0.672817221579675
129.5,0.130917653391667,0.0231487375016316,0.131000915835998,0.0230477320798608,0.692318644856259,0.00638186571485561,-0.0386235091988604,0.692318644856259
129.75,0.130816829940582,0.0230652549622038,0.130900532310209,0.0229646138017282,0.711723344643495,0.00769065419057594,-0.0378356278343577,0.711723344643495
130,0.130716371709404,0.0229813332935693,0.130800512410754,0.0228810583104516,0.731032346622435,0.00907782355067622,-0.0370239535813684,0.731032346622435
130.25,0.130616280610711,0.0228969740934759,0.130700858041868,0.0227970671968071,0.750246718671828,0.0105419118911256,-0.036190756401863,0.750246718671828
130.5,0.130516558550094,0.0228121789680009,0.130601571100825,0.0227126420598645,0.769367570273925,0.012081416041612,-0.0353382725363009,0.769367570273925
130.75,0.130417207426118,0.0227269495315215,0.130502653477906,0.0226277845069566,0.788396051910499,0.0136947921769545,-0.0344687038527392,0.788396051910499
131,0.130318229130285,0.0226412874066832,0.13040410705636,0.0225424961536489,0.807333354449575,0.0153804564379188,-0.0335842172053299,0.807333354449575
131.25,0.130219625546998,0.0225551942243693,0.130305933712368,0.0224567786237088,0.826180708522674,0.0171367855614214,-0.0326869438025338,0.826180708522674
131.5,0.130121398553528,0.0224686716236701,0.130208135315011,0.0223706335490744,0.844939383892929,0.0189621175199012,-0.0317789785850537,0.844939383892929
131.75,0.130023550019975,0.022381721251851,0.130110713726228,0.0222840625698239,0.863610688814143,0.020854752169728,-0.030862379613635,0.863610688814143
132,0.129926081809234,0.0222943447643218,0.130013670800785,0.0221970673341438,0.882195969380892,0.0228129519085506,-0.0299391674669276,0.882195969380892
132.25,0.12982899577696,0.022206543824605,0.129917008386241,0.022109649498298,0.900696608869945,0.0248349423413619,-0.0290113246494145,0.900696608869945
132.5,0.12973229377153,0.0221183201043037,0.129820728322909,0.0220218107265962,0.922335623127586,0.024925884964933,-0.0296935182858135,0.922335623127586
132.75,0.129635977634012,0.0220296752830706,0.129724832443821,0.0219335526913619,0.946484854037465,0.0234585606446491,-0.0315892278089872,0.946484854037465
133,0.129540049198125,0.0219406110485751,0.129629322574697,0.0218448770729008,0.970510516061865,0.0220578193605754,-0.0333590826861448,0.970510516061865
133.25,0.129444510290209,0.021851129096472,0.129534200533908,0.0217557855594691,0.994411785821105,0.0207240537465135,-0.0350061839954657,0.994411785821105
133.5,0.129349362729187,0.0217612311303686,0.12943946813244,0.0216662798472405,1.01818790072534,0.0194575967395748,-0.0365336285488593,1.01818790072534
133.75,0.129254608326532,0.0216709188617927,0.129345127173861,0.021576361640275,1.04183815879983,0.0182587217630453,-0.0379445079178189,1.04183815879983
134,0.12916024888623,0.0215801940101595,0.129251179454288,0.0214860326504854,1.06536191849592,0.0171276429236177,-0.0392419074627727,1.06536191849592
134.25,0.12906628620475,0.0214890583027396,0.129157626762349,0.0213952945976057,1.08875859848754,0.0160645152229973,-0.0404289053661539,1.08875859848754
134.5,0.128972722071004,0.0213975134746254,0.129064470879153,0.0213041492091574,1.11202767745338,0.0150694347838435,-0.0415085716694211,1.11202767745338
134.75,0.128879558266321,0.0213055612686986,0.128971713578253,0.0212125982204175,1.13513695536275,0.0141616785616825,-0.0424595499452837,1.13513695536275
135,0.128786796564404,0.0212132034355964,0.128879356625615,0.0211206433743848,1.1571004935754,0.013941471151172,-0.0425397631737241,1.1571004935754
135.25,0.128694438731301,0.021120441733679,0.128787401779582,0.021028286421747,1.17902191187252,0.013741612725922,-0.0426114707770771,1.17902191187252
135.5,0.128602486525375,0.0210272779289955,0.128695850790843,0.0209355291208473,1.20090309040755,0.0135598095853267,-0.0426757658868141,1.20090309040755
135.75,0.12851094169726,0.0209337137952504,0.128604705402394,0.0208423732376511,1.22274593135903,0.0133937464259858,-0.0427336906637503,1.22274593135903
136,0.12841980598984,0.0208397511137699,0.128513967349515,0.0207488205457121,1.24455235804061,0.01324108723967,-0.0427862359428546,1.24455235804061
136.25,0.128329081138207,0.0207453916734681,0.128423638359725,0.0206548728261386,1.26632431400559,0.0130994762165488,-0.0428343408919044,1.26632431400559
136.5,0.128238768869631,0.0206506372708126,0.128333720152759,0.0205605318675599,1.28806376214657,0.0129665386534467,-0.0428788926839689,1.28806376214657
136.75,0.128148870903528,0.0205554897097908,0.128244214440531,0.0204657994660919,1.30977268379014,0.0128398818669358,-0.0429207261838016,1.30977268379014
137,0.128059388951425,0.020459950801875,0.128155122927099,0.0203706774253028,1.33145307778704,0.0127170961110844,-0.0429606236482888,1.33145307778704
137.25,0.127970324716929,0.0203640223659883,0.128066447308638,0.0202751675561792,1.35310695959775,0.0125957554996181,-0.0429993144408768,1.35310695959775
137.5,0.127881679895696,0.0202677062284698,0.127978189273404,0.0201792716770914,1.37473636037392,0.0124734189323371,-0.0430374747601977,1.37473636037392
137.75,0.127793456175395,0.0201710042230401,0.127890350501702,0.0200829916137586,1.39634332603575,0.0123476310255434,-0.04307572738281,1.39634332603575
138,0.127705655235678,0.0200739181907658,0.127802932665856,0.0199863291992145,1.41792991634551,0.0122159230463055,-0.0431146414202186,1.41792991634551
138.25,0.127618278748149,0.019976449980025,0.127715937430176,0.0198892862737722,1.43949820397745,0.0120758138503421,-0.0431547320901798,1.43949820397745
138.5,0.12753132837633,0.0198786014464721,0.127629366450926,0.019791864684989,1.46105027358429,0.0119248108233113,-0.04319646050233,1.46105027358429
138.75,0.127444805775631,0.0197803744530021,0.127543221376291,0.0196940662876315,1.48258822086045,0.0117604108253202,-0.0432402334582448,1.48258822086045
139,0.127358712593317,0.0196817708697152,0.127457503846351,0.0195958929436403,1.50411415160236,0.0115801011384183,-0.0432864032658771,1.50411415160236
139.25,0.127273050468479,0.0195827925738817,0.127372215493043,0.0194973465220943,1.52563018076587,0.0113813604168923,-0.0433352675685166,1.52563018076587
139.5,0.127187821031999,0.0194834414499055,0.127287357940136,0.0193984288991754,1.54713843152114,0.0111616596401406,-0.0433870691882494,1.54713843152114
139.75,0.127103025906524,0.0193837193892889,0.127202932803193,0.0192991419581325,1.56864103430512,0.0109184630679208,-0.0434419959839672,1.56864103430512
140,0.127018666706431,0.0192836282905962,0.127118941689548,0.0191994875892458,1.5901401258718,0.0106492291977682,-0.0435001807239997,1.5901401258718
140.25,0.126934745037796,0.0191831700594175,0.127035386198272,0.0190994676897908,1.61163784834064,0.0103514117243511,-0.043561700973289,1.61163784834064
140.5,0.126851262498368,0.0190823466083329,0.126952267920139,0.0189990841640024,1.63187485290688,0.0108471219203228,-0.0429679386230709,1.63187485290688
140.75,0.126768220677534,0.0189811598568755,0.126869588437603,0.018898338923038,1.65195387433026,0.0114185216655405,-0.0423191315734873,1.65195387433026
141,0.126685621156291,0.0188796117314951,0.126787349324761,0.0187972338849419,1.67191175911278,0.0120408703141165,-0.0416369229149732,1.67191175911278
141.25,0.126603465507214,0.0187777041655218,0.126705552147327,0.0186957709746083,1.69174947353071,0.0127128097717838,-0.040923818561053,1.69174947353071
141.5,0.126521755294428,0.0186754390991286,0.126624198462603,0.0185939521237447,1.71146803228268,0.0134329348656739,-0.0401822916996163,1.71146803228268
141.75,0.126440492073578,0.018572818479295,0.126543289819444,0.0184917792708353,1.73106849789471,0.0141997939466883,-0.0394147820265621,1.73106849789471
142,0.126359677391798,0.0184698442597698,0.126462827758235,0.0183892543611039,1.750551980114,0.0150118895031299,-0.0386236949888457,1.750551980114
142.25,0.126279312787685,0.0183665184010335,0.126382813810857,0.0182863793464769,1.7699196352915,0.0158676787854942,-0.0378114010371313,1.7699196352915
142.5,0.126199399791263,0.0182628428702616,0.126303249500661,0.0181831561855465,1.78917266575353,0.0167655744422291,-0.0369802348881445,1.78917266575353
142.75,0.126119939923961,0.0181588196412868,0.126224136342437,0.0180795868435328,1.80831231916246,0.0177039451663858,-0.0361324947969548,1.80831231916246
143,0.126040934698581,0.0180544506945614,0.126145475842384,0.0179756732922467,1.82733988786666,0.0186811163529583,-0.0352704418392767,1.82733988786666
143.25,0.125962385619268,0.0179497380171198,0.126067269498085,0.0178714175100525,1.84625670823986,0.0196953707667959,-0.0343962992039712,1.84625670823986
143.5,0.125884294181483,0.0178446836025402,0.125989518798477,0.01776682148183,1.86506416001009,0.0207449492209349,-0.0335122514958926,1.86506416001009
143.75,0.125806661871976,0.0177392894509075,0.125912225223821,0.0176618871989368,1.88376366557829,0.0218280512652038,-0.0326204440492374,1.88376366557829
144,0.125729490168752,0.0176335575687742,0.125835390245675,0.0175566166591704,1.90235668932683,0.0229428358849169,-0.0317229822514866,1.90235668932683
144.25,0.12565278054105,0.017527489969123,0.125759015326866,0.0174510118667302,1.92084473691792,0.0240874222095773,-0.0308219308781978,1.92084473691792
144.5,0.12557653444931,0.0174210886713282,0.125683101921462,0.0173450748321791,1.93922935458238,0.0252598902313238,-0.029919313438629,1.93922935458238
144.75,0.12550075334515,0.017314355701117,0.125607651474746,0.0172388075724055,1.95751212839858,0.0264582815330727,-0.0290171115324845,1.95751212839858
145,0.12542543867133,0.0172072930905314,0.125532665423185,0.017132212110585,1.97642876457329,0.0272011315976057,-0.0286609713013678,1.97642876457329
145.25,0.125350591861735,0.0170999028778891,0.125458145194405,0.0170252904761415,1.99758794391508,0.0264283328827738,-0.0299976088634729,1.99758794391508
145.5,0.12527621434134,0.016992187107745,0.125384092207165,0.0169180447047087,2.01860271042264,0.0256933393703877,-0.0312338593860515,2.01860271042264
145.75,0.125202307526184,0.0168841478308521,0.125310507871326,0.0168104768380916,2.03947254627155,0.0249962827872379,-0.0323728653931477,2.03947254627155
146,0.125128872823349,0.0167757871041224,0.125237393587827,0.0167025889242273,2.06019699709448,0.0243372334399912,-0.0334177621257199,2.06019699709448
146.25,0.125055911630924,0.0166671069905881,0.125164750748661,0.0165943830171461,2.08077567177367,0.0237162004301013,-0.0343716765206493,2.08077567177367
146.5,0.124983425337985,0.0165581095593617,0.125092580736841,0.0164858611769325,2.10120824221798,0.0231331318839835,-0.0352377261936684,2.10120824221798
146.75,0.124911415324567,0.0164487968855974,0.12502088492638,0.016377025469686,2.12147792945421,0.0225984940625032,-0.0360009114904206,2.12147792945421
147,0.124839882961637,0.0163391710504508,0.124949664682264,0.0162678779674816,2.14107015737262,0.0224435424931821,-0.0361101907526634,2.14107015737262
147.25,0.124768829611068,0.0162292341410398,0.124878921360423,0.0161584207483303,2.16055797805108,0.0223022734406913,-0.0362046150530448,2.16055797805108
147.5,0.124698256625613,0.0161189882504047,0.124808656307708,0.0160486558961398,2.17994288307816,0.0221728269860099,-0.0362862585885248,2.17994288307816
147.75,0.124628165348881,0.0160084354774684,0.124738870861864,0.0159385855006746,2.19922640660312,0.0220533023836842,-0.0363571533377542,2.19922640660312
148,0.124558557115307,0.0158975779269961,0.124669566351506,0.0158282116575165,2.21841012459072,0.0219417588140557,-0.0364192883766942,2.21841012459072
148.25,0.124489433250133,0.0157864177095561,0.124600744096092,0.0157175364680244,2.23749565406572,0.0218362161456461,-0.0364746092058278,2.23749565406572
148.5,0.124420795069377,0.0156749569414785,0.124532405405898,0.0156065620392942,2.25648465234742,0.0217346557075782,-0.0365250170891749,2.25648465234742
148.75,0.124352643879812,0.0155631977448157,0.124464551581994,0.0154952904841192,2.27537881627427,0.0216350210718001,-0.0365723684051602,2.27537881627427
149,0.124284980978937,0.0154511422473016,0.124397183916219,0.0153837239209493,2.29417988141883,0.0215352188450031,-0.0366184740095637,2.29417988141883
149.25,0.124217807654956,0.0153387925823116,0.124330303691157,0.0152718644738511,2.31288962129321,0.0214331194700022,-0.0366650986106132,2.31288962129321
149.5,0.124151125186754,0.0152261508888211,0.124263912180111,0.0151597142724673,2.33150984654507,0.021326558036463,-0.0367139601564365,2.33150984654507
149.75,0.124084934843868,0.0151132193113658,0.124198010647079,0.015047275451976,2.35004240414462,0.0212133351007274,-0.0367667292349034,2.35004240414462
150,0.124019237886467,0.015,0.124132600346731,0.0149345501530502,2.36848917656243,0.0210912175146293,-0.0368250284860992,2.36848917656243
150.25,0.123954035565326,0.0148864951102562,0.124067682524386,0.0148215405218172,2.38685208093861,0.0209579392630509,-0.0368904320274436,2.38685208093861
150.5,0.123889329121803,0.014772706803104,0.124003258415985,0.0147082487098175,2.40513306824325,0.0208112023100974,-0.0369644648916841,2.40513306824325
150.75,0.123825119787816,0.0146586372449086,0.123939329248071,0.0145946768739639,2.42333412242848,0.020648677453655,-0.0370486024777998,2.42333412242848
151,0.123761408785818,0.0145442886073901,0.123875896237761,0.0144808271765003,2.44145725957224,0.0204680051881799,-0.0371442700149992,2.44145725957224
151.25,0.123698197328775,0.0144296630675816,0.12381296059273,0.0143667017849609,2.45950452701402,0.0202667965755129,-0.0372528420398903,2.45950452701402
151.5,0.123635486620141,0.0143147628077883,0.123750523511182,0.0142523028721288,2.47747800248272,0.0200426341235227,-0.0373756418869299,2.47747800248272
151.75,0.123573277853838,0.0141995900155453,0.123688586181828,0.0141376326159942,2.49537979321681,0.0197930726724165,-0.0375139411923262,2.49537979321681
152,0.123511572214232,0.0140841468835767,0.123627149783867,0.0140226931997135,2.51321203507698,0.0195156402884841,-0.0376689594114101,2.51321203507698
152.25,0.123450370876109,0.0139684356097533,0.123566215486958,0.0139074868115676,2.53097689165158,0.0192078391651191,-0.0378418633496739,2.53097689165158
152.5,0.123389675004653,0.013852458397051,0.123505784451202,0.01379201564492,2.54798274788305,0.0193535336024466,-0.0375080306741258,2.54798274788305
152.75,0.123329485755428,0.0137362174535087,0.12344585782712,0.0136762818981753,2.56483410648853,0.0195308391978482,-0.0371431842460924,2.56483410648853
153,0.123269804274349,0.0136197149921864,0.123386436755628,0.0135602877747372,2.58155187151036,0.0197244625142026,-0.0367650495310458,2.58155187151036
153.25,0.123210631697666,0.0135029532311231,0.123327522368017,0.0134440354829666,2.5981372787825,0.0199328457490733,-0.0363761279270307,2.5981372787825
153.5,0.123151969151939,0.0133859343932943,0.123269115785933,0.0133275272361395,2.61459161507048,0.0201543824073697,-0.035978885450146,2.61459161507048
153.75,0.123093817754019,0.01326866070657,0.123211218121353,0.0132107652524051,2.63091621744513,0.0203874179336791,-0.0355757519188074,2.63091621744513
154,0.123036178611025,0.0131511344036723,0.123153830476564,0.0130937517547432,2.64711247264418,0.0206302503567143,-0.0351691201477838,2.64711247264418
154.25,0.122979052820322,0.0130333577221325,0.123096953944146,0.0129764889709222,2.6631818164218,0.0208811309457705,-0.0347613451522192,2.6631818164218
154.5,0.122922441469504,0.0129153329042489,0.123040589606944,0.0128589791334563,2.67912573288631,0.0211382648789875,-0.0343547433617458,2.67912573288631
154.75,0.122866345636369,0.0127970621970437,0.122984738538055,0.0127412244795635,2.69494575382608,0.0213998119233398,-0.0339515918449306,2.69494575382608
155,0.1228107663889,0.012678547852221,0.122929401800802,0.0126232272511228,2.71064345802393,0.0216638871261468,-0.0335541275441583,2.71064345802393
155.25,0.122755704785248,0.0125597921261228,0.122874580448718,0.0125049896946311,2.72622047056,0.0219285615179813,-0.0331645465211473,2.72622047056
155.5,0.122701161873704,0.0124407972796872,0.122820275525522,0.0123865140611613,2.74167846210345,0.0221918628268156,-0.0327850032132524,2.74167846210345
155.75,0.122647138692687,0.0123215655784043,0.122766488065101,0.0122678026063184,2.75701914819291,0.0224517762032574,-0.0324176097007218,2.75701914819291
156,0.122593636270722,0.012202099292274,0.122713219091491,0.0121488575901977,2.77224428850607,0.0227062449566854,-0.0320644349850318,2.77224428850607
156.25,0.122540655626417,0.0120824006957621,0.122660469618856,0.0120296812773405,2.78735568611841,0.0229531713021792,-0.0317275042785134,2.78735568611841
156.5,0.122488197768446,0.0119624720677574,0.122608240651471,0.0119102759366923,2.8023551867513,0.0231904171180294,-0.0314087983053717,2.8023551867513
156.75,0.122436263695533,0.011842315691528,0.122556533183699,0.0117906438415586,2.81724467800959,0.0234158047136885,-0.0311102526142684,2.81724467800959
157,0.122384854396427,0.0117219338546782,0.122505348199977,0.0116707872695619,2.83202608860895,0.0236271176079791,-0.0308337569025988,2.83202608860895
157.25,0.122333970849886,0.0116013288491046,0.122454686674792,0.0115507085025988,2.84670138759302,0.0238221013174251,-0.0305811543526571,2.84670138759302
157.5,0.122283614024661,0.0114805029709527,0.122404549572667,0.0114304098267957,2.86127258354058,0.0239984641544947,-0.0303542409797765,2.86127258354058
157.75,0.122233784879473,0.011359458520573,0.122354937848141,0.0113098935324661,2.87574172376294,0.0241538780356066,-0.0301547649926187,2.87574172376294
158,0.122184484362996,0.0112381978024774,0.122305852445748,0.0111891619140665,2.89011089349174,0.0242859792987071,-0.0299844261657226,2.89011089349174
158.25,0.122135713413842,0.0111167231252951,0.122257294300004,0.0110682172701528,2.9043822150572,0.0243923695302736,-0.0298448752245076,2.9043822150572
158.5,0.122087472960539,0.0109950368017289,0.122209264335387,0.0109470619033369,2.9185578470572,0.0244706164015186,-0.0297377132427768,2.9185578470572
158.75,0.122039763921516,0.0108731411485111,0.122161763466317,0.0108256981202422,2.93263998351721,0.0245182545136594,-0.0296644910529361,2.93263998351721
159,0.121992587205084,0.010751038486359,0.122114792597143,0.0107041282314601,2.94663085304136,0.0245327862520445,-0.0296267086690091,2.94663085304136
159.25,0.12194594370942,0.0106287311399315,0.122068352622122,0.0105823545515062,2.96053271795468,0.0245116826489628,-0.0296258147225889,2.96053271795468
159.5,0.121899834322548,0.010506221437784,0.122022444425405,0.0104603793987758,2.97434787343699,0.0244523842549382,-0.0296632059118374,2.97434787343699
159.75,0.121854259922325,0.0103835117123248,0.121977068881017,0.0103382050954999,2.9880786466482,0.0243523020183468,-0.0297402264636846,2.9880786466482
160,0.121809221376423,0.0102606042997701,0.121932226852843,0.0102158339677012,3.00172739584566,0.0242088181731385,-0.0298581676093092,3.00172739584566
160.25,0.121764719542309,0.0101375015400998,0.121887919194612,0.0100932683451496,3.01529650949341,0.024019287134492,-0.0300182670730365,3.01529650949341
160.5,0.121720755267235,0.0100142057770131,0.121844146749876,0.00997051056131786,3.02878840536367,0.0237810364022153,-0.0302217085747888,3.02878840536367
160.75,0.121677329388216,0.00989071935788362,0.121800910352,0.00984756295333717,3.0422055296308,0.0234913674716552,-0.0304696213461065,3.0422055296308
161,0.12163444273202,0.00976704463371471,0.121758210824143,0.00972442786195282,3.05555035595779,0.0231475567519968,-0.0307630796600023,3.05555035595779
161.25,0.121592096115147,0.00964318395909485,0.121716048979242,0.00960110763147943,3.06882538457559,0.0227468564916873,-0.0311031023746198,3.06882538457559
161.5,0.121550290343814,0.00951913969215276,0.121674425619998,0.00947760460975643,3.08203314135548,0.0222864957108002,-0.0314906524908156,3.08203314135548
161.75,0.121509026213944,0.00939491419451248,0.12163334153886,0.00935392114810333,3.09517617687454,0.0217636811401902,-0.0319266367238837,3.09517617687454
162,0.121468304511145,0.00927050983124843,0.12159279751801,0.00923005960127498,3.10825706547469,0.0211755981671486,-0.0324119050893165,3.10825706547469
162.25,0.121428126010702,0.00914592897084032,0.121552794329346,0.00910602232741665,3.12127840431512,0.0205194117874548,-0.0329472505029223,3.12127840431512
162.5,0.121388491477553,0.0090211739851282,0.121513332734473,0.00898181168801926,3.13424281241874,0.0197922675635396,-0.033533408395195,3.13424281241874
162.75,0.121349401666284,0.00889624724926713,0.121474413484682,0.00885743004787433,3.14715292971246,0.0189912925886042,-0.0341710563401552,3.14715292971246
163,0.121310857321109,0.00877115114168211,0.121436037320939,0.00873287977502901,3.16001141606187,0.0181135964564631,-0.0348608136986693,3.16001141606187
163.25,0.121272859175856,0.00864588804402267,0.121398204973872,0.00860816324074092,3.17589172203494,0.0149186143943672,-0.0358523753034803,3.17589172203494
163.5,0.121235407953954,0.00852046034111768,0.121360917163753,0.00848328281943315,3.19277797508847,0.0108730298805168,-0.03692783497579,3.19277797508847
163.75,0.121198504368422,0.00839487042092977,0.12132417460049,0.00835824088864889,3.21240122923484,0.00499943557870143,-0.0367147112215793,3.21240122923484
164,0.12116214912185,0.00826912067450999,0.121287977983606,0.00823303982900626,3.22767443613085,0.00171752667549338,-0.0304403499116649,3.22767443613085
164.25,0.121126342906391,0.00814321349595222,0.121252328002234,0.00810768202415292,3.23275795947471,0.00471121141213532,-0.0184376697231077,3.23275795947471
164.5,0.121091086403741,0.00801715128234771,0.121217225335099,0.00798216986072085,3.23758732750357,0.00782100742210406,-0.00644559944474158,3.23758732750357
164.75,0.121056380285136,0.00789093643373926,0.121182670650503,0.00785650572828067,3.24216295731899,0.0110463464536018,0.00553272717457696,3.24216295731899
165,0.121022225211328,0.00776457135307563,0.121148664606319,0.00773069201929633,3.24648531655276,0.0143866123556456,0.0174941866682104,3.24648531655276
165.25,0.120988621832582,0.00763805844616583,0.121115207849972,0.00760473112907949,3.24667662816507,0.023426583064661,0.0112992410005503,3.24667662816507
165.5,0.120955570788657,0.00751140012163324,0.121082301018432,0.00747862545574394,3.25309990661119,0.026528444914942,0.00670922907539578,3.25309990661119
165.75,0.120923072708797,0.0073845987908698,0.121049944738196,0.00735237740015993,3.26138311638942,0.0277104095708471,0.00307587152696679,3.26138311638942
166,0.12089112821172,0.00725765686799003,0.121018139625282,0.00722598936590843,3.26959896289884,0.0287975638157527,-0.000399086629521848,3.26959896289884
166.25,0.120859737905602,0.00713057676978519,0.120986886285212,0.00709946375923544,3.2777439736042,0.0297932030691717,-0.00371686500848249,3.2777439736042
166.5,0.12082890238807,0.00700336091567717,0.120956185313007,0.00697280298900615,3.28581471066601,0.0307005911458057,-0.00687874024746218,3.28581471066601
166.75,0.120798622246187,0.00687601172767244,0.120926037293167,0.00684600946665903,3.29436632966524,0.0306525524036011,-0.00828637596882695,3.29436632966524
167,0.120768898056443,0.00674853163031594,0.120896442799668,0.00671908560615994,3.30369501976158,0.0306037900970391,-0.00872113411809023,3.30369501976158
167.25,0.120739730384745,0.00662092305064503,0.120867402395946,0.0065920338239563,3.31283034609273,0.0305526653652329,-0.00909585417327336,3.31283034609273
167.5,0.120711119786402,0.0064931884181431,0.120838916634889,0.00646485653893086,3.32177165241045,0.0304996615063106,-0.00941393932616651,3.32177165241045
167.75,0.12068306680612,0.0063653301646934,0.120810986058825,0.0063375561723558,3.33051835319609,0.0304451948184828,-0.00967879718861677,3.33051835319609
168,0.120655571977986,0.00623735072453278,0.12078361119951,0.00621013514784659,3.33906993368541,0.0303896145783527,-0.00989383865491871,3.33906993368541
168.25,0.120628635825462,0.00610925253420533,0.120756792578124,0.00608259589131591,3.34742594987649,0.0303332030362499,-0.0100624767642767,3.34742594987649
168.5,0.120602258861375,0.00598103803251593,0.120730530705255,0.00595494083092733,3.35558602852046,0.0302761754285484,-0.0101881255635704,3.35558602852046
168.75,0.120576441587903,0.00585270966048384,0.120704826080889,0.00582717239704916,3.3635498670951,0.030218680007043,-0.0102741989706828,3.3635498670951
169,0.12055118449657,0.00572426986129635,0.120679679194407,0.00569929302220827,3.37131723376151,0.0301607980852698,-0.0103241096386163,3.37131723376151
169.25,0.120526488068235,0.00559572108026204,0.120655090524568,0.00557130514104358,3.37888796730356,0.0301025441018544,-0.0103412678206525,3.37888796730356
169.5,0.120502352773081,0.00546706576476443,0.120631060539507,0.00544321119025988,3.38626197705054,0.030043865700752,-0.0103290802367808,3.38626197705054
169.75,0.120478779070611,0.00533830636421526,0.120607589696718,0.00531501360858132,3.39343924278253,0.0299846438285204,-0.0102909489416638,3.39343924278253
170,0.120455767409634,0.00520944533000791,0.120584678443053,0.00518671483670509,3.40041981461895,0.0299246928484193,-0.0102302701943494,3.40041981461895
170.25,0.120433318228258,0.00508048511547074,0.120562327214709,0.00505831731725486,3.40720381289018,0.029863760671448,-0.0101504333299935,3.40720381289018
170.5,0.120411431953883,0.00495142817582034,0.120540536437222,0.00492982349473432,3.4137914279921,0.0298015289042316,-0.0100548196338297,3.4137914279921
170.75,0.120390109003193,0.00482227696811478,0.120519306525456,0.0048012358154806,3.42018292022388,0.0297376130137055,-0.00994680121761125,3.42018292022388
171,0.120369349782146,0.00469303395120693,0.120498637883598,0.00467255672761782,3.42637861960886,0.0296715625085957,-0.00982973989878474,3.42637861960886
171.25,0.120349154685967,0.00456370158569751,0.12047853090515,0.00454378868101029,3.43237892569862,0.0296028611376483,-0.00970698608262415,3.43237892569862
171.5,0.120329524099142,0.00443428233388831,0.120458985972918,0.00441493412721597,3.43818430736027,0.0295309271045409,-0.00958187764756254,3.43818430736027
171.75,0.12031045839541,0.00430477865973538,0.120440003459012,0.00428599551943989,3.44379530254709,0.0294551132994333,-0.0094577388339593,3.44379530254709
172,0.120291957937753,0.00417519302880197,0.12042158372483,0.00415697531248724,3.44921251805236,0.0293747075471501,-0.0093378791365526,3.44921251805236
172.25,0.120274023078394,0.00404552790821171,0.120403727121057,0.0040278759627168,3.45443662924677,0.0292889328718453,-0.00922559220080294,3.45443662924677
172.5,0.120256654158786,0.00391578576660155,0.120386433987658,0.00389869992799407,3.45946837979911,0.0291969477782129,-0.00912415472340464,3.45946837979911
172.75,0.120239851509609,0.0037859690740749,0.120369704653868,0.00376944966764458,3.46430858138053,0.0290978465490803,-0.00903682535716382,3.46430858138053
173,0.12022361545076,0.00365608030215443,0.120353539438191,0.00364012764240695,3.4689581133524,0.0289906595593681,-0.00896684362049432,3.4689581133524
173.25,0.120207946291352,0.00352612192373514,0.120337938648389,0.00351073631438616,3.47341792243774,0.0288743536063463,-0.00891742881176323,3.47341792243774
173.5,0.120192844329702,0.00339609641303721,0.120322902581478,0.00338127814700654,3.47768902237644,0.0287478322561005,-0.00889177892870984,3.47768902237644
173.75,0.12017830985333,0.00326600624555894,0.120308431523723,0.00325175560496501,3.48177249356416,0.0286099362061563,-0.00889306959318346,3.48177249356416
174,0.120164343138952,0.00313585389802961,0.120294525750632,0.00312217115418408,3.4856694826752,0.0284594436641564,-0.0089244529814108,3.4856694826752
174.25,0.120150944452473,0.00300564184836228,0.120281185526951,0.00299252726176487,3.48938120226922,0.0282950707425396,-0.00898905676004019,3.48938120226922
174.5,0.120138114048985,0.00287537257560672,0.12026841110666,0.00286282639594025,3.49290893038206,0.0281154718691078,-0.00908998302817229,3.49290893038206
174.75,0.12012585217276,0.00274504855990208,0.120256202732963,0.00273307102602772,3.49625401010058,0.0279192402134454,-0.00923030726563233,3.49625401010058
175,0.120114159057248,0.00261467228242976,0.120244560638292,0.0026032636223825,3.49941784912179,0.027704908129012,-0.00941307728766085,3.49941784912179
175.25,0.120103034925067,0.00248424622536613,0.120233485044295,0.00247340665635041,3.5024019192962,0.027470947610924,-0.00964131220630387,3.5024019192962
175.5,0.120092479988006,0.00235377287183535,0.120222976161835,0.00234350260022094,3.50520775615566,0.0272157707692375,-0.00991800139867765,3.50520775615566
175.75,0.120082494447015,0.00222325470586199,0.120213034190986,0.00221355392718005,3.50783695842551,0.0269377303177019,-0.010246103482365,3.50783695842551
176,0.120073078492205,0.00209269421232377,0.12020365932103,0.00208356311126315,3.51029118752149,0.0266351200778315,-0.0106285452981372,3.51029118752149
176.25,0.120064232302842,0.00196209387690429,0.120194851730449,0.00195353262730799,3.51257216703135,0.0263061754981987,-0.0110682209002192,3.51257216703135
176.5,0.120055956047344,0.00183145618604572,0.120186611586928,0.00182346495090759,3.514681682181,0.0259490741889117,-0.0115679905543674,3.514681682181
176.75,0.12004824988328,0.00170078362690133,0.120178939047347,0.00169336255836297,3.51662157928599,0.0255619364710218,-0.0121306797438764,3.51662157928599
177,0.120041113957363,0.00157007868728831,0.120171834257781,0.00156322792663617,3.51839376518764,0.0251428259408988,-0.0127590781838323,3.51839376518764
177.25,0.120034548405451,0.00143934385564033,0.120165297353494,0.00143306353330301,3.52000020667453,0.0246897500493566,-0.0134559388437559,3.52000020667453
177.5,0.120028553352544,0.00130858162096008,0.12015932845894,0.00130287185650587,3.52205712653245,0.0246144949026426,-0.013395867975758,3.52205712653245
177.75,0.120023128912778,0.00117779447277207,0.120153927687758,0.00117265537490665,3.52406078099295,0.0246007925975558,-0.0132402150493453,3.52406078099295
178,0.120018275189427,0.00104698490107502,0.12014909514277,0.00104241656763941,3.52591947255364,0.0245870367615806,-0.013115054232055,3.52591947255364
178.25,0.120013992274899,0.00091615539629468,0.120144830915981,0.000912157914263366,3.52763420722701,0.0245721862573153,-0.0130231152932496,3.52763420722701
178.5,0.120010280250733,0.000785308449236203,0.120141135088577,0.000781881894715477,3.5291787950837,0.0245262648470425,-0.0127706295480346,3.5291787950837
178.75,0.120007139187603,0.000654446551036823,0.12013800773092,0.000651590989263345,3.53032675196886,0.0242446477867158,-0.0108514352407889,3.53032675196886
179,0.120004569145308,0.000523572193118503,0.12013544890255,0.000521287678458052,3.53128884999147,0.0239816615930788,-0.00889653518135194,3.53128884999147
179.25,0.12000257017278,0.000392687867140339,0.120133458652185,0.000390974443086781,3.53206431229313,0.0237380698144531,-0.00690908092158233,3.53206431229313
179.5,0.120001142308075,0.000261796064951232,0.120132037017715,0.000260653764125691,3.53265242569455,0.0235145755040951,-0.00489223682714077,3.53265242569455
179.75,0.120000285578378,0.000130899278542393,0.120131184026207,0.00013032812269263,3.53305254088489,0.0233118210310046,-0.00284917906069505,3.53305254088489
180,0.12,3.67394039744206e-18,0.1201308996939,3.65790980832771e-18,3.53326407259604,0.0231303879058361,-0.000783094562513756,3.53326407259604
180.25,0.120000285578378,-0.000130899278542385,0.120131184026207,-0.000130328122692623,3.53328649976145,0.0229707966220977,0.00130281997136819,3.53328649976145
180.5,0.120001142308075,-0.000261796064951211,0.120132037017715,-0.00026065376412567,3.53311936565984,0.0228335065124979,0.00340535911315823,3.53311936565984
180.75,0.12000257017278,-0.000392687867140332,0.120133458652185,-0.000390974443086774,3.5327622780434,0.0227189156206187,0.00552130972930173,3.5327622780434
181,0.120004569145308,-0.000523572193118496,0.12013544890255,-0.000521287678458044,3.5322149092509,0.0226273605877921,0.00764745200822586,3.5322149092509
181.25,0.120007139187603,-0.000654446551036829,0.12013800773092,-0.000651590989263351,3.53147699630516,0.0225591165553744,0.00978056048963578,3.53147699630516
181.5,0.120010280250733,-0.000785308449236195,0.120141135088577,-0.00078188189471547,3.53054834099532,0.0225143970822884,0.0119174050951247,3.53054834099532
181.75,0.120013992274899,-0.000916155396294686,0.120144830915981,-0.000912157914263372,3.52942880994365,0.022493354077922,0.0140547521598931,3.52942880994365
182,0.120018275189427,-0.00104698490107503,0.12014909514277,-0.00104241656763942,3.52811833465691,0.0224960777504064,0.0161893654653554,3.52811833465691
182.25,0.120023128912778,-0.00117779447277205,0.120153927687758,-0.00117265537490663,3.52667474827809,0.0228320610118019,0.016747503189619,3.52667474827809
182.5,0.120028553352544,-0.00130858162096009,0.12015932845894,-0.00130287185650588,3.52513624572774,0.0234477563581068,0.0157886207690216,3.52513624572774
182.75,0.120034548405451,-0.00143934385564032,0.120165297353494,-0.001433063533303,3.52345527293132,0.0240153801985081,0.0149141993598682,3.52345527293132
183,0.120041113957363,-0.00157007868728831,0.120171834257781,-0.00156322792663616,3.521629431765,0.0245373518533764,0.0141219160885419,3.521629431765
183.25,0.12004824988328,-0.00170078362690131,0.120178939047347,-0.00169336255836295,3.51965637651369,0.0250160418616203,0.0134094034556693,3.51965637651369
183.5,0.120055956047344,-0.00183145618604571,0.120186611586928,-0.00182346495090758,3.51753381457426,0.0254537712769237,0.0127742501994589,3.51753381457426
183.75,0.120064232302842,-0.00196209387690429,0.120194851730449,-0.00195353262730799,3.51525950714566,0.0258528109771177,0.0122140021692672,3.51525950714566
184,0.120073078492205,-0.00209269421232374,0.120203659321029,-0.00208356311126313,3.51283126990563,0.0262153809868585,0.0117261632092325,3.51283126990563
184.25,0.120082494447015,-0.00222325470586198,0.120213034190986,-0.00221355392718004,3.51024697367391,0.0265436498137217,0.0113081960517568,3.51024697367391
184.5,0.120092479988006,-0.00235377287183534,0.120222976161835,-0.00234350260022093,3.50750454506183,0.0268397337978941,0.0109575232206803,3.50750454506183
184.75,0.120103034925067,-0.00248424622536613,0.120233485044295,-0.00247340665635041,3.50460196710811,0.0271056964755395,0.0106715279439015,3.50460196710811
185,0.120114159057248,-0.00261467228242974,0.120244560638292,-0.00260326362238248,3.50153727990073,0.0273435479560205,0.0104475550752909,3.50153727990073
185.25,0.12012585217276,-0.00274504855990207,0.120256202732963,-0.00273307102602771,3.49830858118482,0.0275552443130874,0.0102829120256803,3.49830858118482
185.5,0.120138114048985,-0.00287537257560672,0.12026841110666,-0.00286282639594025,3.49491402695635,0.0277426869901462,0.0101748697027186,3.49491402695635
185.75,0.120150944452473,-0.00300564184836228,0.120281185526951,-0.00299252726176487,3.49135183204155,0.0279077222197504,0.0101206634594059,3.49135183204155
186,0.120164343138952,-0.00313585389802959,0.120294525750632,-0.00312217115418406,3.48762027066192,0.0280521404574355,0.0101174940511006,3.48762027066192
186.25,0.12017830985333,-0.00326600624555894,0.120308431523723,-0.00325175560496502,3.48371767698466,0.0281776758300081,0.0101625286007875,3.48371767698466
186.5,0.120192844329702,-0.0033960964130372,0.120322902581478,-0.00338127814700653,3.47964244565862,0.0282860055983827,0.0102529015723875,3.47964244565862
186.75,0.120207946291352,-0.00352612192373512,0.120337938648389,-0.00351073631438614,3.47539303233529,0.0283787496351493,0.0103857157519445,3.47539303233529
187,0.12022361545076,-0.00365608030215443,0.120353539438191,-0.00364012764240696,3.47096795417511,0.028457469916873,0.0105580432364084,3.47096795417511
187.25,0.120239851509609,-0.00378596907407489,0.120369704653868,-0.00376944966764457,3.46636579033866,0.0285236700313482,0.0107669264298768,3.46636579033866
187.5,0.120256654158786,-0.00391578576660154,0.120386433987658,-0.00389869992799406,3.46158518246291,0.0285787946998144,0.0110093790470222,3.46158518246291
187.75,0.120274023078394,-0.00404552790821167,0.120403727121057,-0.00402787596271677,3.45662483512224,0.0286242293142991,0.0112823871235291,3.45662483512224
188,0.120291957937753,-0.00417519302880197,0.12042158372483,-0.00415697531248724,3.45148351627412,0.0286612994901575,0.011582910033304,3.45148351627412
188.25,0.12031045839541,-0.00430477865973537,0.120440003459012,-0.00428599551943988,3.44616005768962,0.0286912706338858,0.011907881512239,3.44616005768962
188.5,0.120329524099142,-0.00443428233388832,0.120458985972918,-0.00441493412721598,3.4406533553682,0.028715347526369,0.0122542106883392,3.4406533553682
188.75,0.120349154685967,-0.00456370158569749,0.12047853090515,-0.00454378868101027,3.43496236993722,0.0287346739215405,0.0126187831179406,3.43496236993722
189,0.120369349782146,-0.00469303395120692,0.120498637883598,-0.00467255672761781,3.42908612703564,0.0287503321606641,0.0129984618278588,3.42908612703564
189.25,0.120390109003193,-0.00482227696811478,0.120519306525456,-0.00480123581548061,3.42302371768206,0.0287633428022174,0.0133900883631959,3.42302371768206
189.5,0.120411431953883,-0.00495142817582032,0.120540536437222,-0.0049298234947343,3.41677429862699,0.0287746642675203,0.0137904838406095,3.41677429862699
189.75,0.120433318228258,-0.00508048511547074,0.120562327214709,-0.00505831731725485,3.41033709268923,0.0287851925021549,0.0141964500068104,3.41033709268923
190,0.120455767409634,-0.00520944533000791,0.120584678443053,-0.00518671483670509,3.40371138907633,0.0287957606532573,0.0146047703020621,3.40371138907633
190.25,0.120478779070611,-0.00533830636421525,0.120607589696718,-0.00531501360858132,3.39689654368901,0.0288071387627495,0.0150122109284575,3.39689654368901
190.5,0.120502352773081,-0.00546706576476441,0.120631060539507,-0.00544321119025986,3.38989197940952,0.0288200334765961,0.0154155219227493,3.38989197940952
190.75,0.120526488068235,-0.00559572108026204,0.120655090524568,-0.00557130514104359,3.38269718637384,0.0288350877701174,0.0158114382334959,3.38269718637384
191,0.12055118449657,-0.00572426986129634,0.120679679194407,-0.00569929302220827,3.37531172222773,0.028852880689435,0.0161966808022972,3.37531172222773
191.25,0.120576441587903,-0.00585270966048384,0.120704826080889,-0.00582717239704916,3.36773521236643,0.0288739271091433,0.016567957648903,3.36773521236643
191.5,0.120602258861375,-0.0059810380325159,0.120730530705255,-0.0059549408309273,3.35996735015817,0.0288986775061579,0.0169219649599295,3.35996735015817
191.75,0.120628635825462,-0.00610925253420532,0.120756792578124,-0.0060825958913159,3.35200789715115,0.0289275177499518,0.017255388181001,3.35200789715115
192,0.120655571977986,-0.00623735072453277,0.12078361119951,-0.00621013514784658,3.3438566832643,0.0289607689090443,0.0175649031120298,3.3438566832643
192.25,0.12068306680612,-0.00636533016469338,0.120810986058825,-0.00633755617235578,3.33551360696138,0.0289986870739651,0.0178471770054537,3.33551360696138
192.5,0.120711119786402,-0.00649318841814309,0.120838916634889,-0.00646485653893085,3.3269786354088,0.0290414631965645,0.0180988696671481,3.3269786354088
192.75,0.120739730384745,-0.00662092305064503,0.120867402395946,-0.00659203382395629,3.31825180461666,0.0290892229458829,0.0183166345598251,3.31825180461666
193,0.120768898056443,-0.00674853163031595,0.120896442799668,-0.00671908560615995,3.30933321956347,0.0291420265804359,0.0184971199086419,3.30933321956347
193.25,0.120798622246187,-0.00687601172767242,0.120926037293167,-0.00684600946665901,3.30022305430402,0.0291998688371135,0.018636969808819,3.30022305430402
193.5,0.12082890238807,-0.00700336091567717,0.120956185313007,-0.00697280298900616,3.29092155206081,0.0292626788365888,0.0187328253350067,3.29092155206081
193.75,0.120859737905602,-0.00713057676978519,0.120986886285212,-0.00709946375923545,3.28142902529878,0.0293303200053301,0.0187813256521764,3.28142902529878
194,0.12089112821172,-0.00725765686799002,0.121018139625282,-0.00722598936590842,3.27174585578324,0.0294025900142584,0.0187791091278022,3.27174585578324
194.25,0.120923072708797,-0.00738459879086978,0.121049944738196,-0.00735237740015991,3.26187249462123,0.0294792207339878,0.0187228144450847,3.26187249462123
194.5,0.120955570788657,-0.00751140012163325,0.121082301018432,-0.00747862545574395,3.25180946228617,0.0295598782067423,0.0186090817169911,3.25180946228617
194.75,0.120988621832582,-0.00763805844616582,0.121115207849972,-0.00760473112907948,3.24155734862568,0.029644162634917,0.0184345536008683,3.24155734862568
195,0.121022225211328,-0.00776457135307561,0.121148664606319,-0.00773069201929631,3.23111681285278,0.0297316083863216,0.0181958764133935,3.23111681285278
195.25,0.121056380285136,-0.00789093643373925,0.121182670650503,-0.00785650572828067,3.22048858352024,0.0298216840160761,0.0178897012456252,3.22048858352024
195.5,0.121091086403741,-0.0080171512823477,0.121217225335099,-0.00798216986072084,3.20967345847829,0.0299137923052113,0.0175126850779162,3.20967345847829
195.75,0.121126342906391,-0.00814321349595222,0.121252328002234,-0.00810768202415292,3.19867230481555,0.0300072703158984,0.0170614918944497,3.19867230481555
196,0.12116214912185,-0.00826912067450997,0.121287977983606,-0.00823303982900624,3.18748605878316,0.030101389463413,0.0165327937971655,3.18748605878316
196.25,0.121198504368422,-0.00839487042092976,0.12132417460049,-0.00835824088864888,3.17611572570229,0.0301953556046969,0.0159232721188324,3.17611572570229
196.5,0.121235407953954,-0.00852046034111767,0.121360917163753,-0.00848328281943315,3.16456237985483,0.0302883091436251,0.0152296185350338,3.16456237985483
196.75,0.121272859175856,-0.00864588804402268,0.121398204973872,-0.00860816324074093,3.15282716435745,0.0303793251528744,0.0144485361748294,3.15282716435745
197,0.121310857321109,-0.00877115114168209,0.121436037320939,-0.00873287977502899,3.14091129101896,0.0304674135124293,0.0135767407298511,3.14091129101896
197.25,0.121349401666284,-0.00889624724926713,0.121474413484682,-0.00885743004787433,3.12881604018089,0.0305515190646997,0.0126109615616016,3.12881604018089
197.5,0.121388491477553,-0.00902117398512819,0.121513332734473,-0.00898181168801926,3.11654276054168,0.0306305217861793,0.0115479428067194,3.11654276054168
197.75,0.121428126010702,-0.00914592897084031,0.121552794329346,-0.00910602232741664,3.10409286896392,0.0307032369757044,0.0103844444799646,3.10409286896392
198,0.121468304511145,-0.00927050983124843,0.12159279751801,-0.00923005960127498,3.09238448136851,0.0302271395902658,0.00768162681924935,3.09238448136851
198.25,0.121509026213944,-0.00939491419451249,0.12163334153886,-0.00935392114810334,3.08149468826653,0.0291407447644148,0.00339702309416354,3.08149468826653
198.5,0.121550290343814,-0.00951913969215276,0.121674425619998,-0.00947760460975642,3.07054239174814,0.0279580772600312,-0.00105964564207186,3.07054239174814
198.75,0.121592096115147,-0.00964318395909483,0.121716048979242,-0.00960110763147941,3.05958024263623,0.0267287449006675,-0.0036542374623181,3.05958024263623
199,0.12163444273202,-0.0097670446337147,0.121758210824143,-0.00972442786195281,3.04863325452798,0.0256714915602331,0.000469634550407228,3.04863325452798
199.25,0.121677329388216,-0.00989071935788361,0.121800910352,-0.00984756295333716,3.0374797398918,0.0246691244676506,0.00454397864218332,3.0374797398918
199.5,0.121720755267235,-0.0100142057770131,0.121844146749876,-0.00997051056131784,3.02612009280676,0.0237214809743087,0.00856547754566268,3.02612009280676
199.75,0.121764719542309,-0.0101375015400998,0.121887919194612,-0.0100932683451496,3.01455477035049,0.0228283383156569,0.0125308135819564,3.01455477035049
200,0.121809221376423,-0.0102606042997701,0.121932226852843,-0.0102158339677012,3.00278429263883,0.0219894135670467,0.0164366696429196,3.00278429263883
200.25,0.121854259922325,-0.0103835117123248,0.121977068881017,-0.0103382050954999,2.99080924285115,0.0212043636139904,0.0202797301742732,2.99080924285115
200.5,0.121899834322548,-0.010506221437784,0.122022444425405,-0.0104603793987758,2.9786302672409,0.0204727851369322,0.024056682159377,2.9786302672409
200.75,0.12194594370942,-0.0106287311399315,0.122068352622122,-0.0105823545515062,2.96624807513181,0.0197942146104676,0.0277642161034249,2.96624807513181
201,0.121992587205084,-0.010751038486359,0.122114792597143,-0.0107041282314601,2.95366343889954,0.0191681283170503,0.0313990270178795,2.95366343889954
201.25,0.122039763921516,-0.010873141148511,0.122161763466317,-0.0108256981202421,2.94087719393866,0.0185939423752042,0.034957815404928,2.94087719393866
201.5,0.122087472960539,-0.0109950368017289,0.122209264335387,-0.0109470619033369,2.92698016710604,0.0185724325558368,0.0364679913452509,2.92698016710604
201.75,0.122135713413842,-0.0111167231252951,0.122257294300004,-0.0110682172701528,2.91214377273779,0.0189868229456209,0.036170891303761,2.91214377273779
202,0.122184484362996,-0.0112381978024774,0.122305852445748,-0.0111891619140665,2.89723702401969,0.0193524330531453,0.0359104025315444,2.89723702401969
202.25,0.122233784879473,-0.011359458520573,0.122354937848141,-0.0113098935324661,2.88225753374706,0.0196719269254001,0.0356854358224641,2.88225753374706
202.5,0.122283614024661,-0.0114805029709527,0.122404549572667,-0.0114304098267956,2.86720294216834,0.019947943419163,0.0354948474398211,2.86720294216834
202.75,0.122333970849886,-0.0116013288491046,0.122454686674792,-0.0115507085025987,2.85207091789786,0.0201830952828471,0.0353374395852457,2.85207091789786
203,0.122384854396427,-0.0117219338546782,0.122505348199977,-0.0116707872695619,2.83685915882146,0.0203799682456183,0.0352119608812896,2.83685915882146
203.25,0.122436263695533,-0.011842315691528,0.122556533183699,-0.0117906438415586,2.82156539299434,0.0205411201140455,0.0351171068677431,2.82156539299434
203.5,0.122488197768446,-0.0119624720677574,0.122608240651471,-0.0119102759366923,2.80618737953134,0.0206690798764555,0.0350515205115352,2.80618737953134
203.75,0.122540655626417,-0.0120824006957621,0.122660469618856,-0.0120296812773405,2.79072290948916,0.0207663468151759,0.0350137927300634,2.79072290948916
204,0.122593636270722,-0.012202099292274,0.122713219091491,-0.0121488575901976,2.77516980674055,0.0208353896268648,0.0350024629278783,2.77516980674055
204.25,0.122647138692687,-0.0123215655784043,0.122766488065101,-0.0122678026063184,2.75952592884007,0.0208786455511379,0.0350160195466153,2.75952592884007
204.5,0.122701161873704,-0.0124407972796872,0.122820275525522,-0.0123865140611612,2.74378916788143,0.0208985195076389,0.0350529006280001,2.74378916788143
204.75,0.122755704785248,-0.0125597921261228,0.122874580448718,-0.0125049896946311,2.72795745134609,0.0208973832417896,0.0351114943898726,2.72795745134609
205,0.1228107663889,-0.012678547852221,0.122929401800802,-0.0126232272511228,2.71202874294297,0.0208775744793514,0.0351901398150255,2.71202874294297
205.25,0.122866345636369,-0.0127970621970437,0.122984738538055,-0.0127412244795635,2.69600104343915,0.020841396090028,0.0352871272528039,2.69600104343915
205.5,0.122922441469504,-0.0129153329042489,0.123040589606944,-0.0128589791334563,2.67987239148126,0.0207911152602699,0.0354006990332964,2.67987239148126
205.75,0.122979052820322,-0.0130333577221325,0.123096953944146,-0.0129764889709221,2.66364086440747,0.0207289626754584,0.0355290500939856,2.66364086440747
206,0.123036178611025,-0.0131511344036723,0.123153830476564,-0.0130937517547432,2.64730457904992,0.0206571317116438,0.0356703286187189,2.64730457904992
206.25,0.123093817754019,-0.01326866070657,0.123211218121353,-0.0132107652524051,2.63086169252726,0.0205777776370422,0.0358226366888984,2.63086169252726
206.5,0.123151969151939,-0.0133859343932943,0.123269115785933,-0.0133275272361395,2.61431040302739,0.0204930168234151,0.0359840309466834,2.61431040302739
206.75,0.123210631697666,-0.013502953231123,0.123327522368017,-0.0134440354829666,2.59764895057992,0.020404925967554,0.0361525232701279,2.59764895057992
207,0.123269804274349,-0.0136197149921864,0.123386436755628,-0.0135602877747372,2.58087561781847,0.0203155413230008,0.0363260814600587,2.58087561781847
207.25,0.123329485755428,-0.0137362174535087,0.12344585782712,-0.0136762818981753,2.56398873073244,0.0202268579422028,0.036502629938585,2.56398873073244
207.5,0.123389675004653,-0.013852458397051,0.123505784451202,-0.01379201564492,2.54698665940812,0.0201408289292508,0.0366800504590645,2.54698665940812
207.75,0.123450370876109,-0.0139684356097533,0.123566215486958,-0.0139074868115676,2.52986781875909,0.0200593647033612,0.0368561828273759,2.52986781875909
208,0.123511572214232,-0.0140841468835767,0.123627149783867,-0.0140226931997135,2.51263066924564,0.019984332273264,0.0370288256343368,2.51263066924564
208.25,0.123573277853838,-0.0141995900155453,0.123688586181828,-0.0141376326159942,2.49527371758301,0.0199175545226917,0.0371957369991599,2.49527371758301
208.5,0.123635486620141,-0.0143147628077883,0.123750523511182,-0.0142523028721288,2.4777955174385,0.019860809507054,0.037354635323696,2.4777955174385
208.75,0.123698197328775,-0.0144296630675816,0.12381296059273,-0.0143667017849609,2.460194670117,0.019815829761537,0.0375032000574038,2.460194670117
209,0.123761408785818,-0.0145442886073901,0.123875896237761,-0.0144808271765003,2.44246982523505,0.0197843016207053,0.0376390724727983,2.44246982523505
209.25,0.123825119787816,-0.0146586372449086,0.123939329248071,-0.0145946768739639,2.42461968138314,0.0197678645498242,0.0377598564512838,2.42461968138314
209.5,0.123889329121803,-0.014772706803104,0.124003258415985,-0.0147082487098175,2.40664298677613,0.0197681104879752,0.037863119279123,2.40664298677613
209.75,0.123954035565326,-0.0148864951102562,0.124067682524386,-0.0148215405218172,2.38840942085914,0.0198774721165744,0.0378557441741369,2.38840942085914
210,0.124019237886467,-0.015,0.124132600346731,-0.0149345501530502,2.36991277811756,0.0201002825887202,0.037727046645282,2.36991277811756
210.25,0.124084934843868,-0.0151132193113658,0.124198010647079,-0.015047275451976,2.35134776263182,0.0203001132539701,0.0376117411797925,2.35134776263182
210.5,0.124151125186754,-0.0152261508888211,0.124263912180111,-0.0151597142724673,2.33271226845519,0.020479419705706,0.0375085962324851,2.33271226845519
210.75,0.124217807654956,-0.0153387925823116,0.124330303691157,-0.0152718644738511,2.31400421814752,0.020640630763303,0.0374163281360965,2.31400421814752
211,0.124284980978937,-0.0154511422473016,0.124397183916219,-0.0153837239209493,2.29522156366404,0.0207861475766023,0.0373336015808229,2.29522156366404
211.25,0.124352643879812,-0.0155631977448156,0.124464551581994,-0.0154952904841191,2.27636228723686,0.0209183427377342,0.0372590301073445,2.27636228723686
211.5,0.124420795069377,-0.0156749569414785,0.124532405405898,-0.0156065620392942,2.25742440224874,0.0210395594005664,0.0371911766133746,2.25742440224874
211.75,0.124489433250133,-0.0157864177095561,0.124600744096092,-0.0157175364680244,2.23840595409913,0.0211521104079036,0.0371285538735082,2.23840595409913
212,0.124558557115307,-0.0158975779269961,0.124669566351506,-0.0158282116575165,2.21930502106211,0.0212582774266776,0.037069625072332,2.21930502106211
212.25,0.124628165348881,-0.0160084354774683,0.124738870861864,-0.0159385855006746,2.20011971513627,0.0213603100912731,0.0370128043506154,2.20011971513627
212.5,0.124698256625613,-0.0161189882504047,0.124808656307708,-0.0160486558961397,2.18066646961202,0.0215842109067191,0.0368037607602073,2.18066646961202
212.75,0.124768829611068,-0.0162292341410398,0.124878921360423,-0.0161584207483303,2.16095438948419,0.0219234583974182,0.0364427294068964,2.16095438948419
213,0.124839882961637,-0.0163391710504508,0.124949664682264,-0.0162678779674816,2.14110377893696,0.022296347329148,0.0360267449242633,2.14110377893696
213.25,0.124911415324567,-0.0164487968855974,0.12502088492638,-0.016377025469686,2.12111420010068,0.0227036863993007,0.0355529275794059,2.12111420010068
213.5,0.124983425337985,-0.0165581095593618,0.125092580736841,-0.0164858611769325,2.10098527341022,0.0231462279906188,0.0350183750206974,2.10098527341022
213.75,0.125055911630924,-0.0166671069905881,0.125164750748661,-0.0165943830171461,2.08071667803318,0.0236246677359018,0.0344201632194062,2.08071667803318
214,0.125128872823349,-0.0167757871041224,0.125237393587827,-0.0167025889242273,2.06030815228402,0.0241396440967246,0.0337553474181141,2.06030815228402
214.25,0.125202307526184,-0.016884147830852,0.125310507871326,-0.0168104768380916,2.0397594940239,0.0246917379564217,0.0330209630858363,2.0397594940239
214.5,0.12527621434134,-0.016992187107745,0.125384092207165,-0.0169180447047087,2.01907056104632,0.0252814722272566,0.0322140268795244,2.01907056104632
214.75,0.125350591861735,-0.0170999028778891,0.125458145194405,-0.0170252904761415,1.99828147128027,0.0254850535198165,0.0293792603683896,1.99828147128027
215,0.12542543867133,-0.0172072930905314,0.125532665423185,-0.017132212110585,1.97745138777434,0.0251893372700062,0.0242438870180759,1.97745138777434
215.25,0.12550075334515,-0.017314355701117,0.125607651474746,-0.0172388075724055,1.95655954962009,0.0248241383266327,0.0188857660621796,1.95655954962009
215.5,0.12557653444931,-0.0174210886713282,0.125683101921462,-0.0173450748321791,1.93560987129678,0.0243859469137523,0.0133034410508126,1.93560987129678
215.75,0.12565278054105,-0.017527489969123,0.125759015326866,-0.0174510118667302,1.91460630479041,0.0238712182396033,0.00749551135456422,1.91460630479041
216,0.125729490168752,-0.0176335575687742,0.125835390245675,-0.0175566166591704,1.89481512848709,0.0221242007249755,0.00139477119735416,1.89481512848709
216.25,0.125806661871976,-0.0177392894509075,0.125912225223821,-0.0176618871989368,1.89474814141759,0.0022472377014946,-0.00577921137866956,1.89474814141759
216.5,0.125884294181483,-0.0178446836025402,0.125989518798477,-0.01776682148183,1.90109506802891,0.0023265624171539,0.00359669098841363,1.90109506802891
216.75,0.125962385619268,-0.0179497380171198,0.126067269498085,-0.0178714175100525,1.88736443986258,0.00332673291575174,0.0124290424798375,1.88736443986258
217,0.126040934698581,-0.0180544506945614,0.126145475842384,-0.0179756732922467,1.86370257329073,0.0028092277989314,0.019508664798108,1.86370257329073
217.25,0.126119939923961,-0.0181588196412868,0.126224136342437,-0.0180795868435328,1.84002904763029,0.00235863838028984,0.0264076571878088,1.84002904763029
217.5,0.126199399791263,-0.0182628428702616,0.126303249500661,-0.0181831561855465,1.81634640141355,0.00197288541592833,0.0331260052894347,1.81634640141355
217.75,0.126279312787685,-0.0183665184010335,0.126382813810857,-0.0182863793464769,1.79265716829631,0.0016498934776741,0.0396637230997752,1.79265716829631
218,0.126359677391798,-0.0184698442597697,0.126462827758235,-0.0183892543611038,1.76961994345314,0.0021872874622308,0.0426623164688325,1.76961994345314
218.25,0.126440492073578,-0.018572818479295,0.126543289819444,-0.0184917792708353,1.74719072966638,0.0033439375993177,0.0427793152914,1.74719072966638
218.5,0.126521755294428,-0.0186754390991286,0.126624198462603,-0.0185939521237447,1.72483417344421,0.00441604865788219,0.0428754746749583,1.72483417344421
218.75,0.126603465507214,-0.0187777041655218,0.126705552147327,-0.0186957709746083,1.70254856969154,0.00540573095817846,0.0429524158977656,1.70254856969154
219,0.126685621156291,-0.0188796117314951,0.126787349324761,-0.0187972338849419,1.68033218771498,0.00631512063720533,0.0430117117500889,1.68033218771498
219.25,0.126768220677534,-0.0189811598568755,0.126869588437603,-0.018898338923038,1.65818327207932,0.00714637878463785,0.0430548861640357,1.65818327207932
219.5,0.126851262498368,-0.0190823466083329,0.126952267920139,-0.0189990841640024,1.63610004346881,0.00790169057366937,0.0430834138567602,1.63610004346881
219.75,0.126934745037796,-0.0191831700594175,0.127035386198272,-0.0190994676897908,1.61408069955359,0.00858326438696088,0.0430987199870604,1.61408069955359
220,0.127018666706431,-0.0192836282905962,0.127118941689548,-0.0191994875892458,1.59212341586066,0.0091933309378951,0.0431021798253648,1.59212341586066
220.25,0.127103025906524,-0.0193837193892889,0.127202932803193,-0.0192991419581325,1.57022634664941,0.0097341423873208,0.0430951184373559,1.57022634664941
220.5,0.127187821031999,-0.0194834414499055,0.127287357940136,-0.0193984288991754,1.54838762579146,0.0102079714559935,0.0430788103810282,1.54838762579146
220.75,0.127273050468479,-0.0195827925738817,0.127372215493043,-0.0194973465220943,1.52660536765455,0.0106171105328986,0.0430544794175508,1.52660536765455
221,0.127358712593317,-0.0196817708697152,0.127457503846351,-0.0195958929436403,1.50487766799045,0.0109638707796657,0.0430232982356616,1.50487766799045
221.25,0.127444805775631,-0.0197803744530021,0.127543221376291,-0.0196940662876315,1.48320260482645,0.0112505812312578,0.0429863881899424,1.48320260482645
221.5,0.12753132837633,-0.0198786014464721,0.127629366450926,-0.019791864684989,1.46157823936048,0.0114795878931491,0.0429448190527866,1.46157823936048
221.75,0.127618278748149,-0.019976449980025,0.127715937430176,-0.0198892862737722,1.44000261685949,0.0116532528351798,0.0428996087802761,1.44000261685949
222,0.127705655235678,-0.0200739181907657,0.127802932665856,-0.0199863291992145,1.41847376756097,0.0117739532822895,0.042851723291868,1.41847376756097
222.25,0.127793456175395,-0.02017100422304,0.127890350501702,-0.0200829916137586,1.39698970757735,0.0118440807023352,0.0428020762641033,1.39698970757735
222.5,0.127881679895696,-0.0202677062284698,0.127978189273404,-0.0201792716770914,1.37554843980318,0.0118660398911879,0.0427515289381835,1.37554843980318
222.75,0.127970324716929,-0.0203640223659883,0.128066447308638,-0.0202751675561792,1.35414795482474,0.0118422480553124,0.0427008899416037,1.35414795482474
223,0.128059388951425,-0.0204599508018749,0.128155122927099,-0.0203706774253028,1.33278623183206,0.0117751338920331,0.0426509151237899,1.33278623183206
223.25,0.128148870903528,-0.0205554897097908,0.128244214440531,-0.0204657994660918,1.31146123953298,0.0116671366676836,0.0426023074057729,1.31146123953298
223.5,0.128238768869631,-0.0206506372708126,0.128333720152759,-0.0205605318675599,1.29017093706913,0.0115207052938508,0.0425557166440283,1.29017093706913
223.75,0.128329081138207,-0.0207453916734681,0.128423638359725,-0.0206548728261386,1.26891327493367,0.0113382974019037,0.0425117395083038,1.26891327493367
224,0.12841980598984,-0.0208397511137699,0.128513967349515,-0.0207488205457121,1.24768619589042,0.0111223784160263,0.0424709193736993,1.24768619589042
224.25,0.12851094169726,-0.0209337137952504,0.128604705402394,-0.0208423732376511,1.22648763589445,0.0108754206249434,0.0424337462268061,1.22648763589445
224.5,0.128602486525375,-0.0210272779289955,0.128695850790843,-0.0209355291208473,1.2053155250136,0.0105999022525508,0.042400656586056,1.2053155250136
224.75,0.128694438731301,-0.0211204417336791,0.128787401779582,-0.021028286421747,1.18416778835101,0.0102983065276512,0.0423720334362114,1.18416778835101
225,0.128786796564404,-0.0212132034355964,0.128879356625615,-0.0211206433743848,1.1630423469683,0.00997312075300315,0.0423482061770844,1.1630423469683
225.25,0.128879558266321,-0.0213055612686986,0.128971713578253,-0.0212125982204175,1.1419371188092,0.00962683537388273,0.042329450586421,1.1419371188092
225.5,0.128972722071004,-0.0213975134746255,0.129064470879153,-0.0213041492091574,1.12085001962355,0.00926194304636149,0.0423159887969731,1.12085001962355
225.75,0.12906628620475,-0.0214890583027396,0.129157626762349,-0.0213952945976057,1.09977896389126,0.00888093770551527,0.042307989287806,1.09977896389126
226,0.12916024888623,-0.0215801940101595,0.129251179454288,-0.0214860326504854,1.07872186574626,0.00848631363374767,0.0423055668897471,1.07872186574626
226.25,0.129254608326532,-0.0216709188617927,0.129345127173861,-0.0215763616402749,1.0576766399,0.00808056452945731,0.0423087828050788,1.0576766399
226.5,0.129349362729187,-0.0217612311303686,0.12943946813244,-0.0216662798472405,1.03664120256455,0.00766618257623202,0.0423176446413855,1.03664120256455
226.75,0.129444510290209,-0.021851129096472,0.129534200533908,-0.0217557855594691,1.01561347237483,0.00724565751278791,0.0423321064595934,1.01561347237483
227,0.129540049198125,-0.0219406110485751,0.129629322574697,-0.0218448770729008,0.994591371309983,0.00682147570384547,0.0423520688361499,0.994591371309983
227.25,0.129635977634012,-0.0220296752830706,0.129724832443821,-0.0219335526913619,0.973572825613567,0.00639611921215496,0.0423773789393579,0.973572825613567
227.5,0.12973229377153,-0.0221183201043037,0.129820728322909,-0.0220218107265962,0.952555766712414,0.005972064871875,0.0424078306198579,0.952555766712414
227.75,0.12982899577696,-0.022206543824605,0.129917008386241,-0.022109649498298,0.93153813213392,0.00555178336349703,0.0424431645151803,0.93153813213392
228,0.129926081809234,-0.0222943447643218,0.130013670800785,-0.0221970673341438,0.910517866421599,0.00513773829052916,0.0424830681683996,0.910517866421599
228.25,0.130023550019975,-0.022381721251851,0.130110713726228,-0.0222840625698239,0.88949292204866,0.00473238525813908,0.0425271761608481,0.88949292204866
228.5,0.130121398553528,-0.0224686716236701,0.130208135315011,-0.0223706335490744,0.86846126032945,0.00433817095395355,0.0425750702588407,0.86846126032945
228.75,0.130219625546998,-0.0225551942243693,0.130305933712368,-0.0224567786237088,0.84742085232852,0.00395753223121831,0.0426262795743894,0.84742085232852
229,0.130318229130285,-0.0226412874066831,0.13040410705636,-0.0225424961536489,0.826369679767126,0.00359289519452583,0.0426802807398975,0.826369679767126
229.25,0.130417207426118,-0.0227269495315215,0.130502653477906,-0.0226277845069566,0.805305735926995,0.00324667428829566,0.042736498096734,0.805305735926995
229.5,0.130516558550094,-0.0228121789680009,0.130601571100825,-0.0227126420598645,0.7842270265511,0.00292127138823226,0.0427943038977358,0.7842270265511
229.75,0.130616280610711,-0.0228969740934759,0.130700858041868,-0.0227970671968071,0.763105328935692,0.00263641467592417,0.0428519806413433,0.763105328935692
230,0.130716371709404,-0.0229813332935693,0.130800512410754,-0.0228810583104516,0.741130088041696,0.00292865513005033,0.0428703726898884,0.741130088041696
230.25,0.130816829940582,-0.0230652549622038,0.130900532310209,-0.0229646138017282,0.719216864485273,0.00319396611638543,0.0428801147549662,0.719216864485273
230.5,0.130917653391667,-0.0231487375016316,0.131000915835998,-0.0230477320798608,0.697363777115419,0.00343464093099358,0.0428821647107145,0.697363777115419
230.75,0.131018840143125,-0.0232317793224656,0.131101661076962,-0.0231304115623971,0.67556892891181,0.00365298806337495,0.0428774294874889,0.67556892891181
231,0.131120388268505,-0.0233143788437091,0.131202766115058,-0.0232126506752391,0.653830407873628,0.00385133029982012,0.0428667648462466,0.653830407873628
231.25,0.131222295834478,-0.0233965344927865,0.131304229025392,-0.0232944478526726,0.632146287911497,0.00403200382367211,0.0428509751666963,0.632146287911497
231.5,0.131324560900871,-0.0234782447055724,0.131406047876255,-0.0233758015373971,0.61051462974227,0.00419735731269395,0.0428308132492348,0.61051462974227
231.75,0.131427181520705,-0.0235595079264223,0.131508220729165,-0.0234567101805559,0.588933481786597,0.00434975103373762,0.0428069801306898,0.588933481786597
232,0.13153015574023,-0.0236403226082017,0.131610745638896,-0.023537172241765,0.567400881068942,0.00449155593492133,0.0427801249139912,0.567400881068942
232.25,0.131633481598967,-0.0237206872123153,0.131713620653523,-0.0236171861891426,0.545914854119977,0.00462515273550402,0.0427508446116343,0.545914854119977
232.5,0.131737157129738,-0.023800600208737,0.131816843814453,-0.0236967504993387,0.524473417881001,0.00475293101366943,0.0427196840031749,0.524473417881001
232.75,0.131841180358713,-0.0238800600760387,0.131920413156467,-0.0237758636575634,0.503074580610347,0.00487728829241068,0.0426871355065989,0.503074580610347
233,0.131945549305439,-0.0239590653014188,0.132024326707753,-0.0238545241576163,0.481716342791453,0.00500062912372524,0.0426536390637452,0.481716342791453
233.25,0.13205026198288,-0.0240376143807318,0.132128582489948,-0.0239327305019147,0.460396698042447,0.00512536417131269,0.042619582039656,0.460396698042447
233.5,0.13215531639746,-0.0241157058185165,0.13223317851817,-0.0240104812015226,0.439113634027049,0.00525390929198391,0.0425852991359907,0.439113634027049
233.75,0.132260710549093,-0.0241933381280245,0.132338112801063,-0.0240877747761789,0.417865133366552,0.00538868461598438,0.0425510723184839,0.417865133366552
234,0.132366442431226,-0.0242705098312484,0.13244338334083,-0.0241646097543252,0.396649174552752,0.00553211362642272,0.0425171307584,0.396649174552752
234.25,0.132472510030877,-0.0243472194589504,0.13254898813327,-0.0242409846731343,0.375463732861516,0.00568662223802352,0.0424836507881079,0.375463732861516
234.5,0.132578911328672,-0.0244234655506896,0.132654925167821,-0.0243168980785378,0.35430678126688,0.00585463787539605,0.0424507558707059,0.35430678126688
234.75,0.132685644298883,-0.0244992466548504,0.132761192427594,-0.024392348525254,0.333176291355448,0.00603858855101827,0.0424185165836826,0.333176291355448
235,0.132792706909469,-0.0245745613286697,0.132867787889415,-0.0244673345768151,0.312070234240889,0.00624090194315098,0.0423869506167014,0.312070234240889
235.25,0.132900097122111,-0.0246494081382649,0.132974709523858,-0.0245418548055947,0.290986581478251,0.00646400447387877,0.0423560227834556,0.290986581478251
235.5,0.133007812892255,-0.0247237856586605,0.133081955295291,-0.0246159077928352,0.269028689150771,0.00729381604590398,0.0421382657952637,0.269028689150771
235.75,0.133115852169148,-0.0247976924738157,0.133189523161908,-0.0246894921286744,0.246987132238905,0.00821457553731992,0.0418851679840328,0.246987132238905
236,0.133224212895878,-0.0248711271766512,0.133297411075773,-0.0247626064121725,0.224886185725596,0.00921131210031449,0.0416000391611241,0.224886185725596
236.25,0.133332893009412,-0.0249440883690763,0.133405616982854,-0.0248352492513391,0.202724516138311,0.0102857610011577,0.0412809708449564,0.202724516138311
236.5,0.133441890440638,-0.025016574662015,0.133514138823067,-0.0249074192631593,0.180500825699307,0.011439621487872,0.0409260135170353,0.180500825699307
236.75,0.133551203114403,-0.0250885846754328,0.133622974530314,-0.0249791150736199,0.158213853057451,0.0126745560507945,0.0405331771969513,0.158213853057451
237,0.133660828949549,-0.0251601170383627,0.133732122032518,-0.0250503353177361,0.13586237401147,0.0139921896916468,0.040100432028755,0.13586237401147
237.25,0.13377076585896,-0.0252311703889318,0.13384157925167,-0.0251210786395771,0.115797346198651,0.0142815189490715,0.0373495962006352,0.115797346198651
237.5,0.133881011749595,-0.0253017433743866,0.13395134410386,-0.0251913436922921,0.0986233892701602,0.0132238560249891,0.031803373331475,0.0986233892701602
237.75,0.133991564522532,-0.0253718346511192,0.134061414499325,-0.0252611291381358,0.0816027113586161,0.0121015769774013,0.0261541935872767,0.0816027113586161
238,0.134102422073004,-0.0254414428846928,0.134171788342483,-0.0253304336484938,0.0647365085287719,0.0109138311573095,0.020403720306376,0.0647365085287719
238.25,0.134213582290444,-0.0255105667498669,0.134282463531976,-0.0253992559039081,0.0480259525200158,0.00965979054648265,0.0145536260328938,0.0480259525200158
238.5,0.134325043058522,-0.0255792049306228,0.134393437960706,-0.0254675945941023,0.0314721906656154,0.00833864983167251,0.00860559219626349,0.0314721906656154
238.75,0.134436802255184,-0.0256473561201884,0.134504709515881,-0.0255354484180062,0.0208010873251442,0.00410748994930648,0.00398561654605663,0.0208010873251442
239,0.134548857752698,-0.0257150190210634,0.134616276079051,-0.0256028160837807,0.0139492470747799,-0.00230846112409464,0.00291960156963565,0.0139492470747799
239.25,0.134661207417688,-0.0257821923450436,0.134728135526149,-0.0256696963088427,-0.00644856117120319,-0.00299775409216188,0.007174694579885,-0.00644856117120319
239.5,0.134773849111179,-0.0258488748132458,0.134840285727533,-0.025736087819889,-0.0267616714263615,-0.00361709780992755,0.0112304209576489,-0.0267616714263615
239.75,0.134886780688634,-0.0259150651561319,0.134952724548024,-0.025801989352921,-0.0469867366886048,-0.00416944075573855,0.015087867722221,-0.0469867366886048
240,0.135,-0.0259807621135332,0.13506544984695,-0.0258673996532685,-0.0671204363106865,-0.00465770800493963,0.0187481673577959,-0.0671204363106865
240.25,0.135113504889744,-0.0260459644346743,0.135178459478183,-0.0259323174756137,-0.0871594766332109,-0.00508480060440482,0.0222124973850301,-0.0871594766332109
240.5,0.135227293196896,-0.026110670878197,0.135291751290182,-0.0259967415840147,-0.10710059161103,-0.00545359495360583,0.0254820799240944,-0.10710059161103
240.75,0.135341362755091,-0.0261748802121839,0.135405323126036,-0.0260606707519295,-0.12694054343297,-0.00576694219232587,0.0285581812493201,-0.12694054343297
241,0.13545571139261,-0.0262385912141819,0.1355191728235,-0.0261241037622388,-0.146676123134698,-0.00602766759513228,0.031442111335522,-0.146676123134698
241.25,0.135570336932418,-0.0263018026712252,0.135633298215039,-0.0261870394072696,-0.166304151204692,-0.00623856997271954,0.0341352233961088,-0.166304151204692
241.5,0.135685237192212,-0.026364513379859,0.135747697127871,-0.0262494764888178,-0.185748058748367,-0.00595137448237681,0.034623736357516,-0.185748058748367
241.75,0.135800409984455,-0.0264267221461616,0.135862367384006,-0.0263114138181715,-0.205039195439655,-0.00563712351649049,0.0348376826736604,-0.205039195439655
242,0.135915853116423,-0.0264884277857678,0.135977306800286,-0.0263728502161332,-0.224185113281931,-0.00535000760281762,0.0350178451492578,-0.224185113281931
242.25,0.136031564390247,-0.0265496291238913,0.136092513188432,-0.0264337845130424,-0.243186796363483,-0.00508868360865174,0.0351665546403015,-0.243186796363483
242.5,0.136147541602949,-0.0266103249953466,0.13620798435508,-0.026494215548798,-0.262045272608952,-0.0048517668199367,0.0352861092133929,-0.262045272608952
242.75,0.136263782546491,-0.0266705142445721,0.136323718101825,-0.0265541421728801,-0.280761613183199,-0.00463783154416381,0.0353787734746312,-0.280761613183199
243,0.136380285007814,-0.026730195725651,0.136439712225263,-0.0266135632443723,-0.299336931885409,-0.00444541172301576,0.0354467779079439,-0.299336931885409
243.25,0.136497046768877,-0.0267893683023341,0.136555964517033,-0.0266724776319828,-0.317772384533566,-0.00427300155461594,0.0354923182229848,-0.317772384533566
243.5,0.136614065606706,-0.0268480308480607,0.13667247276386,-0.0267308842140668,-0.336069168339392,-0.0041190561252382,0.0355175547127043,-0.336069168339392
243.75,0.13673133929343,-0.0269061822459806,0.136789234747595,-0.0267887818786471,-0.354228521273934,-0.00398199205034698,0.035524611620778,-0.354228521273934
244,0.136848865596328,-0.026963821388975,0.136906248245257,-0.0268461695234357,-0.372251721423913,-0.00386018812481689,0.0355155765189936,-0.372251721423913
244.25,0.136966642277867,-0.0270209471796776,0.137023511029078,-0.0269030460558544,-0.390140086339016,-0.00375198598218136,0.0354924996946908,-0.390140086339016
244.5,0.137084667095751,-0.0270775585304958,0.137141020866544,-0.0269594103930562,-0.40789497237024,-0.00365569076277935,0.0354573935484651,-0.40789497237024
244.75,0.137202937802956,-0.027133654363631,0.137258775520436,-0.0270152614619452,-0.425517773999435,-0.00356957179063548,0.0354122320021759,-0.425517773999435
245,0.137321452147779,-0.0271892336110995,0.137376772748877,-0.0270705981991976,-0.443009923160267,-0.00349186325893439,0.0353589499174414,-0.443009923160267
245.25,0.137440207873877,-0.0272442952147524,0.137495010305369,-0.0271254195512817,-0.460372888550637,-0.00342076492392656,0.0352994425246758,-0.460372888550637
245.5,0.137559202720313,-0.0272988381262963,0.137613485938839,-0.0271797244744781,-0.477608174936802,-0.00335444280712634,0.035235564862874,-0.477608174936802
245.75,0.137678434421596,-0.0273528613073127,0.137732197393682,-0.0272335119348992,-0.49471732244934,-0.00329102990563114,0.035169131230159,-0.49471732244934
246,0.137797900707726,-0.027406363729278,0.137851142409802,-0.0272867809085093,-0.511701905871048,-0.00322862691042096,0.0351019146453138,-0.511701905871048
246.25,0.137917599304238,-0.0274593443735834,0.137970318722659,-0.0273395303811439,-0.528563533917037,-0.00316530293246636,0.0350356463203143,-0.528563533917037
246.5,0.138037527932243,-0.0275118022315537,0.138089724063308,-0.0273917593485292,-0.545303848507093,-0.00309909623648845,0.0349720151439847,-0.545303848507093
246.75,0.138157684308472,-0.027563736304467,0.138209356158441,-0.0274434668163008,-0.561924524030496,-0.00302801498222217,0.0349126671770016,-0.561924524030496
247,0.138278066145322,-0.0276151456035732,0.138329212730438,-0.0274946518000232,-0.5784272666035,-0.00295003797299813,0.0348592051581521,-0.5784272666035
247.25,0.138398671150895,-0.0276660291501135,0.138449291497401,-0.027545313325208,-0.594813813319563,-0.00286311541149682,0.0348131880221081,-0.594813813319563
247.5,0.138519497029047,-0.0277163859753386,0.138569590173204,-0.0275954504273328,-0.611085931492555,-0.00276516966250331,0.0347761304287669,-0.611085931492555
247.75,0.138640541479427,-0.027766215120527,0.138690106467534,-0.0276450621518594,-0.627245417893065,-0.00265409602249504,0.0347495023042462,-0.627245417893065
248,0.138761802197523,-0.0278155156370036,0.138810838085934,-0.0276941475542522,-0.643294097978028,-0.0025277634958928,0.0347347283936016,-0.643294097978028
248.25,0.138883276874705,-0.0278642865861577,0.138931782729847,-0.0277427056999958,-0.659233825113786,-0.00238401557781115,0.0347331878254398,-0.659233825113786
248.5,0.139004963198271,-0.0279125270394607,0.139052938096663,-0.0277907356646131,-0.675066479792777,-0.00222067104313265,0.0347462136884463,-0.675066479792777
248.75,0.139126858851489,-0.027960236078484,0.139174301879758,-0.0278382365336828,-0.69072481615292,-0.00204257360918924,0.0345384713119828,-0.69072481615292
249,0.139248961513641,-0.028007412794916,0.13929587176854,-0.0278852074028569,-0.705628052897852,-0.0019274530684073,0.0321994442348743,-0.705628052897852
249.25,0.139371268860069,-0.0280540562905803,0.139417645448494,-0.0279316473778777,-0.720340769710353,-0.00183491422625016,0.0297325777005759,-0.720340769710353
249.5,0.139493778562216,-0.0281001656774519,0.139539620601224,-0.0279775555745951,-0.73486104774022,-0.00176659758580314,0.0271403452319013,-0.73486104774022
249.75,0.139616488287675,-0.0281457400776745,0.1396617949045,-0.028022931118983,-0.749187013377905,-0.00172410161210276,0.0244252437813238,-0.749187013377905
250,0.13973939570023,-0.0281907786235772,0.139784166032299,-0.0280677731471567,-0.76331683855995,-0.001708982431933,0.0215897930529996,-0.76331683855995
250.25,0.1398624984599,-0.0282352804576911,0.13990673165485,-0.0281120808053884,-0.777248741064556,-0.00172275354344221,0.0186365348209014,-0.777248741064556
250.5,0.139985794222987,-0.0282792447327653,0.140029489438682,-0.0281558532501243,-0.790980984797194,-0.00176688553562636,0.0155680322432037,-0.790980984797194
250.75,0.140109280642116,-0.0283226706117835,0.140152437046663,-0.0281990896480002,-0.804511880066294,-0.00184280581772724,0.0123868691730482,-0.804511880066294
251,0.140232955366285,-0.0283655572679795,0.140275572138047,-0.0282417891758572,-0.81783978384885,-0.00195189835859412,0.00909564946584363,-0.81783978384885
251.25,0.140356816040905,-0.0284079038848532,0.140398892368521,-0.028283951020758,-0.830963100045998,-0.00209550343604868,0.0056969962832278,-0.830963100045998
251.5,0.140480860307847,-0.028449709656186,0.140522395390244,-0.0283255743800018,-0.843880279728474,-0.00227491739630052,0.00219355139383324,-0.843880279728474
251.75,0.140605085805487,-0.0284909737860563,0.140646078851897,-0.0283666584611398,-0.856589821371911,-0.00249139242344838,-0.00141202552899729,-0.856589821371911
252,0.140729490168752,-0.0285316954888546,0.140769940398725,-0.0284072024819904,-0.869090271081974,-0.00274613631910999,-0.00511705761240963,-0.869090271081974
252.25,0.14085407102916,-0.0285718739892983,0.140893977672583,-0.0284472056706538,-0.878981256520207,-0.00596348325394913,-0.00239664068956327,-0.878981256520207
252.5,0.140978826014872,-0.0286115085224468,0.141018188311981,-0.028486667265527,-0.887481967099361,-0.0107151435937747,0.00405054068399371,-0.887481967099361
252.75,0.141103752750733,-0.0286505983337156,0.141142569952126,-0.0285255865153182,-0.900647468601289,-0.0111445882793264,0.00704943924706145,-0.900647468601289
253,0.141228848858318,-0.0286891426788911,0.141267120224971,-0.0285639626790608,-0.91367151226907,-0.0115250129391434,0.00989980713613957,-0.91367151226907
253.25,0.141354111955977,-0.0287271408241444,0.141391836759259,-0.0286017950261281,-0.926551428578961,-0.0118588318952197,0.0126037079514281,-0.926551428578961
253.5,0.141479539658882,-0.0287645920460458,0.141516717180567,-0.0286390828362467,-0.9392845927575,-0.0121484183505367,0.0151632437454008,-0.9392845927575
253.75,0.14160512957907,-0.0288014956315779,0.141641759111351,-0.0286758253995104,-0.952096272593134,-0.0120164293309066,0.0160896021854627,-0.952096272593134
254,0.14173087932549,-0.0288378508781496,0.141766960170994,-0.0287120220163939,-0.964745758057509,-0.0118440507688112,0.0167614625199999,-0.964745758057509
254.25,0.141856786504048,-0.0288736570936094,0.141892317975847,-0.0287476719977656,-0.977203276019698,-0.0116791419731411,0.0173614176804669,-0.977203276019698
254.5,0.141982848717652,-0.0289089135962587,0.142017830139279,-0.0287827746649014,-0.989468179234317,-0.0115221161557228,0.0178924501064498,-0.989468179234317
254.75,0.142109063566261,-0.0289436197148644,0.142143494271719,-0.028817329349497,-1.00153987904502,-0.0113733314563706,0.0183575440615525,-1.00153987904502
255,0.142235428646924,-0.028977774788672,0.142269307980704,-0.0288513353936811,-1.01341784535696,-0.011233090974814,0.018759684720826,-1.01341784535696
255.25,0.142361941553834,-0.0290113781674183,0.14239526887092,-0.0288847921500276,-1.02510160659575,-0.0111016428160552,0.019101857259105,-1.02510160659575
255.5,0.142488599878367,-0.0290444292113432,0.142521374544256,-0.0289176989815681,-1.03659074965295,-0.0109791801491488,0.0193870459404603,-1.03659074965295
255.75,0.14261540120913,-0.0290769272912026,0.14264762259984,-0.028950055261804,-1.04788491981806,-0.010865841279387,0.0196182332089604,-1.04788491981806
256,0.14274234313201,-0.0291088717882799,0.142774010634092,-0.0289818603747183,-1.05898382069709,-0.0107617097338564,0.0197983987809144,-1.05898382069709
256.25,0.142869423230215,-0.0291402620943978,0.142900536240765,-0.0290131137147875,-1.06988721411766,-0.0106668143603573,0.0199305187388163,-1.06988721411766
256.5,0.142996639084323,-0.0291710976119303,0.143027197010994,-0.0290438146869931,-1.08059492002081,-0.0105811294396355,0.0200175646271304,-1.08059492002081
256.75,0.143123988272328,-0.0292013777538135,0.143153990533341,-0.0290739627068328,-1.09110681633935,-0.010504574810925,0.0200625025501654,-1.09110681633935
257,0.143251468369684,-0.0292311019435571,0.14328091439384,-0.0291035572003318,-1.10142283886289,-0.0104370160107378,0.0200682922721674,-1.10142283886289
257.25,0.143379076949355,-0.0292602696152554,0.143407966176044,-0.0291325976040535,-1.11154298108964,-0.0103782644248892,0.0200378863198633,-1.11154298108964
257.5,0.143506811581857,-0.029288880213598,0.143535143461069,-0.0291610833651106,-1.12146729406491,-0.01032807745371,0.0199742290876173,-1.12146729406491
257.75,0.143634669835307,-0.0293169331938804,0.143662443827644,-0.0291890139411753,-1.13119588620634,-0.010286158690403,0.0198802559453895,-1.13119588620634
258,0.143762649275467,-0.0293444280220142,0.143789864852153,-0.0292163888004895,-1.14072892311612,-0.0102521581125095,0.0197588923496962,-1.14072892311612
258.25,0.143890747465795,-0.0293713641745375,0.143917404108684,-0.0292432074218755,-1.15006662737988,-0.010225672286429,0.0196130529577313,-1.15006662737988
258.5,0.144018961967484,-0.0293977411386249,0.144045059169073,-0.0292694692947454,-1.15920927835266,-0.0102062445849538,0.0194456407448625,-1.15920927835266
258.75,0.144147290339516,-0.0294235584120969,0.144172827602951,-0.0292951739191109,-1.16815721193174,-0.0101933654177595,0.019259546125656,-1.16815721193174
259,0.144275730138704,-0.0294488155034299,0.144300706977792,-0.0293203208055931,-1.17691082031663,-0.010186472474805,0.0190576460786422,-1.17691082031663
259.25,0.144404278919738,-0.0294735119317653,0.144428694858956,-0.0293449094754315,-1.18547055175597,-0.0101849509825811,0.0188428032749762,-1.18547055175597
259.5,0.144532934235236,-0.0294976472269186,0.14455678880974,-0.0293689394604933,-1.19383691028173,-0.0101881339731524,0.0186178652112005,-1.19383691028173
259.75,0.144661693635785,-0.0295212209293887,0.144684986391419,-0.0293924103032821,-1.20201045543047,-0.0101953025659297,0.0183856633462656,-1.20201045543047
260,0.144790554669992,-0.0295442325903662,0.144813285163295,-0.029415321556947,-1.20999180195201,-0.0102056862621116,0.0181490122430089,-1.20999180195201
260.25,0.144919514884529,-0.0295666817717423,0.144941682682745,-0.0294376727852908,-1.2177816195053,-0.0102184632517267,0.0179107087142539,-1.2177816195053
260.5,0.14504857182418,-0.0295885680461169,0.145070176505266,-0.0294594635627782,-1.22538063234174,-0.0102327607332121,0.0176735309737215,-1.22538063234174
260.75,0.145177723031885,-0.029609890996807,0.145198764184519,-0.0294806934745442,-1.232789618976,-0.0102476552454559,0.0174402377919194,-1.232789618976
261,0.145306966048793,-0.0296306502178541,0.145327443272382,-0.029501362116402,-1.2400094118443,-0.0102621730122265,0.01721356765719,-1.2400094118443
261.25,0.145436298414302,-0.0296508453140328,0.14545621131899,-0.0295214690948505,-1.24704089695041,-0.0102752902989236,0.0169962379420964,-1.24704089695041
261.5,0.145565717666112,-0.0296704759008575,0.145585065872784,-0.0295410140270816,-1.25388501349923,-0.0102859337815612,0.0167909440753052,-1.25388501349923
261.75,0.145695221340265,-0.0296895416045901,0.14571400448056,-0.0295599965409881,-1.26054275351824,-0.0102929809279083,0.0166003587191477,-1.26054275351824
262,0.145824806971198,-0.0297080420622471,0.145843024687513,-0.0295784162751703,-1.26701516146677,-0.0102952603907101,0.0164271309530484,-1.26701516146677
262.25,0.145954472091788,-0.0297259769216065,0.145972124037283,-0.029596272878943,-1.27330333383315,-0.0102915524128913,0.0162738854629528,-1.27330333383315
262.5,0.146084214233398,-0.0297433458412143,0.146101300072006,-0.0296135660123422,-1.27940841872006,-0.0102805892446666,0.0161432217369517,-1.27940841872006
262.75,0.146214030925925,-0.0297601484903914,0.146230550332355,-0.0296302953461315,-1.28533161541775,-0.0102610555724652,0.0160377132672675,-1.28533161541775
263,0.146343919697846,-0.0297763845492397,0.146359872357593,-0.0296464605618086,-1.29107417396571,-0.0102315889595752,0.0159599067587678,-1.29107417396571
263.25,0.146473878076265,-0.0297920537086478,0.146489263685614,-0.0296620613516111,-1.29663739470248,-0.010190780298412,0.0159123213441479,-1.29663739470248
263.5,0.146603903586963,-0.0298071556702976,0.146618721852993,-0.0296770974185223,-1.30202262780395,-0.0101371742743253,0.0158974478059873,-1.30202262780395
263.75,0.146733993754441,-0.0298216901466696,0.146748244395035,-0.0296915684762773,-1.30723127281012,-0.0100692698408308,0.0159177478058125,-1.30723127281012
264,0.14686414610197,-0.0298356568610482,0.146877828845816,-0.0297054742493681,-1.31226477814043,-0.00998552070617888,0.0159756531203393,-1.31226477814043
264.25,0.146994358151638,-0.0298490555475273,0.147007472738235,-0.0297188144730486,-1.31712464059789,-0.00988433583114925,0.0160735648850498,-1.31712464059789
264.5,0.147124627424393,-0.0298618859510154,0.14713717360406,-0.0297315888933403,-1.32181240486191,-0.00976407993796972,0.0162138528452689,-1.32181240486191
264.75,0.147254951440098,-0.0298741478272399,0.147266928973972,-0.0297437972670366,-1.32632966297011,-0.00962307403024975,0.0163988546148837,-1.32632966297011
265,0.14738532771757,-0.0298858409427524,0.147396736377617,-0.0297554393617078,-1.3306780537891,-0.00945959592382319,0.0166308749428809,-1.3306780537891
265.25,0.147515753774634,-0.0298969650749328,0.14752659334365,-0.029766514955705,-1.33485926247451,-0.00927188078838283,0.016912184987842,-1.33485926247451
265.5,0.147646227128165,-0.0299075200119938,0.147656497399779,-0.029777023838165,-1.33882772683748,-0.00908709105830684,0.017065387556945,-1.33882772683748
265.75,0.147776745294138,-0.0299175055529846,0.14778644607282,-0.0297869658090138,-1.34220531044104,-0.00914257382771817,0.0157168123251524,-1.34220531044104
266,0.147907305787676,-0.0299269215077947,0.147916436888737,-0.0297963406789705,-1.34537094211071,-0.00921116216178217,0.0143605736474987,-1.34537094211071
266.25,0.148037906123096,-0.0299357676971581,0.148046467372692,-0.0298051482695512,-1.34832474642033,-0.00929266991177614,0.0129996642342907,-1.34832474642033
266.5,0.148168543813954,-0.029944043952656,0.148176535049092,-0.0298133884130721,-1.35106690526668,-0.00938685739297191,0.0116370717682874,-1.35106690526668
266.75,0.148299216373099,-0.0299517501167205,0.148306637441637,-0.0298210609526526,-1.35359765777256,-0.00949343148260511,0.010275778024534,-1.35359765777256
267,0.148429921312712,-0.0299588860426372,0.148436772073364,-0.0298281657422188,-1.35591730017703,-0.00961204573072885,0.00891875799177723,-1.35591730017703
267.25,0.14856065614436,-0.0299654515945485,0.148566936466697,-0.0298347026465056,-1.3580261857126,-0.00974230048393301,0.00756897899568815,-1.3580261857126
267.5,0.14869141837904,-0.0299714466474557,0.148697128143494,-0.0298406715410598,-1.35992472446959,-0.0098837430218955,0.00622939982403424,-1.35992472446959
267.75,0.148822205527228,-0.0299768710872217,0.148827344625093,-0.0298460723122422,-1.36161338324758,-0.0100358677067411,0.00490296985400141,-1.36161338324758
268,0.148953015098925,-0.0299817248105729,0.148957583432361,-0.02985090485723,-1.36309268539399,-0.0101981161451721,0.00359262818183792,-1.36309268539399
268.25,0.149083844603705,-0.0299860077251014,0.149087842085737,-0.0298551690840185,-1.36436321062993,-0.0103698773633411,0.00230130275500808,-1.36436321062993
268.5,0.149214691550764,-0.0299897197492667,0.149218118105285,-0.0298588649114229,-1.36542559486315,-0.0105504879944262,0.00103190950702917,-1.36542559486315
268.75,0.149345553448963,-0.0299928608123973,0.149348409010737,-0.0298619922690801,-1.3662805299884,-0.0107392324788667,-0.000212648504835268,-1.3662805299884
269,0.149476427806882,-0.0299954308546917,0.149478712321542,-0.0298645510974496,-1.36692876367493,-0.0109353432772267,-0.0014294819588257,-1.36692876367493
269.25,0.14960731213286,-0.0299974298272202,0.149609025556913,-0.029866541347815,-1.36737109914154,-0.0111380010956311,-0.00261571612473165,-1.36737109914154
269.5,0.149738203935049,-0.0299988576919251,0.149739346235874,-0.0298679629822848,-1.36760839491882,-0.0113463351237352,-0.00376849171653333,-1.36760839491882
269.75,0.149869100721458,-0.029999714421622,0.149869671877307,-0.0298688159737932,-1.36764156459898,-0.0115594232851804,-0.00488496574146431,-1.36764156459898
270,0.15,-0.03,0.15,-0.0298691003061004,-1.36747157657312,-0.011776292500473,-0.00596231234533998,-1.36747157657312
270.25,0.150130899278542,-0.029999714421622,0.150130328122693,-0.0298688159737932,-1.36709945375606,-0.0119959189622503,-0.0069977236539488,-1.36709945375606
270.5,0.150261796064951,-0.0299988576919251,0.150260653764126,-0.0298679629822848,-1.36669224604443,-0.0120922016865869,-0.00686283714202211,-1.36669224604443
270.75,0.15039268786714,-0.0299974298272202,0.150390974443087,-0.029866541347815,-1.36611201853291,-0.0121638303693022,-0.00663656681883498,-1.36611201853291
271,0.150523572193118,-0.0299954308546917,0.150521287678458,-0.0298645510974496,-1.36533915689646,-0.012225580460851,-0.00644957844438465,-1.36533915689646
271.25,0.150654446551037,-0.0299928608123973,0.150651590989263,-0.0298619922690801,-1.36437259173939,-0.0122785348954684,-0.00629908902251828,-1.36437259173939
271.5,0.150785308449236,-0.0299897197492667,0.150781881894715,-0.0298588649114229,-1.36321130926545,-0.0123237248632268,-0.00618229595949874,-1.36321130926545
271.75,0.150916155396295,-0.0299860077251014,0.150912157914263,-0.0298551690840185,-1.36185435158276,-0.0123621295048042,-0.00609637793257686,-1.36185435158276
272,0.151046984901075,-0.0299817248105729,0.151042416567639,-0.02985090485723,-1.36030081699577,-0.0123946756191124,-0.00603849576294974,-1.36030081699577
272.25,0.151177794472772,-0.0299768710872217,0.151172655374907,-0.0298460723122422,-1.3585498602842,-0.0124222373838346,-0.00600579329292648,-1.3585498602842
272.5,0.15130858162096,-0.0299714466474557,0.151302871856506,-0.0298406715410598,-1.35660069296905,-0.0124456360889483,-0.00599539826711403,-1.35660069296905
272.75,0.15143934385564,-0.0299654515945485,0.151433063533303,-0.0298347026465056,-1.35445258356534,-0.0124656398832772,-0.00600442321746658,-1.35445258356534
273,0.151570078687288,-0.0299588860426372,0.151563227926636,-0.0298281657422188,-1.35210485782184,-0.0124829635341249,-0.0060299663519676,-1.35210485782184
273.25,0.151700783626901,-0.0299517501167205,0.151693362558363,-0.0298210609526526,-1.34955689894748,-0.0124982682000491,-0.00606911244679638,-1.34955689894748
273.5,0.151831456186046,-0.029944043952656,0.151823464950908,-0.0298133884130721,-1.34680814782459,-0.0125121612168155,-0.00611893374178158,-1.34680814782459
273.75,0.151962093876904,-0.0299357676971581,0.151953532627308,-0.0298051482695512,-1.34385810320876,-0.0125251958965815,-0.00617649083894128,-1.34385810320876
274,0.152092694212324,-0.0299269215077947,0.152083563111263,-0.0297963406789705,-1.34070632191542,-0.0125378713403505,-0.00623883360394446,-1.34070632191542
274.25,0.152223254705862,-0.0299175055529846,0.15221355392718,-0.0297869658090138,-1.33735241899301,-0.012550632263738,-0.00630300207029174,-1.33735241899301
274.5,0.152353772871835,-0.0299075200119938,0.152343502600221,-0.029777023838165,-1.33379606788272,-0.0125638688360866,-0.00636602734603402,-1.33379606788272
274.75,0.152484246225366,-0.0298969650749328,0.15247340665635,-0.029766514955705,-1.33003700056477,-0.0125779165329642,-0.00642493252282545,-1.33003700056477
275,0.15261467228243,-0.0298858409427524,0.152603263622382,-0.0297554393617078,-1.32607500769122,-0.0125930560020815,-0.00647673358714637,-1.32607500769122
275.25,0.152745048559902,-0.0298741478272399,0.152733071026028,-0.0297437972670366,-1.32190993870527,-0.0126095129426496,-0.00651844033347549,-1.32190993870527
275.5,0.152875372575607,-0.0298618859510154,0.15286282639594,-0.0297315888933403,-1.31754170194695,-0.012627457998218,-0.00654705727925309,-1.31754170194695
275.75,0.153005641848362,-0.0298490555475273,0.152992527261765,-0.0297188144730486,-1.31297026474534,-0.0126470066630044,-0.00655958458141898,-1.31297026474534
276,0.15313585389803,-0.0298356568610482,0.153122171154184,-0.0297054742493681,-1.30819565349708,-0.0126682192017489,-0.00655301895434337,-1.30819565349708
276.25,0.153266006245559,-0.0298216901466696,0.153251755604965,-0.0296915684762774,-1.30321795373139,-0.0126911005831031,-0.00652435458896565,-1.30321795373139
276.5,0.153396096413037,-0.0298071556702976,0.153381278147007,-0.0296770974185223,-1.29803731016136,-0.0127156004265785,-0.0064705840729347,-1.29803731016136
276.75,0.153526121923735,-0.0297920537086478,0.153510736314386,-0.0296620613516111,-1.29265392672164,-0.012741612963063,-0.0063886993115762,-1.29265392672164
277,0.153656080302154,-0.0297763845492397,0.153640127642407,-0.0296464605618086,-1.28706806659249,-0.0127689770089169,-0.00627569244947525,-1.28706806659249
277.25,0.153785969074075,-0.0297601484903914,0.153769449667645,-0.0296302953461315,-1.28128005221014,-0.0127974759536624,-0.00612855679251021,-1.28128005221014
277.5,0.153915785766602,-0.0297433458412143,0.153898699927994,-0.0296135660123422,-1.27529026526349,-0.0128268377612684,-0.00594428773010636,-1.27529026526349
277.75,0.154045527908212,-0.0297259769216065,0.154027875962717,-0.029596272878943,-1.26915162269443,-0.0128091075253173,-0.00559515984529508,-1.26915162269443
278,0.154175193028802,-0.0297080420622471,0.154156975312487,-0.0295784162751703,-1.26330149440949,-0.0123462836768274,-0.004073384622161,-1.26330149440949
278.25,0.154304778659735,-0.0296895416045901,0.15428599551944,-0.0295599965409881,-1.25730848033692,-0.0118289404676357,-0.00243408104838224,-1.25730848033692
278.5,0.154434282333888,-0.0296704759008575,0.154414934127216,-0.0295410140270816,-1.2511751710005,-0.0112546113217879,-0.000675471013361666,-1.2511751710005
278.75,0.154563701585697,-0.0296508453140328,0.15454378868101,-0.0295214690948505,-1.24490419522072,-0.0106207951225618,0.0012041805280139,-1.24490419522072
279,0.154693033951207,-0.0296306502178541,0.154672556727618,-0.0295013621164021,-1.23849821945548,-0.00992495686934055,0.0032065649537565,-1.23849821945548
279.25,0.154822276968115,-0.029609890996807,0.154801235815481,-0.0294806934745442,-1.23195994713176,-0.00916452834344363,0.0053333293826481,-1.23195994713176
279.5,0.15495142817582,-0.0295885680461169,0.154929823494734,-0.0294594635627782,-1.22529211796841,-0.00833690878277709,0.00758607609172987,-1.22529211796841
279.75,0.155080485115471,-0.0295666817717423,0.155058317317255,-0.0294376727852908,-1.21866495943937,-0.00780480771613348,0.00435825726337031,-1.21866495943937
280,0.155209445330008,-0.0295442325903662,0.155186714836705,-0.029415321556947,-1.21182005336598,-0.00731240396233031,0.00106791487574267,-1.21182005336598
280.25,0.155338306364215,-0.0295212209293887,0.155315013608581,-0.0293924103032821,-1.20475407346862,-0.0068544968915353,-0.00219075819725589,-1.20475407346862
280.5,0.155467065764764,-0.0294976472269186,0.15544321119026,-0.0293689394604933,-1.197467267554,-0.00643098194101033,-0.00541480177432176,-1.197467267554
280.75,0.155595721080262,-0.0294735119317653,0.155571305141044,-0.0293449094754315,-1.18995993759833,-0.00604170392794568,-0.00860125539879487,-1.18995993759833
281,0.155724269861296,-0.0294488155034299,0.155699293022208,-0.0293203208055931,-1.18223243977232,-0.0056864570216567,-0.0117471591542895,-1.18223243977232
281.25,0.155852709660484,-0.0294235584120969,0.155827172397049,-0.0292951739191109,-1.17428518445431,-0.005364984727604,-0.0148495544808497,-1.17428518445431
281.5,0.155981038032516,-0.0293977411386249,0.155954940830927,-0.0292694692947454,-1.16611863623151,-0.00507697988324775,-0.0179054849914622,-1.16611863623151
281.75,0.156109252534205,-0.0293713641745375,0.156082595891316,-0.0292432074218755,-1.15773331388927,-0.00482208466573639,-0.0209119972887583,-1.15773331388927
282,0.156237350724533,-0.0293444280220142,0.156210135147847,-0.0292163888004895,-1.1491297903885,-0.00459989061143874,-0.0238661417817414,-1.1491297903885
282.25,0.156365330164693,-0.0293169331938804,0.156337556172356,-0.0291890139411753,-1.14030869283118,-0.00440993864731959,-0.0267649735023746,-1.14030869283118
282.5,0.156493188418143,-0.029288880213598,0.156464856538931,-0.0291610833651106,-1.13027431546594,-0.00478421160884164,-0.0277958124425682,-1.13027431546594
282.75,0.156620923050645,-0.0292602696152554,0.156592033823956,-0.0291325976040535,-1.11920534756177,-0.00560592793528697,-0.0271776285872299,-1.11920534756177
283,0.156748531630316,-0.0292311019435571,0.15671908560616,-0.0291035572003318,-1.10805071017665,-0.00636233788263204,-0.026604270335057,-1.10805071017665
283.25,0.156876011727672,-0.0292013777538135,0.156846009466659,-0.0290739627068328,-1.09680810386731,-0.00705593886141657,-0.0260750435761729,-1.09680810386731
283.5,0.157003360915677,-0.0291710976119303,0.156972802989006,-0.0290438146869931,-1.08611030578883,-0.00725886663115817,-0.0259334392797638,-1.08611030578883
283.75,0.157130576769785,-0.0291402620943978,0.157099463759235,-0.0290131137147875,-1.07534009410026,-0.00739230442104277,-0.0258581327075969,-1.07534009410026
284,0.15725765686799,-0.0291088717882799,0.157225989365908,-0.0289818603747183,-1.06442023152857,-0.00750945135307447,-0.0258069080716718,-1.06442023152857
284.25,0.15738459879087,-0.0290769272912026,0.15735237740016,-0.028950055261804,-1.05334907425426,-0.00761215691488311,-0.0257777212076727,-1.05334907425426
284.5,0.157511400121633,-0.0290444292113432,0.157478625455744,-0.0289176989815681,-1.04212501969861,-0.00770223250870016,-0.0257684901240146,-1.04212501969861
284.75,0.157638058446166,-0.0290113781674183,0.157604731129079,-0.0288847921500276,-1.03074650715657,-0.00778145081448975,-0.0257770956470736,-1.03074650715657
285,0.157764571353076,-0.028977774788672,0.157730692019296,-0.0288513353936811,-1.01921201841998,-0.00785154516267726,-0.0258013820759831,-1.01921201841998
285.25,0.157890936433739,-0.0289436197148644,0.157856505728281,-0.028817329349497,-1.00752007839106,-0.00791420891660219,-0.025839157846803,-1.00752007839106
285.5,0.158017151282348,-0.0289089135962587,0.157982169860721,-0.0287827746649014,-0.995669255685872,-0.00797109486484336,-0.0258881962060102,-0.995669255685872
285.75,0.158143213495952,-0.0288736570936094,0.158107682024153,-0.0287476719977656,-0.98365816322784,-0.00802381462353515,-0.0259462358930848,-0.98365816322784
286,0.15826912067451,-0.0288378508781496,0.158233039829006,-0.0287120220163938,-0.971485458831013,-0.00807393804881194,-0.0260109818321052,-0.971485458831013
286.25,0.15839487042093,-0.0288014956315779,0.158358240888649,-0.0286758253995104,-0.959149845773024,-0.0081229926595082,-0.0260801058321892,-0.959149845773024
286.5,0.158520460341118,-0.0287645920460458,0.158483282819433,-0.0286390828362467,-0.946650073357618,-0.00817246307023813,-0.0261512472966338,-0.946650073357618
286.75,0.158645888044023,-0.0287271408241444,0.158608163240741,-0.0286017950261281,-0.93398493746662,-0.00822379043497788,-0.0262220139406003,-0.93398493746662
287,0.158771151141682,-0.0286891426788911,0.158732879775029,-0.0285639626790608,-0.921153281101218,-0.00827837190127632,-0.0262899825172148,-0.921153281101218
287.25,0.158896247249267,-0.0286505983337156,0.158857430047874,-0.0285255865153182,-0.908153994912421,-0.00833756007521315,-0.0263526995519221,-0.908153994912421
287.5,0.159021173985128,-0.0286115085224468,0.158981811688019,-0.028486667265527,-0.894986017720609,-0.00840266249721837,-0.0264076820849305,-0.894986017720609
287.75,0.15914592897084,-0.0285718739892983,0.159106022327417,-0.0284472056706538,-0.881648337024052,-0.00847494112886848,-0.0264524184215943,-0.881648337024052
288,0.159270509831248,-0.0285316954888546,0.159230059601275,-0.0284072024819904,-0.868139989496268,-0.00855561185078584,-0.0264843688906195,-0.868139989496268
288.25,0.159394914194512,-0.0284909737860563,0.159353921148103,-0.0283666584611398,-0.8544600614721,-0.00864584397173263,-0.026500966609866,-0.8544600614721
288.5,0.159519139692153,-0.028449709656186,0.159477604609756,-0.0283255743800018,-0.840607689422454,-0.00874675974902368,-0.0264996182596431,-0.840607689422454
288.75,0.159643183959095,-0.0284079038848532,0.159601107631479,-0.028283951020758,-0.826582060417541,-0.00885943392035701,-0.0264777048633042,-0.826582060417541
289,0.159767044633715,-0.0283655572679795,0.159724427861953,-0.0282417891758572,-0.812382412578524,-0.00898489324717374,-0.0264325825750069,-0.812382412578524
289.25,0.159890719357884,-0.0283226706117835,0.159847562953337,-0.0281990896480002,-0.798008035517491,-0.0091241160696454,-0.0263615834744547,-0.798008035517491
289.5,0.160014205777013,-0.0282792447327654,0.159970510561318,-0.0281558532501243,-0.783458270765642,-0.00927803187338811,-0.0262620163684573,-0.783458270765642
289.75,0.1601375015401,-0.0282352804576911,0.16009326834515,-0.0281120808053884,-0.768732512189596,-0.00944752086800056,-0.0261311675991384,-0.768732512189596
290,0.16026060429977,-0.0281907786235773,0.160215833967701,-0.0280677731471567,-0.753830206395688,-0.00963341357753515,-0.0259663018586624,-0.753830206395688
290.25,0.160383511712325,-0.0281457400776745,0.1603382050955,-0.028022931118983,-0.738750853122229,-0.0098364904429728,-0.0257646630102469,-0.738750853122229
290.5,0.160506221437784,-0.0281001656774519,0.160460379398776,-0.0279775555745951,-0.723494005619576,-0.0100574814368129,-0.0255234749153436,-0.723494005619576
290.75,0.160628731139931,-0.0280540562905804,0.160582354551506,-0.0279316473778777,-0.708122255326087,-0.0102583220416222,-0.0252951997734195,-0.708122255326087
291,0.160751038486359,-0.0280074127949161,0.16070412823146,-0.0278852074028569,-0.693139775319191,-0.0101313664311615,-0.0255292573703539,-0.693139775319191
291.25,0.160873141148511,-0.027960236078484,0.160825698120242,-0.0278382365336828,-0.678009250844598,-0.0100095049448577,-0.0257606568479068,-0.678009250844598
291.5,0.160995036801729,-0.0279125270394607,0.160947061903337,-0.0277907356646131,-0.662729365833621,-0.00989434403484783,-0.025987254489235,-0.662729365833621
291.75,0.161116723125295,-0.0278642865861577,0.161068217270153,-0.0277427056999958,-0.647298845930518,-0.00978745115634836,-0.0262068716022789,-0.647298845930518
292,0.161238197802477,-0.0278155156370036,0.161189161914066,-0.0276941475542522,-0.631716459096424,-0.00969035415817609,-0.0264172951672295,-0.631716459096424
292.25,0.161359458520573,-0.027766215120527,0.161309893532466,-0.0276450621518594,-0.61598101620362,-0.00960454068281642,-0.0266162784932022,-0.61598101620362
292.5,0.161480502970953,-0.0277163859753386,0.161430409826796,-0.0275954504273328,-0.600091371620089,-0.0095314575761979,-0.0268015418840921,-0.600091371620089
292.75,0.161601328849105,-0.0276660291501136,0.161550708502599,-0.027545313325208,-0.584046423784194,-0.00947251030728943,-0.026970773313407,-0.584046423784194
293,0.161721933854678,-0.0276151456035732,0.161670787269562,-0.0274946518000232,-0.567845115769328,-0.009429062397646,-0.0271216291079331,-0.567845115769328
293.25,0.161842315691528,-0.0275637363044669,0.161790643841559,-0.0274434668163008,-0.551486435838441,-0.00940243486104937,-0.0272517346401631,-0.551486435838441
293.5,0.161962472067757,-0.0275118022315537,0.161910275936692,-0.0273917593485292,-0.53496941798833,-0.00939390565334267,-0.0273586850292442,-0.53496941798833
293.75,0.162082400695762,-0.0274593443735834,0.162029681277341,-0.0273395303811439,-0.518293142483514,-0.00940470913260119,-0.0274400458503765,-0.518293142483514
294,0.162202099292274,-0.027406363729278,0.162148857590198,-0.0272867809085093,-0.501456736379627,-0.00943603552975344,-0.0274933538524841,-0.501456736379627
294.25,0.162321565578404,-0.0273528613073127,0.162267802606318,-0.0272335119348992,-0.484459374036188,-0.0094890304297762,-0.0275161176840304,-0.484459374036188
294.5,0.162440797279687,-0.0272988381262963,0.162386514061161,-0.0271797244744781,-0.467300277618626,-0.00956479426357111,-0.0275058186267923,-0.467300277618626
294.75,0.162559792126123,-0.0272442952147524,0.162504989694631,-0.0271254195512818,-0.44997871758946,-0.00966438181064608,-0.0274599113374737,-0.44997871758946
295,0.162678547852221,-0.0271892336110995,0.162623227251123,-0.0270705981991976,-0.432494013188504,-0.00978880171271624,-0.0273758245970061,-0.432494013188504
295.25,0.162797062197044,-0.027133654363631,0.162741224479564,-0.0270152614619452,-0.414845532902006,-0.00993901599833039,-0.0272509620673677,-0.414845532902006
295.5,0.162915332904249,-0.0270775585304958,0.162858979133456,-0.0269594103930562,-0.397032694920591,-0.010115939618624,-0.0270827030557438,-0.397032694920591
295.75,0.163033357722132,-0.0270209471796776,0.162976488970922,-0.0269030460558544,-0.378952933125537,-0.00998649823365594,-0.025025711935132,-0.378952933125537
296,0.163151134403672,-0.026963821388975,0.163093751754743,-0.0268461695234357,-0.360641826095825,-0.00945373614758577,-0.0208198750159897,-0.360641826095825
296.25,0.16326866070657,-0.0269061822459807,0.163210765252405,-0.0267887818786472,-0.342228305063985,-0.00885297536131406,-0.0164254232765744,-0.342228305063985
296.5,0.163385934393294,-0.0268480308480608,0.163327527236139,-0.0267308842140668,-0.323715651709465,-0.00818129619990855,-0.0118409411084477,-0.323715651709465
296.75,0.163502953231123,-0.0267893683023341,0.163444035482967,-0.0266724776319828,-0.305107180595513,-0.00743574934215264,-0.00706505913588773,-0.305107180595513
297,0.163619714992186,-0.026730195725651,0.163560287774737,-0.0266135632443723,-0.290476464804578,-0.00285871681140201,-0.000460208865270225,-0.290476464804578
297.25,0.163736217453509,-0.0266705142445721,0.163676281898175,-0.0265541421728801,-0.287214107954777,0.00474896640029678,-0.00212003321527772,-0.287214107954777
297.5,0.163852458397051,-0.0266103249953467,0.16379201564492,-0.026494215548798,-0.285211637556914,0.0113481261703009,-0.00711431918632954,-0.285211637556914
297.75,0.163968435609753,-0.0265496291238913,0.163907486811568,-0.0264337845130424,-0.283105768776546,0.017922689299284,-0.0121771523003061,-0.283105768776546
298,0.164084146883577,-0.0264884277857678,0.164022693199713,-0.0263728502161332,-0.275203029531058,0.0221103386893334,-0.0162557923851348,-0.275203029531058
298.25,0.164199590015545,-0.0264267221461616,0.164137632615994,-0.0263114138181715,-0.253985749437806,0.0208157934328851,-0.0178009757751163,-0.253985749437806
298.5,0.164314762807788,-0.026364513379859,0.164252302872129,-0.0262494764888178,-0.232869439586369,0.0196162145872565,-0.0192079718219593,-0.232869439586369
298.75,0.164429663067582,-0.0263018026712252,0.164366701784961,-0.0261870394072696,-0.211855543038335,0.0185126660281848,-0.0204795908568899,-0.211855543038335
299,0.16454428860739,-0.0262385912141819,0.1644808271765,-0.0261241037622388,-0.190945450542563,0.0175061594402029,-0.0216186525286253,-0.190945450542563
299.25,0.164658637244909,-0.0261748802121839,0.164594676873964,-0.0260606707519295,-0.170140500483275,0.016597654271951,-0.0226279849755017,-0.170140500483275
299.5,0.164772706803104,-0.026110670878197,0.164708248709818,-0.0259967415840147,-0.149441978840287,0.0157880577036053,-0.0235104239976805,-0.149441978840287
299.75,0.164886495110256,-0.0260459644346743,0.164821540521817,-0.0259323174756137,-0.128851119161313,0.0150782246264243,-0.0242688122296143,-0.128851119161313
300,0.165,-0.0259807621135332,0.16493455015305,-0.0258673996532685,-0.108369102546436,0.0144689576344066,-0.0249059983129381,-0.108369102546436
300.25,0.165113219311366,-0.0259150651561319,0.165047275451976,-0.025801989352921,-0.0879970576446797,0.0139610070280551,-0.0254248360699645,-0.0879970576446797
300.5,0.165226150888821,-0.0258488748132458,0.165159714272467,-0.025736087819889,-0.0677360606625716,0.0135550708301876,-0.0258281836779265,-0.0677360606625716
300.75,0.165338792582312,-0.0257821923450436,0.165271864473851,-0.0256696963088427,-0.047587135384899,0.0132517948138476,-0.026118902844174,-0.047587135384899
301,0.165451142247302,-0.0257150190210634,0.165383723920949,-0.0256028160837807,-0.0275512532074241,0.0130517725422427,-0.0262998579824678,-0.0275512532074241
301.25,0.165563197744816,-0.0256473561201884,0.165495290484119,-0.0255354484180062,-0.00762933318164913,0.0129555454206954,-0.0263739153905403,-0.00762933318164913
301.5,0.165674956941478,-0.0255792049306228,0.165606562039294,-0.0254675945941023,0.0121777579284235,0.0129636027606035,-0.0263439424291035,0.0121777579284235
301.75,0.165786417709556,-0.0255105667498669,0.165717536468024,-0.0253992559039081,0.0318692055775031,0.0130763818553755,-0.0262128067024711,0.0318692055775031
302,0.165897577926996,-0.0254414428846928,0.165828211657517,-0.0253304336484938,0.0514442473584095,0.0132942680682769,-0.0259833752409353,0.0514442473584095
302.25,0.166008435477468,-0.0253718346511192,0.165938585500675,-0.0252611291381358,0.070902172909403,0.0136175949322293,-0.0256585136851156,0.070902172909403
302.5,0.166118988250405,-0.0253017433743866,0.16604865589614,-0.0251913436922921,0.0902423238097149,0.0140466442614572,-0.0252410854723992,0.0902423238097149
302.75,0.16622923414104,-0.0252311703889318,0.16615842074833,-0.0251210786395771,0.109464093463254,0.0145816462749795,-0.0247339510256571,0.109464093463254
303,0.166339171050451,-0.0251601170383627,0.166267877967482,-0.0250503353177361,0.128566926970475,0.0152227797318989,-0.0241399669443988,0.128566926970475
303.25,0.166448796885597,-0.0250885846754328,0.166377025469686,-0.0249791150736199,0.147550320988423,0.015970172078492,-0.0234619851985623,0.147550320988423
303.5,0.166558109559362,-0.025016574662015,0.166485861176933,-0.0249074192631593,0.166413823579164,0.0168238996069589,-0.0227028523250282,0.166413823579164
303.75,0.166667106990588,-0.0249440883690764,0.166594383017146,-0.0248352492513392,0.185157034046463,0.0177839876258936,-0.0218654086271019,0.185157034046463
304,0.166775787104122,-0.0248711271766513,0.166702588924227,-0.0247626064121726,0.203779602760869,0.0188504106423592,-0.0209524873770734,0.203779602760869
304.25,0.166884147830852,-0.0247976924738157,0.166810476838092,-0.0246894921286744,0.222281230973127,0.0200230925555745,-0.0199669140220663,0.222281230973127
304.5,0.166992187107745,-0.0247237856586605,0.166918044704709,-0.0246159077928352,0.24066167061621,0.0213019068620668,-0.0189115053932529,0.24066167061621
304.75,0.167099902877889,-0.0246494081382649,0.167025290476141,-0.0245418548055948,0.258920724095721,0.0226866768723751,-0.0177890689187159,0.258920724095721
305,0.167207293090531,-0.0245745613286698,0.167132212110585,-0.0244673345768151,0.277244651517657,0.0240806557059315,-0.0167365489124895,0.277244651517657
305.25,0.167314355701117,-0.0244992466548504,0.167238807572406,-0.024392348525254,0.301626395566416,0.0223607924959868,-0.0199969950531322,0.301626395566416
305.5,0.167421088671328,-0.0244234655506896,0.167345074832179,-0.0243168980785378,0.325908380102594,0.020697269515352,-0.0230745975422322,0.325908380102594
305.75,0.167527489969123,-0.0243472194589504,0.16745101186673,-0.0242409846731343,0.350088345463504,0.0190919158038072,-0.0259721440048579,0.350088345463504
306,0.167633557568774,-0.0242705098312484,0.16755661665917,-0.0241646097543252,0.374164087405815,0.0175465058166178,-0.0286924436058728,0.374164087405815
306.25,0.167739289450907,-0.0241933381280245,0.167661887198937,-0.0240877747761789,0.398133457334278,0.0160627592039894,-0.0312383261548923,0.398133457334278
306.5,0.16784468360254,-0.0241157058185165,0.16776682148183,-0.0240104812015227,0.421994362517122,0.0146423406038363,-0.0336126412088848,0.421994362517122
306.75,0.16794973801712,-0.0240376143807318,0.167871417510052,-0.0239327305019147,0.445744766288141,0.01328685944785,-0.0358182571725942,0.445744766288141
307,0.168054450694561,-0.0239590653014188,0.167975673292247,-0.0238545241576163,0.469382688235404,0.0119978697809144,-0.0378580603969788,0.469382688235404
307.25,0.168158819641287,-0.0238800600760387,0.168079586843533,-0.0237758636575634,0.492906204376584,0.0107768700938999,-0.0397349542758602,0.492906204376584
307.5,0.168262842870262,-0.0238006002087371,0.168183156185546,-0.0236967504993387,0.516313447320909,0.00962530316981753,-0.0414518583409601,0.516313447320909
307.75,0.168366518401033,-0.0237206872123153,0.168286379346477,-0.0236171861891427,0.539559175329233,0.00856626413084129,-0.0429701386784056,0.539559175329233
308,0.16846984425977,-0.0236403226082017,0.168389254361104,-0.023537172241765,0.56129061125078,0.00828248302311855,-0.0430210270347624,0.56129061125078
308.25,0.168572818479295,-0.0235595079264223,0.168491779270835,-0.0234567101805559,0.583014892393946,0.00802561830708923,-0.0430678252508852,0.583014892393946
308.5,0.168675439099129,-0.0234782447055724,0.168593952123745,-0.0233758015373971,0.604733995150536,0.00779328488228863,-0.0431111011638265,0.604733995150536
308.75,0.168777704165522,-0.0233965344927864,0.168695770974608,-0.0232944478526726,0.626449906773989,0.00758308641816605,-0.0431513701079932,0.626449906773989
309,0.168879611731495,-0.0233143788437091,0.168797233884942,-0.0232126506752391,0.648164624467038,0.00739261627420587,-0.0431890947390202,0.648164624467038
309.25,0.168981159856875,-0.0232317793224656,0.168898338923038,-0.0231304115623971,0.669880154466837,0.00721945842260462,-0.0432246848717438,0.669880154466837
309.5,0.169082346608333,-0.0231487375016316,0.168999084164002,-0.0230477320798608,0.691598511127758,0.0070611883732851,-0.0432584973322416,0.691598511127758
309.75,0.169183170059418,-0.0230652549622038,0.169099467689791,-0.0229646138017282,0.713321716001996,0.00691537410107105,-0.0432908358240778,0.713321716001996
310,0.169283628290596,-0.0229813332935693,0.169199487589246,-0.0228810583104516,0.735051796918313,0.00677957697479264,-0.0433219508086957,0.735051796918313
310.25,0.169383719389289,-0.0228969740934759,0.169299141958132,-0.0227970671968071,0.756790787058982,0.00665135268813817,-0.043352039400039,0.756790787058982
310.5,0.169483441449906,-0.0228121789680009,0.169398428899175,-0.0227126420598645,0.778540724035263,0.00652825219202824,-0.0433812452733657,0.778540724035263
310.75,0.169582792573882,-0.0227269495315215,0.169497346522094,-0.0226277845069566,0.800303648961478,0.00640782262833225,-0.0434096585883835,0.800303648961478
311,0.169681770869715,-0.0226412874066832,0.16959589294364,-0.0225424961536489,0.822081605528079,0.00628760826468952,-0.0434373159265639,0.822081605528079
311.25,0.169780374453002,-0.0225551942243693,0.169694066287631,-0.0224567786237088,0.84387663907372,0.00616515143025897,-0.0434642002427977,0.84387663907372
311.5,0.169878601446472,-0.0224686716236701,0.169791864684989,-0.0223706335490744,0.86569079565664,0.00603799345218043,-0.0434902408313573,0.86569079565664
311.75,0.169976449980025,-0.022381721251851,0.169889286273772,-0.0222840625698239,0.887526121125558,0.00590367559253367,-0.0435153133061214,0.887526121125558
312,0.170073918190766,-0.0222943447643218,0.169986329199215,-0.0221970673341438,0.909384660190298,0.00575973998559872,-0.0435392395951233,0.909384660190298
312.25,0.17017100422304,-0.022206543824605,0.170082991613759,-0.022109649498298,0.931268455492274,0.00560373057521407,-0.0435617879494442,0.931268455492274
312.5,0.17026770622847,-0.0221183201043037,0.170179271677091,-0.0220218107265962,0.953179546675117,0.00543319405201591,-0.0435826729663931,0.953179546675117
312.75,0.170364022365988,-0.0220296752830706,0.170275167556179,-0.0219335526913619,0.975119969455661,0.00524568079035836,-0.0436015556269941,0.975119969455661
313,0.170459950801875,-0.0219406110485751,0.170370677425303,-0.0218448770729009,0.997091754695382,0.00503874578471522,-0.0436180433478449,0.997091754695382
313.25,0.170555489709791,-0.021851129096472,0.170465799466092,-0.0217557855594691,1.01909692747266,0.00480994958533691,-0.0436316900471716,1.01909692747266
313.5,0.170650637270813,-0.0217612311303686,0.17056053186756,-0.0216662798472405,1.03935282126349,0.00558234002413529,-0.0424452969325639,1.03935282126349
313.75,0.170745391673468,-0.0216709188617927,0.170654872826139,-0.021576361640275,1.05941358381622,0.00647099370659279,-0.0411398993132178,1.05941358381622
314,0.17083975111377,-0.0215801940101596,0.170748820545712,-0.0214860326504854,1.07932959639892,0.00744685341893921,-0.0397531082563799,1.07932959639892
314.25,0.17093371379525,-0.0214890583027396,0.170842373237651,-0.0213952945976057,1.09910053181693,0.00850984860469637,-0.0382879362525027,1.09910053181693
314.5,0.171027277928995,-0.0213975134746255,0.170935529120847,-0.0213041492091574,1.11872611857312,0.00965985411297529,-0.03674738670527,1.11872611857312
314.75,0.171120441733679,-0.0213055612686986,0.171028286421747,-0.0212125982204175,1.13820614064543,0.0108966904285235,-0.0351344530618771,1.13820614064543
315,0.171213203435596,-0.0212132034355964,0.171120643374385,-0.0211206433743848,1.15754043725155,0.0122201239145226,-0.033452117947333,1.15754043725155
315.25,0.171305561268699,-0.0211204417336791,0.171212598220418,-0.021028286421747,1.17672890260107,0.0136298670679796,-0.0317033523028923,1.17672890260107
315.5,0.171397513474625,-0.0210272779289955,0.171304149209157,-0.0209355291208473,1.19577148563498,0.0151255787877075,-0.0298911145288336,1.19577148563498
315.75,0.17148905830274,-0.0209337137952504,0.171395294597606,-0.0208423732376511,1.21466818975264,0.016706864654815,-0.0280183496317585,1.21466818975264
316,0.17158019401016,-0.0208397511137699,0.171486032650485,-0.0207488205457121,1.23341907252632,0.0183732772256315,-0.0260879883765726,1.23341907252632
316.25,0.171670918861793,-0.0207453916734681,0.171576361640275,-0.0206548728261386,1.25202424540328,0.0201243163370056,-0.0241029464433381,1.25202424540328
316.5,0.171761231130369,-0.0206506372708126,0.171666279847241,-0.0205605318675599,1.27048387339567,0.0219594294238696,-0.0220661235891466,1.27048387339567
316.75,0.171851129096472,-0.0205554897097908,0.171755785559469,-0.0204657994660919,1.28879817475804,0.0238780118490569,-0.0199804028152172,1.28879817475804
317,0.171940611048575,-0.0204599508018749,0.171844877072901,-0.0203706774253028,1.30696742065278,0.0258794072452439,-0.0178486495393781,1.30696742065278
317.25,0.172029675283071,-0.0203640223659882,0.171933552691362,-0.0202751675561792,1.32717130101405,0.0267859665689885,-0.0177611837488536,1.32717130101405
317.5,0.172118320104304,-0.0202677062284698,0.172021810726596,-0.0201792716770914,1.35101128319433,0.0257013555195881,-0.0211354812168916,1.35101128319433
317.75,0.172206543824605,-0.02017100422304,0.172109649498298,-0.0200829916137586,1.37473328545203,0.0246390347485035,-0.0243252902041156,1.37473328545203
318,0.172294344764322,-0.0200739181907657,0.172197067334144,-0.0199863291992145,1.3983348835081,0.0236009971271381,-0.0273334773299747,1.3983348835081
318.25,0.172381721251851,-0.019976449980025,0.172284062569824,-0.0198892862737722,1.42181371268387,0.0225891777564722,-0.0301629343896926,1.42181371268387
318.5,0.17246867162367,-0.0198786014464721,0.172370633549074,-0.019791864684989,1.44516746819123,0.0216054536851574,-0.0328165773831136,1.44516746819123
318.75,0.172555194224369,-0.0197803744530021,0.172456778623709,-0.0196940662876315,1.46839390540798,0.0206516436422158,-0.0352973455402642,1.46839390540798
319,0.172641287406683,-0.0196817708697152,0.172542496153649,-0.0195958929436403,1.4914908401388,0.0197295077842676,-0.0376082003438365,1.4914908401388
319.25,0.172726949531521,-0.0195827925738817,0.172627784506957,-0.0194973465220943,1.51445614886137,0.0188407474574324,-0.0397521245488067,1.51445614886137
319.5,0.172812178968001,-0.0194834414499055,0.172712642059864,-0.0193984288991754,1.53621003609127,0.018485787184793,-0.0401127133377006,1.53621003609127
319.75,0.172896974093476,-0.0193837193892889,0.172797067196807,-0.0192991419581325,1.55775485600387,0.0182168515069113,-0.0402595635082835,1.55775485600387
320,0.172981333293569,-0.0192836282905962,0.172881058310452,-0.0191994875892458,1.57921808139914,0.0179746180965809,-0.0403870940679356,1.57921808139914
320.25,0.173065254962204,-0.0191831700594176,0.172964613801728,-0.0190994676897908,1.60060128100151,0.0177571142122848,-0.0404971126376815,1.60060128100151
320.5,0.173148737501632,-0.0190823466083329,0.173047732079861,-0.0189990841640024,1.6219060597684,0.0175623319322668,-0.0405913817397371,1.6219060597684
320.75,0.173231779322466,-0.0189811598568755,0.173130411562397,-0.018898338923038,1.64313405809229,0.0173882289601279,-0.0406716182166987,1.64313405809229
321,0.173314378843709,-0.0188796117314951,0.173212650675239,-0.0187972338849419,1.66428695099431,0.0172327294389414,-0.0407394926630464,1.66428695099431
321.25,0.173396534492786,-0.0187777041655218,0.173294447852673,-0.0186957709746083,1.6853664473092,0.0170937247738479,-0.0407966288693367,1.6853664473092
321.5,0.173478244705572,-0.0186754390991286,0.173375801537397,-0.0185939521237447,1.70637428886221,0.0169690744628368,-0.0408446032790051,1.70637428886221
321.75,0.173559507926422,-0.018572818479295,0.173456710180556,-0.0184917792708353,1.72731224963779,0.0168566069355818,-0.0408849444579806,1.72731224963779
322,0.173640322608202,-0.0184698442597698,0.173537172241765,-0.0183892543611039,1.74818213494052,0.0167541204001429,-0.040919132577234,1.74818213494052
322.25,0.173720687212315,-0.0183665184010335,0.173617186189143,-0.0182863793464769,1.76898578054823,0.0166593836973443,-0.0409485989083529,1.76898578054823
322.5,0.173800600208737,-0.0182628428702616,0.173696750499339,-0.0181831561855465,1.78972505185774,0.0165701371626064,-0.0409747253321954,1.78972505185774
322.75,0.173880060076039,-0.0181588196412868,0.173775863657563,-0.0180795868435328,1.81040184302314,0.0164840934951194,-0.0409988438608709,1.81040184302314
323,0.173959065301419,-0.0180544506945614,0.173854524157616,-0.0179756732922467,1.83101807608709,0.0163989386340752,-0.0410222361729852,1.83101807608709
323.25,0.174037614380732,-0.0179497380171198,0.173932730501915,-0.0178714175100525,1.8515757001051,0.0163123326418289,-0.0410461331623546,1.8515757001051
323.5,0.174115705818517,-0.0178446836025402,0.174010481201523,-0.01776682148183,1.87207669026311,0.0162219105937756,-0.0410717145002705,1.87207669026311
323.75,0.174193338128024,-0.0177392894509075,0.174087774776179,-0.0176618871989368,1.89252304698849,0.0161252834747396,-0.0411001082113794,1.89252304698849
324,0.174270509831248,-0.0176335575687742,0.174164609754325,-0.0175566166591704,1.91291679505475,0.0160200390816941,-0.0411323902633026,1.91291679505475
324.25,0.17434721945895,-0.017527489969123,0.174240984673134,-0.0174510118667302,1.93325998268006,0.0159037429325954,-0.0411695841700577,1.93325998268006
324.5,0.17442346555069,-0.0174210886713282,0.174316898078538,-0.017345074832179,1.95355468061988,0.0157739391811466,-0.0412126606093801,1.95355468061988
324.75,0.17449924665485,-0.017314355701117,0.174392348525254,-0.0172388075724055,1.97380298125374,0.0156281515372924,-0.0412625370540601,1.97380298125374
325,0.17457456132867,-0.0172072930905314,0.174467334576815,-0.017132212110585,1.99400699766656,0.0154638841932267,-0.0413200774173115,1.99400699766656
325.25,0.174649408138265,-0.0170999028778891,0.174541854805595,-0.0170252904761415,2.01416886272466,0.0152786227547163,-0.0413860917122792,2.01416886272466
325.5,0.17472378565866,-0.016992187107745,0.174615907792835,-0.0169180447047087,2.03429072814649,0.0150698351775611,-0.0414613357258217,2.03429072814649
325.75,0.174797692473816,-0.0168841478308521,0.174689492128674,-0.0168104768380916,2.05437476356858,0.0148349727089372,-0.0415465107065092,2.05437476356858
326,0.174871127176651,-0.0167757871041224,0.174762606412173,-0.0167025889242273,2.07442315560666,0.0145714708334768,-0.0416422630670721,2.07442315560666
326.25,0.174944088369076,-0.0166671069905881,0.174835249251339,-0.0165943830171461,2.0944381069123,0.0142767502238126,-0.0417491841011813,2.0944381069123
326.5,0.175016574662015,-0.0165581095593617,0.174907419263159,-0.0164858611769325,2.11442183522525,0.0139482176954356,-0.0418678097147893,2.11442183522525
326.75,0.175088584675433,-0.0164487968855974,0.17497911507362,-0.0163770254696861,2.13420391469998,0.0136873693523079,-0.0418363390641947,2.13420391469998
327,0.175160117038363,-0.0163391710504508,0.175050335317736,-0.0162678779674816,2.15237320190756,0.0143499908466547,-0.0403549323748172,2.15237320190756
327.25,0.175231170388932,-0.0162292341410398,0.175121078639577,-0.0161584207483303,2.17037564484111,0.0150687263086108,-0.0388073370272705,2.17037564484111
327.5,0.175301743374387,-0.0161189882504047,0.175191343692292,-0.0160486558961398,2.18821116353747,0.0158432992770845,-0.0371966813118839,2.18821116353747
327.75,0.175371834651119,-0.0160084354774683,0.175261129138136,-0.0159385855006746,2.20587973829301,0.0166733751463739,-0.0355260812443091,2.20587973829301
328,0.175441442884693,-0.0158975779269962,0.175330433648494,-0.0158282116575166,2.22338140939689,0.0175585614396829,-0.0337986396161838,2.22338140939689
328.25,0.175510566749867,-0.0157864177095561,0.175399255903908,-0.0157175364680244,2.24071627685022,0.0184984080966585,-0.0320174450503954,2.24071627685022
328.5,0.175579204930623,-0.0156749569414785,0.175467594594102,-0.0156065620392942,2.25788450007127,0.0194924077747986,-0.0301855710611066,2.25788450007127
328.75,0.175647356120188,-0.0155631977448157,0.175535448418006,-0.0154952904841192,2.27488629758685,0.0205399961647455,-0.0283060751187755,2.27488629758685
329,0.175715019021063,-0.0154511422473016,0.175602816083781,-0.0153837239209493,2.29172194670986,0.0216405523193108,-0.026381997720323,2.29172194670986
329.25,0.175782192345044,-0.0153387925823116,0.175669696308843,-0.0152718644738511,2.30839178320315,0.0227933989961727,-0.0244163614646599,2.30839178320315
329.5,0.175848874813246,-0.0152261508888211,0.175736087819889,-0.0151597142724673,2.32489620092958,0.0239978030142358,-0.0224121701338018,2.32489620092958
329.75,0.175915065156132,-0.0151132193113658,0.175801989352921,-0.015047275451976,2.3412356514888,0.0252529756234478,-0.020372407779685,2.3412356514888
330,0.175980762113533,-0.015,0.175867399653269,-0.0149345501530502,2.35741064384023,0.0265580728881051,-0.0183000378169636,2.35741064384023
330.25,0.176045964434674,-0.0148864951102563,0.175932317475614,-0.0148215405218173,2.3734217439129,0.027912196083473,-0.0161980021219027,2.3734217439129
330.5,0.176110670878197,-0.014772706803104,0.175996741584015,-0.0147082487098175,2.38931701014126,0.029286622755795,-0.0141225160137775,2.38931701014126
330.75,0.176174880212184,-0.0146586372449087,0.176060670751929,-0.0145946768739639,2.40794142342049,0.0290032845294257,-0.0152190774498491,2.40794142342049
331,0.176238591214182,-0.0145442886073901,0.176124103762239,-0.0144808271765003,2.42640603875895,0.0287417396063285,-0.0161943630926197,2.42640603875895
331.25,0.176301802671225,-0.0144296630675816,0.17618703940727,-0.014366701784961,2.44470950265438,0.0285029949285582,-0.0170515650582821,2.44470950265438
331.5,0.176364513379859,-0.0143147628077883,0.176249476488818,-0.0142523028721288,2.46285052690619,0.0282879947704849,-0.0177938854382651,2.46285052690619
331.75,0.176426722146162,-0.0141995900155453,0.176311413818172,-0.0141376326159942,2.48082788869049,0.0280976206703441,-0.0184245352475944,2.48082788869049
332,0.176488427785768,-0.0140841468835767,0.176372850216133,-0.0140226931997135,2.49864043061926,0.027932691377549,-0.0189467333729205,2.49864043061926
332.25,0.176549629123891,-0.0139684356097533,0.176433784513042,-0.0139074868115676,2.5162870607838,0.0277939628156838,-0.0193637055204294,2.5162870607838
332.5,0.176610324995347,-0.013852458397051,0.176494215548798,-0.01379201564492,2.53376675278252,0.0276821280611363,-0.0196786831638422,2.53376675278252
332.75,0.176670514244572,-0.0137362174535087,0.17655414217288,-0.0136762818981753,2.55107854573286,0.0275978173374982,-0.019894902492762,2.55107854573286
333,0.176730195725651,-0.0136197149921864,0.176613563244372,-0.0135602877747372,2.5682215442676,0.0275415980255674,-0.0200156033615585,2.5682215442676
333.25,0.176789368302334,-0.013502953231123,0.176672477631983,-0.0134440354829666,2.5851949185154,0.0275139746890275,-0.0200440282390244,2.5851949185154
333.5,0.176848030848061,-0.0133859343932943,0.176730884214067,-0.0133275272361396,2.60199790406569,0.0275153891157784,-0.0199834211590311,2.60199790406569
333.75,0.176906182245981,-0.01326866070657,0.176788781878647,-0.0132107652524051,2.61862980191789,0.0275462203748591,-0.0198370266723966,2.61862980191789
334,0.176963821388975,-0.0131511344036723,0.176846169523436,-0.0130937517547432,2.63508997841491,0.0276067848890177,-0.0196080888002035,2.63508997841491
334.25,0.177020947179678,-0.0130333577221325,0.176903046055854,-0.0129764889709222,2.65137786516111,0.0276973365227809,-0.0192998499887548,2.65137786516111
334.5,0.177077558530496,-0.0129153329042489,0.176959410393056,-0.0128589791334563,2.66749295892465,0.0278180666861341,-0.0189155500664357,2.66749295892465
334.75,0.177133654363631,-0.0127970621970437,0.177015261461945,-0.0127412244795635,2.68343482152429,0.0279691044536535,-0.018458425202655,2.68343482152429
335,0.177189233611099,-0.012678547852221,0.177070598199198,-0.0126232272511228,2.69920307970054,0.0281505166991725,-0.0179317068691296,2.69920307970054
335.25,0.177244295214752,-0.0125597921261228,0.177125419551282,-0.0125049896946311,2.71479742497159,0.0283623082457968,-0.0173386208036768,2.71479742497159
335.5,0.177298838126296,-0.0124407972796872,0.177179724474478,-0.0123865140611613,2.73021761347344,0.0286044220314404,-0.0166823859768166,2.73021761347344
335.75,0.177352861307313,-0.0123215655784043,0.177233511934899,-0.0122678026063184,2.74546346578501,0.0288767392895609,-0.015966213561292,2.74546346578501
336,0.177406363729278,-0.012202099292274,0.177286780908509,-0.0121488575901976,2.76053486673749,0.0291790797453534,-0.015193305904845,2.76053486673749
336.25,0.177459344373583,-0.0120824006957621,0.177339530381144,-0.0120296812773406,2.77543176520876,0.0295112018270608,-0.0143668555063539,2.77543176520876
336.5,0.177511802231554,-0.0119624720677574,0.177391759348529,-0.0119102759366923,2.79015417390237,0.0298728028925614,-0.0134900439956239,2.79015417390237
336.75,0.177563736304467,-0.011842315691528,0.177443466816301,-0.0117906438415586,2.80470216911125,0.0302635194711038,-0.0125660411170349,2.80470216911125
337,0.177615145603573,-0.0117219338546782,0.177494651800023,-0.011670787269562,2.82103878457512,0.0306361699804363,-0.0152758842348698,2.82103878457512
337.25,0.177666029150114,-0.0116013288491046,0.177545313325208,-0.0115507085025988,2.83675078633098,0.0304429579525394,-0.0173908494995978,2.83675078633098
337.5,0.177716385975339,-0.0114805029709527,0.177595450427333,-0.0114304098267957,2.85219980388068,0.0301805599726007,-0.0192262375168652,2.85219980388068
337.75,0.177766215120527,-0.011359458520573,0.177645062151859,-0.0113098935324661,2.86744474273212,0.0299339004373495,-0.0207538641974526,2.86744474273212
338,0.177815515637004,-0.0112381978024774,0.177694147554252,-0.0111891619140665,2.88220227239277,0.0298161261634177,-0.0209804441407197,2.88220227239277
338.25,0.177864286586158,-0.0111167231252951,0.177742705699996,-0.0110682172701529,2.89679778772816,0.0297145709673546,-0.0211633947636729,2.89679778772816
338.5,0.177912527039461,-0.0109950368017289,0.177790735664613,-0.0109470619033369,2.91123157735642,0.0296286702869251,-0.0213057947426155,2.91123157735642
338.75,0.177960236078484,-0.0108731411485111,0.177838236533683,-0.0108256981202422,2.92550399301378,0.0295577992227765,-0.0214107059250521,2.92550399301378
339,0.178007412794916,-0.010751038486359,0.177885207402857,-0.0107041282314601,2.939615449225,0.0295012728732102,-0.0214811723151062,2.939615449225
339.25,0.17805405629058,-0.0106287311399315,0.177931647377878,-0.0105823545515062,2.95356642295862,0.0294583466840776,-0.0215202190643565,2.95356642295862
339.5,0.178100165677452,-0.010506221437784,0.177977555574595,-0.0104603793987758,2.96735745326717,0.0294282168136877,-0.0215308514682804,2.96735745326717
339.75,0.178145740077675,-0.0103835117123248,0.178022931118983,-0.0103382050954999,2.98098914091218,0.0294100205127607,-0.0215160539685888,2.98098914091218
340,0.178190778623577,-0.0102606042997701,0.178067773147157,-0.0102158339677012,2.99446214797461,0.0294028365191407,-0.0214787891615541,2.99446214797461
340.25,0.178235280457691,-0.0101375015400998,0.178112080805388,-0.0100932683451496,3.00777719744995,0.0294056854674341,-0.0214219968126862,3.00777719744995
340.5,0.178279244732765,-0.0100142057770131,0.178155853250124,-0.00997051056131786,3.02093507282906,0.0294175303132098,-0.021348592877807,3.02093507282906
340.75,0.178322670611784,-0.00989071935788361,0.178199089648,-0.00984756295333716,3.03393661766402,0.0294372767718971,-0.0212614685308752,3.03393661766402
341,0.178365557267979,-0.00976704463371473,0.178241789175857,-0.00972442786195283,3.04678273511958,0.029463773772124,-0.0211634891986683,3.04678273511958
341.25,0.178407903884853,-0.00964318395909486,0.178283951020758,-0.00960110763147943,3.05947438751014,0.0294958139234821,-0.0210574936025825,3.05947438751014
341.5,0.178449709656186,-0.00951913969215276,0.178325574380002,-0.00947760460975642,3.0720125958223,0.0295321339985854,-0.0209462928077396,3.0720125958223
341.75,0.178490973786056,-0.00939491419451251,0.17836665846114,-0.00935392114810336,3.08439843922331,0.0295714154292993,-0.0208326692795887,3.08439843922331
342,0.178531695488855,-0.00927050983124843,0.17840720248199,-0.00923005960127498,3.09663305455527,0.0296122848170568,-0.0207193759482257,3.09663305455527
342.25,0.178571873989298,-0.00914592897084031,0.178447205670654,-0.00910602232741664,3.10871763581535,0.0296533144571579,-0.0206091352806369,3.10871763581535
342.5,0.178611508522447,-0.00902117398512822,0.178486667265527,-0.00898181168801928,3.1206534336221,0.0296930228768813,-0.0205046383610218,3.1206534336221
342.75,0.178650598333716,-0.00889624724926713,0.178525586515318,-0.00885743004787433,3.13244175466806,0.029729875387349,-0.0204085439794394,3.13244175466806
343,0.178689142678891,-0.00877115114168209,0.178563962679061,-0.00873287977502898,3.14408396115847,0.029762284649024,-0.0203234777289696,3.14408396115847
343.25,0.178727140824144,-0.0086458880440227,0.178601795026128,-0.00860816324074095,3.15558147023676,0.0297886112506412,-0.0202520311115295,3.15558147023676
343.5,0.178764592046046,-0.00852046034111768,0.178639082836247,-0.00848328281943315,3.16693575339634,0.0298071643015498,-0.0201967606526131,3.16693575339634
343.75,0.178801495631578,-0.0083948704209298,0.17867582539951,-0.00835824088864892,3.17820403958365,0.029771640720516,-0.0202317839573873,3.17820403958365
344,0.17883785087815,-0.00826912067450999,0.178712022016394,-0.00823303982900626,3.18939304180549,0.0296757599249427,-0.0203623902229074,3.18939304180549
344.25,0.178873657093609,-0.00814321349595223,0.178747671997766,-0.00810768202415293,3.20042005601175,0.0295851314591147,-0.0204824486417067,3.20042005601175
344.5,0.178908913596259,-0.00801715128234774,0.178782774664901,-0.00798216986072088,3.21128589515084,0.0294987341615413,-0.0205949505415159,3.21128589515084
344.75,0.178943619714864,-0.00789093643373926,0.178817329349497,-0.00785650572828068,3.22199143429395,0.0294154877360653,-0.0207028636141984,3.22199143429395
345,0.178977774788672,-0.00776457135307562,0.178851335393681,-0.00773069201929632,3.23253761021253,0.0293342531780363,-0.0208091309145757,3.23253761021253
345.25,0.179011378167418,-0.00763805844616583,0.178884792150028,-0.00760473112907949,3.24292542094139,0.02925383321528,-0.0209166698658026,3.24292542094139
345.5,0.179044429211343,-0.00751140012163326,0.178917698981568,-0.00747862545574396,3.25315592532638,0.0291729727640727,-0.0210283712716761,3.25315592532638
345.75,0.179076927291203,-0.00738459879086979,0.178950055261804,-0.00735237740015992,3.26323024255753,0.0290903593997893,-0.0211470983359623,3.26323024255753
346,0.17910887178828,-0.00725765686799004,0.178981860374718,-0.00722598936590843,3.27314955168741,0.0290046238422381,-0.0212756856890108,3.27314955168741
346.25,0.179140262094398,-0.0071305767697852,0.179013113714787,-0.00709946375923546,3.28291509113473,0.0289143404556095,-0.0214169384218987,3.28291509113473
346.5,0.17917109761193,-0.00700336091567718,0.179043814686993,-0.00697280298900617,3.2926226104491,0.028740458796243,-0.0216743370108783,3.2926226104491
346.75,0.179201377753813,-0.00687601172767243,0.179073962706833,-0.00684600946665902,3.30227244096126,0.0284818197468059,-0.0220445334066405,3.30227244096126
347,0.179231101943557,-0.00674853163031596,0.179103557200332,-0.00671908560615996,3.31180499310608,0.0281866916900799,-0.0224625517789907,3.31180499310608
347.25,0.179260269615255,-0.00662092305064505,0.179132597604054,-0.00659203382395631,3.32122247434965,0.0278526912927764,-0.0229303243812679,3.32122247434965
347.5,0.179288880213598,-0.00649318841814309,0.179161083365111,-0.00646485653893085,3.3305271353868,0.0274773949236467,-0.0234497356836274,3.3305271353868
347.75,0.17931693319388,-0.0063653301646934,0.179189013941175,-0.00633755617235579,3.33972126934685,0.0270583394511621,-0.0240226216662696,3.33972126934685
348,0.179344428022014,-0.0062373507245328,0.17921638880049,-0.00621013514784661,3.34880721098836,0.0265930230519142,-0.02465076912475,3.34880721098836
348.25,0.179371364174538,-0.00610925253420532,0.179243207421875,-0.0060825958913159,3.35778733588347,0.0260789060294645,-0.0253359149873759,3.35778733588347
348.5,0.179397741138625,-0.00598103803251589,0.179269469294745,-0.00595494083092729,3.36588493468535,0.0260795291481669,-0.0249986713916632,3.36588493468535
348.75,0.179423558412097,-0.00585270966048386,0.179295173919111,-0.00582717239704918,3.37370319872008,0.0261614450337217,-0.0245159941054876,3.37370319872008
349,0.17944881550343,-0.00572426986129634,0.179320320805593,-0.00569929302220826,3.38135806977807,0.0262403181126534,-0.0240527741349465,3.38135806977807
349.25,0.179473511931765,-0.00559572108026207,0.179344909475431,-0.00557130514104361,3.38885080182521,0.0263147471797059,-0.0236118314457816,3.38885080182521
349.5,0.179497647226919,-0.00546706576476444,0.179368939460493,-0.00544321119025988,3.39618270757629,0.0263832754522627,-0.0231959570315881,3.39618270757629
349.75,0.179521220929389,-0.00533830636421525,0.179392410303282,-0.00531501360858132,3.40335515800358,0.026444391064436,-0.0228079119692649,3.40335515800358
350,0.179544232590366,-0.00520944533000794,0.179415321556947,-0.00518671483670512,3.41036958183146,0.0264965275752042,-0.0224504264819414,3.41036958183146
350.25,0.179566681771742,-0.00508048511547075,0.179437672785291,-0.00505831731725487,3.41722746501675,0.0265380644906031,-0.0221261990096608,3.41722746501675
350.5,0.179588568046117,-0.00495142817582032,0.179459463562778,-0.0049298234947343,3.42393035021532,0.0265673277997746,-0.0218378952879584,3.42393035021532
350.75,0.179609890996807,-0.00482227696811481,0.179480693474544,-0.00480123581548064,3.43047983623459,0.0265825905248545,-0.0215881474346011,3.43047983623459
351,0.179630650217854,-0.00469303395120693,0.179501362116402,-0.00467255672761782,3.43687757747266,0.0265820732844287,-0.0213795530445723,3.43687757747266
351.25,0.179650845314033,-0.00456370158569749,0.17952146909485,-0.00454378868101026,3.44312528334341,0.026563944870672,-0.0212146742936715,3.44312528334341
351.5,0.179670475900857,-0.00443428233388834,0.179541014027082,-0.004414934127216,3.44922471768849,0.0265263228397598,-0.0210960370507018,3.44922471768849
351.75,0.17968954160459,-0.00430477865973538,0.179559996540988,-0.00428599551943989,3.45517769817574,0.026467274115709,-0.0210261299986544,3.45517769817574
352,0.179708042062247,-0.00417519302880198,0.17957841627517,-0.00415697531248725,3.46098609568437,0.0263848156073105,-0.0210074037649165,3.46098609568437
352.25,0.179725976921606,-0.00404552790821171,0.179596272878943,-0.00402787596271681,3.46665183367721,0.0262769148381346,-0.0210422700607745,3.46665183367721
352.5,0.179743345841214,-0.00391578576660155,0.179613566012342,-0.00389869992799407,3.47217688755978,0.0261414905894281,-0.0211331008303636,3.47217688755978
352.75,0.179760148490391,-0.0037859690740749,0.179630295346132,-0.00376944966764458,3.4775632840267,0.0259764135558084,-0.0212822274092788,3.4775632840267
353,0.17977638454924,-0.00365608030215444,0.179646460561809,-0.00364012764240697,3.48281310039529,0.0257795070135628,-0.0214919396929832,3.48281310039529
353.25,0.179792053708648,-0.00352612192373513,0.179662061351611,-0.00351073631438615,3.48792846392663,0.0255485475014796,-0.0217644853152564,3.48792846392663
353.5,0.179807155670298,-0.00339609641303721,0.179677097418522,-0.00338127814700654,3.49291155113428,0.0252812655139964,-0.0221020688367899,3.49291155113428
353.75,0.17982169014667,-0.00326600624555895,0.179691568476277,-0.00325175560496503,3.49776458708064,0.0249753462065728,-0.0225068509441603,3.49776458708064
354,0.179835656861048,-0.0031358538980296,0.179705474249368,-0.00312217115418407,3.50229606555732,0.0246463335561481,-0.0228647945919585,3.50229606555732
354.25,0.179849055547527,-0.00300564184836229,0.179718814473049,-0.00299252726176488,3.50507640154928,0.0244335898369941,-0.0223355191214507,3.50507640154928
354.5,0.179861885951015,-0.00287537257560673,0.17973158889334,-0.00286282639594026,3.50766239420124,0.0241990355768089,-0.0218664718957768,3.50766239420124
354.75,0.17987414782724,-0.00274504855990207,0.179743797267037,-0.00273307102602771,3.51005592165611,0.0239407478646836,-0.0214606562199376,3.51005592165611
355,0.179885840942752,-0.00261467228242975,0.179755439361708,-0.00260326362238249,3.51225892481477,0.023656745147868,-0.0211210387708996,3.51225892481477
355.25,0.179896965074933,-0.00248424622536612,0.179766514955705,-0.0024734066563504,3.51427340674276,0.0233449878257792,-0.0208505485959564,3.51427340674276
355.5,0.179907520011994,-0.00235377287183537,0.179777023838165,-0.00234350260022096,3.51610143206223,0.0230033788588756,-0.0206520761198681,3.51610143206223
355.75,0.179917505552985,-0.00222325470586198,0.179786965809014,-0.00221355392718004,3.51774512632866,0.0226297643924526,-0.0205284721611428,3.51774512632866
356,0.179926921507795,-0.00209269421232374,0.17979634067897,-0.00208356311126312,3.51920667539298,0.022221934395076,-0.0204825469575425,3.51920667539298
356.25,0.179935767697158,-0.00196209387690431,0.179805148269551,-0.00195353262730801,3.52048832474908,0.0217776233115701,-0.0205170692010598,3.52048832474908
356.5,0.179944043952656,-0.00183145618604571,0.179813388413072,-0.00182346495090758,3.5215923788667,0.0212945107304934,-0.0206347650826378,3.5215923788667
356.75,0.17995175011672,-0.00170078362690131,0.179821060952653,-0.00169336255836295,3.52252120051,0.0207702220658389,-0.0208383173467206,3.52252120051
357,0.179958886042637,-0.00157007868728833,0.179828165742219,-0.00156322792663619,3.52327721004193,0.0202023292529404,-0.0211303643559538,3.52327721004193
357.25,0.179965451594549,-0.00143934385564032,0.179834702646506,-0.001433063533303,3.52478868092359,0.0190940964386325,-0.0219963809863923,3.52478868092359
357.5,0.179971446647456,-0.00130858162096006,0.17984067154106,-0.00130287185650585,3.5303936203554,0.015649452500485,-0.025123446167702,3.5303936203554
357.75,0.179976871087222,-0.00117779447277207,0.179846072312242,-0.00117265537490666,3.54061770996554,0.00863557571441165,-0.0283600601632569,3.54061770996554
358,0.179981724810573,-0.00104698490107502,0.17985090485723,-0.00104241656763942,3.55589405100074,-0.00180774973308077,-0.0292687684805245,3.55589405100074
358.25,0.179986007725101,-0.00091615539629471,0.179855169084018,-0.000912157914263396,3.57552622591036,-0.0048844667094622,-0.0160264027776007,3.57552622591036
358.5,0.179989719749267,-0.000785308449236206,0.179858864911423,-0.000781881894715481,3.58775004939231,-0.00227246449865213,-0.00751748476981993,3.58775004939231
358.75,0.179992860812397,-0.000654446551036827,0.17986199226908,-0.000651590989263348,3.58747172329238,-0.00163183947519288,-0.00730726740371071,3.58747172329238
359,0.179995430854692,-0.000523572193118533,0.17986455109745,-0.000521287678458082,3.58730087403052,-0.00111602513877325,-0.00713743814084007,3.58730087403052
359.25,0.17999742982722,-0.000392687867140343,0.179866541347815,-0.000390974443086784,3.58723845150768,-0.000725977957989175,-0.00700580256212776,3.58723845150768
359.5,0.179998857691925,-0.000261796064951209,0.179867962982285,-0.000260653764125668,3.5872853727185,-0.000462621164969442,-0.00691014958297174,3.5872853727185
359.75,0.179999714421622,-0.000130899278542423,0.179868815973793,-0.00013032812269266,3.5874425214953,-0.000326844499292494,-0.00684825191796576,3.5874425214953
