phi_deg,x_boundary,y_boundary,x_query,y_query,sig_tt,sig_nn,sig_nt,sig_tt_eff
0,0.18,0,0.179738200612201,0,3.43934874691871,0.0467923392322132,0.0286926382153094,3.43934874691871
0.25,0.179999714421622,0.000130899278542397,0.179737917525964,0.000129756966842872,3.43901237296086,0.0470374034955332,0.0282092164415035,3.43901237296086
0.5,0.179998857691925,0.000261796064951218,0.179737068272644,0.000259511463300136,3.43854471156273,0.0472568630735388,0.0277989673165868,3.43854471156273
0.75,0.17999742982722,0.000392687867140333,0.17973565286841,0.000389261019033217,3.4379438219602,0.0474526634557423,0.0274595507115251,3.4379438219602
1,0.179995430854692,0.000523572193118505,0.179733671340207,0.000519003163797603,3.43720781495049,0.047626701557233,0.0271885912988438,3.43720781495049
1.25,0.179992860812397,0.000654446551036834,0.179731123725763,0.000648735427489877,3.43633485344077,0.047780825169953,0.0269836794009727,3.43633485344077
1.5,0.179989719749267,0.000785308449236194,0.179728010073579,0.000778455340194743,3.43532315298369,0.0479168324268543,0.0268423718465182,3.43532315298369
1.75,0.179986007725101,0.00091615539629468,0.179724330442936,0.000908160432232052,3.43417098230019,0.0480364712789524,0.0267621928342312,3.43417098230019
2,0.179981724810573,0.00104698490107503,0.179720084903887,0.00103784823420382,3.43287666378884,0.0481414389855941,0.0267406348046074,3.43287666378884
2.25,0.179976871087222,0.00117779447277206,0.179715273537263,0.00116751627704123,3.4314385740221,0.0482333816178335,0.0267751593188049,3.4314385740221
2.5,0.179971446647456,0.00130858162096008,0.179709896434664,0.00129716209205166,3.42985514422918,0.0483138935751585,0.0268631979447745,3.42985514422918
2.75,0.179965451594549,0.00143934385564032,0.179703953698463,0.00142678321096568,3.42812486076545,0.0483845171155982,0.0270021531503683,3.42812486076545
3,0.179958886042637,0.00157007868728831,0.1796974454418,0.00155637716598403,3.42624626556826,0.0484467418993331,0.0271893992032512,3.42624626556826
3.25,0.17995175011672,0.00170078362690133,0.179690371788585,0.00168594148982461,3.42421795659916,0.048502004545894,0.0274222830774173,3.42421795659916
3.5,0.179944043952656,0.00183145618604571,0.179682732873488,0.00181547371576945,3.42203858827232,0.048551688205067,0.027698125366124,3.42203858827232
3.75,0.179935767697158,0.00196209387690429,0.179674528841944,0.00194497137771169,3.41970687186918,0.0485971221415335,0.0280142212010258,3.41970687186918
4,0.179926921507795,0.00209269421232376,0.179665759850146,0.00207443201020252,3.41722157593914,0.0486395813334073,0.0283678411773406,3.41722157593914
4.25,0.179917505552985,0.00222325470586198,0.179656426065043,0.0022038531484981,3.41458152668635,0.0486802860846542,0.0287562322848075,3.41458152668635
4.5,0.179907520011994,0.00235377287183535,0.179646527664336,0.00233323232860652,3.41178560834217,0.048720401651654,0.0291766188443159,3.41178560834217
4.75,0.179896965074933,0.00248424622536613,0.179636064836477,0.00246256708733469,3.40883276352386,0.0487610378836922,0.0296262034498779,3.40883276352386
5,0.179885840942752,0.00261467228242974,0.179625037780663,0.00259185496233523,3.40572199357863,0.0488032488777882,0.0301021679158856,3.40572199357863
5.25,0.17987414782724,0.00274504855990207,0.179613446706833,0.00272109349215336,3.40245235891369,0.0488480326476718,0.0306016742293374,3.40245235891369
5.5,0.179861885951015,0.00287537257560672,0.179601291835665,0.00285028021627378,3.39902297931178,0.0488963308071252,0.0311218655068939,3.39902297931178
5.75,0.179849055547527,0.00300564184836229,0.17958857339857,0.00297941267516746,3.39543303423229,0.0489490282676745,0.0316598669565246,3.39543303423229
6,0.179835656861048,0.0031358538980296,0.179575291637688,0.00310848841033855,3.39168176309788,0.0490069529507605,0.0322127868435649,3.39168176309788
6.25,0.17982169014667,0.00326600624555894,0.179561446805885,0.00323750496437109,3.3877684655665,0.0490708755144178,0.0327777174609626,3.3877684655665
6.5,0.179807155670298,0.0033960964130372,0.179547039166747,0.00336645988097587,3.38369250178888,0.0491415090944712,0.0333517361034944,3.38369250178888
6.75,0.179792053708648,0.00352612192373513,0.179532068994574,0.00349535070503716,3.37945329265119,0.0492195090604473,0.0339319060457857,3.37945329265119
7,0.17977638454924,0.00365608030215442,0.179516536574378,0.00362417498265947,3.37505032000319,0.0493054727860461,0.0345152775238661,3.37505032000319
7.25,0.179760148490391,0.00378596907407489,0.179500442201872,0.00375293026121425,3.3707946378621,0.0499173514966797,0.0338451381760226,3.3707946378621
7.5,0.179743345841214,0.00391578576660155,0.17948378618347,0.00388161408938658,3.36641361694887,0.0505436343029936,0.0331029129122685,3.36641361694887
7.75,0.179725976921606,0.00404552790821169,0.17946656883628,0.00401022401722188,3.36187178183094,0.0511280587244043,0.0324248484947701,3.36187178183094
8,0.179708042062247,0.00417519302880196,0.179448790488094,0.00413875759617251,3.35716700329497,0.0516728293176446,0.0318083915414979,3.35716700329497
8.25,0.17968954160459,0.00430477865973538,0.179430451477386,0.00426721237914439,3.35229720822153,0.0521800984027246,0.0312509468433171,3.35229720822153
8.5,0.179670475900857,0.00443428233388832,0.179411552153306,0.00439558592054363,3.34726038025491,0.0526519653915236,0.0307498782786493,3.34726038025491
8.75,0.179650845314033,0.0045637015856975,0.179392092875668,0.00452387577632305,3.3420545604593,0.0530904761301461,0.0303025097378929,3.3420545604593
9,0.179630650217854,0.00469303395120693,0.17937207401495,0.00465207950402871,3.33667784796065,0.0534976222553486,0.0299061260575686,3.33667784796065
9.25,0.179609890996807,0.00482227696811478,0.179351495952282,0.00478019466284644,3.33112840057438,0.0538753405650763,0.0295579739638891,3.33112840057438
9.5,0.179588568046117,0.00495142817582033,0.179330359079439,0.00490821881364829,3.32540443541884,0.0542255124032512,0.0292552630255637,3.32540443541884
9.75,0.179566681771742,0.00508048511547074,0.179308663798839,0.00503614951903897,3.31950422951419,0.0545499630589648,0.0289951666156558,3.31950422951419
10,0.179544232590366,0.00520944533000791,0.179286410523528,0.00516398434340227,3.31342612036688,0.0548504611801536,0.0287748228822436,3.31342612036688
10.25,0.179521220929389,0.00533830636421525,0.179263599677175,0.00529172085294739,3.30716850653909,0.0551287182019959,0.0285913357277685,3.30716850653909
10.5,0.179497647226919,0.00546706576476442,0.179240231694068,0.00541935661575532,3.30072984820367,0.0553863877899896,0.0284417757967319,3.30072984820367
10.75,0.179473511931765,0.00559572108026204,0.179216307019098,0.00554688920182512,3.2941086676839,0.055625065297956,0.028323181471631,3.2941086676839
11,0.17944881550343,0.00572426986129634,0.179191826107756,0.00567431618312019,3.28730354997833,0.0558462872410167,0.0282325598768663,3.28730354997833
11.25,0.179423558412097,0.00585270966048385,0.179166789426125,0.00580163513361449,3.28031314327027,0.056051530783726,0.0281668878904555,3.28031314327027
11.5,0.179397741138625,0.00598103803251591,0.179141197450866,0.00592884362933871,3.27313615942225,0.056242213243319,0.0281231131632378,3.27313615942225
11.75,0.179371364174538,0.00610925253420532,0.179115050669214,0.00605593924842648,3.26577137445469,0.0564196916084392,0.0280981551455204,3.26577137445469
12,0.179344428022014,0.00623735072453278,0.179088349578965,0.0061829195711604,3.25821762900955,0.0565852620731188,0.0280889061207328,3.25821762900955
12.25,0.17931693319388,0.00636533016469339,0.17906109468847,0.00630978218001818,3.25047382879793,0.0567401595864309,0.0280922322460747,3.25047382879793
12.5,0.179288880213598,0.00649318841814309,0.179033286516623,0.00643652465971861,3.24253894503232,0.0568855574176701,0.0281049745997783,3.24253894503232
12.75,0.179260269615255,0.00662092305064503,0.179004925592852,0.00656314459726756,3.23441201484285,0.0570225667372956,0.0281239502348582,3.23441201484285
13,0.179231101943557,0.00674853163031595,0.178976012457106,0.00668963958200395,3.22609214167771,0.0571522362136838,0.0281459532390857,3.22609214167771
13.25,0.179201377753813,0.00687601172767242,0.178946547659852,0.00681600720564561,3.21757849568766,0.0572755516257469,0.0281677558009522,3.21757849568766
13.5,0.17917109761193,0.00700336091567716,0.178916531762056,0.00694224506233514,3.20887031409439,0.0573934354915808,0.0281861092814339,3.20887031409439
13.75,0.179140262094398,0.00713057676978519,0.178885965335177,0.00706835074868571,3.19996690154293,0.0575067467130869,0.0281977452912595,3.19996690154293
14,0.17910887178828,0.00725765686799003,0.178854848961157,0.00719432186382683,3.19086763043748,0.0576162802368751,0.0281993767735679,3.19086763043748
14.25,0.179076927291203,0.00738459879086979,0.178823183232405,0.00732015600945006,3.18157194126142,0.0577227667312282,0.0281876990915755,3.18157194126142
14.5,0.179044429211343,0.00751140012163324,0.178790968751793,0.00744585078985464,3.17207934288062,0.057826872279462,0.0281593911211541,3.17207934288062
14.75,0.179011378167418,0.00763805844616583,0.178758206132637,0.00757140381199315,3.16238941283042,0.0579291980895978,0.0281111163480126,3.16238941283042
15,0.178977774788672,0.00776457135307562,0.17872489599869,0.00769681268551702,3.15250179758612,0.0580302802204818,0.0280395239692755,3.15250179758612
15.25,0.178943619714864,0.00789093643373924,0.17869103898413,0.00782207502282208,3.14241621281702,0.0581305893243233,0.0279412499991981,3.14241621281702
15.5,0.178908913596259,0.0080171512823477,0.178656635733544,0.00794718843909398,3.1321324436236,0.0582305304058841,0.0278129183788381,3.1321324436236
15.75,0.178873657093609,0.00814321349595223,0.178621686901922,0.00807215055235362,3.12165034475829,0.0583304425981497,0.0276511420893717,3.12165034475829
16,0.17883785087815,0.00826912067450998,0.178586193154638,0.00819695898350251,3.11096984082931,0.0584305989547599,0.0274525242688978,3.11096984082931
16.25,0.178801495631578,0.00839487042092976,0.178550155167443,0.00832161135636801,3.1000909264879,0.0585312062590563,0.0272136593324196,3.1000909264879
16.5,0.178764592046046,0.00852046034111768,0.178513573626448,0.00844610529774863,3.08901366659858,0.0586324048499253,0.0269311340948171,3.08901366659858
16.75,0.178727140824144,0.00864588804402268,0.178476449228112,0.00857043843745917,3.07773819639273,0.0587342684643942,0.0266015288965442,3.07773819639273
17,0.178689142678891,0.0087711511416821,0.178438782679231,0.0086946084083759,3.06634623095488,0.0588471041452076,0.02608671521077,3.06634623095488
17.25,0.178650598333716,0.00889624724926713,0.178400574696921,0.00881861284648153,3.05554782613307,0.0590452803239127,0.024236312807383,3.05554782613307
17.5,0.178611508522447,0.00902117398512819,0.178361826008607,0.00894244939091032,3.04461973012181,0.0592233275660249,0.0222666880317092,3.04461973012181
17.75,0.178571873989298,0.00914592897084032,0.178322537352009,0.00906611568399297,3.0335640488173,0.0593793446407679,0.0201752749034239,3.0335640488173
18,0.178531695488855,0.00927050983124842,0.178282709475126,0.00918960937130153,3.02238294425665,0.0595113770249291,0.0179595378885938,3.02238294425665
18.25,0.178490973786056,0.00939491419451248,0.178242343136223,0.00931292810169419,3.01107863417642,0.0596174173403579,0.0156169728212322,3.01107863417642
18.5,0.178449709656186,0.00951913969215276,0.178201439103818,0.00943606952736009,3.00056596171706,0.0587799917405815,0.0119165575118956,3.00056596171706
18.75,0.178407903884853,0.00964318395909485,0.178159998156663,0.00955903130386399,2.99111936802,0.0567241356790346,0.00656257358937785,2.99111936802
19,0.17836555726798,0.0097670446337147,0.178118021083735,0.00968181109019092,2.98165874744313,0.0545335917044348,0.00104074917309502,2.98165874744313
19.25,0.178322670611784,0.00989071935788362,0.178075508684217,0.00980440654879071,2.97218784917859,0.052204832445995,-0.00464917549775364,2.97218784917859
19.5,0.178279244732765,0.0100142057770131,0.178032461767483,0.00992681534562257,2.96271044042383,0.0497343153547603,-0.0105073981220666,2.96271044042383
19.75,0.178235280457691,0.0101375015400998,0.177988881153086,0.0100490351501994,2.95272141166667,0.0476015889608677,-0.0128981111218335,2.95272141166667
20,0.178190778623577,0.0102606042997701,0.177944767670736,0.0101710636356324,2.94153897598029,0.0464605039207238,-0.00786843134846435,2.94153897598029
20.25,0.178145740077675,0.0103835117123248,0.177900122160292,0.0102928984786751,2.9301442663383,0.0453831536366376,-0.00290162482166456,2.9301442663383
20.5,0.178100165677452,0.010506221437784,0.177854945471738,0.0104145373597675,2.91853800747062,0.044369050828725,0.00199902321891924,2.91853800747062
20.75,0.17805405629058,0.0106287311399315,0.177809238465175,0.0105359779630809,2.90672098514327,0.0434176500044551,0.00683023292974746,2.90672098514327
21,0.178007412794916,0.010751038486359,0.177763002010798,0.0106572179765612,2.89469404610811,0.0425283475043584,0.0115887308052064,2.89469404610811
21.25,0.177960236078484,0.010873141148511,0.177716236988882,0.0107782550919733,2.88245809803865,0.0417004815615172,0.0162712506189711,2.88245809803865
21.5,0.177912527039461,0.0109950368017289,0.177668944289765,0.0108990870049449,2.87001410945223,0.0409333323748176,0.020874534364716,2.87001410945223
21.75,0.177864286586158,0.0111167231252951,0.177621124813834,0.0110197114150106,2.85736310961809,0.0402261221960076,0.0253953331959851,2.85736310961809
22,0.177815515637004,0.0112381978024774,0.177572779471501,0.0111401260256556,2.84450618845194,0.0395780154304593,0.0298304083650158,2.84450618845194
22.25,0.177766215120527,0.011359458520573,0.177523909183192,0.0112603285443591,2.83144449639647,0.0389881187517292,0.0341765321603408,2.83144449639647
22.5,0.177716385975339,0.0114805029709527,0.177474514879327,0.0113803166826386,2.81817924428829,0.0384554812297885,0.0384304888429564,2.81817924428829
22.75,0.177666029150114,0.0116013288491046,0.177424597500302,0.0115000881560929,2.80471170321092,0.0379790944730454,0.0425890755808775,2.80471170321092
23,0.177615145603573,0.0117219338546782,0.177374157996473,0.0116196406844456,2.79104320433417,0.0375578927839808,0.0466491033818782,2.79104320433417
23.25,0.177563736304467,0.011842315691528,0.177323197328135,0.0117389719915891,2.77717513873974,0.0371907533284939,0.0506073980242292,2.77717513873974
23.5,0.177511802231554,0.0119624720677574,0.177271716465505,0.0118580798056273,2.76310895723307,0.0368764963188966,0.0544608009852363,2.76310895723307
23.75,0.177459344373583,0.0120824006957621,0.177219716388704,0.011976961858919,2.74884617014171,0.0366138852104793,0.058206170367391,2.74884617014171
24,0.177406363729278,0.012202099292274,0.17716719808774,0.0120956158881213,2.73438834709986,0.0364016269116923,0.0618403818219417,2.73438834709986
24.25,0.177352861307313,0.0123215655784043,0.177114162562486,0.0122140396342325,2.71973711681938,0.0362383720078661,0.0653603294696911,2.71973711681938
24.5,0.177298838126296,0.0124407972796872,0.17706061082266,0.0123322308426353,2.70489416684728,0.0361227149984462,0.0687629268188289,2.70489416684728
24.75,0.177244295214752,0.0125597921261228,0.177006543887811,0.0124501872631394,2.68986124330959,0.0360531945476971,0.072045107679614,2.68986124330959
25,0.1771892336111,0.012678547852221,0.176951962787296,0.0125679066500245,2.6746401506419,0.036028293748816,0.0752038270757126,2.6746401506419
25.25,0.177133654363631,0.0127970621970437,0.176896868560259,0.0126853867620833,2.6583698971415,0.0363962235078394,0.0754319567278547,2.6583698971415
25.5,0.177077558530496,0.0129153329042489,0.176841262255616,0.0128026253626637,2.641919036943,0.0367741275849794,0.0753687492965859,2.641919036943
25.75,0.177020947179678,0.0130333577221325,0.176785144932031,0.0129196202197118,2.62538380330042,0.0371229051707115,0.0753228233666216,2.62538380330042
26,0.176963821388975,0.0131511344036723,0.176728517657896,0.0130363691058141,2.60876218575123,0.037444874894389,0.0752927705771853,2.60876218575123
26.25,0.176906182245981,0.01326866070657,0.176671381511314,0.0131528697982402,2.5920522061633,0.0377423252098966,0.075277133845688,2.5920522061633
26.5,0.176848030848061,0.0133859343932943,0.176613737580073,0.0132691200789848,2.57525191956145,0.0380175135633459,0.0752744079069548,2.57525191956145
26.75,0.176789368302334,0.013502953231123,0.176555586961632,0.0133851177348101,2.5583594149453,0.0382726655691368,0.0752830398651701,2.5583594149453
27,0.176730195725651,0.0136197149921864,0.176496930763093,0.013500860557288,2.54137281609893,0.0385099741944283,0.075301429758174,2.54137281609893
27.25,0.176670514244572,0.0137362174535087,0.176437770101188,0.0136163463428419,2.52429028239162,0.0387315989522707,0.0753279311341226,2.52429028239162
27.5,0.176610324995347,0.013852458397051,0.176378106102249,0.013731572892789,2.50711000956988,0.0389396651035625,0.0753608516403597,2.50711000956988
27.75,0.176549629123891,0.0139684356097533,0.176317939902194,0.0138465380133818,2.48983023054037,0.0391362628679822,0.0753984536243302,2.48983023054037
28,0.176488427785768,0.0140841468835767,0.176257272646499,0.0139612395158503,2.47244921614372,0.0393234466440693,0.0754389547464208,2.47244921614372
28.25,0.176426722146162,0.0141995900155453,0.176196105490181,0.014075675216443,2.45496527591876,0.0395032342386978,0.075480528604695,2.45496527591876
28.5,0.176364513379859,0.0143147628077883,0.176134439597777,0.0141898429364693,2.43737675885757,0.0396776061059626,0.075521305371166,2.43737675885757
28.75,0.176301802671225,0.0144296630675816,0.176072276143314,0.0143037405023403,2.41968205415038,0.0398485045958313,0.0755593724397509,2.41968205415038
29,0.176238591214182,0.0145442886073901,0.176009616310296,0.0144173657456105,2.40187959192095,0.040017833212554,0.0755927750855094,2.40187959192095
29.25,0.176174880212184,0.0146586372449086,0.175946461291675,0.0145307165030191,2.38396784395174,0.0401874558831264,0.075619517135217,2.38396784395174
29.5,0.176110670878197,0.014772706803104,0.175882812289832,0.014643790616531,2.36594532439891,0.0403591962358619,0.0756375616489783,2.36594532439891
29.75,0.176045964434674,0.0148864951102562,0.175818670516553,0.0147565859333782,2.34781059049702,0.0405348368893256,0.0756448316128698,2.34781059049702
30,0.175980762113533,0.015,0.175754037193004,0.0148691003061004,2.3295622432531,0.0407161187517274,0.0756392106423742,2.3295622432531
30.25,0.175915065156132,0.0151132193113658,0.17568891354971,0.0149813315925861,2.31119892813017,0.0409047403309227,0.0756185436964516,2.31119892813017
30.5,0.175848874813246,0.0152261508888211,0.175623300826532,0.0150932776561134,2.29271933571986,0.0411023570552518,0.0755806378021972,2.29271933571986
30.75,0.175782192345044,0.0153387925823116,0.175557200272642,0.0152049363653907,2.27412220240413,0.0413105806052315,0.0755232627897545,2.27412220240413
31,0.175715019021063,0.0154511422473016,0.175490613146498,0.0153163055945969,2.25540631100573,0.0415309782564334,0.075444152037556,2.25540631100573
31.25,0.175647356120188,0.0155631977448156,0.175423540715824,0.0154273832234226,2.23657049142757,0.0417650722334819,0.0753410032274768,2.23657049142757
31.5,0.175579204930623,0.0156749569414785,0.175355984257582,0.0155381671371099,2.21761362128057,0.0420143390755122,0.0752114791099723,2.21761362128057
31.75,0.175510566749867,0.0157864177095561,0.175287945057949,0.0156486552264926,2.19853462649996,0.0422802090130937,0.0750532082788751,2.19853462649996
32,0.175441442884693,0.0158975779269961,0.175219424412295,0.0157588453880369,2.17933248194989,0.0425640653568386,0.0748637859557816,2.17933248194989
32.25,0.175371834651119,0.0160084354774683,0.175150423625152,0.0158687355238809,2.1600062120163,0.0428672438977675,0.074640774783781,2.1600062120163
32.5,0.175301743374387,0.0161189882504047,0.175080944010198,0.0159783235418748,2.14055489118765,0.0431910323196538,0.0743817056304666,2.14055489118765
32.75,0.175231170388932,0.0162292341410398,0.175010986890222,0.0160876073556207,2.12097764462368,0.043536669623387,0.0740840783999372,2.12097764462368
33,0.175160117038363,0.0163391710504508,0.174940553597109,0.0161965848845124,2.10127364871195,0.0439053455635315,0.0737453628536881,2.10127364871195
33.25,0.175088584675433,0.0164487968855974,0.174869645471807,0.0163052540537747,2.08144213161197,0.0442982000972173,0.0733629994402142,2.08144213161197
33.5,0.175016574662015,0.0165581095593617,0.174798263864303,0.0164136127945033,2.06148237378677,0.044716322845502,0.0729344001331546,2.06148237378677
33.75,0.174944088369076,0.0166671069905881,0.174726410133602,0.0165216590437041,2.04139370852209,0.0451607525672259,0.072456949277722,2.04139370852209
34,0.174871127176651,0.0167757871041224,0.174654085647694,0.0166293907443321,2.0211755224326,0.0456324766456382,0.0719280044453685,2.0211755224326
34.25,0.174797692473816,0.0168841478308521,0.174581291783533,0.0167368058453311,2.00082725595546,0.0461324305877652,0.0713448972963836,2.00082725595546
34.5,0.17472378565866,0.016992187107745,0.17450802992701,0.0168439023016724,1.98034840383077,0.046661497536761,0.070704934450341,1.98034840383077
34.75,0.174649408138265,0.0170999028778891,0.174434301472925,0.0169506780743939,1.95973851556905,0.0472205077972467,0.070005398364128,1.95973851556905
35,0.17457456132867,0.0172072930905314,0.17436010782496,0.0170571311306387,1.93900915250299,0.0477414553377725,0.0689283702539916,1.93900915250299
35.25,0.17449924665485,0.017314355701117,0.174285450395658,0.017163259443694,1.91829383130039,0.0476058130921424,0.0647831376820708,1.91829383130039
35.5,0.17442346555069,0.0174210886713282,0.174210330606386,0.0172690609930299,1.89751328678232,0.0474063142699767,0.0604170299014884,1.89751328678232
35.75,0.17434721945895,0.017527489969123,0.174134749887318,0.0173745337643373,1.87667139510513,0.0471394821446941,0.0558286990419416,1.87667139510513
36,0.174270509831248,0.0176335575687742,0.174058709677402,0.0174796757495667,1.85577206661088,0.0468018082539147,0.051016852505668,1.85577206661088
36.25,0.174193338128024,0.0177392894509075,0.173982211424333,0.0175844849469662,1.8348192450346,0.0463897531845249,0.045980253546955,1.8348192450346
36.5,0.174115705818517,0.0178446836025402,0.173905256584529,0.0176889593611198,1.81381690670259,0.0458997473666682,0.0407177218406799,1.81381690670259
36.75,0.174037614380732,0.0179497380171198,0.173827846623098,0.0177930970029852,1.79276905972201,0.0453281918764519,0.0352281340398369,1.79276905972201
37,0.173959065301419,0.0180544506945614,0.173749983013814,0.0178968958899319,1.7716797431617,0.0446714592472796,0.0295104243218382,1.7716797431617
37.25,0.173880060076039,0.0181588196412868,0.173671667239088,0.0180003540457787,1.75055302622466,0.0439258942896049,0.0235635849235434,1.75055302622466
37.5,0.173800600208737,0.0182628428702616,0.17359290078994,0.0181034695008314,1.72939300741201,0.0430878149190043,0.0173866666648216,1.72939300741201
37.75,0.173720687212315,0.0183665184010335,0.17351368516597,0.0182062402919204,1.70820381367894,0.0421535129923713,0.0109787794605785,1.70820381367894
38,0.173640322608202,0.0184698442597697,0.173434021875328,0.018308664462438,1.68698959958255,0.0411192551520796,0.00433909282113184,1.68698959958255
38.25,0.173559507926422,0.018572818479295,0.173353912434689,0.0184107400623755,1.67615583301438,0.0377630920710739,0.00217898250869026,1.67615583301438
38.5,0.173478244705572,0.0186754390991286,0.173273358369222,0.0185124651483608,1.67659369615742,0.0319928816381575,0.00512761632101519,1.67659369615742
38.75,0.173396534492786,0.0187777041655218,0.173192361212559,0.0186138377836949,1.6770107241965,0.0262526980209369,0.00814897893916826,1.6770107241965
39,0.173314378843709,0.0188796117314951,0.173110922506769,0.0187148560383888,1.67740571777126,0.0205438419249897,0.0112426103152082,1.67740571777126
39.25,0.173231779322466,0.0189811598568755,0.173029043802329,0.0188155179892006,1.67777748566248,0.0148676057378151,0.0144080313892342,1.67777748566248
39.5,0.173148737501632,0.0190823466083329,0.17294672665809,0.0189158217196718,1.67545616527586,0.0085270108564768,0.0191763761408243,1.67545616527586
39.75,0.173065254962204,0.0191831700594175,0.172863972641253,0.0190157653201641,1.65723034065261,-0.00180011694989719,0.0329998802653558,1.65723034065261
40,0.172981333293569,0.0192836282905962,0.172780783327334,0.0191153468878954,1.63887231959962,-0.0118883660378017,0.0467286549932137,1.63887231959962
40.25,0.172896974093476,0.0193837193892889,0.172697160300138,0.019214564526976,1.61605166282875,-0.0165332859549198,0.0589842904307484,1.61605166282875
40.5,0.172812178968001,0.0194834414499055,0.172613105151728,0.0193134163484453,1.58885380085715,-0.0143513279409236,0.0664323833760669,1.58885380085715
40.75,0.172726949531521,0.0195827925738817,0.172528619482392,0.019411900470307,1.56356863549842,-0.0117910442862639,0.0686357711249359,1.56356863549842
41,0.172641287406683,0.0196817708697152,0.172443704900615,0.0195100150175654,1.53841627995887,-0.00932080984438368,0.0707126244968642,1.53841627995887
41.25,0.172555194224369,0.0197803744530021,0.172358363023048,0.0196077581222609,1.51339736625243,-0.00694082479432623,0.0726659121079062,1.51339736625243
41.5,0.17246867162367,0.0198786014464721,0.172272595474479,0.0197051279235058,1.48851247280406,-0.00465123654847565,0.0744985937490841,1.48851247280406
41.75,0.172381721251851,0.019976449980025,0.172186403887797,0.0198021225675193,1.46376212470261,-0.00245214001366006,0.0762136195615275,1.46376212470261
42,0.172294344764322,0.0200739181907657,0.172099789903966,0.0198987402076633,1.43914679396573,-0.000343577864176228,0.0778139292163243,1.43914679396573
42.25,0.172206543824605,0.02017100422304,0.172012755171991,0.0199949790044772,1.41466689981646,0.00167445917334172,0.0793024510992276,1.41466689981646
42.5,0.172118320104304,0.0202677062284698,0.171925301348889,0.0200908371257129,1.39032280897178,0.00360203202330201,0.0806821015003746,1.39032280897178
42.75,0.172029675283071,0.0203640223659882,0.171837430099653,0.0201863127463701,1.36611483594275,0.0054392529528311,0.0819557838092174,1.36611483594275
43,0.171940611048575,0.020459950801875,0.171749143097227,0.0202814040487306,1.34204324334633,0.00718628525185538,0.0831263877147878,1.34204324334633
43.25,0.171851129096472,0.0205554897097908,0.171660442022466,0.0203761092223929,1.31810824222869,0.00884334290164263,0.0841967884115025,1.31810824222869
43.5,0.171761231130369,0.0206506372708126,0.171571328564112,0.0204704264643072,1.29430999240002,0.0104106902319326,0.0851698458105941,1.29430999240002
43.75,0.171670918861793,0.0207453916734681,0.171481804418757,0.0205643539788092,1.27064860278071,0.0118886415666814,0.0860484037574339,1.27064860278071
44,0.17158019401016,0.0208397511137699,0.171391871290811,0.0206578899776542,1.24712413175876,0.0132775608585676,0.0868352892548041,1.24712413175876
44.25,0.17148905830274,0.0209337137952504,0.171301530892472,0.0207510326800518,1.22382401389147,0.0145247477214099,0.0874842385529593,1.22382401389147
44.5,0.171397513474625,0.0210272779289955,0.171210784943689,0.0208437803126991,1.20177034891881,0.0150072469793752,0.0874367911712695,1.20177034891881
44.75,0.171305561268699,0.021120441733679,0.171119635172136,0.0209361311098149,1.17975048389899,0.015460611717459,0.0873849213179515,1.17975048389899
45,0.171213203435596,0.0212132034355964,0.171028083313173,0.0210280833131732,1.15776242367184,0.0158872476909045,0.0873291202010911,1.15776242367184
45.25,0.171120441733679,0.0213055612686986,0.170936131109815,0.0211196351721365,1.13580416696389,0.0162895666716364,0.0872698261086666,1.13580416696389
45.5,0.171027277928996,0.0213975134746254,0.170843780312699,0.0212107849436894,1.11387370730684,0.0166699855219073,0.0872074243395922,1.11387370730684
45.75,0.17093371379525,0.0214890583027396,0.170751032680052,0.0213015308924717,1.09196903395695,0.0170309252671961,0.0871422471488957,1.09196903395695
46,0.17083975111377,0.0215801940101595,0.170657889977654,0.0213918712908113,1.07008813281479,0.0173748101685669,0.0870745737071219,1.07008813281479
46.25,0.170745391673468,0.0216709188617927,0.170564353978809,0.0214818044187573,1.04822898734541,0.0177040667946881,0.0870046300738855,1.04822898734541
46.5,0.170650637270813,0.0217612311303686,0.170470426464307,0.0215713285641124,1.02638957949873,0.018021123093713,0.0869325891855879,1.02638957949873
46.75,0.170555489709791,0.021851129096472,0.170376109222393,0.0216604420224661,1.0045678906297,0.0183284074652313,0.0868585708573192,1.0045678906297
47,0.170459950801875,0.0219406110485751,0.170281404048731,0.0217491430972266,0.982761902418314,0.0186283478325005,0.0867826417989818,0.982761902418314
47.25,0.170364022365988,0.0220296752830706,0.17018631274637,0.0218374300996532,0.960969597789095,0.0189233707151453,0.0867048156455079,0.960969597789095
47.5,0.17026770622847,0.0221183201043037,0.170090837125713,0.0219253013488886,0.939188961829925,0.0192159003025441,0.0866250530012806,0.939188961829925
47.75,0.17017100422304,0.022206543824605,0.169994979004477,0.0220127551719911,0.917417982709978,0.0195083575280977,0.086543261498688,0.917417982709978
48,0.170073918190766,0.0222943447643218,0.169898740207663,0.0220997899039657,0.895654652596547,0.0198031591445969,0.0864592958708421,0.895654652596547
48.25,0.169976449980025,0.022381721251851,0.169802122567519,0.0221864038877968,0.873896968570665,0.0201027168008592,0.0863729580383175,0.873896968570665
48.5,0.169878601446472,0.0224686716236701,0.169705127923506,0.0222725954744788,0.852142933541108,0.020409436119895,0.0862839972101322,0.852142933541108
48.75,0.169780374453002,0.0225551942243693,0.169607758122261,0.0223583630230483,0.830390557156817,0.02072571577874,0.086192109998653,0.830390557156817
49,0.169681770869715,0.0226412874066832,0.169510015017565,0.0224437049006147,0.808637856717357,0.0210539465902077,0.0860969405486364,0.808637856717357
49.25,0.169582792573882,0.0227269495315215,0.169411900470307,0.0225286194823917,0.786882858081325,0.0213965105867318,0.0859980806802282,0.786882858081325
49.5,0.169483441449906,0.0228121789680009,0.169313416348445,0.022613105151728,0.765123596572377,0.0217557801065337,0.0858950700460231,0.765123596572377
49.75,0.169383719389289,0.0228969740934759,0.169214564526976,0.0226971603001384,0.743358117882866,0.0221341168822692,0.0857873963019774,0.743358117882866
50,0.169283628290596,0.0229813332935693,0.169115346887895,0.0227807833273338,0.722917661646128,0.0216781990016418,0.0852002458934236,0.722917661646128
50.25,0.169183170059418,0.0230652549622038,0.169015765320164,0.0228639726412526,0.702695924209721,0.0210960032458242,0.0845497295185339,0.702695924209721
50.5,0.169082346608333,0.0231487375016316,0.168915821719672,0.0229467266580899,0.682596311251245,0.0204502072719994,0.0838727501979795,0.682596311251245
50.75,0.168981159856875,0.0232317793224656,0.168815517989201,0.0230290438023287,0.66261769032133,0.0197423384922177,0.0831714125525812,0.66261769032133
51,0.168879611731495,0.0233143788437091,0.168714856038389,0.0231109225067691,0.642758892600241,0.0189739595671578,0.0824477856390257,0.642758892600241
51.25,0.168777704165522,0.0233965344927865,0.168613837783695,0.0231923612125587,0.623018713534671,0.0181466677618368,0.0817039024087791,0.623018713534671
51.5,0.168675439099129,0.0234782447055724,0.168512465148361,0.0232733583692218,0.60339591348223,0.0172620942936467,0.0809417591769556,0.60339591348223
51.75,0.168572818479295,0.0235595079264223,0.168410740062376,0.0233539124346895,0.583889218363489,0.0163219036728394,0.0801633151013594,0.583889218363489
52,0.16846984425977,0.0236403226082017,0.168308664462438,0.0234340218753283,0.564497320321458,0.0153277930356449,0.0793704916716444,0.564497320321458
52.25,0.168366518401033,0.0237206872123153,0.16820624029192,0.02351368516597,0.54521887838829,0.0142814914701246,0.0785651722088788,0.54521887838829
52.5,0.168262842870262,0.0238006002087371,0.168103469500831,0.0235929007899404,0.526052519159129,0.0131847593349527,0.0777492013754367,0.526052519159129
52.75,0.168158819641287,0.0238800600760387,0.168000354045779,0.0236716672390882,0.506996837472908,0.0120393875712501,0.0769243846954311,0.506996837472908
53,0.168054450694561,0.0239590653014188,0.167896895889932,0.0237499830138137,0.488050397099954,0.0108471970076269,0.0760924880857689,0.488050397099954
53.25,0.16794973801712,0.0240376143807318,0.167793097002985,0.0238278466230976,0.469211731436256,0.00961003765859785,0.0752552373978631,0.469211731436256
53.5,0.16784468360254,0.0241157058185165,0.16768895936112,0.0239052565845288,0.450479344204232,0.00832978801651538,0.0744143179701552,0.450479344204232
53.75,0.167739289450907,0.0241933381280245,0.167584484946966,0.0239822114243333,0.431851710159836,0.00700835433718233,0.0735713741914873,0.431851710159836
54,0.167633557568774,0.0242705098312484,0.167479675749567,0.024058709677402,0.413327275805865,0.00564766991929573,0.0727280090754711,0.413327275805865
54.25,0.167527489969123,0.0243472194589504,0.167374533764337,0.0241347498873182,0.394904460111287,0.00424969437788741,0.0718857838458697,0.394904460111287
54.5,0.167421088671328,0.0244234655506896,0.16726906099303,0.0242103306063861,0.376581655236435,0.00281641291191428,0.0710462175331281,0.376581655236435
54.75,0.167314355701117,0.0244992466548504,0.167163259443694,0.0242854503956577,0.358357227263927,0.00134983556616647,0.0702107865820863,0.358357227263927
55,0.167207293090531,0.0245745613286698,0.167057131130639,0.0243601078249605,0.34022951693512,-0.000148003512355173,0.0693809244710247,0.34022951693512
55.25,0.167099902877889,0.0246494081382649,0.166950678074394,0.0244343014729246,0.322196840391952,-0.00167504682341676,0.0685580213420048,0.322196840391952
55.5,0.166992187107745,0.0247237856586605,0.166843902301672,0.02450802992701,0.30425748992401,-0.00322921426773301,0.0677434236427141,0.30425748992401
55.75,0.166884147830852,0.0247976924738157,0.166736805845331,0.0245812917835331,0.286409734720646,-0.00480840390617768,0.0669384337797653,0.286409734720646
56,0.166775787104122,0.0248711271766513,0.166629390744332,0.0246540856476938,0.268651821627996,-0.00641049272386274,0.0661443097835853,0.268651821627996
56.25,0.166667106990588,0.0249440883690764,0.166521659043704,0.024726410133602,0.250981975910727,-0.00803333739891636,0.0653622649849416,0.250981975910727
56.5,0.166558109559362,0.025016574662015,0.166413612794503,0.0247982638643035,0.233398402018308,-0.0096747750757996,0.0645934677032067,0.233398402018308
56.75,0.166448796885597,0.0250885846754328,0.166305254053775,0.0248696454718069,0.215899284355715,-0.0113326241429793,0.063839040946319,0.215899284355715
57,0.166339171050451,0.0251601170383627,0.166196584884512,0.0249405535971094,0.198482788058328,-0.0130046850148024,0.0631000621226456,0.198482788058328
57.25,0.16622923414104,0.0252311703889318,0.166087607355621,0.0250109868902225,0.181147059770885,-0.0146887409173928,0.0623775627646641,0.181147059770885
57.5,0.166118988250405,0.0253017433743866,0.165978323541875,0.0250809440101977,0.163890228430312,-0.016382558678403,0.061672528264637,0.163890228430312
57.75,0.166008435477468,0.0253718346511192,0.165868735523881,0.0251504236251524,0.144032681900447,-0.0165529198813871,0.0623619263278979,0.144032681900447
58,0.165897577926996,0.0254414428846928,0.165758845388037,0.0252194244122948,0.122118712307002,-0.0154956254878854,0.0640976445444033,0.122118712307002
58.25,0.165786417709556,0.0255105667498669,0.165648655226493,0.0252879450579494,0.100367050657601,-0.0144748431041198,0.0657224327426307,0.100367050657601
58.5,0.165674956941478,0.0255792049306228,0.16553816713711,0.0253559842575819,0.0787784080366355,-0.0134908891284285,0.0672392091773895,0.0787784080366355
58.75,0.165563197744816,0.0256473561201884,0.165427383223423,0.025423540715824,0.0573534396895184,-0.0125440265226515,0.0686508878675892,0.0573534396895184
59,0.165451142247302,0.0257150190210634,0.165316305594597,0.0254906131464981,0.0360927451842503,-0.0116344649811739,0.0699603777283038,0.0360927451842503
59.25,0.165338792582312,0.0257821923450436,0.165204936365391,0.0255572002726418,0.0156940805418928,-0.0111497105961476,0.0703652152549503,0.0156940805418928
59.5,0.165226150888821,0.0258488748132458,0.165093277656113,0.0256233008265323,-0.00448728924710484,-0.0107377971925479,0.0706400181430783,-0.00448728924710484
59.75,0.165113219311366,0.0259150651561319,0.164981331592586,0.0256889135497102,-0.0245287125302905,-0.0103553196160825,0.0708767925667046,-0.0245287125302905
60,0.165,0.0259807621135332,0.1648691003061,0.0257540371930039,-0.0444311395327066,-0.0100009533637184,0.0710777915502275,-0.0444311395327066
60.25,0.164886495110256,0.0260459644346743,0.164756585933378,0.0258186705165531,-0.0641955624852646,-0.00967333403765017,0.0712452353808972,-0.0641955624852646
60.5,0.164772706803104,0.026110670878197,0.164643790616531,0.0258828122898324,-0.0838230150268557,-0.00937105795025823,0.0713813109681632,-0.0838230150268557
60.75,0.164658637244909,0.0261748802121839,0.164530716503019,0.025946461291675,-0.103314571597159,-0.00909268273836255,0.0714881712125732,-0.103314571597159
61,0.16454428860739,0.0262385912141819,0.16441736574561,0.0260096163102957,-0.122671346820259,-0.0088367279866014,0.0715679343842299,-0.122671346820259
61.25,0.164429663067582,0.0263018026712252,0.16430374050234,0.0260722761433139,-0.141894494879225,-0.00860167585981441,0.0716226835110131,-0.141894494879225
61.5,0.164314762807788,0.026364513379859,0.164189842936469,0.0261344395977766,-0.160985208881813,-0.00838597174427257,0.0716544657766242,-0.160985208881813
61.75,0.164199590015545,0.0264267221461616,0.164075675216443,0.0261961054901815,-0.179944720217394,-0.00818802489762343,0.0716652919286356,-0.179944720217394
62,0.164084146883577,0.0264884277857678,0.16396123951585,0.0262572726464986,-0.198774297905291,-0.00800620910739984,0.0716571356966354,-0.198774297905291
62.25,0.163968435609753,0.0265496291238913,0.163846538013382,0.0263179399021936,-0.217475247934653,-0.00783886335794615,0.0716319332205928,-0.217475247934653
62.5,0.163852458397051,0.0266103249953466,0.163731572892789,0.0263781061022494,-0.236048912596021,-0.00768429250561134,0.0715915824895521,-0.236048912596021
62.75,0.163736217453509,0.0266705142445721,0.163616346342842,0.0264377701011882,-0.254496669804733,-0.00754076796206524,0.0715379427908081,-0.254496669804733
63,0.163619714992186,0.026730195725651,0.163500860557288,0.0264969307630935,-0.272819932416313,-0.00740652838557439,0.071472834169608,-0.272819932416313
63.25,0.163502953231123,0.0267893683023341,0.16338511773481,0.0265555869616315,-0.291020147534024,-0.007279780380096,0.0713980368995641,-0.291020147534024
63.5,0.163385934393294,0.0268480308480608,0.163269120078985,0.0266137375800729,-0.309098795808711,-0.00715869920202882,0.0713152909638489,-0.309098795808711
63.75,0.16326866070657,0.0269061822459806,0.16315286979824,0.0266713815113136,-0.327057390731089,-0.00704142947446151,0.0712262955472535,-0.327057390731089
64,0.163151134403672,0.026963821388975,0.163036369105814,0.0267285176578964,-0.344897477916668,-0.00692608590876982,0.0711327085392883,-0.344897477916668
64.25,0.163033357722133,0.0270209471796776,0.162919620219712,0.0267851449320312,-0.362620634383439,-0.00681075403339393,0.0710361460483509,-0.362620634383439
64.5,0.162915332904249,0.0270775585304958,0.162802625362664,0.0268412622556165,-0.380228467822499,-0.00669349092964077,0.0709381819271089,-0.380228467822499
64.75,0.162797062197044,0.027133654363631,0.162685386762083,0.0268968685602593,-0.397722615861761,-0.00657232597434592,0.0708403473091646,-0.397722615861761
65,0.162678547852221,0.0271892336110995,0.162567906650025,0.0269519627872957,-0.415104745322948,-0.0064452615892366,0.0707441301571511,-0.415104745322948
65.25,0.162559792126123,0.0272442952147524,0.162450187263139,0.0270065438878111,-0.432376551471978,-0.00631027399682306,0.0706509748222581,-0.432376551471978
65.5,0.162440797279687,0.0272988381262963,0.162332230842635,0.0270606108226599,-0.449539757262975,-0.00616531398266137,0.0705622816153929,-0.449539757262975
65.75,0.162321565578404,0.0273528613073127,0.162214039634233,0.0271141625624857,-0.466596112576008,-0.00600830766381313,0.0704794063899607,-0.466596112576008
66,0.162202099292274,0.027406363729278,0.162095615888121,0.0271671980877405,-0.483547393448771,-0.00583715726333848,0.0704036601364331,-0.483547393448771
66.25,0.162082400695762,0.0274593443735834,0.161976961858919,0.0272197163887044,-0.500395401302357,-0.00564974189065008,0.0703363085887324,-0.500395401302357
66.5,0.161962472067757,0.0275118022315537,0.161858079805627,0.0272717164655047,-0.517141962161287,-0.00544391832755879,0.0702785718425334,-0.517141962161287
66.75,0.161842315691528,0.0275637363044669,0.161738971991589,0.0273231973281347,-0.533788925867996,-0.00521752181983886,0.0702316239855947,-0.533788925867996
67,0.161721933854678,0.0276151456035732,0.161619640684446,0.0273741579964732,-0.550338165291903,-0.00496836687413912,0.070196592740105,-0.550338165291903
67.25,0.161601328849105,0.0276660291501136,0.161500088156093,0.0274245975003024,-0.566791575533288,-0.00469424806006752,0.0701745591172451,-0.566791575533288
67.5,0.161480502970953,0.0277163859753386,0.161380316682639,0.027474514879327,-0.583151073122115,-0.00439294081727317,0.0701665570839226,-0.583151073122115
67.75,0.161359458520573,0.027766215120527,0.161260328544359,0.0275239091831919,-0.599418595211992,-0.00406220226735037,0.0701735732418063,-0.599418595211992
68,0.161238197802477,0.0278155156370036,0.161140126025656,0.0275727794715008,-0.615596098769445,-0.00369977203038687,0.0701965465187561,-0.615596098769445
68.25,0.161116723125295,0.0278642865861577,0.161019711415011,0.0276211248138339,-0.631685559758679,-0.00330337304598086,0.0702363678726219,-0.631685559758679
68.5,0.160995036801729,0.0279125270394607,0.160899087004945,0.0276689442897655,-0.647688972321999,-0.00287071239854631,0.0702938800075426,-0.647688972321999
68.75,0.160873141148511,0.027960236078484,0.160778255091973,0.0277162369888817,-0.663608347956089,-0.00239948214672558,0.0703698771028332,-0.663608347956089
69,0.160751038486359,0.0280074127949161,0.160657217976561,0.0277630020107978,-0.679342162634375,-0.00195659263147123,0.0704010696060745,-0.679342162634375
69.25,0.160628731139931,0.0280540562905803,0.160535977963081,0.0278092384651751,-0.69400153857153,-0.00213748255425577,0.0698499164272535,-0.69400153857153
69.5,0.160506221437784,0.0281001656774519,0.160414537359768,0.0278549454717382,-0.708517778909072,-0.00232042870897142,0.0693033336543096,-0.708517778909072
69.75,0.160383511712325,0.0281457400776745,0.160292898478675,0.0279001221602916,-0.722892355062018,-0.00250367982927642,0.0687632606046823,-0.722892355062018
70,0.16026060429977,0.0281907786235772,0.160171063635632,0.0279447676707361,-0.737126775475033,-0.00268545031045915,0.0682315988595036,-0.737126775475033
70.25,0.1601375015401,0.0282352804576911,0.160049035150199,0.0279888811530858,-0.75122258497095,-0.00286392086619641,0.0677102117011935,-0.75122258497095
70.5,0.160014205777013,0.0282792447327653,0.159926815345623,0.0280324617674833,-0.765181364091053,-0.00303723919348114,0.0672009235610967,-0.765181364091053
70.75,0.159890719357884,0.0283226706117835,0.159804406548791,0.0280755086842168,-0.77900472842732,-0.00320352064557558,0.0667055194772804,-0.77900472842732
71,0.159767044633715,0.0283655572679795,0.159681811090191,0.0281180210837349,-0.7926943279467,-0.00336084891283969,0.0662257445625902,-0.7926943279467
71.25,0.159643183959095,0.0284079038848532,0.159559031303864,0.0281599981566628,-0.806251846307631,-0.00350727671129171,0.0657633034830963,-0.806251846307631
71.5,0.159519139692153,0.028449709656186,0.15943606952736,0.0282014391038175,-0.819679000168914,-0.00364082647874702,0.0653198599470171,-0.819679000168914
71.75,0.159394914194512,0.0284909737860563,0.159312928101694,0.0282423431362233,-0.832977538491119,-0.00375949107838704,0.0648970362042417,-0.832977538491119
72,0.159270509831248,0.0285316954888546,0.159189609371302,0.0282827094751261,-0.846149241830649,-0.00386123450960458,0.0644964125565484,-0.846149241830649
72.25,0.15914592897084,0.0285718739892983,0.159066115683993,0.0283225373520093,-0.859195921626642,-0.00394399262597054,0.0641195268786056,-0.859195921626642
72.5,0.159021173985128,0.0286115085224468,0.15894244939091,0.0283618260086072,-0.872119419480836,-0.00400567386017037,0.0637678741498936,-0.872119419480836
72.75,0.158896247249267,0.0286505983337156,0.158818612846482,0.0284005746969207,-0.884921606430599,-0.00404415995575075,0.063442905997616,-0.884921606430599
73,0.158771151141682,0.0286891426788911,0.158694608408376,0.0284387826792305,-0.897604382215214,-0.00405730670551813,0.0631460302506906,-0.897604382215214
73.25,0.158645888044023,0.0287271408241444,0.158570438437459,0.0284764492281117,-0.910169674535658,-0.00404294469643274,0.0628786105049386,-0.910169674535658
73.5,0.158520460341118,0.0287645920460458,0.158446105297749,0.0285135736264476,-0.92261943830797,-0.00399888006083464,0.0626419656995374,-0.92261943830797
73.75,0.15839487042093,0.0288014956315779,0.158321611356368,0.028550155167443,-0.934955654910402,-0.00392289523384217,0.0624373697048358,-0.934955654910402
74,0.15826912067451,0.0288378508781496,0.158196958983503,0.0285861931546381,-0.94718033142451,-0.00381274971675924,0.0622660509216415,-0.94718033142451
74.25,0.158143213495952,0.0288736570936094,0.158072150552354,0.0286216869019218,-0.959295499870345,-0.00366618084632692,0.0621291918920197,-0.959295499870345
74.5,0.158017151282348,0.0289089135962587,0.157947188439094,0.0286566357335441,-0.971303216435914,-0.00348090456965432,0.0620279289217156,-0.971303216435914
74.75,0.157890936433739,0.0289436197148644,0.157822075022822,0.0286910389841296,-0.983205560701075,-0.00325461622466331,0.0619633517142671,-0.983205560701075
75,0.157764571353076,0.028977774788672,0.157696812685517,0.0287248959986902,-0.995004634856031,-0.0029849913258781,0.061936503016913,-0.995004634856031
75.25,0.157638058446166,0.0290113781674183,0.157571403811993,0.028758206132637,-1.00670256291459,-0.00266968635539259,0.0619483782783239,-1.00670256291459
75.5,0.157511400121633,0.0290444292113432,0.157445850789855,0.0287909687517931,-1.01830148992238,-0.00230633955884546,0.0619999253182618,-1.01830148992238
75.75,0.15738459879087,0.0290769272912026,0.15732015600945,0.0288231832324054,-1.02980358116015,-0.00189257174623245,0.0620920440092407,-1.02980358116015
76,0.15725765686799,0.0291088717882799,0.157194321863827,0.0288548489611567,-1.04121102134238,-0.00142598709738393,0.0622255859702471,-1.04121102134238
76.25,0.157130576769785,0.0291402620943978,0.157068350748686,0.0288859653351772,-1.05252601381132,-0.000904173971936846,0.0624013542725691,-1.05252601381132
76.5,0.157003360915677,0.0291710976119303,0.156942245062335,0.0289165317620559,-1.06631396873513,0.0012843169644943,0.0624625377788695,-1.06631396873513
76.75,0.156876011727672,0.0292013777538135,0.156816007205646,0.0289465476598521,-1.08323883466201,0.00555554523550251,0.0623095460404063,-1.08323883466201
77,0.156748531630316,0.0292311019435571,0.156689639582004,0.0289760124571065,-1.1002193273212,0.00997522199008821,0.0621074386656979,-1.1002193273212
77.25,0.156620923050645,0.0292602696152554,0.156563144597268,0.0290049255928517,-1.11725621913978,0.0145443587951798,0.0618537641882203,-1.11725621913978
77.5,0.156493188418143,0.029288880213598,0.156436524659719,0.0290332865166232,-1.1343502405493,0.0192639234504078,0.0615460429081674,-1.1343502405493
77.75,0.156365330164693,0.0293169331938804,0.156309782180018,0.0290610946884701,-1.14526699046724,0.0201484447611835,0.0604917230219469,-1.14526699046724
78,0.156237350724533,0.0293444280220142,0.15618291957116,0.0290883495789649,-1.15258070208679,0.0188387890619241,0.0590901080200357,-1.15258070208679
78.25,0.156109252534205,0.0293713641745375,0.156055939248426,0.0291150506692135,-1.15981038711602,0.0175845548516175,0.0577563544229518,-1.15981038711602
78.5,0.155981038032516,0.0293977411386249,0.155928843629339,0.0291411974508659,-1.16695834279665,0.0163882008935571,0.0564908189233821,-1.16695834279665
78.75,0.155852709660484,0.0294235584120969,0.155801635133614,0.0291667894261249,-1.17402687457873,0.0152521915014331,0.0552938116382855,-1.17402687457873
79,0.155724269861296,0.0294488155034299,0.15567431618312,0.0291918261077563,-1.18101829536673,0.0141789957823585,0.0541655959982567,-1.18101829536673
79.25,0.155595721080262,0.0294735119317653,0.155546889201825,0.0292163070190977,-1.18793492476397,0.013171086878311,0.0531063886481366,-1.18793492476397
79.5,0.155467065764764,0.0294976472269186,0.155419356615755,0.0292402316940679,-1.19477908831551,0.0122309412061471,0.052116359358826,-1.19477908831551
79.75,0.155338306364215,0.0295212209293887,0.155291720852947,0.0292635996771755,-1.20155311674982,0.0113610376963504,0.051195630950362,-1.20155311674982
80,0.155209445330008,0.0295442325903662,0.155163984343402,0.0292864105235278,-1.20825934521918,0.0105638570306747,0.0503442792262863,-1.20825934521918
80.25,0.155080485115471,0.0295666817717423,0.155036149519039,0.0293086637988392,-1.21490011253924,0.009841880878832,0.0495623329192691,-1.21490011253924
80.5,0.15495142817582,0.0295885680461169,0.154908218813648,0.0293303590794394,-1.22147776042754,0.00919759113440051,0.0488497736480571,-1.22147776042754
80.75,0.154822276968115,0.029609890996807,0.154780194662846,0.0293514959522815,-1.22799463274151,0.00863346915009549,0.0482065358857326,-1.22799463274151
81,0.154693033951207,0.0296306502178541,0.154652079504029,0.02937207401495,-1.23445307471589,0.00815199497257723,0.0476325069392848,-1.23445307471589
81.25,0.154563701585697,0.0296508453140328,0.154523875776323,0.0293920928756681,-1.24085543219978,0.00775564657694578,0.0471275269405086,-1.24085543219978
81.5,0.154434282333888,0.0296704759008575,0.154395585920544,0.0294115521533057,-1.24720405089351,0.00744689910108824,0.0466913888482473,-1.24720405089351
81.75,0.154304778659735,0.0296895416045901,0.154267212379144,0.0294304514773861,-1.25350127558546,0.00722822408003962,0.0463238384619632,-1.25350127558546
82,0.154175193028802,0.0297080420622471,0.154138757596173,0.0294487904880935,-1.25974944938899,0.00710208868051086,0.0460245744466474,-1.25974944938899
82.25,0.154045527908212,0.0297259769216065,0.154010224017222,0.0294665688362795,-1.26595091297971,0.00707095493575162,0.0457932483690516,-1.26595091297971
82.5,0.153915785766602,0.0297433458412143,0.153881614089387,0.02948378618347,-1.27210800383308,0.00713727898090444,0.045629464745267,-1.27210800383308
82.75,0.153785969074075,0.0297601484903914,0.153752930261214,0.0295004422018716,-1.27822305546273,0.0073035102890101,0.0455327810996097,-1.27822305546273
83,0.153656080302154,0.0297763845492397,0.153624174982659,0.0295165365743776,-1.28429839665944,0.00757209090782539,0.045502708034829,-1.28429839665944
83.25,0.153526121923735,0.0297920537086478,0.153495350705037,0.0295320689945743,-1.29033635073114,0.0079454546976118,0.0455387093136158,-1.29033635073114
83.5,0.153396096413037,0.0298071556702976,0.153366459880976,0.029547039166747,-1.29633923474386,0.0084260265700625,0.0456402019514154,-1.29633923474386
83.75,0.153266006245559,0.0298216901466696,0.153237504964371,0.0295614468058851,-1.3023093587641,0.00901622172850466,0.0458065563204739,-1.3023093587641
84,0.15313585389803,0.0298356568610482,0.153108488410339,0.0295752916376879,-1.30824902510237,0.00971844490957398,0.0460370962652038,-1.30824902510237
84.25,0.153005641848362,0.0298490555475273,0.152979412675167,0.0295885733985698,-1.31416052755854,0.0105350896264782,0.0463310992287286,-1.31416052755854
84.5,0.152875372575607,0.0298618859510154,0.152850280216274,0.0296012918356652,-1.32004615066867,0.0114685374140438,0.0466877963906818,-1.32004615066867
84.75,0.152745048559902,0.0298741478272399,0.152721093492153,0.0296134467068334,-1.3259081689539,0.0125211570756827,0.0471063728161847,-1.3259081689539
85,0.15261467228243,0.0298858409427524,0.152591854962335,0.0296250377806632,-1.33174884617126,0.0136953039324468,0.047585967615994,-1.33174884617126
85.25,0.152484246225366,0.0298969650749328,0.152462567087335,0.0296360648364772,-1.33757043456673,0.0149933190743229,0.0481256741177798,-1.33757043456673
85.5,0.152353772871835,0.0299075200119938,0.152333232328607,0.0296465276643361,-1.34337517413061,0.0164175286139321,0.0487245400485213,-1.34337517413061
85.75,0.152223254705862,0.0299175055529846,0.152203853148498,0.0296564260650429,-1.34916529185545,0.0179702429427828,0.0493815677279692,-1.34916529185545
86,0.152092694212324,0.0299269215077947,0.152074432010203,0.0296657598501463,-1.35251969501392,0.0183231346091818,0.0441768038021749,-1.35251969501392
86.25,0.151962093876904,0.0299357676971581,0.151944971377712,0.0296745288419443,-1.35373634196693,0.0175753401315608,0.0342333628236125,-1.35373634196693
86.5,0.151831456186046,0.029944043952656,0.151815473715769,0.0296827328734881,-1.35471121924579,0.0167494138531665,0.0242980628983235,-1.35471121924579
86.75,0.151700783626901,0.0299517501167205,0.151685941489825,0.0296903717885848,-1.35544455587569,0.0158456190838962,0.0143733494990198,-1.35544455587569
87,0.151570078687288,0.0299588860426372,0.151556377165984,0.0296974454418003,-1.35593661790582,0.0148642530415395,0.00446166340367585,-1.35593661790582
87.25,0.15143934385564,0.0299654515945485,0.151426783210966,0.0297039536984626,-1.35618770833329,0.0138056467751734,-0.00543455980037334,-1.35618770833329
87.5,0.15130858162096,0.0299714466474557,0.151297162092052,0.0297098964346638,-1.35619816702038,0.012670165081817,-0.0153128902111695,-1.35619816702038
87.75,0.151177794472772,0.0299768710872217,0.151167516277041,0.0297152735372627,-1.35596837060494,0.0114582064163597,-0.025170904105643,-1.35596837060494
88,0.151046984901075,0.0299817248105729,0.151037848234204,0.0297200849038872,-1.35549873240399,0.0101702027947846,-0.0350061844317813,-1.35549873240399
88.25,0.150916155396295,0.0299860077251014,0.150908160432232,0.0297243304429357,-1.35326871709501,0.00767804846158778,-0.0422774669601865,-1.35326871709501
88.5,0.150785308449236,0.0299897197492667,0.150778455340195,0.0297280100735792,-1.3453061758929,0.00106717385730156,-0.0400747772833995,-1.3453061758929
88.75,0.150654446551037,0.0299928608123973,0.15064873542749,0.0297311237257629,-1.3373911601863,-0.00535263675997748,-0.0378690034412365,-1.3373911601863
89,0.150523572193118,0.0299954308546917,0.150519003163798,0.0297336713402074,-1.33025942612135,-0.0110641180882427,-0.0357987505065121,-1.33025942612135
89.25,0.15039268786714,0.0299974298272202,0.150389261019033,0.0297356528684097,-1.33046033377449,-0.0114635654197837,-0.0351453261968284,-1.33046033377449
89.5,0.150261796064951,0.0299988576919251,0.1502595114633,0.0297370682726445,-1.33052382519576,-0.0118114797859991,-0.0345841368435523,-1.33052382519576
89.75,0.150130899278542,0.029999714421622,0.150129756966843,0.0297379175259644,-1.33044749019115,-0.0121102635483111,-0.0341135804360513,-1.33044749019115
90,0.15,0.03,0.15,0.0297382006122008,-1.33022895312312,-0.012362288109173,-0.0337320114569784,-1.33022895312312
90.25,0.149869100721458,0.029999714421622,0.149870243033157,0.0297379175259644,-1.32986587359017,-0.0125698932325176,-0.0334377414273675,-1.32986587359017
90.5,0.149738203935049,0.0299988576919251,0.1497404885367,0.0297370682726445,-1.32935594709827,-0.0127353863723997,-0.0332290394616018,-1.32935594709827
90.75,0.14960731213286,0.0299974298272202,0.149610738980967,0.0297356528684097,-1.32869690572376,-0.0128610420099701,-0.0331041328321201,-1.32869690572376
91,0.149476427806882,0.0299954308546917,0.149480996836202,0.0297336713402074,-1.32788651876787,-0.0129491009989162,-0.0330612075437412,-1.32788651876787
91.25,0.149345553448963,0.0299928608123973,0.14935126457251,0.0297311237257629,-1.32692259340241,-0.0130017699195059,-0.0330984089175072,-1.32692259340241
91.5,0.149214691550764,0.0299897197492667,0.149221544659805,0.0297280100735792,-1.32580297530676,-0.013021220441362,-0.0332138421838857,-1.32580297530676
91.75,0.149083844603705,0.0299860077251014,0.149091839567768,0.0297243304429357,-1.32452554929591,-0.0130095886951036,-0.033405573085248,-1.32452554929591
92,0.148953015098925,0.0299817248105729,0.148962151765796,0.0297200849038872,-1.32308823993941,-0.0129689746529798,-0.03367162848746,-1.32308823993941
92.25,0.148822205527228,0.0299768710872217,0.148832483722959,0.0297152735372627,-1.32148901217117,-0.0129014415186219,-0.034009997000468,-1.32148901217117
92.5,0.14869141837904,0.0299714466474557,0.148702837907948,0.0297098964346638,-1.31972587188988,-0.0128090151260453,-0.0344186296077762,-1.31972587188988
92.75,0.14856065614436,0.0299654515945485,0.148573216789034,0.0297039536984626,-1.31779686655011,-0.0126936833480157,-0.0348954403046283,-1.31779686655011
93,0.148429921312712,0.0299588860426372,0.148443622834016,0.0296974454418003,-1.3157000857437,-0.0125573955139102,-0.0354383067448213,-1.3157000857437
93.25,0.148299216373099,0.0299517501167205,0.148314058510175,0.0296903717885848,-1.3134336617716,-0.0124020618371872,-0.0360450708959668,-1.3134336617716
93.5,0.148168543813954,0.029944043952656,0.148184526284231,0.0296827328734881,-1.31099577020585,-0.0122295528525851,-0.036713539703084,-1.31099577020585
93.75,0.148037906123096,0.0299357676971581,0.148055028622288,0.0296745288419443,-1.30838463044166,-0.0120416988631672,-0.0374414857603976,-1.30838463044166
94,0.147907305787676,0.0299269215077947,0.147925567989797,0.0296657598501463,-1.30559850623943,-0.0118402893973246,-0.0382266479911698,-1.30559850623943
94.25,0.147776745294138,0.0299175055529846,0.147796146851502,0.0296564260650429,-1.30263570625672,-0.01162707267585,-0.0390667323354501,-1.30263570625672
94.5,0.147646227128165,0.0299075200119938,0.147666767671393,0.0296465276643361,-1.29949458456983,-0.0114037550891966,-0.0399594124455945,-1.29949458456983
94.75,0.147515753774634,0.0298969650749328,0.147537432912665,0.0296360648364772,-1.29617354118521,-0.0111720006850203,-0.0409023303893893,-1.29617354118521
95,0.14738532771757,0.0298858409427524,0.147408145037665,0.0296250377806632,-1.29267102254017,-0.0109334306661262,-0.0418930973606725,-1.29267102254017
95.25,0.147254951440098,0.0298741478272399,0.147278906507847,0.0296134467068334,-1.28898552199328,-0.0106896228989109,-0.0429292943972659,-1.28898552199328
95.5,0.147124627424393,0.0298618859510154,0.147149719783726,0.0296012918356652,-1.28511558030385,-0.0104421114324074,-0.0440084731060854,-1.28511558030385
95.75,0.146994358151638,0.0298490555475273,0.147020587324833,0.0295885733985698,-1.2797854035097,-0.0110706909799502,-0.0438321241869032,-1.2797854035097
96,0.14686414610197,0.0298356568610482,0.146891511589661,0.0295752916376879,-1.27330097258306,-0.0123551647672931,-0.0426521660846347,-1.27330097258306
96.25,0.146733993754441,0.0298216901466696,0.146762495035629,0.0295614468058851,-1.26672953775786,-0.0135579411471683,-0.0415385178158116,-1.26672953775786
96.5,0.146603903586963,0.0298071556702976,0.146633540119024,0.029547039166747,-1.26006862942086,-0.0146815919443474,-0.040490530374588,-1.26006862942086
96.75,0.146473878076265,0.0297920537086478,0.146504649294963,0.0295320689945743,-1.25331579558905,-0.0157286745632379,-0.039507504659664,-1.25331579558905
97,0.146343919697846,0.0297763845492397,0.146375825017341,0.0295165365743776,-1.24646860272445,-0.0167017311710876,-0.0385886917613511,-1.24646860272445
97.25,0.146214030925925,0.0297601484903914,0.146247069738786,0.0295004422018716,-1.23952463654438,-0.0176032878856736,-0.0377332932606779,-1.23952463654438
97.5,0.146084214233398,0.0297433458412143,0.146118385910613,0.02948378618347,-1.23248150282698,-0.0184358539676324,-0.036940461540598,-1.23248150282698
97.75,0.145954472091788,0.0297259769216065,0.145989775982778,0.0294665688362795,-1.22533682821183,-0.0192019210176119,-0.0362093001091558,-1.22533682821183
98,0.145824806971198,0.0297080420622471,0.145861242403828,0.0294487904880935,-1.21808826099566,-0.0199039621784084,-0.0355388639345422,-1.21808826099566
98.25,0.145695221340265,0.0296895416045901,0.145732787620856,0.0294304514773861,-1.21077968694617,-0.020513829117198,-0.0349647671632541,-1.21077968694617
98.5,0.145565717666112,0.0296704759008575,0.145604414079456,0.0294115521533057,-1.20394114015621,-0.0206830408367884,-0.0349162370153754,-1.20394114015621
98.75,0.145436298414303,0.0296508453140328,0.145476124223677,0.0293920928756681,-1.19692388277657,-0.0208431878952302,-0.0348860030984308,-1.19692388277657
99,0.145306966048793,0.0296306502178541,0.145347920495971,0.02937207401495,-1.18972680004888,-0.0209955156003916,-0.0348715288332301,-1.18972680004888
99.25,0.145177723031885,0.029609890996807,0.145219805337154,0.0293514959522815,-1.18234882771795,-0.0211412223294448,-0.034870252494331,-1.18234882771795
99.5,0.14504857182418,0.0295885680461169,0.145091781186352,0.0293303590794394,-1.17478895244882,-0.0212814591092585,-0.0348795879976188,-1.17478895244882
99.75,0.144919514884529,0.0295666817717423,0.144963850480961,0.0293086637988392,-1.1670462122321,-0.0214173292084518,-0.0348969256941451,-1.1670462122321
100,0.144790554669992,0.0295442325903662,0.144836015656598,0.0292864105235278,-1.15911969677744,-0.021549887741193,-0.0349196331700291,-1.15911969677744
100.25,0.144661693635785,0.0295212209293887,0.144708279147053,0.0292635996771755,-1.15100854789522,-0.021680141282837,-0.0349450560523051,-1.15100854789522
100.5,0.144532934235236,0.0294976472269186,0.144580643384245,0.0292402316940679,-1.14271195986607,-0.0218090474974791,-0.0349705188204937,-1.14271195986607
100.75,0.144404278919738,0.0294735119317653,0.144453110798175,0.0292163070190977,-1.1342291797985,-0.0219375147775055,-0.0349933256237653,-1.1342291797985
101,0.144275730138704,0.0294488155034299,0.14432568381688,0.0291918261077563,-1.12555950797427,-0.0220664018952253,-0.0350107611035096,-1.12555950797427
101.25,0.144147290339516,0.0294235584120969,0.144198364866386,0.0291667894261249,-1.11670229818159,-0.0221965176666565,-0.035020091221143,-1.11670229818159
101.5,0.144018961967484,0.0293977411386249,0.144071156370661,0.0291411974508659,-1.107656958036,-0.0223286206275411,-0.0350185640909843,-1.107656958036
101.75,0.143890747465795,0.0293713641745375,0.143944060751574,0.0291150506692135,-1.09842294928893,-0.0224634187216605,-0.035003410818018,-1.09842294928893
102,0.143762649275467,0.0293444280220142,0.14381708042884,0.0290883495789649,-1.08899978812371,-0.0226015690015253,-0.0349718463403806,-1.08899978812371
102.25,0.143634669835307,0.0293169331938804,0.143690217819982,0.0290610946884701,-1.0793870454392,-0.0227436773414991,-0.0349210702763855,-1.0793870454392
102.5,0.143506811581857,0.029288880213598,0.143563475340281,0.0290332865166232,-1.06958434712078,-0.0228902981634244,-0.0348482677759108,-1.06958434712078
102.75,0.143379076949355,0.0292602696152554,0.143436855402732,0.0290049255928517,-1.05959137429874,-0.0230419341748205,-0.0347506103759884,-1.05959137429874
103,0.143251468369684,0.0292311019435571,0.143310360417996,0.0289760124571065,-1.04940786359392,-0.0231990361196987,-0.034625256860389,-1.04940786359392
103.25,0.143123988272328,0.0292013777538135,0.143183992794354,0.0289465476598521,-1.03903360735069,-0.0233620025420629,-0.0344693541230473,-1.03903360735069
103.5,0.142996639084323,0.0291710976119303,0.143057754937665,0.0289165317620559,-1.02846845385706,-0.02353117956215,-0.0342800380351434,-1.02846845385706
103.75,0.142869423230215,0.0291402620943978,0.142931649251314,0.0288859653351772,-1.01771230755194,-0.0237068606654551,-0.0340544343156405,-1.01771230755194
104,0.14274234313201,0.0291088717882799,0.142805678136173,0.0288548489611567,-1.0072959797426,-0.0235757102471897,-0.0343954400052276,-1.0072959797426
104.25,0.14261540120913,0.0290769272912026,0.14267984399055,0.0288231832324054,-0.996764734010085,-0.0234112399731848,-0.034802247308974,-0.996764734010085
104.5,0.142488599878367,0.0290444292113432,0.142554149210145,0.0287909687517931,-0.986078516267505,-0.0232380947628497,-0.0352295402674372,-0.986078516267505
104.75,0.142361941553834,0.0290113781674183,0.142428596188007,0.028758206132637,-0.975235837405276,-0.0230579704723916,-0.0356752311102522,-0.975235837405276
105,0.142235428646924,0.028977774788672,0.142303187314483,0.0287248959986902,-0.964235249548363,-0.0228725248351249,-0.0361371973850595,-0.964235249548363
105.25,0.142109063566261,0.0289436197148644,0.142177924977178,0.0286910389841296,-0.953075346637374,-0.022683376876397,-0.036613282597102,-0.953075346637374
105.5,0.141982848717652,0.0289089135962587,0.142052811560906,0.0286566357335441,-0.941754765000105,-0.0224921063379796,-0.0371012968575927,-0.941754765000105
105.75,0.141856786504048,0.0288736570936094,0.141927849447646,0.0286216869019218,-0.930272183913451,-0.0223002531120517,-0.0375990175407399,-0.930272183913451
106,0.14173087932549,0.0288378508781496,0.141803041016497,0.0285861931546381,-0.918626326155532,-0.0221093166848932,-0.038104189949262,-0.918626326155532
106.25,0.14160512957907,0.0288014956315779,0.141678388643632,0.028550155167443,-0.906815958547939,-0.0219207555904109,-0.038614527988267,-0.906815958547939
106.5,0.141479539658882,0.0287645920460458,0.141553894702251,0.0285135736264476,-0.894839892487966,-0.0217359868736188,-0.0391277148473698,-0.894839892487966
106.75,0.141354111955977,0.0287271408241444,0.141429561562541,0.0284764492281117,-0.882696984470705,-0.0215563855641881,-0.0396414036908886,-0.882696984470705
107,0.141228848858318,0.0286891426788911,0.141305391591624,0.0284387826792305,-0.87038613660091,-0.0213832841601835,-0.0401532183559946,-0.87038613660091
107.25,0.141103752750733,0.0286505983337156,0.141181387153518,0.0284005746969207,-0.857906297094487,-0.0212179721220909,-0.0406607540586308,-0.857906297094487
107.5,0.140978826014872,0.0286115085224468,0.14105755060909,0.0283618260086072,-0.845256460769545,-0.0210616953772643,-0.0411615781071217,-0.845256460769545
107.75,0.14085407102916,0.0285718739892983,0.140933884316007,0.0283225373520093,-0.832435669526838,-0.0209156558348839,-0.0416532306232612,-0.832435669526838
108,0.140729490168752,0.0285316954888546,0.140810390628698,0.0282827094751261,-0.819443012819539,-0.0207810109115417,-0.0421332252707575,-0.819443012819539
108.25,0.140605085805488,0.0284909737860563,0.140687071898306,0.0282423431362233,-0.806277628112221,-0.0206588730675623,-0.0425990499909039,-0.806277628112221
108.5,0.140480860307847,0.028449709656186,0.14056393047264,0.0282014391038175,-0.792938701328961,-0.02055030935415,-0.043048167745271,-0.792938701328961
108.75,0.140356816040905,0.0284079038848532,0.140440968696136,0.0281599981566628,-0.779425467290417,-0.0204563409714766,-0.0434780172653195,-0.779425467290417
109,0.140232955366285,0.0283655572679795,0.140318188909809,0.0281180210837349,-0.765737210139852,-0.0203779428378028,-0.0438860138087569,-0.765737210139852
109.25,0.140109280642116,0.0283226706117835,0.140195593451209,0.0280755086842168,-0.751873263757939,-0.0203160431697265,-0.0442695499224694,-0.751873263757939
109.5,0.139985794222987,0.0282792447327653,0.140073184654377,0.0280324617674833,-0.7378330121663,-0.0202715230736591,-0.0446259962118937,-0.7378330121663
109.75,0.1398624984599,0.0282352804576911,0.139950964849801,0.0279888811530858,-0.72361588991967,-0.0202452161486208,-0.0449527021166661,-0.72361588991967
110,0.13973939570023,0.0281907786235773,0.139828936364368,0.0279447676707361,-0.709221382486574,-0.0202379081004396,-0.045246996692369,-0.709221382486574
110.25,0.139616488287675,0.0281457400776745,0.139707101521325,0.0279001221602916,-0.694649026618491,-0.0202503363674483,-0.0455061893982349,-0.694649026618491
110.5,0.139493778562216,0.0281001656774519,0.139585462640232,0.0278549454717382,-0.679898410707336,-0.0202831897577653,-0.0457275708906451,-0.679898410707336
110.75,0.139371268860069,0.0280540562905803,0.139464022036919,0.0278092384651751,-0.664969175131243,-0.0203371080982366,-0.045908413822237,-0.664969175131243
111,0.139248961513641,0.0280074127949161,0.139342782023439,0.0277630020107978,-0.649861012588554,-0.0204126818951239,-0.0460459736464767,-0.649861012588554
111.25,0.139126858851489,0.027960236078484,0.139221744908027,0.0277162369888817,-0.634573668419884,-0.0205104520066267,-0.0461374894275376,-0.634573668419884
111.5,0.139004963198271,0.0279125270394607,0.139100912995055,0.0276689442897655,-0.61910694091828,-0.0206309093272977,-0.0461801846552876,-0.61910694091828
111.75,0.138883276874705,0.0278642865861577,0.138980288584989,0.0276211248138339,-0.603460681627301,-0.0207744944844371,-0.0461712680652341,-0.603460681627301
112,0.138761802197523,0.0278155156370036,0.138859873974344,0.0275727794715008,-0.587634795627027,-0.0209415975465364,-0.0461079344632646,-0.587634795627027
112.25,0.138640541479427,0.027766215120527,0.138739671455641,0.0275239091831919,-0.571629241807859,-0.021132557743849,-0.0459873655550152,-0.571629241807859
112.5,0.138519497029047,0.0277163859753386,0.138619683317361,0.027474514879327,-0.555444033132106,-0.0213476632011314,-0.0458067307796566,-0.555444033132106
112.75,0.138398671150895,0.0276660291501136,0.138499911843907,0.0274245975003024,-0.539079236883252,-0.0215871506826468,-0.0455631881479762,-0.539079236883252
113,0.138278066145322,0.0276151456035732,0.138380359315554,0.0273741579964732,-0.522534974902838,-0.0218512053494879,-0.0452538850845696,-0.522534974902838
113.25,0.138157684308472,0.0275637363044669,0.138261028008411,0.0273231973281347,-0.505811423814936,-0.0221399605292608,-0.0448759592739344,-0.505811423814936
113.5,0.138037527932243,0.0275118022315537,0.138141920194373,0.0272717164655047,-0.48890881523813,-0.0224534974982082,-0.0444265395103282,-0.48890881523813
113.75,0.137917599304238,0.0274593443735834,0.138023038141081,0.0272197163887044,-0.471827435984929,-0.0227918452758303,-0.0439027465512207,-0.471827435984929
114,0.137797900707726,0.027406363729278,0.137904384111879,0.0271671980877405,-0.454567628248618,-0.0231549804320269,-0.0433016939741091,-0.454567628248618
114.25,0.137678434421596,0.0273528613073127,0.137785960365767,0.0271141625624857,-0.437129789777429,-0.0235428269068552,-0.0426204890365989,-0.437129789777429
114.5,0.137559202720313,0.0272988381262963,0.137667769157365,0.0270606108226599,-0.419295554978576,-0.0238445153133859,-0.0404555070392382,-0.419295554978576
114.75,0.137440207873877,0.0272442952147524,0.137549812736861,0.0270065438878111,-0.40104839368068,-0.0239912149310639,-0.0364382804269859,-0.40104839368068
115,0.137321452147779,0.0271892336110995,0.137432093349975,0.0269519627872957,-0.382668709275966,-0.0240989446135929,-0.032249430605664,-0.382668709275966
115.25,0.137202937802956,0.027133654363631,0.137314613237917,0.0268968685602593,-0.36803668128213,-0.0224974182036228,-0.0337646116309229,-0.36803668128213
115.5,0.137084667095751,0.0270775585304958,0.137197374637336,0.0268412622556165,-0.353631853567692,-0.0207617725669593,-0.0358566515528319,-0.353631853567692
115.75,0.136966642277867,0.0270209471796776,0.137080379780288,0.0267851449320312,-0.33906472103292,-0.0190633577170831,-0.0379445707050556,-0.33906472103292
116,0.136848865596328,0.026963821388975,0.136963630894186,0.0267285176578964,-0.324334246928325,-0.01740352007606,-0.0400260973578134,-0.324334246928325
116.25,0.13673133929343,0.0269061822459806,0.13684713020176,0.0266713815113136,-0.309439435440353,-0.0157835675053538,-0.0420989309978696,-0.309439435440353
116.5,0.136614065606706,0.0268480308480607,0.136730879921015,0.0266137375800729,-0.29437933218894,-0.0142047688023261,-0.0441607429445471,-0.29437933218894
116.75,0.136497046768877,0.0267893683023341,0.13661488226519,0.0265555869616315,-0.279153024716111,-0.012668353205669,-0.0462091769733914,-0.279153024716111
117,0.136380285007814,0.026730195725651,0.136499139442712,0.0264969307630935,-0.263759642965454,-0.0111755099098727,-0.0482418499473654,-0.263759642965454
117.25,0.136263782546491,0.0266705142445721,0.136383653657158,0.0264377701011882,-0.248198359752448,-0.00972738758884256,-0.0502563524554313,-0.248198359752448
117.5,0.136147541602949,0.0266103249953467,0.136268427107211,0.0263781061022494,-0.23246839122546,-0.00832509392877445,-0.0522502494584316,-0.23246839122546
117.75,0.136031564390247,0.0265496291238913,0.136153461986618,0.0263179399021936,-0.216568997317355,-0.00696969517038268,-0.0542210809420846,-0.216568997317355
118,0.135915853116423,0.0264884277857678,0.13603876048415,0.0262572726464986,-0.20049948218759,-0.00566221566058759,-0.0561663625769963,-0.20049948218759
118.25,0.135800409984455,0.0264267221461616,0.135924324783557,0.0261961054901815,-0.184259194654713,-0.00440363741377073,-0.0580835863855601,-0.184259194654713
118.5,0.135685237192212,0.026364513379859,0.135810157063531,0.0261344395977766,-0.167847528619147,-0.00319489968269007,-0.0599702214155973,-0.167847528619147
118.75,0.135570336932418,0.0263018026712252,0.13569625949766,0.0260722761433139,-0.151263923476182,-0.00203689853914761,-0.0618237144205927,-0.151263923476182
119,0.13545571139261,0.0262385912141819,0.13558263425439,0.0260096163102957,-0.134507864519052,-0.000930486464513915,-0.0636414905464122,-0.134507864519052
119.25,0.135341362755091,0.0261748802121839,0.135469283496981,0.025946461291675,-0.117578883332042,0.000123528049796786,-0.0654209540243566,-0.117578883332042
119.5,0.135227293196896,0.026110670878197,0.135356209383469,0.0258828122898324,-0.100476558173507,0.00112438089181668,-0.067159488870401,-0.100476558173507
119.75,0.135113504889744,0.0260459644346743,0.135243414066622,0.0258186705165531,-0.0832005143486996,0.0020713527083896,-0.0688544595904843,-0.0832005143486996
120,0.135,0.0259807621135332,0.1351308996939,0.0257540371930039,-0.0657504245723636,0.00296376927430779,-0.0705032118917295,-0.0657504245723636
120.25,0.134886780688634,0.0259150651561319,0.135018668407414,0.0256889135497102,-0.0481260093209705,0.00380100185116248,-0.0721030733994006,-0.0481260093209705
120.5,0.134773849111179,0.0258488748132458,0.134906722343887,0.0256233008265323,-0.0303270371745284,0.00458246753579807,-0.0736513543795056,-0.0303270371745284
120.75,0.134661207417688,0.0257821923450436,0.134795063634609,0.0255572002726418,-0.0123533251478711,0.00530762959829563,-0.075145348466881,-0.0123533251478711
121,0.134548857752698,0.0257150190210634,0.134683694405403,0.0254906131464981,0.00579526098862688,0.00597599780942332,-0.0765823333985782,0.00579526098862688
121.25,0.134436802255184,0.0256473561201884,0.134572616776577,0.025423540715824,0.0241188063990145,0.00658712875744086,-0.077959571752472,0.0241188063990145
121.5,0.134325043058522,0.0255792049306228,0.13446183286289,0.0253559842575819,0.0426173468824766,0.00714062615422469,-0.0792743116908631,0.0426173468824766
121.75,0.134213582290444,0.0255105667498669,0.134351344773507,0.0252879450579494,0.0612908685848498,0.00763614113059429,-0.0805237877090045,0.0612908685848498
122,0.134102422073004,0.0254414428846928,0.134241154611963,0.0252194244122948,0.0801393077210521,0.00807337252080835,-0.0817052213883336,0.0801393077210521
122.25,0.133991564522532,0.0253718346511192,0.134131264476119,0.0251504236251524,0.0992355244208686,0.00841884254720976,-0.082746620642578,0.0992355244208686
122.5,0.133881011749595,0.0253017433743866,0.134021676458125,0.0250809440101977,0.119418476084217,0.0082951254624899,-0.0828343056574224,0.119418476084217
122.75,0.13377076585896,0.0252311703889318,0.133912392644379,0.0250109868902225,0.139666206739893,0.00817062426362185,-0.0829240419833147,0.139666206739893
123,0.133660828949549,0.0251601170383627,0.133803415115488,0.0249405535971094,0.159980659633684,0.0080430125875355,-0.0830149924346821,0.159980659633684
123.25,0.133551203114403,0.0250885846754328,0.133694745946225,0.0248696454718069,0.180363762095799,0.00790997877566324,-0.0831062694745534,0.180363762095799
123.5,0.133441890440638,0.025016574662015,0.133586387205497,0.0247982638643035,0.20081742467297,0.00776922674915179,-0.0831969354588497,0.20081742467297
123.75,0.133332893009412,0.0249440883690764,0.133478340956296,0.0247264101336019,0.221343540264218,0.0076184768804489,-0.0832860028940145,0.221343540264218
124,0.133224212895878,0.0248711271766513,0.133370609255668,0.0246540856476938,0.241943983260426,0.00745546686107325,-0.0833724347079201,0.241943983260426
124.25,0.133115852169148,0.0247976924738157,0.133263194154669,0.0245812917835331,0.262620608687985,0.00727795256537873,-0.0834551445339712,0.262620608687985
124.5,0.133007812892255,0.0247237856586605,0.133156097698328,0.02450802992701,0.283375251356604,0.00708370891011823,-0.0835329970084355,0.283375251356604
124.75,0.132900097122111,0.0246494081382649,0.133049321925606,0.0244343014729246,0.304209725011598,0.006870530709626,-0.0836048080807867,0.304209725011598
125,0.132792706909469,0.0245745613286698,0.132942868869361,0.0243601078249605,0.325125821490702,0.00663623352642021,-0.0836693453371824,0.325125821490702
125.25,0.132685644298883,0.0244992466548504,0.132836740556306,0.0242854503956577,0.34612530988573,0.0063786545170472,-0.083725328336851,0.34612530988573
125.5,0.132578911328672,0.0244234655506896,0.13273093900697,0.0242103306063861,0.367209935709155,0.00609565327297331,-0.0837714289614389,0.367209935709155
125.75,0.132472510030877,0.0243472194589504,0.132625466235663,0.0241347498873182,0.388381420065881,0.00578511265634715,-0.0838062717771416,0.388381420065881
126,0.132366442431226,0.0242705098312484,0.132520324250433,0.024058709677402,0.409641458830342,0.00544493963043531,-0.0838284344096722,0.409641458830342
126.25,0.132260710549093,0.0241933381280245,0.132415515053034,0.0239822114243333,0.430991721829126,0.00507306608456476,-0.0838364479318346,0.430991721829126
126.5,0.13215531639746,0.0241157058185165,0.13231104063888,0.0239052565845288,0.452433852029303,0.00466744965336979,-0.0838287972637941,0.452433852029303
126.75,0.13205026198288,0.0240376143807318,0.132206902997015,0.0238278466230976,0.473969464732642,0.00422607453018044,-0.0838039215858117,0.473969464732642
127,0.131945549305439,0.0239590653014188,0.132103104110068,0.0237499830138137,0.495600146775909,0.00374695227435635,-0.0837602147634815,0.495600146775909
127.25,0.131841180358713,0.0238800600760387,0.131999645954221,0.0236716672390882,0.517327455737388,0.00322812261240081,-0.0836960257852768,0.517327455737388
127.5,0.131737157129738,0.0238006002087371,0.131896530499169,0.0235929007899404,0.53915291914986,0.00266765423266289,-0.0836096592124289,0.53915291914986
127.75,0.131633481598967,0.0237206872123153,0.13179375970808,0.02351368516597,0.561078033720148,0.00206364557346501,-0.0834993756409346,0.561078033720148
128,0.13153015574023,0.0236403226082017,0.131691335537562,0.0234340218753283,0.583912969515415,0.00115869171984544,-0.0822723646030818,0.583912969515415
128.25,0.131427181520705,0.0235595079264223,0.131589259937624,0.0233539124346895,0.606963213123956,0.000184986773960838,-0.0808278735328237,0.606963213123956
128.5,0.131324560900871,0.0234782447055724,0.131487534851639,0.0232733583692218,0.630168547944572,-0.000837422491957777,-0.0792411263535148,0.630168547944572
128.75,0.131222295834478,0.0233965344927865,0.131386162216305,0.0231923612125587,0.653527498527354,-0.00190748295892832,-0.0775092937075593,0.653527498527354
129,0.131120388268505,0.0233143788437091,0.131285143961611,0.0231109225067691,0.677038536364534,-0.00302409046752344,-0.0756295556963706,0.677038536364534
129.25,0.131018840143125,0.0232317793224656,0.131184482010799,0.0230290438023287,0.700700079950291,-0.00418608986959115,-0.0735991027016271,0.700700079950291
129.5,0.130917653391667,0.0231487375016316,0.131084178280328,0.0229467266580899,0.724510494852518,-0.00539227509191714,-0.0714151362063451,0.724510494852518
129.75,0.130816829940582,0.0230652549622038,0.130984234679836,0.0228639726412526,0.748468093796694,-0.00664138921192465,-0.0690748696156897,0.748468093796694
130,0.130716371709404,0.0229813332935693,0.130884653112105,0.0227807833273338,0.772571136761729,-0.00793212454534556,-0.0665755290772909,0.772571136761729
130.25,0.130616280610711,0.0228969740934759,0.130785435473024,0.0226971603001384,0.796817831087899,-0.00926312274591173,-0.0639143543009453,0.796817831087899
130.5,0.130516558550094,0.0228121789680009,0.130686583651555,0.022613105151728,0.821206331596775,-0.010632974917012,-0.0610885993774804,0.821206331596775
130.75,0.130417207426118,0.0227269495315215,0.130588099529693,0.0225286194823917,0.845734740723191,-0.0120402217353625,-0.0580955335966762,0.845734740723191
131,0.130318229130285,0.0226412874066832,0.130489984982435,0.0224437049006147,0.870401108659211,-0.013483353586634,-0.0549324422640155,0.870401108659211
131.25,0.130219625546998,0.0225551942243693,0.130392241877739,0.0223583630230483,0.89520343351013,-0.0149608107130617,-0.0515966275161398,0.89520343351013
131.5,0.130121398553528,0.0224686716236701,0.130294872076494,0.0222725954744788,0.920139661462457,-0.0164709833730089,-0.0480854091348182,0.920139661462457
131.75,0.130023550019975,0.022381721251851,0.130197877432481,0.0221864038877968,0.945207686963847,-0.0180122120124596,-0.0443961253592642,0.945207686963847
132,0.129926081809234,0.0222943447643218,0.130101259792337,0.0220997899039657,0.961853810156708,-0.00956100329336366,-0.0351524483101814,0.961853810156708
132.25,0.12982899577696,0.022206543824605,0.130005020995523,0.0220127551719911,0.976121140203519,0.00178148156989479,-0.0244025502733733,0.976121140203519
132.5,0.12973229377153,0.0221183201043037,0.129909162874287,0.0219253013488886,0.990278271802749,0.0133537463183664,-0.0136046958265284,0.990278271802749
132.75,0.129635977634012,0.0220296752830706,0.12981368725363,0.0218374300996532,1.00116899965898,0.00831433055350131,-0.0111372291140724,1.00116899965898
133,0.129540049198125,0.0219406110485751,0.129718595951269,0.0217491430972266,1.00040482447819,0.00137677290590227,-0.00318275854291257,1.00040482447819
133.25,0.129444510290209,0.021851129096472,0.129623890777607,0.0216604420224661,0.99154676601305,0.00550593742585834,-0.00301441090644034,0.99154676601305
133.5,0.129349362729187,0.0217612311303686,0.129529573535693,0.0215713285641124,0.99147243011961,0.0208748803737038,-0.00225751185060762,0.99147243011961
133.75,0.129254608326532,0.0216709188617927,0.129435646021191,0.0214818044187573,0.996698836394827,0.033405010969743,-0.00481098094923281,0.996698836394827
134,0.12916024888623,0.0215801940101595,0.129342110022346,0.0213918712908113,1.01798689530378,0.0373632011938268,-0.0168641001258816,1.01798689530378
134.25,0.12906628620475,0.0214890583027396,0.129248967319948,0.0213015308924717,1.03936894030257,0.0411196775343107,-0.0286890836277366,1.03936894030257
134.5,0.128972722071004,0.0213975134746254,0.129156219687301,0.0212107849436894,1.06084057924614,0.0446783535350209,-0.0402848381069473,1.06084057924614
134.75,0.128879558266321,0.0213055612686986,0.129063868890185,0.0211196351721365,1.08239741750608,0.0480431472832636,-0.0516503354082864,1.08239741750608
135,0.128786796564404,0.0212132034355964,0.128971916686827,0.0210280833131732,1.10435491682187,0.0507464260611745,-0.0621807931317089,1.10435491682187
135.25,0.128694438731301,0.021120441733679,0.128880364827864,0.0209361311098149,1.12949441725162,0.0486553695563197,-0.066456863483573,1.12949441725162
135.5,0.128602486525375,0.0210272779289955,0.128789215056311,0.0208437803126991,1.15370590779573,0.0470220281018728,-0.06908861893055,1.15370590779573
135.75,0.12851094169726,0.0209337137952504,0.128698469107528,0.0207510326800518,1.17718166540355,0.0457631784699903,-0.0705033376297572,1.17718166540355
136,0.12841980598984,0.0208397511137699,0.128608128709189,0.0206578899776542,1.20053596348735,0.0445624841822522,-0.0718235260385512,1.20053596348735
136.25,0.128329081138207,0.0207453916734681,0.128518195581243,0.0205643539788092,1.22376869025029,0.0434196352627782,-0.0730520956930844,1.22376869025029
136.5,0.128238768869631,0.0206506372708126,0.128428671435888,0.0204704264643072,1.24687979109172,0.0423342657528059,-0.0741919417034225,1.24687979109172
136.75,0.128148870903528,0.0205554897097908,0.128339557977534,0.0203761092223929,1.26986926824662,0.0413059540791735,-0.0752459418383822,1.26986926824662
137,0.128059388951425,0.020459950801875,0.128250856902773,0.0202814040487306,1.29273718041158,0.0403342234363601,-0.0762169556165796,1.29273718041158
137.25,0.127970324716929,0.0203640223659883,0.128162569900347,0.0201863127463701,1.31548364235729,0.0394185421819434,-0.0771078234038253,1.31548364235729
137.5,0.127881679895696,0.0202677062284698,0.128074698651111,0.0200908371257129,1.33810882452771,0.0385583242453723,-0.0779213655170689,1.33810882452771
137.75,0.127793456175395,0.0201710042230401,0.127987244828009,0.0199949790044772,1.3606129526259,0.037752929550025,-0.0786603813351194,1.3606129526259
138,0.127705655235678,0.0200739181907658,0.127900210096034,0.0198987402076633,1.38299630718679,0.0370016644483784,-0.079327648416286,1.38299630718679
138.25,0.127618278748149,0.019976449980025,0.127813596112203,0.0198021225675193,1.40525922313679,0.0363037821702153,-0.0799259216231345,1.40525922313679
138.5,0.12753132837633,0.0198786014464721,0.127727404525521,0.0197051279235058,1.42740208934053,0.0356584832837549,-0.080457932254552,1.42740208934053
138.75,0.127444805775631,0.0197803744530021,0.127641636976952,0.0196077581222609,1.44942534813469,0.0350649161696239,-0.0809263871853101,1.44942534813469
139,0.127358712593317,0.0196817708697152,0.127556295099385,0.0195100150175654,1.47132949484915,0.0345221775075087,-0.0813339680132791,1.47132949484915
139.25,0.127273050468479,0.0195827925738817,0.127471380517608,0.019411900470307,1.49311507731547,0.0340293127754081,-0.0816833302144938,1.49311507731547
139.5,0.127187821031999,0.0194834414499055,0.127386894848272,0.0193134163484453,1.51478269536298,0.0335853167613527,-0.0819771023062344,1.51478269536298
139.75,0.127103025906524,0.0193837193892889,0.127302839699862,0.019214564526976,1.53633300030238,0.0331891340874933,-0.0822178850183229,1.53633300030238
140,0.127018666706431,0.0192836282905962,0.127219216672666,0.0191153468878954,1.55776669439703,0.0328396597464297,-0.0824082504727954,1.55776669439703
140.25,0.126934745037796,0.0191831700594175,0.127136027358747,0.0190157653201641,1.57908453032238,0.0325357396496016,-0.0825507413720776,1.57908453032238
140.5,0.126851262498368,0.0190823466083329,0.12705327334191,0.0189158217196718,1.60028731061303,0.0322761711877337,-0.0826478701959442,1.60028731061303
140.75,0.126768220677534,0.0189811598568755,0.126970956197671,0.0188155179892006,1.62137588709814,0.0320597038030837,-0.082702118407316,1.62137588709814
141,0.126685621156291,0.0188796117314951,0.126889077493231,0.0187148560383888,1.6423511603251,0.0318850395734134,-0.0827159356671038,1.6423511603251
141.25,0.126603465507214,0.0187777041655218,0.126807638787441,0.0186138377836949,1.66321407897141,0.0317508338075869,-0.0826917390583125,1.66321407897141
141.5,0.126521755294428,0.0186754390991286,0.126726641630778,0.0185124651483609,1.68396563924529,0.0316556956525888,-0.0826319123194907,1.68396563924529
141.75,0.126440492073578,0.018572818479295,0.126646087565311,0.0184107400623756,1.70460688427478,0.0315981887118698,-0.0825388050877296,1.70460688427478
142,0.126359677391798,0.0184698442597698,0.126565978124672,0.018308664462438,1.72513890348574,0.031576831674869,-0.082414732151369,1.72513890348574
142.25,0.126279312787685,0.0183665184010335,0.12648631483403,0.0182062402919204,1.74556283196876,0.0315900989575662,-0.0822619727125534,1.74556283196876
142.5,0.126199399791263,0.0182628428702616,0.12640709921006,0.0181034695008314,1.7658798498351,0.0316364213539426,-0.0820827696598307,1.7658798498351
142.75,0.126119939923961,0.0181588196412868,0.126328332760912,0.0180003540457787,1.78609118156195,0.0317141866981537,-0.0818793288508752,1.78609118156195
143,0.126040934698581,0.0180544506945614,0.126250016986186,0.0178968958899319,1.80619809532704,0.0318217405373132,-0.0816538184055569,1.80619809532704
143.25,0.125962385619268,0.0179497380171198,0.126172153376902,0.0177930970029852,1.82620190233275,0.0319573868147201,-0.0814083680094701,1.82620190233275
143.5,0.125884294181483,0.0178446836025402,0.126094743415471,0.0176889593611198,1.84610395611991,0.0321193885633897,-0.0811450682281065,1.84610395611991
143.75,0.125806661871976,0.0177392894509075,0.126017788575667,0.0175844849469662,1.86590565187145,0.0323059686096857,-0.0808659698317313,1.86590565187145
144,0.125729490168752,0.0176335575687742,0.125941290322598,0.0174796757495667,1.88560842570607,0.032515310286962,-0.0805730831312102,1.88560842570607
144.25,0.12565278054105,0.017527489969123,0.125865250112682,0.0173745337643373,1.90521375396198,0.0327455581590274,-0.0802683773248832,1.90521375396198
144.5,0.12557653444931,0.0174210886713282,0.125789669393614,0.0172690609930299,1.92472315247103,0.0329948187532462,-0.0799537798565868,1.92472315247103
144.75,0.12550075334515,0.017314355701117,0.125714549604342,0.017163259443694,1.9441381758233,0.0332611613031468,-0.0796311757850084,1.9441381758233
145,0.12542543867133,0.0172072930905314,0.12563989217504,0.0170571311306387,1.96346041662233,0.0335426185003716,-0.0793024071645042,1.96346041662233
145.25,0.125350591861735,0.0170999028778891,0.125565698527075,0.0169506780743939,1.98269150473107,0.0338371872558013,-0.0789692724375203,1.98269150473107
145.5,0.12527621434134,0.016992187107745,0.12549197007299,0.0168439023016725,2.00183310650896,0.0341428294696441,-0.0786335258386676,2.00183310650896
145.75,0.125202307526184,0.0168841478308521,0.125418708216467,0.0167368058453311,2.02088692404003,0.0344574728103821,-0.0782968768106812,2.02088692404003
146,0.125128872823349,0.0167757871041224,0.125345914352306,0.0166293907443321,2.03985469435232,0.0347790115023856,-0.0779609894323693,2.03985469435232
146.25,0.125055911630924,0.0166671069905881,0.125273589866398,0.0165216590437041,2.05873818862889,0.0351053071219693,-0.0776274818585679,2.05873818862889
146.5,0.124983425337985,0.0165581095593617,0.125201736135697,0.0164136127945033,2.07753921141034,0.035434189401811,-0.0772979257724048,2.07753921141034
146.75,0.124911415324567,0.0164487968855974,0.125130354528193,0.0163052540537747,2.09625959978932,0.0357634570434552,-0.0769738458497921,2.09625959978932
147,0.124839882961637,0.0163391710504508,0.125059446402891,0.0161965848845124,2.11490122259692,0.0360908785378096,-0.0766567192364361,2.11490122259692
147.25,0.124768829611068,0.0162292341410398,0.124989013109778,0.0160876073556207,2.13346597958137,0.0364141929933907,-0.0763479750373424,2.13346597958137
147.5,0.124698256625613,0.0161189882504047,0.124919055989802,0.0159783235418748,2.15195580057903,0.0367311109721826,-0.0760489938190243,2.15195580057903
147.75,0.124628165348881,0.0160084354774684,0.124849576374848,0.0158687355238809,2.170372644678,0.0370393153328918,-0.0757611071244487,2.170372644678
148,0.124558557115307,0.0158975779269961,0.124780575587705,0.0157588453880369,2.18871849937441,0.0373364620814507,-0.0754855970008982,2.18871849937441
148.25,0.124489433250133,0.0157864177095561,0.124712054942051,0.0156486552264926,2.20699537972172,0.0376201812285274,-0.0752236955407367,2.20699537972172
148.5,0.124420795069377,0.0156749569414785,0.124644015742418,0.0155381671371099,2.22520532747306,0.0378880776539305,-0.0749765844353388,2.22520532747306
148.75,0.124352643879812,0.0155631977448157,0.124576459284176,0.0154273832234227,2.24335041021691,0.0381377319776563,-0.0747453945421347,2.24335041021691
149,0.124284980978937,0.0154511422473016,0.124509386853502,0.0153163055945969,2.26143272050629,0.0383667014374154,-0.0745312054649359,2.26143272050629
149.25,0.124217807654956,0.0153387925823116,0.124442799727358,0.0152049363653907,2.27945437498158,0.0385725207724482,-0.0743350451476227,2.27945437498158
149.5,0.124151125186754,0.0152261508888211,0.124376699173468,0.0150932776561134,2.29741751348729,0.0387527031134371,-0.0741578894812884,2.29741751348729
149.75,0.124084934843868,0.0151132193113658,0.12431108645029,0.0149813315925861,2.31532429818278,0.0389047408783137,-0.0740006619249114,2.31532429818278
150,0.124019237886467,0.015,0.124245962806996,0.0148691003061004,2.33317691264744,0.0390261066737688,-0.0738642331396329,2.33317691264744
150.25,0.123954035565326,0.0148864951102562,0.124181329483447,0.0147565859333782,2.35097756098011,0.039114254202282,-0.0737494206367668,2.35097756098011
150.5,0.123889329121803,0.014772706803104,0.124117187710168,0.014643790616531,2.36872846689329,0.0391666191744532,-0.0736569884395562,2.36872846689329
150.75,0.123825119787816,0.0146586372449086,0.124053538708325,0.0145307165030191,2.3864318728022,0.0391806202264572,-0.0735876467588073,2.3864318728022
151,0.123761408785818,0.0145442886073901,0.123990383689704,0.0144173657456105,2.40409003890883,0.0391536598424071,-0.073542051682436,2.40409003890883
151.25,0.123698197328775,0.0144296630675816,0.123927723856686,0.0143037405023403,2.42170524228131,0.0390831252814372,-0.0735208048790137,2.42170524228131
151.5,0.123635486620141,0.0143147628077883,0.123865560402223,0.0141898429364693,2.43927977592868,0.0389663895092998,-0.0735244533153839,2.43927977592868
151.75,0.123573277853838,0.0141995900155453,0.123803894509819,0.014075675216443,2.45681594787136,0.0388008121342776,-0.0735534889884156,2.45681594787136
152,0.123511572214232,0.0140841468835767,0.123742727353501,0.0139612395158503,2.47431608020743,0.0385837403472008,-0.0736083486709255,2.47431608020743
152.25,0.123450370876109,0.0139684356097533,0.123682060097806,0.0138465380133818,2.49178250817503,0.0383125098653704,-0.0736894136718573,2.49178250817503
152.5,0.123389675004653,0.013852458397051,0.123621893897751,0.013731572892789,2.50921757921098,0.0379844458801913,-0.0737970096107844,2.50921757921098
152.75,0.123329485755428,0.0137362174535087,0.123562229898812,0.0136163463428419,2.5266236520059,0.0375968640082962,-0.0739314062067638,2.5266236520059
153,0.123269804274349,0.0136197149921864,0.123503069236907,0.013500860557288,2.54400309555597,0.0371470712459576,-0.0740928170815808,2.54400309555597
153.25,0.123210631697666,0.0135029532311231,0.123444413038368,0.0133851177348101,2.56135828821163,0.0366323669265908,-0.0742813995774754,2.56135828821163
153.5,0.123151969151939,0.0133859343932943,0.123386262419927,0.0132691200789848,2.57869161672333,0.0360500436811287,-0.074497254589364,2.57869161672333
153.75,0.123093817754019,0.01326866070657,0.123328618488686,0.0131528697982402,2.59600547528458,0.0353973884010683,-0.0747404264115996,2.59600547528458
154,0.123036178611025,0.0131511344036723,0.123271482342104,0.0130363691058141,2.61330226457252,0.0346716832039772,-0.0750109025993286,2.61330226457252
154.25,0.122979052820322,0.0130333577221325,0.123214855067969,0.0129196202197118,2.63058439078619,0.0338702064012491,-0.0753086138444426,2.63058439078619
154.5,0.122922441469504,0.0129153329042489,0.123158737744383,0.0128026253626637,2.64785426468276,0.0329902334679068,-0.0756334338662189,2.64785426468276
154.75,0.122866345636369,0.0127970621970437,0.123103131439741,0.0126853867620833,2.66511430061188,0.0320290380142296,-0.0759851793166046,2.66511430061188
155,0.1228107663889,0.012678547852221,0.123048037212704,0.0125679066500245,2.6823669155483,0.0309838927590109,-0.0763636097002447,2.6823669155483
155.25,0.122755704785248,0.0125597921261228,0.122993456112189,0.0124501872631394,2.69961452812322,0.0298520705042182,-0.0767684273092179,2.69961452812322
155.5,0.122701161873704,0.0124407972796872,0.12293938917734,0.0123322308426353,2.7168595576542,0.0286308451108606,-0.0771992771725512,2.7168595576542
155.75,0.122647138692687,0.0123215655784043,0.122885837437514,0.0122140396342325,2.73410442317421,0.0273174924758391,-0.0776557470205041,2.73410442317421
156,0.122593636270722,0.012202099292274,0.12283280191226,0.0120956158881213,2.75135154245977,0.025909291509575,-0.0781373672636174,2.75135154245977
156.25,0.122540655626417,0.0120824006957621,0.122780283611296,0.011976961858919,2.76860333105861,0.0244035251142047,-0.0786436109866086,2.76860333105861
156.5,0.122488197768446,0.0119624720677574,0.122728283534495,0.0118580798056273,2.78586220131673,0.0227974811621269,-0.07917389395706,2.78586220131673
156.75,0.122436263695533,0.011842315691528,0.122676802671865,0.0117389719915891,2.80187755845566,0.0220430965128551,-0.0792260745625174,2.80187755845566
157,0.122384854396427,0.0117219338546782,0.122625842003527,0.0116196406844457,2.81617744482205,0.0225025546958808,-0.0786479338674351,2.81617744482205
157.25,0.122333970849886,0.0116013288491046,0.122575402499698,0.0115000881560929,2.8304037958907,0.0229254313685798,-0.0781117318706204,2.8304037958907
157.5,0.122283614024661,0.0114805029709527,0.122525485120673,0.0113803166826386,2.84455899021839,0.0233090690739974,-0.0776185050559887,2.84455899021839
157.75,0.122233784879473,0.011359458520573,0.122476090816808,0.0112603285443591,2.85864543075936,0.0236507880594787,-0.0771692361137979,2.85864543075936
158,0.122184484362996,0.0112381978024774,0.122427220528499,0.0111401260256556,2.87266554396492,0.0239478871823496,-0.0767648535396981,2.87266554396492
158.25,0.122135713413842,0.0111167231252951,0.122378875186166,0.0110197114150106,2.88662177887693,0.0241976448216778,-0.076406231247445,2.88662177887693
158.5,0.122087472960539,0.0109950368017289,0.122331055710235,0.0108990870049449,2.90051660621532,0.0243973197959144,-0.0760941881953453,2.90051660621532
158.75,0.122039763921516,0.0108731411485111,0.122283763011118,0.0107782550919733,2.91435251745992,0.0245441522862176,-0.0758294880265183,2.91435251745992
159,0.121992587205084,0.010751038486359,0.122236997989202,0.0106572179765612,2.92813202392677,0.0246353647652611,-0.0756128387230551,2.92813202392677
159.25,0.12194594370942,0.0106287311399315,0.122190761534825,0.010535977963081,2.94185765583909,0.0246681629313228,-0.075444892274135,2.94185765583909
159.5,0.121899834322548,0.010506221437784,0.122145054528262,0.0104145373597676,2.95553196139315,0.0246397366474725,-0.075326244358226,2.95553196139315
159.75,0.121854259922325,0.0103835117123248,0.122099877839708,0.0102928984786751,2.96915750581913,0.024547260885638,-0.0752574340393894,2.96915750581913
160,0.121809221376423,0.0102606042997701,0.122055232329264,0.0101710636356324,2.9827368704374,0.0243878966753538,-0.0752389434777776,2.9827368704374
160.25,0.121764719542309,0.0101375015400998,0.122011118846914,0.0100490351501994,2.9962726517101,0.0241587920569985,-0.0752711976544105,2.9962726517101
160.5,0.121720755267235,0.0100142057770131,0.121967538232517,0.00992681534562258,3.00976746028856,0.0238570830393073,-0.0753545641102754,3.00976746028856
160.75,0.121677329388216,0.00989071935788362,0.121924491315783,0.00980440654879072,3.02322392005651,0.023479894560953,-0.0754893526997956,3.02322392005651
161,0.12163444273202,0.00976704463371471,0.121881978916265,0.00968181109019093,3.0366446671694,0.0230243414560047,-0.0756758153587833,3.0366446671694
161.25,0.121592096115147,0.00964318395909485,0.121840001843337,0.009559031303864,3.04685653140679,0.0241290768347695,-0.0690212325425481,3.04685653140679
161.5,0.121550290343814,0.00951913969215276,0.121798560896182,0.00943606952736009,3.05653142436156,0.0254729844012896,-0.0616405719195014,3.05653142436156
161.75,0.121509026213944,0.00939491419451248,0.121757656863777,0.00931292810169418,3.06597705453655,0.0268998423770714,-0.0542206952042476,3.06597705453655
162,0.121468304511145,0.00927050983124843,0.121717290524874,0.00918960937130153,3.07519314563715,0.0284097200602073,-0.0467648941811875,3.07519314563715
162.25,0.121428126010702,0.00914592897084032,0.121677462647991,0.00906611568399297,3.08417947990029,0.0300026310068092,-0.0392764588464581,3.08417947990029
162.5,0.121388491477553,0.0090211739851282,0.121638173991393,0.00894244939091033,3.09293589803076,0.0316785330984867,-0.0317586765239996,3.09293589803076
162.75,0.121349401666284,0.00889624724926713,0.121599425303079,0.00881861284648153,3.10146229912488,0.0334373286225913,-0.0242148309828856,3.10146229912488
163,0.121310857321109,0.00877115114168211,0.121561217320769,0.00869460840837591,3.10975864058119,0.0352788643652487,-0.0166482015561343,3.10975864058119
163.25,0.121272859175856,0.00864588804402267,0.121523550771888,0.00857043843745917,3.11782493799849,0.0372029317171138,-0.00906206226113462,3.11782493799849
163.5,0.121235407953954,0.00852046034111768,0.121486426373552,0.00844610529774863,3.12566126506095,0.0392092667918596,-0.00145968092191285,3.12566126506095
163.75,0.121198504368422,0.00839487042092977,0.121449844832557,0.00832161135636802,3.13326775341063,0.0412975505573274,0.00615568170663687,3.13326775341063
164,0.12116214912185,0.00826912067450999,0.121413806845362,0.00819695898350252,3.14064459250719,0.0434674089793642,0.0137807728123257,3.14064459250719
164.25,0.121126342906391,0.00814321349595222,0.121378313098078,0.00807215055235362,3.147792029475,0.0457184131782564,0.0214123483969122,3.147792029475
164.5,0.121091086403741,0.00801715128234771,0.121343364266456,0.00794718843909398,3.15416683365231,0.0495062662720358,0.01940145505679,3.15416683365231
164.75,0.121056380285136,0.00789093643373926,0.12130896101587,0.00782207502282209,3.16026615827912,0.0538485140166575,0.0128514730292628,3.16026615827912
165,0.121022225211328,0.00776457135307563,0.12127510400131,0.00769681268551703,3.16639160002965,0.0579992188662735,0.00645282228148083,3.16639160002965
165.25,0.120988621832582,0.00763805844616583,0.121241793867363,0.00757140381199315,3.17346321466772,0.060421843337658,0.00179833476878183,3.17346321466772
165.5,0.120955570788657,0.00751140012163324,0.121209031248207,0.00744585078985464,3.18185738711913,0.06045396554108,-0.000335873634014565,3.18185738711913
165.75,0.120923072708797,0.0073845987908698,0.121176816767595,0.00732015600945006,3.19015003154842,0.0604538316861105,-0.00234928587066009,3.19015003154842
166,0.12089112821172,0.00725765686799003,0.121145151038843,0.00719432186382683,3.19833880212354,0.0604236297273815,-0.00424403911371088,3.19833880212354
166.25,0.120859737905602,0.00713057676978519,0.121114034664823,0.0070683507486857,3.20642140200906,0.0603655011729058,-0.00602230646733871,3.20642140200906
166.5,0.12082890238807,0.00700336091567717,0.121083468237944,0.00694224506233514,3.21439558389164,0.0602815405616837,-0.00768629614725783,3.21439558389164
166.75,0.120798622246187,0.00687601172767244,0.121053452340148,0.00681600720564562,3.22225915049261,0.0601737949539194,-0.00923825065332011,3.22225915049261
167,0.120768898056443,0.00674853163031594,0.121023987542894,0.00668963958200395,3.23000995506814,0.0600442634338128,-0.0106804459350292,3.23000995506814
167.25,0.120739730384745,0.00662092305064503,0.120995074407148,0.00656314459726756,3.23764590189643,0.059894896625089,-0.0120151905501163,3.23764590189643
167.5,0.120711119786402,0.0064931884181431,0.120966713483377,0.00643652465971862,3.24516494675221,0.0597275962193431,-0.0132448248163784,3.24516494675221
167.75,0.12068306680612,0.0063653301646934,0.12093890531153,0.0063097821800182,3.25256509736813,0.0595442145173083,-0.0143717199569456,3.25256509736813
168,0.120655571977986,0.00623735072453278,0.120911650421035,0.0061829195711604,3.25984441388317,0.0593465539831187,-0.015398277239181,3.25984441388317
168.25,0.120628635825462,0.00610925253420533,0.120884949330786,0.00605593924842649,3.26700100927794,0.0591363668116404,-0.0163269271073971,3.26700100927794
168.5,0.120602258861375,0.00598103803251593,0.120858802549134,0.00592884362933873,3.27403304979676,0.0589153545089649,-0.0171601283095786,3.27403304979676
168.75,0.120576441587903,0.00585270966048384,0.120833210573875,0.00580163513361448,3.28093875535636,0.0586851674861998,-0.0179003670182742,3.28093875535636
169,0.12055118449657,0.00572426986129635,0.120808173892244,0.0056743161831202,3.28771639994131,0.0584474046665269,-0.0185501559458954,3.28771639994131
169.25,0.120526488068235,0.00559572108026204,0.120783692980902,0.00554688920182513,3.29436431198591,0.0582036131057005,-0.019112033454572,3.29436431198591
169.5,0.120502352773081,0.00546706576476443,0.120759768305932,0.00541935661575533,3.30088087474271,0.0579552876259846,-0.0195885626607849,3.30088087474271
169.75,0.120478779070611,0.00533830636421526,0.120736400322825,0.00529172085294739,3.30726452663717,0.0577038704636899,-0.0199823305349429,3.30726452663717
170,0.120455767409634,0.00520944533000791,0.120713589476472,0.00516398434340227,3.31351376160896,0.0574507509302507,-0.0202959469961296,3.31351376160896
170.25,0.120433318228258,0.00508048511547074,0.120691336201161,0.00503614951903898,3.31962712943931,0.0571972650870425,-0.0205320440021854,3.31962712943931
170.5,0.120411431953883,0.00495142817582034,0.120669640920561,0.0049082188136483,3.32560323606464,0.0569446954339218,-0.020693274635335,3.32560323606464
170.75,0.120390109003193,0.00482227696811478,0.120648504047718,0.00478019466284643,3.33144074387645,0.0566942706115192,-0.0207823121835699,3.33144074387645
171,0.120369349782146,0.00469303395120693,0.12062792598505,0.00465207950402871,3.33713837200708,0.0564471651174628,-0.0208018492179495,3.33713837200708
171.25,0.120349154685967,0.00456370158569751,0.120607907124332,0.00452387577632306,3.34269489660177,0.0562044990364458,-0.0207545966660568,3.34269489660177
171.5,0.120329524099142,0.00443428233388831,0.120588447846694,0.00439558592054363,3.34810915107647,0.0559673377842879,-0.0206432828817811,3.34810915107647
171.75,0.12031045839541,0.00430477865973538,0.120569548522614,0.00426721237914439,3.35338002636179,0.0557366918659999,-0.0204706527116398,3.35338002636179
172,0.120291957937753,0.00417519302880197,0.120551209511906,0.00413875759617252,3.35850647113272,0.0555135166478955,-0.0202394665578358,3.35850647113272
172.25,0.120274023078394,0.00404552790821171,0.12053343116372,0.0040102240172219,3.36348749202422,0.0552987121438083,-0.0199524994382552,3.36348749202422
172.5,0.120256654158786,0.00391578576660155,0.12051621381653,0.00388161408938658,3.36832215383273,0.0550931228154237,-0.0196125400436029,3.36832215383273
172.75,0.120239851509609,0.0037859690740749,0.120499557798128,0.00375293026121426,3.37300957970331,0.0548975373868251,-0.0192223897918772,3.37300957970331
173,0.12022361545076,0.00365608030215443,0.120483463425622,0.00362417498265947,3.37754895130256,0.0547126886732203,-0.0187848618803909,3.37754895130256
173.25,0.120207946291352,0.00352612192373514,0.120467931005426,0.00349535070503717,3.38193950897738,0.0545392534238933,-0.0183027803355416,3.38193950897738
173.5,0.120192844329702,0.00339609641303721,0.120452960833253,0.00336645988097587,3.38618055189918,0.0543778521794787,-0.0177789790605251,3.38618055189918
173.75,0.12017830985333,0.00326600624555894,0.120438553194115,0.00323750496437109,3.390271438194,0.0542290491434663,-0.0172163008812111,3.390271438194
174,0.120164343138952,0.00313585389802961,0.120424708362312,0.00310848841033855,3.39421158505801,0.0540933520680825,-0.0166175965903715,3.39421158505801
174.25,0.120150944452473,0.00300564184836228,0.12041142660143,0.00297941267516745,3.39800046885883,0.0539712121544652,-0.0159857239904731,3.39800046885883
174.5,0.120138114048985,0.00287537257560672,0.120398708164335,0.00285028021627377,3.40163762522237,0.0538630239672155,-0.0153235469352389,3.40163762522237
174.75,0.12012585217276,0.00274504855990208,0.120386553293167,0.00272109349215337,3.40512264910511,0.0537691253633524,-0.0146339343701779,3.40512264910511
175,0.120114159057248,0.00261467228242976,0.120374962219337,0.00259185496233524,3.40845519485225,0.0536897974355631,-0.0139197593722964,3.40845519485225
175.25,0.120103034925067,0.00248424622536613,0.120363935163523,0.00246256708733469,3.41163497624108,0.0536252644699538,-0.0131838981891882,3.41163497624108
175.5,0.120092479988006,0.00235377287183535,0.120353472335664,0.00233323232860653,3.41466176651021,0.0535756939181031,-0.0124292292777138,3.41466176651021
175.75,0.120082494447015,0.00222325470586199,0.120343573934957,0.00220385314849811,3.41753539837407,0.0535411963835989,-0.0116586323424722,3.41753539837407
176,0.120073078492205,0.00209269421232377,0.120334240149854,0.00207443201020253,3.42025576402314,0.0535218256229212,-0.0108749873742709,3.42025576402314
176.25,0.120064232302842,0.00196209387690429,0.120325471158056,0.00194497137771169,3.42282281510973,0.0535175785607331,-0.0100811736887985,3.42282281510973
176.5,0.120055956047344,0.00183145618604572,0.120317267126512,0.00181547371576946,3.42523656271916,0.0535283953196117,-0.00928006896570899,3.42523656271916
176.75,0.12004824988328,0.00170078362690133,0.120309628211415,0.00168594148982461,3.42749707732666,0.0535541592641096,-0.00847454828831645,3.42749707732666
177,0.120041113957363,0.00157007868728831,0.1203025545582,0.00155637716598403,3.42960448873979,0.0535946970592246,-0.00766748318410985,3.42960448873979
177.25,0.120034548405451,0.00143934385564033,0.120296046301537,0.00142678321096569,3.43155898602643,0.0536497787432266,-0.00686174066629352,3.43155898602643
177.5,0.120028553352544,0.00130858162096008,0.120290103565336,0.00129716209205166,3.43336081742835,0.0537191178148412,-0.00606018227655441,3.43336081742835
177.75,0.120023128912778,0.00117779447277207,0.120284726462737,0.00116751627704124,3.43501029026051,0.0538023713347388,-0.00526566312926151,3.43501029026051
178,0.120018275189427,0.00104698490107502,0.120279915096113,0.00103784823420381,3.43650777079585,0.0538991400413522,-0.00448103095730598,3.43650777079585
178.25,0.120013992274899,0.00091615539629468,0.120275669557064,0.000908160432232052,3.43785368413588,0.0540089684809698,-0.00370912515977799,3.43785368413588
178.5,0.120010280250733,0.000785308449236203,0.120271989926421,0.000778455340194751,3.43904851406691,0.0541313451520681,-0.00295277585168972,3.43904851406691
178.75,0.120007139187603,0.000654446551036823,0.120268876274237,0.000648735427489866,3.44009280290196,0.0542657026638906,-0.00221480291594653,3.44009280290196
179,0.120004569145308,0.000523572193118503,0.120266328659793,0.0005190031637976,3.44098715130855,0.0544114179092024,-0.00149801505776761,3.44098715130855
179.25,0.12000257017278,0.000392687867140339,0.12026434713159,0.000389261019033223,3.44173221812217,0.0545678122512012,-0.000805208861758084,3.44173221812217
179.5,0.120001142308075,0.000261796064951232,0.120262931727356,0.00025951146330015,3.44232872014565,0.0547341517245395,-0.000139167851834299,3.44232872014565
179.75,0.120000285578378,0.000130899278542393,0.120262082474036,0.000129756966842868,3.44277743193434,0.054909647250444,0.000497338445791185,3.44277743193434
180,0.12,3.67394039744206e-18,0.120261799387799,3.64187921921336e-18,3.44307918556737,0.0550934548658144,0.00110155543637941,3.44307918556737
180.25,0.120000285578378,-0.000130899278542385,0.120262082474036,-0.00012975696684286,3.44323487040458,0.0552846759663786,0.00167074438696426,3.44323487040458
180.5,0.120001142308075,-0.000261796064951211,0.120262931727356,-0.00025951146330013,3.44324543282987,0.0554823575636924,0.00220218335301725,3.44324543282987
180.75,0.12000257017278,-0.000392687867140332,0.12026434713159,-0.000389261019033215,3.44311187598018,0.05568549255611,0.00269316810123568,3.44311187598018
181,0.120004569145308,-0.000523572193118496,0.120266328659793,-0.000519003163797593,3.44283525946101,0.0558930200134944,0.00314101302830635,3.44283525946101
181.25,0.120007139187603,-0.000654446551036829,0.120268876274237,-0.000648735427489872,3.44241669904779,0.056103825475764,0.00354305207539618,3.44241669904779
181.5,0.120010280250733,-0.000785308449236195,0.120271989926421,-0.000778455340194744,3.44185736637368,0.0563167412650984,0.00389663963821903,3.44185736637368
181.75,0.120013992274899,-0.000916155396294686,0.120275669557064,-0.000908160432232058,3.44115848860366,0.0565305468118069,0.00419915147245251,3.44115848860366
182,0.120018275189427,-0.00104698490107503,0.120279915096113,-0.00103784823420381,3.44032134809493,0.0567439689937722,0.00444798559432328,3.44032134809493
182.25,0.120023128912778,-0.00117779447277205,0.120284726462737,-0.00116751627704122,3.43934728204377,0.0569556824894006,0.00464056317616602,3.43934728204377
182.5,0.120028553352544,-0.00130858162096009,0.120290103565336,-0.00129716209205167,3.43823768211898,0.0571643101439945,0.00477432943676583,3.43823768211898
182.75,0.120034548405451,-0.00143934385564032,0.120296046301537,-0.00142678321096568,3.43699399408181,0.0573684233495119,0.00484675452628254,3.43699399408181
183,0.120041113957363,-0.00157007868728831,0.1203025545582,-0.00155637716598402,3.43561771739263,0.0575665424375911,0.00485533440557736,3.43561771739263
183.25,0.12004824988328,-0.00170078362690131,0.120309628211415,-0.00168594148982459,3.43411040480431,0.0577571370857803,0.00479759171975204,3.43411040480431
183.5,0.120055956047344,-0.00183145618604571,0.120317267126512,-0.00181547371576945,3.43247366194244,0.0579386267369088,0.00467107666569882,3.43247366194244
183.75,0.120064232302842,-0.00196209387690429,0.120325471158056,-0.00194497137771169,3.43070914687244,0.0581093810314769,0.00447336785349097,3.43070914687244
184,0.120073078492205,-0.00209269421232374,0.120334240149854,-0.00207443201020251,3.4288185696537,0.058267720253002,0.00420207316142173,3.4288185696537
184.25,0.120082494447015,-0.00222325470586198,0.120343573934957,-0.00220385314849811,3.42680369188077,0.0584119157862385,0.0038548305844972,3.42680369188077
184.5,0.120092479988006,-0.00235377287183534,0.120353472335664,-0.00233323232860652,3.4246663262118,0.0585401905881526,0.00342930907621447,3.4246663262118
184.75,0.120103034925067,-0.00248424622536613,0.120363935163523,-0.00246256708733469,3.42240833588413,0.0586507196715751,0.00292320938343592,3.42240833588413
185,0.120114159057248,-0.00261467228242974,0.120374962219337,-0.00259185496233522,3.42003163421742,0.0587416306014311,0.00233426487417954,3.42003163421742
185.25,0.12012585217276,-0.00274504855990207,0.120386553293167,-0.00272109349215336,3.41753818410407,0.0588110040034658,0.0016602423581297,3.41753818410407
185.5,0.120138114048985,-0.00287537257560672,0.120398708164335,-0.00285028021627378,3.41492999748739,0.0588568740853008,0.000898942899735799,3.41492999748739
185.75,0.120150944452473,-0.00300564184836228,0.12041142660143,-0.00297941267516746,3.41220913482732,0.0588772291698108,4.82026236582316e-05,3.41220913482732
186,0.120164343138952,-0.00313585389802959,0.120424708362312,-0.00310848841033853,3.40937770455401,0.0588700122406205,-0.000894106487553403,3.40937770455401
186.25,0.12017830985333,-0.00326600624555894,0.120438553194115,-0.00323750496437109,3.40643786250925,0.0588331214996962,-0.00193007580377893,3.40643786250925
186.5,0.120192844329702,-0.0033960964130372,0.120452960833253,-0.00336645988097586,3.40339181137593,0.0587644109368333,-0.00306175926575604,3.40339181137593
186.75,0.120207946291352,-0.00352612192373512,0.120467931005426,-0.00349535070503715,3.40024180009565,0.0586616909110092,-0.00429117261185146,3.40024180009565
187,0.12022361545076,-0.00365608030215443,0.120483463425622,-0.00362417498265948,3.39699012327453,0.058522728743423,-0.00562029261329468,3.39699012327453
187.25,0.120239851509609,-0.00378596907407489,0.120499557798128,-0.00375293026121425,3.39363912057741,0.0583452493221254,-0.00705105631806151,3.39363912057741
187.5,0.120256654158786,-0.00391578576660154,0.12051621381653,-0.00388161408938658,3.39019117611045,0.0581269357181437,-0.00858536030359477,3.39019117611045
187.75,0.120274023078394,-0.00404552790821167,0.12053343116372,-0.00401022401722187,3.38664871779251,0.0578654298129072,-0.0102250599384695,3.38664871779251
188,0.120291957937753,-0.00417519302880197,0.120551209511906,-0.00413875759617251,3.38301421671505,0.0575583329369425,-0.0119719686532425,3.38301421671505
188.25,0.12031045839541,-0.00430477865973537,0.120569548522614,-0.00426721237914439,3.37929018649105,0.0572032065196201,-0.0138278572205695,3.37929018649105
188.5,0.120329524099142,-0.00443428233388832,0.120588447846694,-0.00439558592054363,3.37547918259282,0.0567975727498756,-0.0157944530448041,3.37547918259282
188.75,0.120349154685967,-0.00456370158569749,0.120607907124332,-0.00452387577632304,3.37158380167903,0.0563389152477655,-0.0178734394612187,3.37158380167903
189,0.120369349782146,-0.00469303395120692,0.12062792598505,-0.0046520795040287,3.36662180674697,0.0558752331119768,-0.0170586024806537,3.36662180674697
189.25,0.120390109003193,-0.00482227696811478,0.120648504047718,-0.00478019466284644,3.3608265564149,0.0554591272286011,-0.0142843272018913,3.3608265564149
189.5,0.120411431953883,-0.00495142817582032,0.120669640920561,-0.00490821881364828,3.35483060596014,0.0550744466520118,-0.0115408082734447,3.35483060596014
189.75,0.120433318228258,-0.00508048511547074,0.120691336201161,-0.00503614951903897,3.34863427030939,0.0547209979335235,-0.00883132956407186,3.34863427030939
190,0.120455767409634,-0.00520944533000791,0.120713589476472,-0.00516398434340227,3.3422379290569,0.0543985261773303,-0.00615917316403666,3.3422379290569
190.25,0.120478779070611,-0.00533830636421525,0.120736400322825,-0.00529172085294739,3.33564202645208,0.0541067150505532,-0.00352761836407824,3.33564202645208
190.5,0.120502352773081,-0.00546706576476441,0.120759768305932,-0.00541935661575531,3.32884707137176,0.0538451868084864,-0.000939940634454513,3.32884707137176
190.75,0.120526488068235,-0.00559572108026204,0.120783692980902,-0.00554688920182513,3.32185363727741,0.0536135023349373,0.00160058939571417,3.32185363727741
191,0.12055118449657,-0.00572426986129634,0.120808173892244,-0.00567431618312019,3.3146623621571,0.0534111611976838,0.00409070695859014,3.3146623621571
191.25,0.120576441587903,-0.00585270966048384,0.120833210573875,-0.00580163513361448,3.30727394845225,0.0532376017190905,0.0065271541670443,3.30727394845225
191.5,0.120602258861375,-0.0059810380325159,0.120858802549134,-0.00592884362933869,3.29968916296931,0.053092201061788,0.0089066810331392,3.29968916296931
191.75,0.120628635825462,-0.00610925253420532,0.120884949330786,-0.00605593924842648,3.29190883677614,0.0529742753294967,0.0112260464854582,3.29190883677614
192,0.120655571977986,-0.00623735072453277,0.120911650421035,-0.0061829195711604,3.28393386508345,0.0528830796828779,0.01348201938507,3.28393386508345
192.25,0.12068306680612,-0.00636533016469338,0.12093890531153,-0.00630978218001818,3.27576520711081,0.0528178084705158,0.0156713795399089,3.27576520711081
192.5,0.120711119786402,-0.00649318841814309,0.120966713483377,-0.00643652465971861,3.26740388593795,0.0527775953748577,0.0177909187173655,3.26740388593795
192.75,0.120739730384745,-0.00662092305064503,0.120995074407148,-0.00656314459726755,3.25885098834061,0.0527615135732465,0.0198374416548624,3.25885098834061
193,0.120768898056443,-0.00674853163031595,0.121023987542894,-0.00668963958200395,3.25010766461161,0.0527685759138855,0.0218077670682176,3.25010766461161
193.25,0.120798622246187,-0.00687601172767242,0.121053452340148,-0.0068160072056456,3.24117512836673,0.0527977351068128,0.0236987286575634,3.24117512836673
193.5,0.12082890238807,-0.00700336091567717,0.121083468237944,-0.00694224506233515,3.23205465633572,0.0528478839297416,0.0255071761106341,3.23205465633572
193.75,0.120859737905602,-0.00713057676978519,0.121114034664823,-0.00706835074868571,3.22274758813831,0.0529178554488405,0.0272299761031816,3.22274758813831
194,0.12089112821172,-0.00725765686799002,0.121145151038843,-0.00719432186382682,3.21325532604526,0.0530064232543334,0.0288640132963351,3.21325532604526
194.25,0.120923072708797,-0.00738459879086978,0.121176816767595,-0.00732015600945004,3.20357933472465,0.0531123017109302,0.0304061913306721,3.20357933472465
194.5,0.120955570788657,-0.00751140012163325,0.121209031248207,-0.00744585078985465,3.19372114097328,0.0532341462229833,0.0318534338168093,3.19372114097328
194.75,0.120988621832582,-0.00763805844616582,0.121241793867363,-0.00757140381199315,3.18368233343331,0.0533705535143991,0.0332026853222868,3.18368233343331
195,0.121022225211328,-0.00776457135307561,0.12127510400131,-0.00769681268551701,3.17346456229415,0.0535200619231887,0.0344509123545512,3.17346456229415
195.25,0.121056380285136,-0.00789093643373925,0.12130896101587,-0.00782207502282208,3.16306953897972,0.0536811517106382,0.035595104339819,3.16306953897972
195.5,0.121091086403741,-0.0080171512823477,0.121343364266456,-0.00794718843909398,3.15249903582108,0.0538522453850243,0.0366322745976211,3.15249903582108
195.75,0.121126342906391,-0.00814321349595222,0.121378313098078,-0.00807215055235362,3.14175488571451,0.0540317080398353,0.0375594613108149,3.14175488571451
196,0.12116214912185,-0.00826912067450997,0.121413806845362,-0.0081969589835025,3.13083898176511,0.0542178477064106,0.0383737284908651,3.13083898176511
196.25,0.121198504368422,-0.00839487042092976,0.121449844832557,-0.00832161135636801,3.11975327691588,0.0544089157209688,0.0390721669381761,3.11975327691588
196.5,0.121235407953954,-0.00852046034111767,0.121486426373552,-0.00844610529774862,3.10849978356263,0.0546031071059027,0.0396518951972954,3.10849978356263
196.75,0.121272859175856,-0.00864588804402268,0.121523550771888,-0.00857043843745917,3.09708057315438,0.0547985609653421,0.0401100605067505,3.09708057315438
197,0.121310857321109,-0.00877115114168209,0.121561217320769,-0.00869460840837588,3.08549777577974,0.0549933608948366,0.0404438397433537,3.08549777577974
197.25,0.121349401666284,-0.00889624724926713,0.121599425303079,-0.00881861284648153,3.07375357973901,0.0551855354051355,0.0406504403607472,3.07375357973901
197.5,0.121388491477553,-0.00902117398512819,0.121638173991393,-0.00894244939091032,3.0618502311023,0.0553730583599708,0.0407271013219989,3.0618502311023
197.75,0.121428126010702,-0.00914592897084031,0.121677462647991,-0.00906611568399296,3.04979003325364,0.0555538494277432,0.0406710940260511,3.04979003325364
198,0.121468304511145,-0.00927050983124843,0.121717290524874,-0.00918960937130154,3.03757534642119,0.0557257745470633,0.0404797232278144,3.03757534642119
198.25,0.121509026213944,-0.00939491419451249,0.121757656863777,-0.00931292810169419,3.02520858719372,0.0558866464060111,0.0401503279517311,3.02520858719372
198.5,0.121550290343814,-0.00951913969215276,0.121798560896182,-0.00943606952736009,3.0126922280232,0.0560342249350874,0.0396802823985803,3.0126922280232
198.75,0.121592096115147,-0.00964318395909483,0.121840001843337,-0.00955903130386398,3.000028796714,0.0561662178136962,0.0390669968453658,3.000028796714
199,0.12163444273202,-0.0097670446337147,0.121881978916265,-0.00968181109019092,2.98722087589836,0.056280280990118,0.0383079185380628,2.98722087589836
199.25,0.121677329388216,-0.00989071935788361,0.121924491315783,-0.00980440654879071,2.97427110249855,0.0563740192148417,0.0374005325770575,2.97427110249855
199.5,0.121720755267235,-0.0100142057770131,0.121967538232517,-0.00992681534562256,2.96118216717561,0.0564449865871862,0.0363423627950597,2.96118216717561
199.75,0.121764719542309,-0.0101375015400998,0.122011118846914,-0.0100490351501994,2.94795681376499,0.0564906871150547,0.0351309726273389,2.94795681376499
200,0.121809221376423,-0.0102606042997701,0.122055232329264,-0.0101710636356324,2.93459783869894,0.0565085752877868,0.0337639659740529,2.93459783869894
200.25,0.121854259922325,-0.0103835117123248,0.122099877839708,-0.010292898478675,2.92110809041598,0.0564960566619423,0.0322389880545173,2.92110809041598
200.5,0.121899834322548,-0.010506221437784,0.122145054528262,-0.0104145373597675,2.90749046875739,0.0564504884599343,0.0305537262532089,2.90749046875739
200.75,0.12194594370942,-0.0106287311399315,0.122190761534825,-0.0105359779630809,2.89374792435096,0.0563691801813973,0.0287059109573259,2.89374792435096
201,0.121992587205084,-0.010751038486359,0.122236997989202,-0.0106572179765612,2.87988345798211,0.0562493942271471,0.0266933163857405,2.87988345798211
201.25,0.122039763921516,-0.010873141148511,0.122283763011118,-0.0107782550919732,2.86590011995238,0.0560883465356623,0.0245137614091275,2.86590011995238
201.5,0.122087472960539,-0.0109950368017289,0.122331055710235,-0.0108990870049448,2.85180100942549,0.0558832072319185,0.0221651103611231,2.85180100942549
201.75,0.122135713413842,-0.0111167231252951,0.122378875186166,-0.0110197114150106,2.83758927376119,0.0556311012884767,0.0196452738403285,2.83758927376119
202,0.122184484362996,-0.0112381978024774,0.122427220528499,-0.0111401260256556,2.82326810783681,0.0553291091987067,0.0169522095029658,2.82326810783681
202.25,0.122233784879473,-0.011359458520573,0.122476090816808,-0.0112603285443591,2.8088407533568,0.054974267662001,0.0140839228460304,2.8088407533568
202.5,0.122283614024661,-0.0114805029709527,0.122525485120673,-0.0113803166826386,2.79431049815038,0.0545635702808307,0.0110384679807819,2.79431049815038
202.75,0.122333970849886,-0.0116013288491046,0.122575402499698,-0.0115000881560929,2.77968067545739,0.0540939682695754,0.00781394839635389,2.77968067545739
203,0.122384854396427,-0.0117219338546782,0.122625842003527,-0.0116196406844456,2.76495466320243,0.0535623711749116,0.00440851771337475,2.76495466320243
203.25,0.122436263695533,-0.011842315691528,0.122676802671865,-0.0117389719915891,2.75013588325754,0.0529656476076849,0.000820380427381806,2.75013588325754
203.5,0.122488197768446,-0.0119624720677574,0.122728283534495,-0.0118580798056273,2.73522780069349,0.0523006259860847,-0.00295220735809717,2.73522780069349
203.75,0.122540655626417,-0.0120824006957621,0.122780283611296,-0.011976961858919,2.72495884195467,0.04728331843433,-0.00832360302973904,2.72495884195467
204,0.122593636270722,-0.012202099292274,0.122832801912259,-0.0120956158881213,2.72454293396585,0.033185196577812,-0.0166773605356729,2.72454293396585
204.25,0.122647138692687,-0.0123215655784043,0.122885837437514,-0.0122140396342325,2.7242981817825,0.0187757802981917,-0.0250261311768139,2.7242981817825
204.5,0.122701161873704,-0.0124407972796872,0.12293938917734,-0.0123322308426353,2.7244268136398,0.0114500797579373,-0.0182119191636392,2.7244268136398
204.75,0.122755704785248,-0.0125597921261228,0.122993456112189,-0.0124501872631394,2.72448842262757,0.00662051838520766,-0.00633570161348058,2.72448842262757
205,0.1228107663889,-0.012678547852221,0.123048037212704,-0.0125679066500245,2.72437229807199,0.00189119870829903,0.00559028102982116,2.72437229807199
205.25,0.122866345636369,-0.0127970621970437,0.123103131439741,-0.0126853867620833,2.724077690032,-0.00273703708142975,0.017564199258327,2.724077690032
205.5,0.122922441469504,-0.0129153329042489,0.123158737744383,-0.0128026253626637,2.72360387403469,-0.00726337078723601,0.0295842119703546,2.72360387403469
205.75,0.122979052820322,-0.0130333577221325,0.123214855067969,-0.0129196202197118,2.71368271544505,-0.00977650216180345,0.0428111106058856,2.71368271544505
206,0.123036178611025,-0.0131511344036723,0.123271482342104,-0.0130363691058141,2.68635230361105,-0.00860403415875953,0.0580488187776089,2.68635230361105
206.25,0.123093817754019,-0.01326866070657,0.123328618488686,-0.0131528697982402,2.65904531705224,-0.00625455668649572,0.0708287753461901,2.65904531705224
206.5,0.123151969151939,-0.0133859343932943,0.123386262419927,-0.0132691200789848,2.63214408113812,-6.06195869551351e-06,0.0751966012828915,2.63214408113812
206.75,0.123210631697666,-0.013502953231123,0.123444413038368,-0.0133851177348101,2.60534823237377,0.00612721834937437,0.0793849941398414,2.60534823237377
207,0.123269804274349,-0.0136197149921864,0.123503069236907,-0.0135008605572879,2.58070091578061,0.0112727595015047,0.0813622015683145,2.58070091578061
207.25,0.123329485755428,-0.0137362174535087,0.123562229898812,-0.0136163463428419,2.55842294923371,0.0150019230300204,0.0818177539502944,2.55842294923371
207.5,0.123389675004653,-0.013852458397051,0.123621893897751,-0.013731572892789,2.53815311916847,0.0173135266603092,0.0815597972052392,2.53815311916847
207.75,0.123450370876109,-0.0139684356097533,0.123682060097806,-0.0138465380133818,2.51794092354886,0.0195066490532469,0.0812933842994423,2.51794092354886
208,0.123511572214232,-0.0140841468835767,0.123742727353501,-0.0139612395158503,2.49778442871136,0.0215835669295321,0.0810201118730848,2.49778442871136
208.25,0.123573277853838,-0.0141995900155453,0.123803894509819,-0.014075675216443,2.4776816783049,0.0235465808493214,0.0807415252709447,2.4776816783049
208.5,0.123635486620141,-0.0143147628077883,0.123865560402223,-0.0141898429364693,2.45763069418587,0.0253980143106453,0.0804591182264233,2.45763069418587
208.75,0.123698197328775,-0.0144296630675816,0.123927723856686,-0.0143037405023403,2.43762947731735,0.0271402128436467,0.0801743325593913,2.43762947731735
209,0.123761408785818,-0.0145442886073901,0.123990383689704,-0.0144173657456105,2.41767600867221,0.0287755431008474,0.0798885578879396,2.41767600867221
209.25,0.123825119787816,-0.0146586372449086,0.124053538708325,-0.0145307165030191,2.39776825014,0.030306391943632,0.0796031313540715,2.39776825014
209.5,0.123889329121803,-0.014772706803104,0.124117187710168,-0.014643790616531,2.37790414543744,0.0317351655251639,0.0793193373633512,2.37790414543744
209.75,0.123954035565326,-0.0148864951102562,0.124181329483447,-0.0147565859333782,2.35808162102218,0.0330642883699252,0.0790384073386105,2.35808162102218
210,0.124019237886467,-0.015,0.124245962806996,-0.0148691003061004,2.33829858700975,0.0342962024500853,0.0787615194877022,2.33829858700975
210.25,0.124084934843868,-0.0151132193113658,0.12431108645029,-0.0149813315925861,2.31861173779002,0.0353932376504636,0.0784912982733546,2.31861173779002
210.5,0.124151125186754,-0.0152261508888211,0.124376699173468,-0.0150932776561134,2.29970200427892,0.0358917808144533,0.0782525516677467,2.29970200427892
210.75,0.124217807654956,-0.0153387925823116,0.124442799727358,-0.0152049363653907,2.28074870497607,0.0363530292555415,0.0780297501530541,2.28074870497607
211,0.124284980978937,-0.0154511422473016,0.124509386853502,-0.0153163055945969,2.26174961376756,0.0367795611496502,0.077822171730231,2.26174961376756
211.25,0.124352643879812,-0.0155631977448156,0.124576459284176,-0.0154273832234226,2.24270252365679,0.0371739370881331,0.0776290397772982,2.24270252365679
211.5,0.124420795069377,-0.0156749569414785,0.124644015742418,-0.0155381671371099,2.22360524769501,0.0375386991405279,0.0774495233827187,2.22360524769501
211.75,0.124489433250133,-0.0157864177095561,0.124712054942051,-0.0156486552264926,2.20445561990653,0.037876369922577,0.0772827376929769,2.20445561990653
212,0.124558557115307,-0.0158975779269961,0.124780575587705,-0.0157588453880369,2.18525149620849,0.038189451669708,0.0771277442742634,2.18525149620849
212.25,0.124628165348881,-0.0160084354774683,0.124849576374848,-0.0158687355238809,2.16599075532482,0.0384804253161825,0.0769835514882024,2.16599075532482
212.5,0.124698256625613,-0.0161189882504047,0.124919055989802,-0.0159783235418748,2.14667129969444,0.0387517495801109,0.0768491148815281,2.14667129969444
212.75,0.124768829611068,-0.0162292341410398,0.124989013109778,-0.0160876073556207,2.12729105637326,0.039005860054537,0.076723337589629,2.12729105637326
213,0.124839882961637,-0.0163391710504508,0.125059446402891,-0.0161965848845124,2.10784797792997,0.0392451683047835,0.0766050707538651,2.10784797792997
213.25,0.124911415324567,-0.0164487968855974,0.125130354528193,-0.0163052540537747,2.08834004333524,0.0394720609722714,0.0764931139525903,2.08834004333524
213.5,0.124983425337985,-0.0165581095593618,0.125201736135697,-0.0164136127945033,2.06876525884434,0.0396888988849809,0.0763862156457295,2.06876525884434
213.75,0.125055911630924,-0.0166671069905881,0.125273589866398,-0.0165216590437041,2.04912165887281,0.0398980161747821,0.0762830736328818,2.04912165887281
214,0.125128872823349,-0.0167757871041224,0.125345914352306,-0.0166293907443321,2.02940730686505,0.0401017194018025,0.076182335524804,2.02940730686505
214.25,0.125202307526184,-0.016884147830852,0.125418708216467,-0.0167368058453311,2.00962029615568,0.0403022866860408,0.0760825992281897,2.00962029615568
214.5,0.12527621434134,-0.016992187107745,0.12549197007299,-0.0168439023016724,1.98975875082345,0.040501966846397,0.0759824134436192,1.98975875082345
214.75,0.125350591861735,-0.0170999028778891,0.125565698527075,-0.0169506780743939,1.96982082653749,0.0407029785473362,0.0758802781766164,1.96982082653749
215,0.12542543867133,-0.0172072930905314,0.12563989217504,-0.0170571311306387,1.94980471139565,0.0409075094533586,0.0757746452616683,1.94980471139565
215.25,0.12550075334515,-0.017314355701117,0.125714549604342,-0.017163259443694,1.92970862675495,0.0411177153914381,0.0756639188990639,1.92970862675495
215.5,0.12557653444931,-0.0174210886713282,0.125789669393614,-0.0172690609930299,1.90953082805379,0.0413357195216549,0.0755464562045041,1.90953082805379
215.75,0.12565278054105,-0.017527489969123,0.125865250112682,-0.0173745337643373,1.88926960562571,0.0415636115161971,0.0754205677713524,1.88926960562571
216,0.125729490168752,-0.0176335575687742,0.125941290322598,-0.0174796757495667,1.86972358681926,0.0412629801416092,0.0754422072519111,1.86972358681926
216.25,0.125806661871976,-0.0177392894509075,0.126017788575667,-0.0175844849469662,1.85021982718358,0.0408901838643344,0.0754905718616514,1.85021982718358
216.5,0.125884294181483,-0.0178446836025402,0.126094743415471,-0.0176889593611198,1.83069853450505,0.04048672223087,0.0755545110851801,1.83069853450505
216.75,0.125962385619268,-0.0179497380171198,0.126172153376902,-0.0177930970029852,1.81115753017501,0.0400551531884697,0.0756337306603329,1.81115753017501
217,0.126040934698581,-0.0180544506945614,0.126250016986186,-0.0178968958899319,1.79159464536493,0.0395980258146661,0.075727882406137,1.79159464536493
217.25,0.126119939923961,-0.0181588196412868,0.126328332760912,-0.0180003540457787,1.77200772194557,0.0391178793908868,0.075836564404612,1.77200772194557
217.5,0.126199399791263,-0.0182628428702616,0.12640709921006,-0.0181034695008314,1.75239461340307,0.0386172424790539,0.0759593211966305,1.75239461340307
217.75,0.126279312787685,-0.0183665184010335,0.12648631483403,-0.0182062402919204,1.73275318575198,0.0380986320013437,0.0760956439917164,1.73275318575198
218,0.126359677391798,-0.0184698442597697,0.126565978124672,-0.018308664462438,1.71308131844481,0.0375645523233299,0.0762449708918059,1.71308131844481
218.25,0.126440492073578,-0.018572818479295,0.126646087565311,-0.0184107400623756,1.69337690527794,0.0370174943407131,0.0764066871289476,1.69337690527794
218.5,0.126521755294428,-0.0186754390991286,0.126726641630778,-0.0185124651483608,1.67363785529388,0.0364599345698127,0.0765801253167831,1.67363785529388
218.75,0.126603465507214,-0.0187777041655218,0.126807638787441,-0.0186138377836949,1.65386209367942,0.035894334242039,0.0767645657158524,1.65386209367942
219,0.126685621156291,-0.0188796117314951,0.126889077493231,-0.0187148560383888,1.6340475626596,0.0353231384025438,0.0769592365126277,1.6340475626596
219.25,0.126768220677534,-0.0189811598568755,0.126970956197671,-0.0188155179892006,1.6141922223874,0.034748775013218,0.0771633141121593,1.6141922223874
219.5,0.126851262498368,-0.0190823466083329,0.12705327334191,-0.0189158217196718,1.59429405182871,0.0341736540602797,0.077375923444399,1.59429405182871
219.75,0.126934745037796,-0.0191831700594175,0.127136027358747,-0.0190157653201641,1.5743510496426,0.0336001666666065,0.077596138284013,1.5743510496426
220,0.127018666706431,-0.0192836282905962,0.127219216672666,-0.0191153468878954,1.55436123505663,0.033030684209027,0.0778229815836709,1.55436123505663
220.25,0.127103025906524,-0.0193837193892889,0.127302839699862,-0.019214564526976,1.53432264873698,0.0324675574407468,0.0780554258207028,1.53432264873698
220.5,0.127187821031999,-0.0194834414499055,0.127386894848272,-0.0193134163484453,1.51423335365323,0.0319131156191232,0.0782923933571005,1.51423335365323
220.75,0.127273050468479,-0.0195827925738817,0.127471380517608,-0.019411900470307,1.49409143593752,0.0313696656389802,0.0785327568127811,1.49409143593752
221,0.127358712593317,-0.0196817708697152,0.127556295099385,-0.0195100150175654,1.47389500573816,0.0308394911716021,0.0787753394519164,1.47389500573816
221.25,0.127444805775631,-0.0197803744530021,0.127641636976952,-0.0196077581222609,1.45364219806712,0.0303248518096879,0.079018915582462,1.45364219806712
221.5,0.12753132837633,-0.0198786014464721,0.127727404525521,-0.0197051279235058,1.43333117364156,0.0298279822183512,0.0792622109685627,1.43333117364156
221.75,0.127618278748149,-0.019976449980025,0.127813596112203,-0.0198021225675193,1.41296011971893,0.0293510912924365,0.0795039032559436,1.41296011971893
222,0.127705655235678,-0.0200739181907657,0.127900210096034,-0.0198987402076633,1.39252725092573,0.0288963613202775,0.0797426224100506,1.39252725092573
222.25,0.127793456175395,-0.02017100422304,0.127987244828009,-0.0199949790044772,1.37203081007946,0.028465947154129,0.079976951166966,1.37203081007946
222.5,0.127881679895696,-0.0202677062284698,0.128074698651111,-0.0200908371257129,1.35146906900386,0.0280619753874038,0.0802054254968878,1.35146906900386
222.75,0.127970324716929,-0.0203640223659883,0.128162569900347,-0.0201863127463701,1.33084032933705,0.0276865435389428,0.0804265350801699,1.33084032933705
223,0.128059388951425,-0.0204599508018749,0.128250856902773,-0.0202814040487306,1.31014292333245,0.0273417192444755,0.0806387237957784,1.31014292333245
223.25,0.128148870903528,-0.0205554897097908,0.128339557977534,-0.0203761092223929,1.28937521465235,0.0270295394554453,0.0808403902220573,1.28937521465235
223.5,0.128238768869631,-0.0206506372708126,0.128428671435888,-0.0204704264643072,1.26853559915389,0.0267520096453861,0.0810298881497084,1.26853559915389
223.75,0.128329081138207,-0.0207453916734681,0.128518195581243,-0.0205643539788092,1.24762250566738,0.0265111030240222,0.0812055271068767,1.24762250566738
224,0.12841980598984,-0.0208397511137699,0.128608128709189,-0.0206578899776542,1.22663439676654,0.0263087597592775,0.0813655728962505,1.22663439676654
224.25,0.12851094169726,-0.0209337137952504,0.128698469107528,-0.0207510326800518,1.20556976953087,0.0261468862073322,0.0815082481439989,1.20556976953087
224.5,0.128602486525375,-0.0210272779289955,0.128789215056311,-0.0208437803126991,1.18442715629958,0.0260273541509377,0.0816317328605077,1.18442715629958
224.75,0.128694438731301,-0.0211204417336791,0.128880364827864,-0.0209361311098149,1.16320512541724,0.0259520000461407,0.0817341650127584,1.16320512541724
225,0.128786796564404,-0.0212132034355964,0.128971916686827,-0.0210280833131732,1.14190228197072,0.0259226242775773,0.0818136411082208,1.14190228197072
225.25,0.128879558266321,-0.0213055612686986,0.129063868890185,-0.0211196351721365,1.12051726851745,0.0259409904225158,0.0818682167901591,1.12051726851745
225.5,0.128972722071004,-0.0213975134746255,0.129156219687301,-0.0212107849436894,1.09904876580473,0.0260088245238137,0.0818959074442253,1.09904876580473
225.75,0.12906628620475,-0.0214890583027396,0.129248967319948,-0.0213015308924717,1.07749549348001,0.0261278143719247,0.0818946888161755,1.07749549348001
226,0.12916024888623,-0.0215801940101595,0.129342110022346,-0.0213918712908113,1.05585621079181,0.0262996087961595,0.0818624976406407,1.05585621079181
226.25,0.129254608326532,-0.0216709188617927,0.129435646021191,-0.0214818044187572,1.03412971728134,0.0265258169653323,0.0817972322807853,1.03412971728134
226.5,0.129349362729187,-0.0217612311303686,0.129529573535693,-0.0215713285641124,1.01231485346455,0.026808007697936,0.081696753378691,1.01231485346455
226.75,0.129444510290209,-0.021851129096472,0.129623890777607,-0.0216604420224661,0.990410501504443,0.0271477087820365,0.0815588845163929,0.990410501504443
227,0.129540049198125,-0.0219406110485751,0.129718595951269,-0.0217491430972266,0.968415585873468,0.0275464063050395,0.0813814128874146,0.968415585873468
227.25,0.129635977634012,-0.0220296752830706,0.12981368725363,-0.0218374300996532,0.946329074006028,0.0280055439934108,0.0811620899785777,0.946329074006028
227.5,0.12973229377153,-0.0221183201043037,0.129909162874287,-0.0219253013488886,0.924149976940697,0.0285265225626095,0.0808986322620856,0.924149976940697
227.75,0.12982899577696,-0.022206543824605,0.130005020995523,-0.0220127551719911,0.901877349952156,0.0291106990773043,0.0805887218976339,0.901877349952156
228,0.129926081809234,-0.0222943447643218,0.130101259792337,-0.0220997899039657,0.87951029317271,0.0297593863220253,0.0802300074444129,0.87951029317271
228.25,0.130023550019975,-0.022381721251851,0.130197877432481,-0.0221864038877968,0.857047952203159,0.0304738521824238,0.0798201045828906,0.857047952203159
228.5,0.130121398553528,-0.0224686716236701,0.130294872076494,-0.0222725954744788,0.834489518712919,0.0312553190372759,0.0793565968462155,0.834489518712919
228.75,0.130219625546998,-0.0225551942243693,0.130392241877739,-0.0223583630230483,0.811834231029287,0.0321049631613401,0.0788370363610536,0.811834231029287
229,0.130318229130285,-0.0226412874066831,0.130489984982435,-0.0224437049006147,0.789081374715664,0.0330239141392347,0.0782589445977365,0.789081374715664
229.25,0.130417207426118,-0.0227269495315215,0.130588099529693,-0.0225286194823917,0.766230283138634,0.0340132542904601,0.077619813129559,0.766230283138634
229.5,0.130516558550094,-0.0228121789680009,0.130686583651555,-0.022613105151728,0.743280338023734,0.0350740181057154,0.076917104401079,0.743280338023734
229.75,0.130616280610711,-0.0228969740934759,0.130785435473024,-0.0226971603001384,0.720230969999832,0.0362071916945919,0.0761482525052074,0.720230969999832
230,0.130716371709404,-0.0229813332935693,0.130884653112105,-0.0227807833273338,0.69708165913191,0.037413712244853,0.0753106639690215,0.69708165913191
230.25,0.130816829940582,-0.0230652549622038,0.130984234679836,-0.0228639726412526,0.673831935442248,0.0386944674933191,0.0744017185480118,0.673831935442248
230.5,0.130917653391667,-0.0231487375016316,0.131084178280328,-0.0229467266580899,0.650481379419737,0.0400502952085992,0.0734187700287312,0.650481379419737
230.75,0.131018840143125,-0.0232317793224656,0.131184482010799,-0.0230290438023287,0.62702962251728,0.0414819826857046,0.0723591470395799,0.62702962251728
231,0.131120388268505,-0.0233143788437091,0.131285143961611,-0.0231109225067691,0.605410766795059,0.041707612368737,0.0719553918440515,0.605410766795059
231.25,0.131222295834478,-0.0233965344927865,0.131386162216305,-0.0231923612125587,0.585015223018744,0.0411377726732423,0.0720175651133727,0.585015223018744
231.5,0.131324560900871,-0.0234782447055724,0.131487534851639,-0.0232733583692218,0.564561275893386,0.0406246680353637,0.0720683657242058,0.564561275893386
231.75,0.131427181520705,-0.0235595079264223,0.131589259937624,-0.0233539124346895,0.544047392109117,0.0401702309474051,0.0721061413196395,0.544047392109117
232,0.13153015574023,-0.0236403226082017,0.131691335537562,-0.0234340218753283,0.523472069790135,0.0397763624917762,0.0721291968410094,0.523472069790135
232.25,0.131633481598967,-0.0237206872123153,0.13179375970808,-0.02351368516597,0.502833839238968,0.0394449315891189,0.0721357950353481,0.502833839238968
232.5,0.131737157129738,-0.023800600208737,0.131896530499169,-0.0235929007899404,0.482131263673189,0.0391777742539786,0.0721241569743074,0.482131263673189
232.75,0.131841180358713,-0.0238800600760387,0.131999645954221,-0.0236716672390882,0.461362939954462,0.0389766928581868,0.0720924625844497,0.461362939954462
233,0.131945549305439,-0.0239590653014188,0.132103104110068,-0.0237499830138137,0.440527499309616,0.0388434554021599,0.0720388511888732,0.440527499309616
233.25,0.13205026198288,-0.0240376143807318,0.132206902997015,-0.0238278466230976,0.419623608043753,0.0387797947941997,0.0719614220599192,0.419623608043753
233.5,0.13215531639746,-0.0241157058185165,0.13231104063888,-0.0239052565845288,0.398649968245111,0.0387874081380297,0.0718582349829809,0.398649968245111
233.75,0.132260710549093,-0.0241933381280245,0.132415515053034,-0.0239822114243333,0.377605318481587,0.0388679560286765,0.071727310831206,0.377605318481587
234,0.132366442431226,-0.0242705098312484,0.132520324250433,-0.024058709677402,0.356488434488707,0.0390230618568966,0.071566632151052,0.356488434488707
234.25,0.132472510030877,-0.0243472194589504,0.132625466235663,-0.0241347498873182,0.335298129848948,0.0392543111222533,0.0713741437584826,0.335298129848948
234.5,0.132578911328672,-0.0244234655506896,0.13273093900697,-0.0242103306063861,0.314033256662205,0.0395632507550518,0.0711477533457741,0.314033256662205
234.75,0.132685644298883,-0.0244992466548504,0.132836740556306,-0.0242854503956577,0.292692706207292,0.0399513884472404,0.0708853320987349,0.292692706207292
235,0.132792706909469,-0.0245745613286697,0.132942868869361,-0.0243601078249605,0.271275409594317,0.0404201919924592,0.0705847153242569,0.271275409594317
235.25,0.132900097122111,-0.0246494081382649,0.133049321925606,-0.0244343014729246,0.251262760551911,0.0400508235878493,0.0702876588080081,0.251262760551911
235.5,0.133007812892255,-0.0247237856586605,0.133156097698328,-0.02450802992701,0.234334658692741,0.0378018735527479,0.0700851645478726,0.234334658692741
235.75,0.133115852169148,-0.0247976924738157,0.133263194154669,-0.0245812917835331,0.217402520520957,0.0355920635867459,0.0699069276278968,0.217402520520957
236,0.133224212895878,-0.0248711271766512,0.133370609255668,-0.0246540856476938,0.200464395208334,0.0334237089531648,0.0697522704375827,0.200464395208334
236.25,0.133332893009412,-0.0249440883690763,0.133478340956296,-0.0247264101336019,0.183518344894742,0.0312991112719745,0.0696204683081352,0.183518344894742
236.5,0.133441890440638,-0.025016574662015,0.133586387205497,-0.0247982638643035,0.16656244548146,0.0292205577195331,0.0695107497318473,0.16656244548146
236.75,0.133551203114403,-0.0250885846754328,0.133694745946225,-0.0248696454718069,0.149594787421243,0.0271903202316471,0.0694222965935023,0.149594787421243
237,0.133660828949549,-0.0251601170383627,0.133803415115488,-0.0249405535971094,0.132613476504803,0.025210654710141,0.0693542444138501,0.132613476504803
237.25,0.13377076585896,-0.0252311703889318,0.133912392644379,-0.0250109868902225,0.115616634643729,0.0232838002330923,0.0693056826050013,0.115616634643729
237.5,0.133881011749595,-0.0253017433743866,0.134021676458125,-0.0250809440101977,0.0986024006495074,0.0214119782689104,0.0692756547377547,0.0986024006495074
237.75,0.133991564522532,-0.0253718346511192,0.134131264476119,-0.0251504236251524,0.081568931008588,0.0195973918944238,0.0692631588207595,0.081568931008588
238,0.134102422073004,-0.0254414428846928,0.134241154611963,-0.0252194244122948,0.0645144006532761,0.017842225017154,0.0692671475914915,0.0645144006532761
238.25,0.134213582290444,-0.0255105667498669,0.134351344773507,-0.0252879450579494,0.0474370037282551,0.01614864160194,0.0692865288189703,0.0474370037282551
238.5,0.134325043058522,-0.0255792049306228,0.13446183286289,-0.0253559842575819,0.0303349543526201,0.0145187849020803,0.0693201656181524,0.0303349543526201
238.75,0.134436802255184,-0.0256473561201884,0.134572616776577,-0.025423540715824,0.0132064873772998,0.0129547766951501,0.0693668767758948,0.0132064873772998
239,0.134548857752698,-0.0257150190210634,0.134683694405403,-0.0254906131464981,-0.00395014086246525,0.0114587165236872,0.069425437088532,-0.00395014086246525
239.25,0.134661207417688,-0.0257821923450436,0.134795063634609,-0.0255572002726418,-0.0211366517995657,0.0100326809408779,0.0694945777108713,-0.0211366517995657
239.5,0.134773849111179,-0.0258488748132458,0.134906722343887,-0.0256233008265323,-0.0383547438926485,0.00867872276143504,0.0695729865166238,-0.0383547438926485
239.75,0.134886780688634,-0.0259150651561319,0.135018668407414,-0.0256889135497102,-0.0556060918891083,0.00739887031781434,0.0696593084701617,-0.0556060918891083
240,0.135,-0.0259807621135332,0.1351308996939,-0.0257540371930039,-0.0728923460935165,0.00619512672193103,0.0697521460095092,-0.0728923460935165
240.25,0.135113504889744,-0.0260459644346743,0.135243414066622,-0.0258186705165531,-0.0902151316417432,0.00506946913255698,0.0698500594405467,-0.0902151316417432
240.5,0.135227293196896,-0.026110670878197,0.135356209383469,-0.0258828122898324,-0.107576047780856,0.00402384802853219,0.0699515673422806,-0.107576047780856
240.75,0.135341362755091,-0.0261748802121839,0.135469283496981,-0.025946461291675,-0.124976667155032,0.00306018648796442,0.0700551469831393,-0.124976667155032
241,0.13545571139261,-0.0262385912141819,0.13558263425439,-0.0260096163102957,-0.142418535097558,0.00218037947357646,0.0701592347482006,-0.142418535097558
241.25,0.135570336932418,-0.0263018026712252,0.13569625949766,-0.0260722761433139,-0.15990316892913,0.00138629312435294,0.0702622265772646,-0.15990316892913
241.5,0.135685237192212,-0.026364513379859,0.135810157063531,-0.0261344395977766,-0.177432057262608,0.000679764053634086,0.0703624784136636,-0.177432057262608
241.75,0.135800409984455,-0.0264267221461616,0.135924324783557,-0.0261961054901814,-0.195006659314345,6.25986538330785e-05,0.0704583066637617,-0.195006659314345
242,0.135915853116423,-0.0264884277857678,0.13603876048415,-0.0262572726464986,-0.212628404222269,-0.000463427592096888,0.0705479886669984,-0.212628404222269
242.25,0.136031564390247,-0.0265496291238913,0.136153461986618,-0.0263179399021936,-0.230298690370846,-0.000896570792276587,0.0706297631764146,-0.230298690370846
242.5,0.136147541602949,-0.0266103249953466,0.136268427107211,-0.0263781061022494,-0.248018884723139,-0.00123511932044753,0.0707018308495645,-0.248018884723139
242.75,0.136263782546491,-0.0266705142445721,0.136383653657158,-0.0264377701011882,-0.265790322160025,-0.00147739448330787,0.0707623547496959,-0.265790322160025
243,0.136380285007814,-0.026730195725651,0.136499139442712,-0.0264969307630935,-0.283614304826729,-0.00162175118049775,0.0708094608570875,-0.283614304826729
243.25,0.136497046768877,-0.0267893683023341,0.13661488226519,-0.0265555869616315,-0.301492101486946,-0.00166657855704782,0.0708412385905127,-0.301492101486946
243.5,0.136614065606706,-0.0268480308480607,0.136730879921015,-0.0266137375800729,-0.319424946884489,-0.00161030064821737,0.070855741338594,-0.319424946884489
243.75,0.13673133929343,-0.0269061822459806,0.13684713020176,-0.0266713815113136,-0.337414041112793,-0.00145137701650069,0.0708509870010813,-0.337414041112793
244,0.136848865596328,-0.026963821388975,0.136963630894186,-0.0267285176578964,-0.355460548992279,-0.00118830338072043,0.0708249585398357,-0.355460548992279
244.25,0.136966642277867,-0.0270209471796776,0.137080379780288,-0.0267851449320312,-0.373565599455844,-0.00081961223703025,0.0707756045394742,-0.373565599455844
244.5,0.137084667095751,-0.0270775585304958,0.137197374637336,-0.0268412622556165,-0.391730284942499,-0.00034387347170808,0.0707008397775258,-0.391730284942499
244.75,0.137202937802956,-0.027133654363631,0.137314613237917,-0.0268968685602593,-0.409955660799346,0.000240305034404531,0.0705985458039965,-0.409955660799346
245,0.137321452147779,-0.0271892336110995,0.137432093349975,-0.0269519627872957,-0.428242744692071,0.00093427680995653,0.0704665715302319,-0.428242744692071
245.25,0.137440207873877,-0.0272442952147524,0.137549812736861,-0.0270065438878111,-0.446592516023992,0.00173935620575559,0.070302733826937,-0.446592516023992
245.5,0.137559202720313,-0.0272988381262963,0.137667769157365,-0.0270606108226599,-0.465005915363857,0.00265681781620212,0.0701048181312625,-0.465005915363857
245.75,0.137678434421596,-0.0273528613073127,0.137785960365767,-0.0271141625624857,-0.483483843882532,0.00368789590959229,0.0698705790627914,-0.483483843882532
246,0.137797900707726,-0.027406363729278,0.137904384111879,-0.0271671980877405,-0.502027162798669,0.00483378386746463,0.0695977410483713,-0.502027162798669
246.25,0.137917599304238,-0.0274593443735834,0.138023038141081,-0.0272197163887044,-0.520636692833501,0.00609563363305711,0.0692839989555738,-0.520636692833501
246.5,0.138037527932243,-0.0275118022315537,0.138141920194373,-0.0272717164655047,-0.539313213674873,0.00747455516904342,0.0689270187347199,-0.539313213674873
246.75,0.138157684308472,-0.027563736304467,0.138261028008411,-0.0273231973281347,-0.558057463450691,0.00897161592468381,0.0685244380693528,-0.558057463450691
247,0.138278066145322,-0.0276151456035732,0.138380359315554,-0.0273741579964732,-0.576870138211807,0.0105878403124474,0.0680738670349365,-0.576870138211807
247.25,0.138398671150895,-0.0276660291501135,0.138499911843907,-0.0274245975003024,-0.595751891424552,0.0123242091942939,0.0675728887657442,-0.595751891424552
247.5,0.138519497029047,-0.0277163859753386,0.138619683317361,-0.027474514879327,-0.614703333473014,0.0141816593777111,0.0670190601297639,-0.614703333473014
247.75,0.138640541479427,-0.027766215120527,0.138739671455641,-0.0275239091831919,-0.633725031171125,0.016161083121603,0.0664099124114654,-0.633725031171125
248,0.138761802197523,-0.0278155156370036,0.138859873974344,-0.0275727794715008,-0.652817507284773,0.0182633276521835,0.0657429520023276,-0.652817507284773
248.25,0.138883276874705,-0.0278642865861577,0.138980288584989,-0.0276211248138339,-0.671981240063933,0.0204891946889409,0.0650156610989443,-0.671981240063933
248.5,0.139004963198271,-0.0279125270394607,0.139100912995055,-0.0276689442897655,-0.691216662784995,0.022839439980822,0.0642254984086031,-0.691216662784995
248.75,0.139126858851489,-0.027960236078484,0.139221744908027,-0.0277162369888817,-0.710524163303439,0.025314772852743,0.0633698998621878,-0.710524163303439
249,0.139248961513641,-0.028007412794916,0.139342782023439,-0.0277630020107978,-0.729904083616852,0.0279158557624979,0.0624462793342296,-0.729904083616852
249.25,0.139371268860069,-0.0280540562905803,0.139464022036919,-0.0278092384651751,-0.749356719438486,0.0306433038682172,0.0614520293700063,-0.749356719438486
249.5,0.139493778562216,-0.0281001656774519,0.139585462640232,-0.0278549454717382,-0.76888231978141,0.0334976846064367,0.0603845219195,-0.76888231978141
249.75,0.139616488287675,-0.0281457400776745,0.139707101521325,-0.0279001221602916,-0.788481086553407,0.0364795172809266,0.0592411090781065,-0.788481086553407
250,0.13973939570023,-0.0281907786235772,0.139828936364368,-0.0279447676707361,-0.797835881635318,0.0335869685036099,0.0558774159180045,-0.797835881635318
250.25,0.1398624984599,-0.0282352804576911,0.139950964849801,-0.0279888811530858,-0.804326527953646,0.0290962363719441,0.0519939559464771,-0.804326527953646
250.5,0.139985794222987,-0.0282792447327653,0.140073184654377,-0.0280324617674833,-0.810703630247693,0.0246064450530939,0.0481822391986946,-0.810703630247693
250.75,0.140109280642116,-0.0283226706117835,0.140195593451209,-0.0280755086842168,-0.816969147298685,0.0201197602182737,0.0444431223650066,-0.816969147298685
251,0.140232955366285,-0.0283655572679795,0.140318188909809,-0.0281180210837349,-0.823125051427194,0.0156383588944764,0.0407774236428888,-0.823125051427194
251.25,0.140356816040905,-0.0284079038848532,0.140440968696136,-0.0281599981566628,-0.829173327883134,0.0111644288505852,0.0371859225639104,-0.829173327883134
251.5,0.140480860307847,-0.028449709656186,0.14056393047264,-0.0282014391038175,-0.835115974233436,0.00670016798116997,0.0336693598296728,-0.835115974233436
251.75,0.140605085805487,-0.0284909737860563,0.140687071898306,-0.0282423431362233,-0.840954999747465,0.00224778368811062,0.0302284371567889,-0.840954999747465
252,0.140729490168752,-0.0285316954888546,0.140810390628698,-0.0282827094751261,-0.846692424780357,-0.00219050773985101,0.0268638171309005,-0.846692424780357
252.25,0.14085407102916,-0.0285718739892983,0.140933884316007,-0.0283225373520093,-0.852330280154375,-0.00661248174947538,0.0235761230697809,-0.852330280154375
252.5,0.140978826014872,-0.0286115085224468,0.14105755060909,-0.0283618260086072,-0.857870606538424,-0.0110159061472088,0.0203659388955374,-0.857870606538424
252.75,0.141103752750733,-0.0286505983337156,0.141181387153518,-0.0284005746969207,-0.863315453825847,-0.0153985417250292,0.0172338090159459,-0.863315453825847
253,0.141228848858318,-0.0286891426788911,0.141305391591624,-0.0284387826792305,-0.868666880510627,-0.0197581428878404,0.0141802382149275,-0.868666880510627
253.25,0.141354111955977,-0.0287271408241444,0.141429561562541,-0.0284764492281117,-0.877013761471321,-0.0223636459738556,0.0129549920737907,-0.877013761471321
253.5,0.141479539658882,-0.0287645920460458,0.141553894702251,-0.0285135736264476,-0.889842446084628,-0.0223583817552921,0.0142968407056421,-0.889842446084628
253.75,0.14160512957907,-0.0288014956315779,0.141678388643632,-0.028550155167443,-0.902494653540883,-0.0223415962693643,0.0155246351876284,-0.902494653540883
254,0.14173087932549,-0.0288378508781496,0.141803041016497,-0.0285861931546381,-0.914968631481776,-0.0223148013141653,0.0166410312082959,-0.914968631481776
254.25,0.141856786504048,-0.0288736570936094,0.141927849447646,-0.0286216869019218,-0.927262680956611,-0.0222794588639631,0.017648706316041,-0.927262680956611
254.5,0.141982848717652,-0.0289089135962587,0.142052811560906,-0.0286566357335441,-0.939375156709804,-0.0222369807862331,0.0185503590824624,-0.939375156709804
254.75,0.142109063566261,-0.0289436197148644,0.142177924977178,-0.0286910389841296,-0.951304467455895,-0.0221887285710818,0.0193487082620398,-0.951304467455895
255,0.142235428646924,-0.028977774788672,0.142303187314483,-0.0287248959986902,-0.963049076142048,-0.0221360130731085,0.020046491948315,-0.963049076142048
255.25,0.142361941553834,-0.0290113781674183,0.142428596188007,-0.028758206132637,-0.974607500198047,-0.0220800942657433,0.0206464667267464,-0.974607500198047
255.5,0.142488599878367,-0.0290444292113432,0.142554149210145,-0.028790968751793,-0.985978311773649,-0.0220221810081063,0.0211514068244085,-0.985978311773649
255.75,0.14261540120913,-0.0290769272912026,0.14267984399055,-0.0288231832324054,-0.997160137963343,-0.0219634308244353,0.0215641032567376,-0.997160137963343
256,0.14274234313201,-0.0291088717882799,0.142805678136173,-0.0288548489611567,-1.00815166101842,-0.0219049496961035,0.021887362971467,-1.00815166101842
256.25,0.142869423230215,-0.0291402620943978,0.142931649251314,-0.0288859653351772,-1.01895161854635,-0.0218477918662833,0.0221240079899664,-1.01895161854635
256.5,0.142996639084323,-0.0291710976119303,0.143057754937665,-0.0289165317620559,-1.02955880369742,-0.0217929596572619,0.0222768745461302,-1.02955880369742
256.75,0.143123988272328,-0.0292013777538135,0.143183992794354,-0.0289465476598521,-1.03997206533862,-0.0217414033004669,0.0223488122230215,-1.03997206533862
257,0.143251468369684,-0.0292311019435571,0.143310360417996,-0.0289760124571065,-1.0501903082147,-0.021694020779211,0.0223426830874414,-1.0501903082147
257.25,0.143379076949355,-0.0292602696152554,0.143436855402732,-0.0290049255928516,-1.06021249309646,-0.0216516576841834,0.0222613608225927,-1.06021249309646
257.5,0.143506811581857,-0.029288880213598,0.143563475340281,-0.0290332865166232,-1.07003763691613,-0.0216151070817151,0.0221077298590342,-1.07003763691613
257.75,0.143634669835307,-0.0293169331938804,0.143690217819982,-0.0290610946884701,-1.07966481288999,-0.0215851093948398,0.021884684504109,-1.07966481288999
258,0.143762649275467,-0.0293444280220142,0.14381708042884,-0.0290883495789649,-1.08909315062799,-0.0215623522971563,0.0215951280699983,-1.08909315062799
258.25,0.143890747465795,-0.0293713641745375,0.143944060751573,-0.0291150506692135,-1.09832183623057,-0.0215474706195257,0.0212419720006267,-1.09832183623057
258.5,0.144018961967484,-0.0293977411386249,0.144071156370661,-0.0291411974508659,-1.10735011237254,-0.0215410462695944,0.0208281349975534,-1.10735011237254
258.75,0.144147290339516,-0.0294235584120969,0.144198364866385,-0.0291667894261249,-1.11617727837404,-0.0215436081641754,0.0203565421450718,-1.11617727837404
259,0.144275730138704,-0.0294488155034299,0.14432568381688,-0.0291918261077563,-1.12480269025857,-0.0215556321744768,0.0198301240346655,-1.12480269025857
259.25,0.144404278919738,-0.0294735119317653,0.144453110798175,-0.0292163070190977,-1.13322576079809,-0.0215775410841979,0.0192518158890294,-1.13322576079809
259.5,0.144532934235236,-0.0294976472269186,0.144580643384245,-0.0292402316940679,-1.14144595954524,-0.0216097045604797,0.0186245566858154,-1.14144595954524
259.75,0.144661693635785,-0.0295212209293887,0.144708279147053,-0.0292635996771755,-1.14946281285252,-0.0216524391377278,0.0179512882813,-1.14946281285252
260,0.144790554669992,-0.0295442325903662,0.144836015656598,-0.0292864105235278,-1.15727590387865,-0.0217060082142913,0.0172349545341472,-1.15727590387865
260.25,0.144919514884529,-0.0295666817717423,0.144963850480961,-0.0293086637988392,-1.16488487258194,-0.0217706220619968,0.0164785004294487,-1.16488487258194
260.5,0.14504857182418,-0.0295885680461169,0.145091781186352,-0.0293303590794394,-1.17228941570074,-0.0218464378485357,0.0156848712032237,-1.17228941570074
260.75,0.145177723031885,-0.029609890996807,0.145219805337154,-0.0293514959522815,-1.17948928672101,-0.0219335596726904,0.0148570114675702,-1.17948928672101
261,0.145306966048793,-0.0296306502178541,0.145347920495971,-0.02937207401495,-1.18648429583101,-0.0220320386123835,0.0139978643366223,-1.18648429583101
261.25,0.145436298414302,-0.0296508453140328,0.145476124223677,-0.0293920928756681,-1.193274309863,-0.0221418727855435,0.0131103705535223,-1.193274309863
261.5,0.145565717666112,-0.0296704759008575,0.145604414079456,-0.0294115521533057,-1.19985925222224,-0.0222630074237666,0.0121974676185762,-1.19985925222224
261.75,0.145695221340265,-0.0296895416045901,0.145732787620856,-0.0294304514773861,-1.20623910280298,-0.0223953349587491,0.0112620889187646,-1.20623910280298
262,0.145824806971198,-0.0297080420622471,0.145861242403828,-0.0294487904880935,-1.21241389789176,-0.0225386951214801,0.0103071628588121,-1.21241389789176
262.25,0.145954472091788,-0.0297259769216065,0.145989775982778,-0.0294665688362795,-1.2183837300578,-0.0226928750541579,0.00933561199396606,-1.2183837300578
262.5,0.146084214233398,-0.0297433458412143,0.146118385910613,-0.02948378618347,-1.22414874803071,-0.0228576094348125,0.00835035216469305,-1.22414874803071
262.75,0.146214030925925,-0.0297601484903914,0.146247069738786,-0.0295004422018716,-1.2297091565654,-0.0230325806145972,0.00735429163344183,-1.2297091565654
263,0.146343919697846,-0.0297763845492397,0.146375825017341,-0.0295165365743776,-1.2350652162943,-0.0232174187677247,0.00635033022368391,-1.2350652162943
263.25,0.146473878076265,-0.0297920537086478,0.146504649294963,-0.0295320689945743,-1.24021724356689,-0.0234117020540048,0.00534135846137982,-1.24021724356689
263.5,0.146603903586963,-0.0298071556702976,0.146633540119024,-0.029547039166747,-1.24516561027659,-0.0236149567939592,0.00433025671907455,-1.24516561027659
263.75,0.146733993754441,-0.0298216901466696,0.146762495035629,-0.0295614468058851,-1.24991074367511,-0.0238266576564555,0.00331989436276816,-1.24991074367511
264,0.14686414610197,-0.0298356568610482,0.146891511589661,-0.0295752916376879,-1.2544531261741,-0.0240462278588414,0.00231312890177787,-1.2544531261741
264.25,0.146994358151638,-0.0298490555475273,0.147020587324833,-0.0295885733985698,-1.25879329513445,-0.0242730393795169,0.00131280514173463,-1.25879329513445
264.5,0.147124627424393,-0.0298618859510154,0.147149719783726,-0.0296012918356652,-1.26293184264303,-0.0245064131829048,0.000321754340898818,-1.26293184264303
264.75,0.147254951440098,-0.0298741478272399,0.147278906507847,-0.0296134467068334,-1.26686941527697,-0.0247456194567736,-0.00065720663002164,-1.26686941527697
265,0.14738532771757,-0.0298858409427524,0.147408145037665,-0.0296250377806632,-1.27060671385569,-0.0249898778618558,-0.0016212761243865,-1.27060671385569
265.25,0.147515753774634,-0.0298969650749328,0.147537432912665,-0.0296360648364772,-1.27446935773809,-0.0250223588161835,-0.00152911179712263,-1.27446935773809
265.5,0.147646227128165,-0.0299075200119938,0.147666767671393,-0.0296465276643361,-1.27816940199237,-0.0250279399075212,-0.00136542830426582,-1.27816940199237
265.75,0.147776745294138,-0.0299175055529846,0.147796146851502,-0.0296564260650429,-1.2816711146961,-0.0250302248352494,-0.00124262066876978,-1.2816711146961
266,0.147907305787676,-0.0299269215077947,0.147925567989797,-0.0296657598501463,-1.28497379738106,-0.0250298453565127,-0.00115778854959597,-1.28497379738106
266.25,0.148037906123096,-0.0299357676971581,0.148055028622288,-0.0296745288419443,-1.28807680894451,-0.0250273797029759,-0.00110802202377411,-1.28807680894451
266.5,0.148168543813954,-0.029944043952656,0.148184526284231,-0.0296827328734881,-1.29097956577943,-0.0250233524517321,-0.00109040247939149,-1.29097956577943
266.75,0.148299216373099,-0.0299517501167205,0.148314058510175,-0.0296903717885848,-1.29368154189157,-0.0250182344093828,-0.001102003510247,-1.29368154189157
267,0.148429921312712,-0.0299588860426372,0.148443622834016,-0.0296974454418003,-1.29618226900327,-0.0250124425093179,-0.00113989181205391,-1.29618226900327
267.25,0.14856065614436,-0.0299654515945485,0.148573216789034,-0.0297039536984626,-1.29848133664386,-0.0250063397222186,-0.00120112807991848,-1.29848133664386
267.5,0.14869141837904,-0.0299714466474557,0.148702837907948,-0.0297098964346638,-1.3005783922269,-0.0250002349797898,-0.00128276790698817,-1.3005783922269
267.75,0.148822205527228,-0.0299768710872217,0.148832483722959,-0.0297152735372627,-1.30247314111398,-0.024994383111746,-0.00138186268401926,-1.30247314111398
268,0.148953015098925,-0.0299817248105729,0.148962151765796,-0.0297200849038872,-1.30416534666526,-0.0249889847960563,-0.00149546049970926,-1.30416534666526
268.25,0.149083844603705,-0.0299860077251014,0.149091839567768,-0.0297243304429357,-1.30565483027663,-0.0249841865224562,-0.00162060704161124,-1.30565483027663
268.5,0.149214691550764,-0.0299897197492667,0.149221544659805,-0.0297280100735792,-1.30694147140352,-0.0249800805692413,-0.00175434649740475,-1.30694147140352
268.75,0.149345553448963,-0.0299928608123973,0.14935126457251,-0.0297311237257629,-1.30802520757138,-0.0249767049933307,-0.00189372245638733,-1.30802520757138
269,0.149476427806882,-0.0299954308546917,0.149480996836202,-0.0297336713402074,-1.30890603437283,-0.0249740436336185,-0.00203577881095838,-1.30890603437283
269.25,0.14960731213286,-0.0299974298272202,0.149610738980967,-0.0297356528684097,-1.30958400545135,-0.0249720261275985,-0.00217756065792328,-1.30958400545135
269.5,0.149738203935049,-0.0299988576919251,0.1497404885367,-0.0297370682726445,-1.31005923247178,-0.0249705279412643,-0.00231611519942644,-1.31005923247178
269.75,0.149869100721458,-0.029999714421622,0.149870243033157,-0.0297379175259644,-1.31033188507733,-0.0249693704122806,-0.00244849264333402,-1.31033188507733
270,0.15,-0.03,0.15,-0.0297382006122008,-1.31040219083337,-0.0249683208064058,-0.00257174710287237,-1.31040219083337
270.25,0.150130899278542,-0.029999714421622,0.150129756966843,-0.0297379175259644,-1.31027043515784,-0.0249670923871665,-0.00268293749532554,-1.31027043515784
270.5,0.150261796064951,-0.0299988576919251,0.1502595114633,-0.0297370682726445,-1.30993696123837,-0.0249653444987622,-0.00277912843961787,-1.30993696123837
270.75,0.15039268786714,-0.0299974298272202,0.150389261019033,-0.0297356528684097,-1.30940216993609,-0.0249626826621844,-0.00285739115260063,-1.30940216993609
271,0.150523572193118,-0.0299954308546917,0.150519003163798,-0.0297336713402074,-1.30866651967626,-0.0249586586845298,-0.00291480434383019,-1.30866651967626
271.25,0.150654446551037,-0.0299928608123973,0.15064873542749,-0.0297311237257629,-1.30773052632551,-0.0249527707814917,-0.00294845510867702,-1.30773052632551
271.5,0.150785308449236,-0.0299897197492667,0.150778455340195,-0.0297280100735792,-1.30659476305596,-0.0249444637129932,-0.00295543981955882,-1.30659476305596
271.75,0.150916155396295,-0.0299860077251014,0.150908160432232,-0.0297243304429357,-1.30525986019618,-0.0249331289319452,-0.00293286501514405,-1.30525986019618
272,0.151046984901075,-0.0299817248105729,0.151037848234204,-0.0297200849038872,-1.30372650506882,-0.0249181047460985,-0.00287784828728987,-1.30372650506882
272.25,0.151177794472772,-0.0299768710872217,0.151167516277041,-0.0297152735372627,-1.3019954418153,-0.0248986764929475,-0.00278751916558006,-1.3019954418153
272.5,0.15130858162096,-0.0299714466474557,0.151297162092052,-0.0297098964346638,-1.30006747120729,-0.0248740767276666,-0.00265901999924675,-1.30006747120729
272.75,0.15143934385564,-0.0299654515945485,0.151426783210966,-0.0297039536984626,-1.29794345044514,-0.0248434854240277,-0.00248950683630168,-1.29794345044514
273,0.151570078687288,-0.0299588860426372,0.151556377165984,-0.0296974454418003,-1.29562429294331,-0.0248060301882669,-0.00227615029970028,-1.29562429294331
273.25,0.151700783626901,-0.0299517501167205,0.151685941489825,-0.0296903717885848,-1.29311096810285,-0.0247607864858562,-0.0020161364603425,-1.29311096810285
273.5,0.151831456186046,-0.029944043952656,0.151815473715769,-0.0296827328734881,-1.29040450107088,-0.0247067778811324,-0.00170666770673335,-1.29040450107088
273.75,0.151962093876904,-0.0299357676971581,0.151944971377712,-0.0296745288419443,-1.28750597248723,-0.0246429762897415,-0.00134496361112748,-1.28750597248723
274,0.152092694212324,-0.0299269215077947,0.152074432010203,-0.0296657598501463,-1.28441651821823,-0.0245683022438428,-0.000928261791966195,-1.28441651821823
274.25,0.152223254705862,-0.0299175055529846,0.152203853148498,-0.0296564260650429,-1.28113732907775,-0.0244816251700234,-0.000453818772440583,-1.28113732907775
274.5,0.152353772871835,-0.0299075200119938,0.152333232328606,-0.0296465276643361,-1.27766965053542,-0.0243817636798683,8.10891650235778e-05,-1.27766965053542
274.75,0.152484246225366,-0.0298969650749328,0.152462567087335,-0.0296360648364772,-1.27401478241234,-0.0242674858731266,0.00067916512850449,-1.27401478241234
275,0.15261467228243,-0.0298858409427524,0.152591854962335,-0.0296250377806632,-1.27024673880964,-0.0240769070810449,0.0014415225396587,-1.27024673880964
275.25,0.152745048559902,-0.0298741478272399,0.152721093492153,-0.0296134467068334,-1.26699745354686,-0.0232811620370154,0.00320484050789858,-1.26699745354686
275.5,0.152875372575607,-0.0298618859510154,0.152850280216274,-0.0296012918356652,-1.26362127655227,-0.0224171122442846,0.00507666839286739,-1.26362127655227
275.75,0.153005641848362,-0.0298490555475273,0.152979412675167,-0.0295885733985698,-1.26012084278323,-0.0214822034733073,0.00705844087111815,-1.26012084278323
276,0.15313585389803,-0.0298356568610482,0.153108488410339,-0.0295752916376879,-1.25649881946279,-0.0204738529435591,0.00915154668488592,-1.25649881946279
276.25,0.153266006245559,-0.0298216901466696,0.153237504964371,-0.0295614468058851,-1.25275790536424,-0.0193894500373875,0.0113573281335129,-1.25275790536424
276.5,0.153396096413037,-0.0298071556702976,0.153366459880976,-0.029547039166747,-1.24890083008799,-0.0182263570214711,0.0136770805752675,-1.24890083008799
276.75,0.153526121923735,-0.0297920537086478,0.153495350705037,-0.0295320689945743,-1.24493035333088,-0.016981909775734,0.0161120519396853,-1.24493035333088
277,0.153656080302154,-0.0297763845492397,0.153624174982659,-0.0295165365743776,-1.24630008836813,-0.0122613849426005,0.0177637971194056,-1.24630008836813
277.25,0.153785969074075,-0.0297601484903914,0.153752930261214,-0.0295004422018716,-1.25132346119048,-0.00512153165901571,0.0188048785359139,-1.25132346119048
277.5,0.153915785766602,-0.0297433458412143,0.153881614089387,-0.02948378618347,-1.25640012730059,0.0021952613836811,0.0198007518136196,-1.25640012730059
277.75,0.154045527908212,-0.0297259769216065,0.154010224017222,-0.0294665688362795,-1.2615301799739,0.00968904481213468,0.020748922808895,-1.2615301799739
278,0.154175193028802,-0.0297080420622471,0.154138757596172,-0.0294487904880935,-1.26671367189516,0.0173598263090794,0.0216468891679474,-1.26671367189516
278.25,0.154304778659735,-0.0296895416045901,0.154267212379144,-0.0294304514773861,-1.27195061498205,0.0252075704377742,0.0224921409559871,-1.27195061498205
278.5,0.154434282333888,-0.0296704759008575,0.154395585920544,-0.0294115521533057,-1.27673737744075,0.0189566947386583,0.0155625723779056,-1.27673737744075
278.75,0.154563701585697,-0.0296508453140328,0.154523875776323,-0.0293920928756681,-1.28113328604802,0.00495648646583475,0.00454616346806606,-1.28113328604802
279,0.154693033951207,-0.0296306502178541,0.154652079504029,-0.02937207401495,-1.27513526336919,0.000629126919470273,-0.00496237271805417,-1.27513526336919
279.25,0.154822276968115,-0.029609890996807,0.154780194662846,-0.0293514959522815,-1.2623493781632,0.00257823657130852,-0.013456907406444,-1.2623493781632
279.5,0.15495142817582,-0.0295885680461169,0.154908218813648,-0.0293303590794394,-1.24942700351747,0.00443389790636906,-0.0218654443675038,-1.24942700351747
279.75,0.155080485115471,-0.0295666817717423,0.155036149519039,-0.0293086637988392,-1.23636940182156,0.00619709196171657,-0.0301864354279965,-1.23636940182156
280,0.155209445330008,-0.0295442325903662,0.155163984343402,-0.0292864105235278,-1.22317785654656,0.00786882004184157,-0.0384183465044376,-1.22317785654656
280.25,0.155338306364215,-0.0295212209293887,0.155291720852947,-0.0292635996771755,-1.20985367206511,0.00945010354410463,-0.0465596578772218,-1.20985367206511
280.5,0.155467065764764,-0.0294976472269186,0.155419356615755,-0.0292402316940679,-1.19639817346792,0.0109419837805761,-0.0546088644625009,-1.19639817346792
280.75,0.155595721080262,-0.0294735119317653,0.155546889201825,-0.0292163070190977,-1.18284627865386,0.0114680909201436,-0.0609638504014323,-1.18284627865386
281,0.155724269861296,-0.0294488155034299,0.15567431618312,-0.0291918261077563,-1.16940316144803,0.00813274895399591,-0.0601522851183457,-1.16940316144803
281.25,0.155852709660484,-0.0294235584120969,0.155801635133614,-0.0291667894261249,-1.15597894449226,0.00493687456454664,-0.0593468249309085,-1.15597894449226
281.5,0.155981038032516,-0.0293977411386249,0.155928843629339,-0.0291411974508659,-1.14257183385647,0.00187847908882279,-0.0585490581245039,-1.14257183385647
281.75,0.156109252534205,-0.0293713641745375,0.156055939248426,-0.0291150506692135,-1.12918001153884,-0.00104445249961809,-0.0577605288718588,-1.12918001153884
282,0.156237350724533,-0.0293444280220142,0.15618291957116,-0.0290883495789649,-1.11580163622645,-0.00383396082628326,-0.056982736868132,-1.11580163622645
282.25,0.156365330164693,-0.0293169331938804,0.156309782180018,-0.0290610946884701,-1.10243484406098,-0.00649211134625892,-0.0562171369777336,-1.10243484406098
282.5,0.156493188418143,-0.029288880213598,0.156436524659719,-0.0290332865166232,-1.09006008017678,-0.00842599889299676,-0.0554578581348269,-1.09006008017678
282.75,0.156620923050645,-0.0292602696152554,0.156563144597268,-0.0290049255928517,-1.07864797894784,-0.00965432881545476,-0.0547269234119515,-1.07864797894784
283,0.156748531630316,-0.0292311019435571,0.156689639582004,-0.0289760124571065,-1.06716590712852,-0.0108036364896321,-0.0540389178195592,-1.06716590712852
283.25,0.156876011727672,-0.0292013777538135,0.156816007205646,-0.0289465476598521,-1.05664592134459,-0.0111302803150295,-0.054085717520836,-1.05664592134459
283.5,0.157003360915677,-0.0291710976119303,0.156942245062335,-0.0289165317620559,-1.04609464141219,-0.0113551632206518,-0.0542279789554967,-1.04609464141219
283.75,0.157130576769785,-0.0291402620943978,0.157068350748686,-0.0288859653351772,-1.0353953448197,-0.0115632819953743,-0.0543879725997267,-1.0353953448197
284,0.15725765686799,-0.0291088717882799,0.157194321863827,-0.0288548489611567,-1.0245465777106,-0.0117562902326228,-0.0545637369012246,-1.0245465777106
284.25,0.15738459879087,-0.0290769272912026,0.15732015600945,-0.0288231832324054,-1.01354692561187,-0.0119358052757037,-0.0547532761622141,-1.01354692561187
284.5,0.157511400121633,-0.0290444292113432,0.157445850789855,-0.0287909687517931,-1.00239501400788,-0.0121034076400519,-0.0549545611529643,-1.00239501400788
284.75,0.157638058446166,-0.0290113781674183,0.157571403811993,-0.028758206132637,-0.991089508905124,-0.0122606404445897,-0.0551655297339939,-0.991089508905124
285,0.157764571353076,-0.028977774788672,0.157696812685517,-0.0287248959986902,-0.97962911738764,-0.0124090088523192,-0.0553840874868342,-0.97962911738764
285.25,0.157890936433739,-0.0289436197148644,0.157822075022822,-0.0286910389841296,-0.968012588163018,-0.0125499795202643,-0.0556081083531854,-0.968012588163018
285.5,0.158017151282348,-0.0289089135962587,0.157947188439094,-0.0286566357335441,-0.956238712098884,-0.0126849800588919,-0.0558354352823833,-0.956238712098884
285.75,0.158143213495952,-0.0288736570936094,0.158072150552354,-0.0286216869019218,-0.944306322749727,-0.0128153985011216,-0.0560638808869982,-0.944306322749727
286,0.15826912067451,-0.0288378508781496,0.158196958983503,-0.0285861931546381,-0.932214296873976,-0.012942582781044,-0.0562912281064536,-0.932214296873976
286.25,0.15839487042093,-0.0288014956315779,0.158321611356368,-0.028550155167443,-0.919952353673137,-0.0130763214279075,-0.0564972102942671,-0.919952353673137
286.5,0.158520460341118,-0.0287645920460458,0.158446105297749,-0.0285135736264476,-0.907414840480262,-0.0133141306616334,-0.0564690306565818,-0.907414840480262
286.75,0.158645888044023,-0.0287271408241444,0.158570438437459,-0.0284764492281117,-0.894730415860824,-0.0135376067788757,-0.0564544442281132,-0.894730415860824
287,0.158771151141682,-0.0286891426788911,0.158694608408376,-0.0284387826792305,-0.881897544918641,-0.0137485219143222,-0.056451469532064,-0.881897544918641
287.25,0.158896247249267,-0.0286505983337156,0.158818612846482,-0.0284005746969207,-0.868914732419882,-0.0139486116056427,-0.056458087965337,-0.868914732419882
287.5,0.159021173985128,-0.0286115085224468,0.15894244939091,-0.0283618260086073,-0.855780523421689,-0.0141395741603113,-0.0564722444165776,-0.855780523421689
287.75,0.15914592897084,-0.0285718739892983,0.159066115683993,-0.0283225373520093,-0.842493503891542,-0.0143230700316036,-0.0564918478937612,-0.842493503891542
288,0.159270509831248,-0.0285316954888546,0.159189609371302,-0.0282827094751261,-0.829052301317259,-0.014500721203906,-0.056514772161207,-0.829052301317259
288.25,0.159394914194512,-0.0284909737860563,0.159312928101694,-0.0282423431362233,-0.815455585307486,-0.0146741105874697,-0.0565388563858712,-0.815455585307486
288.5,0.159519139692153,-0.028449709656186,0.15943606952736,-0.0282014391038175,-0.801702068182568,-0.0148447814227378,-0.0565619057927676,-0.801702068182568
288.75,0.159643183959095,-0.0284079038848532,0.159559031303864,-0.0281599981566628,-0.787790505555647,-0.0150142366943859,-0.0565816923294316,-0.787790505555647
289,0.159767044633715,-0.0283655572679795,0.159681811090191,-0.0281180210837349,-0.773719696903857,-0.0151839385551957,-0.0565959553392365,-0.773719696903857
289.25,0.159890719357884,-0.0283226706117835,0.159804406548791,-0.0280755086842168,-0.759488486129503,-0.0153553077598966,-0.0566024022434658,-0.759488486129503
289.5,0.160014205777013,-0.0282792447327654,0.159926815345623,-0.0280324617674833,-0.745095762111099,-0.0155297231090873,-0.0565987092319409,-0.745095762111099
289.75,0.1601375015401,-0.0282352804576911,0.160049035150199,-0.0279888811530858,-0.730540459244143,-0.0157085209033781,-0.0565825219621411,-0.730540459244143
290,0.16026060429977,-0.0281907786235773,0.160171063635632,-0.0279447676707361,-0.715821557971472,-0.0158929944078595,-0.0565514562665954,-0.715821557971472
290.25,0.160383511712325,-0.0281457400776745,0.160292898478675,-0.0279001221602916,-0.700938085303151,-0.0160843933270246,-0.0565030988684518,-0.700938085303151
290.5,0.160506221437784,-0.0281001656774519,0.160414537359768,-0.0278549454717382,-0.685889115325695,-0.016283923290258,-0.0564350081050392,-0.685889115325695
290.75,0.160628731139931,-0.0280540562905804,0.160535977963081,-0.0278092384651751,-0.670673769700598,-0.0164927453480092,-0.0563447146593027,-0.670673769700598
291,0.160751038486359,-0.0280074127949161,0.160657217976561,-0.0277630020107978,-0.655291218151948,-0.0167119754787613,-0.0562297222989355,-0.655291218151948
291.25,0.160873141148511,-0.027960236078484,0.160778255091973,-0.0277162369888817,-0.639740678943129,-0.0169426841069056,-0.0560875086230691,-0.639740678943129
291.5,0.160995036801729,-0.0279125270394607,0.160899087004945,-0.0276689442897655,-0.624021419342453,-0.0171858956316358,-0.0559155258163753,-0.624021419342453
291.75,0.161116723125295,-0.0278642865861577,0.161019711415011,-0.0276211248138339,-0.608132756077552,-0.0174425879669536,-0.0557112014103754,-0.608132756077552
292,0.161238197802477,-0.0278155156370036,0.161140126025656,-0.0275727794715008,-0.591998474991317,-0.0177792521866757,-0.0552016616456444,-0.591998474991317
292.25,0.161359458520573,-0.027766215120527,0.161260328544359,-0.0275239091831919,-0.57568621707679,-0.0181369154121671,-0.0546086647805616,-0.57568621707679
292.5,0.161480502970953,-0.0277163859753386,0.161380316682639,-0.027474514879327,-0.559201729749973,-0.0185108540424866,-0.0539488544638304,-0.559201729749973
292.75,0.161601328849105,-0.0276660291501136,0.161500088156093,-0.0274245975003024,-0.542545213189862,-0.0189011746202706,-0.0532194885961676,-0.542545213189862
293,0.161721933854678,-0.0276151456035732,0.161619640684446,-0.0273741579964732,-0.525800238045147,-0.0192565385042133,-0.0525229997909361,-0.525800238045147
293.25,0.161842315691528,-0.0275637363044669,0.161738971991589,-0.0273231973281347,-0.509668157471397,-0.0191485758947087,-0.0527618100071487,-0.509668157471397
293.5,0.161962472067757,-0.0275118022315537,0.161858079805627,-0.0272717164655047,-0.493387225642954,-0.019051123500095,-0.0529894489568511,-0.493387225642954
293.75,0.162082400695762,-0.0274593443735834,0.161976961858919,-0.0272197163887044,-0.476956251070847,-0.018965684630169,-0.0532037402851892,-0.476956251070847
294,0.162202099292274,-0.027406363729278,0.162095615888121,-0.0271671980877405,-0.460374084138205,-0.0188937233505014,-0.0534024741495253,-0.460374084138205
294.25,0.162321565578404,-0.0273528613073127,0.162214039634233,-0.0271141625624857,-0.443639617684648,-0.0188366638920716,-0.0535834078669016,-0.443639617684648
294.5,0.162440797279687,-0.0272988381262963,0.162332230842635,-0.0270606108226599,-0.426751787581065,-0.0187958900704389,-0.0537442665705135,-0.426751787581065
294.75,0.162559792126123,-0.0272442952147524,0.162450187263139,-0.0270065438878111,-0.409709573294705,-0.0187727447145697,-0.0538827438750269,-0.409709573294705
295,0.162678547852221,-0.0271892336110995,0.162567906650025,-0.0269519627872957,-0.392511998444404,-0.0187685291054708,-0.0539965025506895,-0.392511998444404
295.25,0.162797062197044,-0.027133654363631,0.162685386762083,-0.0268968685602593,-0.375158131345873,-0.0187845024247386,-0.0540831752060312,-0.375158131345873
295.5,0.162915332904249,-0.0270775585304958,0.162802625362664,-0.0268412622556165,-0.35764708554684,-0.0188218812131419,-0.0541403649789955,-0.35764708554684
295.75,0.163033357722132,-0.0270209471796776,0.162919620219712,-0.0267851449320312,-0.34092491613118,-0.0183412348141992,-0.0545279325963436,-0.34092491613118
296,0.163151134403672,-0.026963821388975,0.163036369105814,-0.0267285176578964,-0.325006463888349,-0.0173389090115674,-0.0552727030506755,-0.325006463888349
296.25,0.16326866070657,-0.0269061822459807,0.16315286979824,-0.0266713815113137,-0.308984194623943,-0.0163354240561697,-0.0560342528940617,-0.308984194623943
296.5,0.163385934393294,-0.0268480308480608,0.163269120078985,-0.0266137375800729,-0.292856302904835,-0.0153329095269478,-0.0568112971942044,-0.292856302904835
296.75,0.163502953231123,-0.0267893683023341,0.16338511773481,-0.0265555869616315,-0.276621007735255,-0.0143334725579121,-0.0576025068151425,-0.276621007735255
297,0.163619714992186,-0.026730195725651,0.163500860557288,-0.0264969307630935,-0.260276553306363,-0.0133391970823665,-0.058406508789509,-0.260276553306363
297.25,0.163736217453509,-0.0266705142445721,0.163616346342842,-0.0264377701011882,-0.243821209740274,-0.0123521430826131,-0.0592218867021921,-0.243821209740274
297.5,0.163852458397051,-0.0266103249953467,0.163731572892789,-0.0263781061022494,-0.227253273828441,-0.0113743458453086,-0.0600471810853588,-0.227253273828441
297.75,0.163968435609753,-0.0265496291238913,0.163846538013382,-0.0263179399021936,-0.210571069764159,-0.0104078152226234,-0.0608808898247122,-0.210571069764159
298,0.164084146883577,-0.0264884277857678,0.16396123951585,-0.0262572726464986,-0.193772949869083,-0.00945453489937402,-0.061721468576941,-0.193772949869083
298.25,0.164199590015545,-0.0264267221461616,0.164075675216443,-0.0261961054901815,-0.176857295313563,-0.00851646166628229,-0.0625673311982502,-0.176857295313563
298.5,0.164314762807788,-0.026364513379859,0.164189842936469,-0.0261344395977767,-0.159822516830661,-0.00759552469952473,-0.0634168501839118,-0.159822516830661
298.75,0.164429663067582,-0.0263018026712252,0.16430374050234,-0.0260722761433139,-0.142667055423692,-0.00669362484672608,-0.0642683571187112,-0.142667055423692
299,0.16454428860739,-0.0262385912141819,0.16441736574561,-0.0260096163102957,-0.125389383067122,-0.00581263391955394,-0.0651201431382221,-0.125389383067122
299.25,0.164658637244909,-0.0261748802121839,0.164530716503019,-0.025946461291675,-0.107988003400653,-0.00495439399307222,-0.0659704594008279,-0.107988003400653
299.5,0.164772706803104,-0.026110670878197,0.164643790616531,-0.0258828122898324,-0.0904614524164101,-0.0041207167120037,-0.066817517570352,-0.0904614524164101
299.75,0.164886495110256,-0.0260459644346743,0.164756585933378,-0.0258186705165531,-0.0728082991389595,-0.0033133826040547,-0.067659490309244,-0.0728082991389595
300,0.165,-0.0259807621135332,0.1648691003061,-0.0257540371930039,-0.0550271462981363,-0.00253414040045614,-0.0684945117821968,-0.0550271462981363
300.25,0.165113219311366,-0.0259150651561319,0.164981331592586,-0.0256889135497102,-0.0371166309944587,-0.00178470636386949,-0.0693206781701067,-0.0371166309944587
300.5,0.165226150888821,-0.0258488748132458,0.165093277656113,-0.0256233008265323,-0.0190754253569514,-0.00106676362379365,-0.0701360481942244,-0.0190754253569514
300.75,0.165338792582312,-0.0257821923450436,0.165204936365391,-0.0255572002726418,-0.00090223719334755,-0.000381961519651773,-0.0709386436505106,-0.00090223719334755
301,0.165451142247302,-0.0257150190210634,0.165316305594597,-0.0254906131464981,0.0174041893676204,0.000268085048341811,-0.0717264499539139,0.0174041893676204
301.25,0.165563197744816,-0.0256473561201884,0.165427383223423,-0.025423540715824,0.035845073241868,0.000881796260347671,-0.0724974166926305,0.035845073241868
301.5,0.165674956941478,-0.0255792049306228,0.16553816713711,-0.0253559842575819,0.0544215957637551,0.00145762800998913,-0.0732494581921091,0.0544215957637551
301.75,0.165786417709556,-0.0255105667498669,0.165648655226493,-0.0252879450579494,0.0731349000681206,0.00199407252919947,-0.0739804540887692,0.0731349000681206
302,0.165897577926996,-0.0254414428846928,0.165758845388037,-0.0252194244122948,0.0919860904807705,0.00248965900470528,-0.0746882499132646,0.0919860904807705
302.25,0.166008435477468,-0.0253718346511192,0.165868735523881,-0.0251504236251524,0.110976231917473,0.00294295418600099,-0.0753706576831905,0.110976231917473
302.5,0.166118988250405,-0.0253017433743866,0.165978323541875,-0.0250809440101977,0.130106349291626,0.00335256298467339,-0.0760254565051341,0.130106349291626
302.75,0.16622923414104,-0.0252311703889318,0.166087607355621,-0.0250109868902225,0.149377426930783,0.00371712906495216,-0.0766503931859216,0.149377426930783
303,0.166339171050451,-0.0251601170383627,0.166196584884512,-0.0249405535971095,0.168790408002078,0.00403533542535219,-0.0772431828529252,0.168790408002078
303.25,0.166448796885597,-0.0250885846754328,0.166305254053775,-0.0248696454718069,0.188346193946755,0.00430590497126546,-0.0778015095833596,0.188346193946755
303.5,0.166558109559362,-0.025016574662015,0.166413612794503,-0.0247982638643035,0.208045643923888,0.00452760107838239,-0.0783230270423959,0.208045643923888
303.75,0.166667106990588,-0.0249440883690764,0.166521659043704,-0.024726410133602,0.227889574263453,0.00469922814682263,-0.0788053591299498,0.227889574263453
304,0.166775787104122,-0.0248711271766513,0.166629390744332,-0.0246540856476939,0.247878757928846,0.00481963214583046,-0.0792461006360701,0.247878757928846
304.25,0.166884147830852,-0.0247976924738157,0.166736805845331,-0.0245812917835331,0.268013923988992,0.00488770114892397,-0.0796428179047502,0.268013923988992
304.5,0.166992187107745,-0.0247237856586605,0.166843902301672,-0.02450802992701,0.288295757100134,0.00490236585937664,-0.0799930495060306,0.288295757100134
304.75,0.167099902877889,-0.0246494081382649,0.166950678074394,-0.0244343014729246,0.308724896997502,0.00486260012590006,-0.0802943069162895,0.308724896997502
305,0.167207293090531,-0.0245745613286698,0.167057131130639,-0.0243601078249605,0.329301937996881,0.00476742144842465,-0.0805440752065333,0.329301937996881
305.25,0.167314355701117,-0.0244992466548504,0.167163259443694,-0.0242854503956577,0.350027428506227,0.00461589147384849,-0.0807398137385929,0.350027428506227
305.5,0.167421088671328,-0.0244234655506896,0.16726906099303,-0.0242103306063861,0.370901870547523,0.00440711648164076,-0.0808789568690743,0.370901870547523
305.75,0.167527489969123,-0.0243472194589504,0.167374533764337,-0.0241347498873182,0.391925719288855,0.00414024785920296,-0.0809589146608839,0.391925719288855
306,0.167633557568774,-0.0242705098312484,0.167479675749567,-0.024058709677402,0.413099382586928,0.00381448256685437,-0.0809770736022419,0.413099382586928
306.25,0.167739289450907,-0.0241933381280245,0.167584484946966,-0.0239822114243333,0.434423220540056,0.00342906359234733,-0.0809307973330006,0.434423220540056
306.5,0.16784468360254,-0.0241157058185165,0.16768895936112,-0.0239052565845288,0.455897545051807,0.00298328039480032,-0.0808174273781331,0.455897545051807
306.75,0.16794973801712,-0.0240376143807318,0.167793097002985,-0.0238278466230976,0.477522619405332,0.00247646933795483,-0.0806342838882197,0.477522619405332
307,0.168054450694561,-0.0239590653014188,0.167896895889932,-0.0237499830138137,0.499298657848517,0.00190801411262249,-0.0803786663868537,0.499298657848517
307.25,0.168158819641287,-0.0238800600760387,0.168000354045779,-0.0236716672390882,0.521225825190084,0.00127734614827058,-0.0800478545247006,0.521225825190084
307.5,0.168262842870262,-0.0238006002087371,0.168103469500831,-0.0235929007899404,0.543304236406691,0.000583945013597022,-0.0796391088401718,0.543304236406691
307.75,0.168366518401033,-0.0237206872123153,0.16820624029192,-0.02351368516597,0.565533956261125,-0.0001726611939602,-0.0791496715264723,0.565533956261125
308,0.16846984425977,-0.0236403226082017,0.168308664462438,-0.0234340218753283,0.587914998931774,-0.000992895469911777,-0.078576767204937,0.587914998931774
308.25,0.168572818479295,-0.0235595079264223,0.168410740062376,-0.0233539124346895,0.610447327653317,-0.00187713153565875,-0.077917603704434,0.610447327653317
308.5,0.168675439099129,-0.0234782447055724,0.168512465148361,-0.0232733583692218,0.633130854368881,-0.00282569348279933,-0.0771693728467097,0.633130854368881
308.75,0.168777704165522,-0.0233965344927864,0.168613837783695,-0.0231923612125587,0.655965439393634,-0.00383885542890212,-0.0763292512375498,0.655965439393634
309,0.168879611731495,-0.0233143788437091,0.168714856038389,-0.0231109225067691,0.678950891089941,-0.00491684118477573,-0.0753944010634867,0.678950891089941
309.25,0.168981159856875,-0.0232317793224656,0.168815517989201,-0.0230290438023287,0.702086965554218,-0.00605982393340693,-0.074361970894054,0.702086965554218
309.5,0.169082346608333,-0.0231487375016316,0.168915821719672,-0.0229467266580899,0.725373366315462,-0.00726792592055173,-0.0732290964892477,0.725373366315462
309.75,0.169183170059418,-0.0230652549622038,0.169015765320164,-0.0228639726412526,0.748809744045601,-0.00854121815713246,-0.0719929016121728,0.748809744045601
310,0.169283628290596,-0.0229813332935693,0.169115346887895,-0.0227807833273339,0.772395696281777,-0.00987972013348332,-0.070650498846629,0.772395696281777
310.25,0.169383719389289,-0.0228969740934759,0.169214564526976,-0.0226971603001384,0.796130767160525,-0.011283399545526,-0.0691989904195018,0.796130767160525
310.5,0.169483441449906,-0.0228121789680009,0.169313416348445,-0.022613105151728,0.820014447164031,-0.012752172032945,-0.067635469027773,0.820014447164031
310.75,0.169582792573882,-0.0227269495315215,0.169411900470307,-0.0225286194823917,0.844046172878459,-0.0142859009294405,-0.0659570186700056,0.844046172878459
311,0.169681770869715,-0.0226412874066832,0.169510015017565,-0.0224437049006147,0.86822532676449,-0.0158843970251215,-0.0641607154821086,0.86822532676449
311.25,0.169780374453002,-0.0225551942243693,0.169607758122261,-0.0223583630230483,0.892551236940056,-0.0175474183410911,-0.062243628577213,0.892551236940056
311.5,0.169878601446472,-0.0224686716236701,0.169705127923506,-0.0222725954744788,0.909564981683054,-0.0159074611020412,-0.0551079605468001,0.909564981683054
311.75,0.169976449980025,-0.022381721251851,0.169802122567519,-0.0221864038877968,0.924819308592899,-0.0134170462379451,-0.0467186269323347,0.924819308592899
312,0.170073918190766,-0.0222943447643218,0.169898740207663,-0.0220997899039657,0.939963418478906,-0.0108147092389738,-0.0382220174630779,0.939963418478906
312.25,0.17017100422304,-0.022206543824605,0.169994979004477,-0.0220127551719911,0.9549956440806,-0.00809912071141411,-0.0296195155951366,0.9549956440806
312.5,0.17026770622847,-0.0221183201043037,0.170090837125713,-0.0219253013488886,0.969914335291701,-0.00526896844180216,-0.0209125247080173,0.969914335291701
312.75,0.170364022365988,-0.0220296752830706,0.17018631274637,-0.0218374300996532,0.984717859424413,-0.00232295765472333,-0.0121024678891708,0.984717859424413
313,0.170459950801875,-0.0219406110485751,0.170281404048731,-0.0217491430972266,0.999404601470881,0.000740188732112012,-0.00319078771516653,0.999404601470881
313.25,0.170555489709791,-0.021851129096472,0.170376109222393,-0.0216604420224661,1.01356233120748,0.00636981528713513,-0.010426133239352,1.01356233120748
313.5,0.170650637270813,-0.0217612311303686,0.170470426464307,-0.0215713285641124,1.02788378019467,0.0118353614500406,-0.0175861980109553,1.02788378019467
313.75,0.170745391673468,-0.0216709188617927,0.170564353978809,-0.0214818044187573,1.04236767646365,0.0171377224737761,-0.0246684568090207,1.04236767646365
314,0.17083975111377,-0.0215801940101596,0.170657889977654,-0.0213918712908113,1.05701271268268,0.022277828988258,-0.0316703991982547,1.05701271268268
314.25,0.17093371379525,-0.0214890583027396,0.170751032680052,-0.0213015308924717,1.07181754635913,0.0272566468055309,-0.0385895300075596,1.07181754635913
314.5,0.171027277928995,-0.0213975134746255,0.170843780312699,-0.0212107849436894,1.08678080004782,0.0320751767185525,-0.0454233698059193,1.08678080004782
314.75,0.171120441733679,-0.0213055612686986,0.170936131109815,-0.0211196351721365,1.1019010615658,0.0367344542936456,-0.052169455375568,1.1019010615658
315,0.171213203435596,-0.0212132034355964,0.171028083313173,-0.0210280833131732,1.11717688421333,0.0412355496566238,-0.0588253401822971,1.11717688421333
315.25,0.171305561268699,-0.0211204417336791,0.171119635172136,-0.0209361311098149,1.1326067870012,0.0455795672726822,-0.0653885948429287,1.1326067870012
315.5,0.171397513474625,-0.0210272779289955,0.171210784943689,-0.0208437803126991,1.15222508072618,0.0469275274859165,-0.068606676269958,1.15222508072618
315.75,0.17148905830274,-0.0209337137952504,0.171301530892472,-0.0207510326800518,1.17482483922948,0.0461518251390579,-0.0693041954021374,1.17482483922948
316,0.17158019401016,-0.0208397511137699,0.171391871290811,-0.0206578899776542,1.19731162606128,0.0454359186935984,-0.0699359653965451,1.19731162606128
316.25,0.171670918861793,-0.0207453916734681,0.171481804418757,-0.0205643539788092,1.21968594258062,0.0447788923042945,-0.0705046551399277,1.21968594258062
316.5,0.171761231130369,-0.0206506372708126,0.171571328564112,-0.0204704264643072,1.2419483419399,0.0441797793528374,-0.0710129068455222,1.2419483419399
316.75,0.171851129096472,-0.0205554897097908,0.171660442022466,-0.020376109222393,1.26409942856959,0.0436375629710255,-0.0714633352280687,1.26409942856959
317,0.171940611048575,-0.0204599508018749,0.171749143097227,-0.0202814040487306,1.28613985765074,0.0431511765760748,-0.0718585266871941,1.28613985765074
317.25,0.172029675283071,-0.0203640223659882,0.171837430099653,-0.0201863127463701,1.30807033457545,0.0427195044179641,-0.072201038499347,1.30807033457545
317.5,0.172118320104304,-0.0202677062284698,0.171925301348889,-0.0200908371257129,1.3298916143955,0.0423413821386726,-0.0724933980184491,1.3298916143955
317.75,0.172206543824605,-0.02017100422304,0.172012755171991,-0.0199949790044772,1.35160450125905,0.0420155973432334,-0.0727381018854747,1.35160450125905
318,0.172294344764322,-0.0200739181907657,0.172099789903966,-0.0198987402076633,1.37320984783576,0.0417408901823813,-0.0729376152470345,1.37320984783576
318.25,0.172381721251851,-0.019976449980025,0.172186403887797,-0.0198021225675193,1.39470855473035,0.0415159539467684,-0.0730943709832439,1.39470855473035
318.5,0.17246867162367,-0.0198786014464721,0.172272595474479,-0.0197051279235058,1.41610156988479,0.041339435672506,-0.0732107689449168,1.41610156988479
318.75,0.172555194224369,-0.0197803744530021,0.172358363023048,-0.0196077581222609,1.43738988796916,0.0412099367579922,-0.0732891752003581,1.43738988796916
319,0.172641287406683,-0.0196817708697152,0.172443704900615,-0.0195100150175654,1.45857454976147,0.041126013591801,-0.0733319212918177,1.45857454976147
319.25,0.172726949531521,-0.0195827925738817,0.172528619482392,-0.019411900470307,1.47965664151645,0.0410861781915499,-0.0733413035018293,1.47965664151645
319.5,0.172812178968001,-0.0194834414499055,0.172613105151728,-0.0193134163484453,1.50063729432355,0.0410888988535651,-0.0733195821295428,1.50063729432355
319.75,0.172896974093476,-0.0193837193892889,0.172697160300138,-0.019214564526976,1.52151768345421,0.0411326008132212,-0.0732689807772377,1.52151768345421
320,0.172981333293569,-0.0192836282905962,0.172780783327334,-0.0191153468878954,1.54229902769863,0.0412156669157898,-0.0731916856471399,1.54229902769863
320.25,0.173065254962204,-0.0191831700594176,0.172863972641253,-0.0190157653201641,1.56298258869211,0.0413364382976651,-0.0730898448487186,1.56298258869211
320.5,0.173148737501632,-0.0190823466083329,0.17294672665809,-0.0189158217196718,1.58356967023122,0.0414932150777927,-0.0729655677165814,1.58356967023122
320.75,0.173231779322466,-0.0189811598568755,0.173029043802329,-0.0188155179892006,1.6040616175798,0.0416842570591486,-0.0728209241391081,1.6040616175798
321,0.173314378843709,-0.0188796117314951,0.173110922506769,-0.0187148560383888,1.62445981676516,0.0419077844401318,-0.0726579438980003,1.62445981676516
321.25,0.173396534492786,-0.0187777041655218,0.173192361212559,-0.0186138377836949,1.6447656938644,0.0421619785356971,-0.0724786160188599,1.6447656938644
321.5,0.173478244705572,-0.0186754390991286,0.173273358369222,-0.0185124651483609,1.66498071428117,0.0424449825080694,-0.0722848881329411,1.66498071428117
321.75,0.173559507926422,-0.018572818479295,0.173353912434689,-0.0184107400623756,1.68510638201303,0.0427549021068599,-0.0720786658501795,1.68510638201303
322,0.173640322608202,-0.0184698442597698,0.173434021875328,-0.018308664462438,1.70514423890945,0.0430898064184645,-0.0718618121437032,1.70514423890945
322.25,0.173720687212315,-0.0183665184010335,0.17351368516597,-0.0182062402919204,1.72509586392078,0.0434477286245296,-0.0716361467458787,1.72509586392078
322.5,0.173800600208737,-0.0182628428702616,0.17359290078994,-0.0181034695008314,1.74496287233823,0.0438266667693502,-0.0714034455560755,1.74496287233823
322.75,0.173880060076039,-0.0181588196412868,0.173671667239088,-0.0180003540457787,1.76474691502505,0.044224584536014,-0.0711654400602387,1.76474691502505
323,0.173959065301419,-0.0180544506945614,0.173749983013814,-0.0178968958899319,1.78444967763923,0.0446394120311171,-0.0709238167623999,1.78444967763923
323.25,0.174037614380732,-0.0179497380171198,0.173827846623098,-0.0177930970029852,1.80407287984762,0.0450690465778916,-0.0706802166282614,1.80407287984762
323.5,0.174115705818517,-0.0178446836025402,0.173905256584529,-0.0176889593611197,1.82361827453186,0.0455113535175875,-0.0704362345410015,1.82361827453186
323.75,0.174193338128024,-0.0177392894509075,0.173982211424333,-0.0175844849469662,1.84308764698627,0.0459641670188567,-0.0701934187692924,1.84308764698627
324,0.174270509831248,-0.0176335575687742,0.174058709677402,-0.0174796757495667,1.86248281410776,0.0464252908950747,-0.0699532704478352,1.86248281410776
324.25,0.17434721945895,-0.017527489969123,0.174134749887318,-0.0173745337643373,1.88180562357812,0.0468924994293122,-0.0697172430703363,1.88180562357812
324.5,0.17442346555069,-0.0174210886713282,0.174210330606386,-0.0172690609930299,1.90105795303864,0.0473635382068509,-0.0694867419951666,1.90105795303864
324.75,0.17449924665485,-0.017314355701117,0.174285450395658,-0.017163259443694,1.9202417092575,0.0478361249550188,-0.069263123963731,1.9202417092575
325,0.17457456132867,-0.0172072930905314,0.17436010782496,-0.0170571311306387,1.93935882728989,0.0483079503901837,-0.0690476966316973,1.93935882728989
325.25,0.174649408138265,-0.0170999028778891,0.174434301472925,-0.0169506780743939,1.95995104919824,0.0477224785057441,-0.069702596703151,1.95995104919824
325.5,0.17472378565866,-0.016992187107745,0.17450802992701,-0.0168439023016724,1.9805789421317,0.0470593752046033,-0.0703912604800645,1.9805789421317
325.75,0.174797692473816,-0.0168841478308521,0.174581291783533,-0.0167368058453312,2.001073198675,0.0464337863126287,-0.0710199609531935,2.001073198675
326,0.174871127176651,-0.0167757871041224,0.174654085647694,-0.0166293907443321,2.02143427346857,0.0458448789185711,-0.0715915463851686,2.02143427346857
326.25,0.174944088369076,-0.0166671069905881,0.174726410133602,-0.0165216590437041,2.04166267823775,0.0452917648635505,-0.0721088407288534,2.04166267823775
326.5,0.175016574662015,-0.0165581095593617,0.174798263864303,-0.0164136127945033,2.06175898132216,0.0447735012187526,-0.0725746427123445,2.06175898132216
326.75,0.175088584675433,-0.0164487968855974,0.174869645471807,-0.0163052540537747,2.08172380719165,0.0442890907766654,-0.0729917249316226,2.08172380719165
327,0.175160117038363,-0.0163391710504508,0.174940553597109,-0.0161965848845124,2.10155783594876,0.0438374825557542,-0.0733628329510352,2.10155783594876
327.25,0.175231170388932,-0.0162292341410398,0.175010986890222,-0.0160876073556207,2.1212618028176,0.043417572318538,-0.0736906844118846,2.1212618028176
327.5,0.175301743374387,-0.0161189882504047,0.175080944010198,-0.0159783235418748,2.14083649761971,0.0430282031028584,-0.0739779681492286,2.14083649761971
327.75,0.175371834651119,-0.0160084354774683,0.175150423625152,-0.0158687355238809,2.16028276423656,0.042668165766263,-0.074227343317117,2.16028276423656
328,0.175441442884693,-0.0158975779269962,0.175219424412295,-0.0157588453880369,2.17960150005932,0.0423361995433242,-0.0744414385224023,2.17960150005932
328.25,0.175510566749867,-0.0157864177095561,0.175287945057949,-0.0156486552264927,2.1987936554254,0.0420309926158949,-0.0746228509674223,2.1987936554254
328.5,0.175579204930623,-0.0156749569414785,0.175355984257582,-0.0155381671371099,2.21786023304247,0.0417511826960225,-0.0747741456016059,2.21786023304247
328.75,0.175647356120188,-0.0155631977448157,0.175423540715824,-0.0154273832234227,2.23680228739982,0.0414953576214554,-0.0748978542822323,2.23680228739982
329,0.175715019021063,-0.0154511422473016,0.175490613146498,-0.0153163055945969,2.2556209241671,0.0412620559636671,-0.0749964749445936,2.2556209241671
329.25,0.175782192345044,-0.0153387925823116,0.175557200272642,-0.0152049363653906,2.2743172995809,0.0410497676480868,-0.0750724707815494,2.2743172995809
329.5,0.175848874813246,-0.0152261508888211,0.175623300826532,-0.0150932776561135,2.29289261981886,0.0408569345866651,-0.075128269432934,2.29289261981886
329.75,0.175915065156132,-0.0151132193113658,0.17568891354971,-0.0149813315925861,2.31134814036207,0.0406819513223009,-0.0751662621846323,2.31134814036207
330,0.175980762113533,-0.015,0.175754037193004,-0.0148691003061004,2.32968516534507,0.0405231656853467,-0.0751888031778848,2.32968516534507
330.25,0.176045964434674,-0.0148864951102563,0.175818670516553,-0.0147565859333783,2.34790504689451,0.0403788794616918,-0.0751982086286038,2.34790504689451
330.5,0.176110670878197,-0.014772706803104,0.175882812289832,-0.0146437906165311,2.36600918445588,0.0402473490725649,-0.0751967560571858,2.36600918445588
330.75,0.176174880212184,-0.0146586372449087,0.175946461291675,-0.0145307165030191,2.38399902410886,0.0401267862657381,-0.0751866835288014,2.38399902410886
331,0.176238591214182,-0.0145442886073901,0.176009616310296,-0.0144173657456105,2.40187605787138,0.040015358818026,-0.0751701889043752,2.40187605787138
331.25,0.176301802671225,-0.0144296630675816,0.176072276143314,-0.0143037405023403,2.41964182299239,0.0399111912489332,-0.0751494291024241,2.41964182299239
331.5,0.176364513379859,-0.0143147628077883,0.176134439597777,-0.0141898429364693,2.43729790123372,0.0398123655452721,-0.0751265193718901,2.43729790123372
331.75,0.176426722146162,-0.0141995900155453,0.176196105490181,-0.014075675216443,2.45484591814101,0.0397169218966325,-0.0751035325761747,2.45484591814101
332,0.176488427785768,-0.0140841468835767,0.176257272646499,-0.0139612395158503,2.47228754230396,0.0396228594414609,-0.0750824984884226,2.47228754230396
332.25,0.176549629123891,-0.0139684356097533,0.176317939902194,-0.0138465380133818,2.48962448460605,0.0395281370237097,-0.075065403098374,2.48962448460605
332.5,0.176610324995347,-0.013852458397051,0.176378106102249,-0.013731572892789,2.50685849746395,0.0394306739597207,-0.0750541879306985,2.50685849746395
332.75,0.176670514244572,-0.0137362174535087,0.176437770101188,-0.0136163463428419,2.52399137405655,0.0393283508153682,-0.0750507493752305,2.52399137405655
333,0.176730195725651,-0.0136197149921864,0.176496930763093,-0.013500860557288,2.54102494754419,0.0392190101931292,-0.0750569380290194,2.54102494754419
333.25,0.176789368302334,-0.013502953231123,0.176555586961632,-0.0133851177348101,2.55796109027791,0.0391004575289872,-0.0750745580504465,2.55796109027791
333.5,0.176848030848061,-0.0133859343932943,0.176613737580073,-0.0132691200789848,2.57480171299893,0.0389704618990132,-0.0751053665255773,2.57480171299893
333.75,0.176906182245981,-0.01326866070657,0.176671381511314,-0.0131528697982402,2.59154876402888,0.0388267568353665,-0.0751510728467646,2.59154876402888
334,0.176963821388975,-0.0131511344036723,0.176728517657896,-0.0130363691058141,2.60820422845038,0.0386670411516295,-0.0752133381037729,2.60820422845038
334.25,0.177020947179678,-0.0130333577221325,0.176785144932031,-0.0129196202197118,2.62477012727871,0.0384889797772319,-0.0752937744874593,2.62477012727871
334.5,0.177077558530496,-0.0129153329042489,0.176841262255616,-0.0128026253626637,2.64124851662447,0.0382902046008013,-0.075393944706167,2.64124851662447
334.75,0.177133654363631,-0.0127970621970437,0.176896868560259,-0.0126853867620833,2.65764148684729,0.0380683153223003,-0.0755153614150332,2.65764148684729
335,0.177189233611099,-0.012678547852221,0.176951962787296,-0.0125679066500245,2.67414529217838,0.0376805313250581,-0.0757014145192777,2.67414529217838
335.25,0.177244295214752,-0.0125597921261228,0.177006543887811,-0.0124501872631394,2.69242444149125,0.0359214229580186,-0.0762947872261287,2.69242444149125
335.5,0.177298838126296,-0.0124407972796872,0.17706061082266,-0.0123322308426354,2.71073184112719,0.0340521903610407,-0.0769027660946819,2.71073184112719
335.75,0.177352861307313,-0.0123215655784043,0.177114162562486,-0.0122140396342326,2.72906977795747,0.0320702337038599,-0.0775242996549835,2.72906977795747
336,0.177406363729278,-0.012202099292274,0.177167198087741,-0.0120956158881213,2.74744052607065,0.0299729675036218,-0.0781582805296502,2.74744052607065
336.25,0.177459344373583,-0.0120824006957621,0.177219716388704,-0.011976961858919,2.7658463458165,0.0277578215869162,-0.0788035456059683,2.7658463458165
336.5,0.177511802231554,-0.0119624720677574,0.177271716465505,-0.0118580798056273,2.7842894828521,0.0254222420495751,-0.0794588762225757,2.7842894828521
336.75,0.177563736304467,-0.011842315691528,0.177323197328135,-0.0117389719915891,2.80348559203927,0.0231608298549023,-0.0765294266983195,2.80348559203927
337,0.177615145603573,-0.0117219338546782,0.177374157996473,-0.0116196406844457,2.82359304726174,0.0211490208557167,-0.0686881462966453,2.82359304726174
337.25,0.177666029150114,-0.0116013288491046,0.177424597500302,-0.0115000881560929,2.84363082564029,0.0191717858084346,-0.0606511864748487,2.84363082564029
337.5,0.177716385975339,-0.0114805029709527,0.177474514879327,-0.0113803166826386,2.86359591074621,0.0172317972950585,-0.0524189671396718,2.86359591074621
337.75,0.177766215120527,-0.011359458520573,0.177523909183192,-0.0112603285443591,2.88348529053446,0.015331724188763,-0.0439919471963291,2.88348529053446
338,0.177815515637004,-0.0112381978024774,0.177572779471501,-0.0111401260256556,2.90329595786973,0.0134742311343981,-0.0353706245037305,2.90329595786973
338.25,0.177864286586158,-0.0111167231252951,0.177621124813834,-0.0110197114150106,2.92302491105188,0.011661978029533,-0.0265555358227696,2.92302491105188
338.5,0.177912527039461,-0.0109950368017289,0.177668944289765,-0.0108990870049449,2.94266915434083,0.00989761950612553,-0.0175472567576859,2.94266915434083
338.75,0.177960236078484,-0.0108731411485111,0.177716236988882,-0.0107782550919733,2.96222569848058,0.00818380441291805,-0.00834640169050738,2.96222569848058
339,0.178007412794916,-0.010751038486359,0.177763002010798,-0.0106572179765612,2.98169156122258,0.00652317529863864,0.00104637629143224,2.98169156122258
339.25,0.17805405629058,-0.0106287311399315,0.177809238465175,-0.0105359779630809,2.98430794445848,0.00958858340363842,0.00982289956069981,2.98430794445848
339.5,0.178100165677452,-0.010506221437784,0.177854945471738,-0.0104145373597676,2.97272714381943,0.0166272922836756,0.0178436986388454,2.97272714381943
339.75,0.178145740077675,-0.0103835117123248,0.177900122160292,-0.0102928984786751,2.96111035479604,0.0236867972859605,0.0257120261484777,2.96111035479604
340,0.178190778623577,-0.0102606042997701,0.177944767670736,-0.0101710636356324,2.95539955587742,0.0336736988532578,0.0250485994229183,2.95539955587742
340.25,0.178235280457691,-0.0101375015400998,0.177988881153086,-0.0100490351501994,2.95527311091222,0.0461107818101055,0.0166496455364369,2.95527311091222
340.5,0.178279244732765,-0.0100142057770131,0.178032461767483,-0.00992681534562258,2.96239501991698,0.0510977250236712,0.0107683446765412,2.96239501991698
340.75,0.178322670611784,-0.00989071935788361,0.178075508684217,-0.00980440654879071,2.97293919849024,0.0524885494114792,0.00623867111671031,2.97293919849024
341,0.178365557267979,-0.00976704463371473,0.178118021083735,-0.00968181109019094,2.98344042523719,0.0537740375964033,0.00187915470949917,2.98344042523719
341.25,0.178407903884853,-0.00964318395909486,0.178159998156663,-0.009559031303864,2.99389511149037,0.0549575538438471,-0.00231107547257556,2.99389511149037
341.5,0.178449709656186,-0.00951913969215276,0.178201439103818,-0.00943606952736008,3.0042996972249,0.0560424366040752,-0.00633294786806322,3.0042996972249
341.75,0.178490973786056,-0.00939491419451251,0.178242343136223,-0.00931292810169421,3.01465065192132,0.0570319976536294,-0.0101874479098265,3.01465065192132
342,0.178531695488855,-0.00927050983124843,0.178282709475126,-0.00918960937130153,3.02494447542012,0.0579295212449712,-0.0138756174961098,3.02494447542012
342.25,0.178571873989298,-0.00914592897084031,0.178322537352009,-0.00906611568399296,3.03517769876766,0.0587382632645922,-0.0173985544494681,3.03517769876766
342.5,0.178611508522447,-0.00902117398512822,0.178361826008607,-0.00894244939091034,3.04534688505368,0.0594614503996628,-0.020757411963813,3.04534688505368
342.75,0.178650598333716,-0.00889624724926713,0.178400574696921,-0.00881861284648153,3.05544863023982,0.0601022793134688,-0.0239533980395978,3.05544863023982
343,0.178689142678891,-0.00877115114168209,0.178438782679231,-0.00869460840837588,3.0654795639792,0.0606639158297573,-0.0269877749072863,3.0654795639792
343.25,0.178727140824144,-0.0086458880440227,0.178476449228112,-0.0085704384374592,3.07681634623072,0.0605819714316579,-0.0276196757537252,3.07681634623072
343.5,0.178764592046046,-0.00852046034111768,0.178513573626448,-0.00844610529774863,3.08810982947871,0.0604367324237126,-0.02795446979497,3.08810982947871
343.75,0.178801495631578,-0.0083948704209298,0.178550155167443,-0.00832161135636804,3.09920482712609,0.0602931857122784,-0.028242987641316,3.09920482712609
344,0.17883785087815,-0.00826912067450999,0.178586193154638,-0.00819695898350252,3.11010123122631,0.0601512307440292,-0.028488666237216,3.11010123122631
344.25,0.178873657093609,-0.00814321349595223,0.178621686901922,-0.00807215055235362,3.12079900450432,0.0600107000448498,-0.0286949355271625,3.12079900450432
344.5,0.178908913596259,-0.00801715128234774,0.178656635733544,-0.00794718843909401,3.13129818019431,0.0598713593858128,-0.028865217325168,3.13129818019431
344.75,0.178943619714864,-0.00789093643373926,0.17869103898413,-0.00782207502282209,3.14159886186112,0.0597329079658316,-0.0290029241870542,3.14159886186112
345,0.178977774788672,-0.00776457135307562,0.17872489599869,-0.00769681268551702,3.15170122320404,0.0595949786113157,-0.0291114582858919,3.15170122320404
345.25,0.179011378167418,-0.00763805844616583,0.178758206132637,-0.00757140381199315,3.16160550784458,0.0594571379923972,-0.0291942102907259,3.16160550784458
345.5,0.179044429211343,-0.00751140012163326,0.178790968751793,-0.00744585078985465,3.1713120290967,0.0593188868560582,-0.0292545582489307,3.1713120290967
345.75,0.179076927291203,-0.00738459879086979,0.178823183232405,-0.00732015600945005,3.18082116972088,0.0591796602757643,-0.0292958664723304,3.18082116972088
346,0.17910887178828,-0.00725765686799004,0.178854848961157,-0.00719432186382683,3.19013338166117,0.0590388279178192,-0.0293214844274136,3.19013338166117
346.25,0.179140262094398,-0.0071305767697852,0.178885965335177,-0.00706835074868572,3.19924918576572,0.0588956943242093,-0.0293347456298132,3.19924918576572
346.5,0.17917109761193,-0.00700336091567718,0.178916531762056,-0.00694224506233516,3.20816917149086,0.0587494992119102,-0.0293389665433055,3.20816917149086
346.75,0.179201377753813,-0.00687601172767243,0.178946547659852,-0.00681600720564561,3.21689399658853,0.0585994177886492,-0.0293374454835808,3.21689399658853
347,0.179231101943557,-0.00674853163031596,0.178976012457106,-0.00668963958200396,3.22542438677738,0.0584445610850007,-0.029333461527007,3.22542438677738
347.25,0.179260269615255,-0.00662092305064505,0.179004925592852,-0.00656314459726758,3.23376113539761,0.0582839763026883,-0.0293302734245802,3.23376113539761
347.5,0.179288880213598,-0.00649318841814309,0.179033286516623,-0.00643652465971861,3.24190510304939,0.0581166471791749,-0.0293311185213835,3.24190510304939
347.75,0.17931693319388,-0.0063653301646934,0.17906109468847,-0.00630978218001819,3.2498572172152,0.0579414943682795,-0.0293392116816826,3.2498572172152
348,0.179344428022014,-0.0062373507245328,0.179088349578965,-0.00618291957116042,3.25761847186604,0.0577573758368796,-0.0293577442199693,3.25761847186604
348.25,0.179371364174538,-0.00610925253420532,0.179115050669214,-0.00605593924842648,3.26518992705159,0.0575630872775137,-0.0293898828381226,3.26518992705159
348.5,0.179397741138625,-0.00598103803251589,0.179141197450866,-0.00592884362933869,3.2725727084746,0.0573573625368359,-0.0294387685689364,3.2725727084746
348.75,0.179423558412097,-0.00585270966048386,0.179166789426125,-0.0058016351336145,3.27976800704921,0.0571388740598774,-0.0295075157262732,3.27976800704921
349,0.17944881550343,-0.00572426986129634,0.179191826107756,-0.00567431618312019,3.28677707844381,0.0569062333498787,-0.0295992108619739,3.28677707844381
349.25,0.179473511931765,-0.00559572108026207,0.179216307019098,-0.00554688920182515,3.29360124260791,0.0566579914438108,-0.0297169117298914,3.29360124260791
349.5,0.179497647226919,-0.00546706576476444,0.179240231694068,-0.00541935661575533,3.30024188328393,0.0563926394032117,-0.0298636462570878,3.30024188328393
349.75,0.179521220929389,-0.00533830636421525,0.179263599677175,-0.00529172085294738,3.3067004475031,0.0561086088205053,-0.030042411522597,3.3067004475031
350,0.179544232590366,-0.00520944533000794,0.179286410523528,-0.0051639843434023,3.31297844506644,0.0558042723404872,-0.0302561727438328,3.31297844506644
350.25,0.179566681771742,-0.00508048511547075,0.179308663798839,-0.00503614951903898,3.3190774480102,0.0554779441969908,-0.0305078622709415,3.3190774480102
350.5,0.179588568046117,-0.00495142817582032,0.179330359079439,-0.00490821881364828,3.32499909005646,0.0551278807645397,-0.0308003785892603,3.32499909005646
350.75,0.179609890996807,-0.00482227696811481,0.179351495952281,-0.00478019466284646,3.33074506604854,0.0547522811249703,-0.0311365853301706,3.33074506604854
351,0.179630650217854,-0.00469303395120693,0.17937207401495,-0.00465207950402871,3.3363171313718,0.0543492876487249,-0.0315193102904184,3.3363171313718
351.25,0.179650845314033,-0.00456370158569749,0.179392092875668,-0.00452387577632304,3.3417171013594,0.0539169865909519,-0.031951344460316,3.3417171013594
351.5,0.179670475900857,-0.00443428233388834,0.179411552153306,-0.00439558592054366,3.34694685068373,0.0534534087020163,-0.0324354410608175,3.34694685068373
351.75,0.17968954160459,-0.00430477865973538,0.179430451477386,-0.0042672123791444,3.35200831273315,0.0529565298525077,-0.0329743145898561,3.35200831273315
352,0.179708042062247,-0.00417519302880198,0.179448790488094,-0.00413875759617252,3.35690347897453,0.0524242716724718,-0.0335706398780184,3.35690347897453
352.25,0.179725976921606,-0.00404552790821171,0.17946656883628,-0.00401022401722191,3.36163439830154,0.0518545022047825,-0.0342270511538104,3.36163439830154
352.5,0.179743345841214,-0.00391578576660155,0.17948378618347,-0.00388161408938659,3.36620317636871,0.0512450365725874,-0.0349461411187826,3.36620317636871
352.75,0.179760148490391,-0.0037859690740749,0.179500442201872,-0.00375293026121426,3.3706119749118,0.050593637660525,-0.0357304600325549,3.3706119749118
353,0.17977638454924,-0.00365608030215444,0.179516536574378,-0.00362417498265949,3.37492677261518,0.0499242426930087,-0.0363124192764459,3.37492677261518
353.25,0.179792053708648,-0.00352612192373513,0.179532068994574,-0.00349535070503716,3.37966726103131,0.0494857376496079,-0.0343856365329741,3.37966726103131
353.5,0.179807155670298,-0.00339609641303721,0.179547039166747,-0.00336645988097588,3.3842351239912,0.0490638836864438,-0.0323900485436309,3.3842351239912
353.75,0.17982169014667,-0.00326600624555895,0.179561446805885,-0.0032375049643711,3.38862906453898,0.0486598988253374,-0.0303285621948279,3.38862906453898
354,0.179835656861048,-0.0031358538980296,0.179575291637688,-0.00310848841033854,3.39284784449411,0.0482749452838375,-0.0282041039638971,3.39284784449411
354.25,0.179849055547527,-0.00300564184836229,0.17958857339857,-0.00297941267516747,3.39689028473336,0.0479101291946179,-0.0260196189802845,3.39689028473336
354.5,0.179861885951015,-0.00287537257560673,0.179601291835665,-0.00285028021627379,3.400755265459,0.047566500338782,-0.0237780700829057,3.400755265459
354.75,0.17987414782724,-0.00274504855990207,0.179613446706833,-0.00272109349215336,3.40444172645257,0.0472450518933054,-0.0214824368738241,3.40444172645257
355,0.179885840942752,-0.00261467228242975,0.179625037780663,-0.00259185496233523,3.40794866731472,0.0469467201925415,-0.0191357147684806,3.40794866731472
355.25,0.179896965074933,-0.00248424622536612,0.179636064836477,-0.00246256708733468,3.41127514769078,0.0466723845038821,-0.0167409140426551,3.41127514769078
355.5,0.179907520011994,-0.00235377287183537,0.179646527664336,-0.00233323232860654,3.414420287482,0.0464228668176388,-0.0143010588763741,3.414420287482
355.75,0.179917505552985,-0.00222325470586198,0.179656426065043,-0.0022038531484981,3.41738326704259,0.0461989316511342,-0.0118191863949542,3.41738326704259
356,0.179926921507795,-0.00209269421232374,0.179665759850146,-0.0020744320102025,3.42016332736233,0.0460012858671066,-0.00929834570740044,3.42016332736233
356.25,0.179935767697158,-0.00196209387690431,0.179674528841944,-0.00194497137771171,3.42275977023503,0.0458305785063361,-0.00674159694235372,3.42275977023503
356.5,0.179944043952656,-0.00183145618604571,0.179682732873488,-0.00181547371576945,3.42517195841221,0.0456874006347616,-0.00415201028177026,3.42517195841221
356.75,0.17995175011672,-0.00170078362690131,0.179690371788585,-0.00168594148982459,3.42739931574278,0.0455722852048045,-0.00153266499258937,3.42739931574278
357,0.179958886042637,-0.00157007868728833,0.1796974454418,-0.00155637716598405,3.42944132729795,0.0454857069312066,0.00111335154346485,3.42944132729795
357.25,0.179965451594549,-0.00143934385564032,0.179703953698463,-0.00142678321096568,3.43129753948184,0.0454280821812334,0.00378294480170946,3.43129753948184
357.5,0.179971446647456,-0.00130858162096006,0.179709896434664,-0.00129716209205164,3.43296756012745,0.0453997688793495,0.00647301408775273,3.43296756012745
357.75,0.179976871087222,-0.00117779447277207,0.179715273537263,-0.00116751627704124,3.43445105857828,0.0454010664263244,0.00918045351197681,3.43445105857828
358,0.179981724810573,-0.00104698490107502,0.179720084903887,-0.00103784823420381,3.43574776575528,0.0454322156328334,0.0119021529650425,3.43574776575528
358.25,0.179986007725101,-0.00091615539629471,0.179724330442936,-0.000908160432232082,3.43685747420931,0.0454933986675389,0.0146349990941966,3.43685747420931
358.5,0.179989719749267,-0.000785308449236206,0.179728010073579,-0.000778455340194755,3.43778003815905,0.0455847390196787,0.0173758762802059,3.43778003815905
358.75,0.179992860812397,-0.000654446551036827,0.179731123725763,-0.00064873542748987,3.43851537351435,0.045706301476134,0.0201216676146764,3.43851537351435
359,0.179995430854692,-0.000523572193118533,0.179733671340207,-0.00051900316379763,3.43906345788494,0.0458580921130561,0.0228692558775814,3.43906345788494
359.25,0.17999742982722,-0.000392687867140343,0.17973565286841,-0.000389261019033226,3.43942433057477,0.0460400583019109,0.0256155245147822,3.43942433057477
359.5,0.179998857691925,-0.000261796064951209,0.179737068272644,-0.000259511463300127,3.4395980925615,0.0462520887301482,0.0283573586153219,3.4395980925615
359.75,0.179999714421622,-0.000130899278542423,0.179737917525964,-0.000129756966842898,3.43955582520024,0.0465196767812006,0.029251536728423,3.43955582520024
